#pragma once

#include <cstddef>
#include <cstdint>

// Auto-generated by tools/make_font.py from Iosevka Slab Bold @ 14px
// Size: 20332 bytes

alignas(4) inline constexpr uint8_t kFontData_ui_small_mbf[] = {
    0x4D, 0x42, 0x46, 0x34, 0x04, 0x13, 0x0E, 0x12, 0x1C, 0x00, 0x03, 0x00, 0x0F, 0x02, 0x0E, 0x00,
    0x00, 0x00, 0x00, 0x00, 0xE0, 0x14, 0x00, 0x00, 0x00, 0x00, 0x00, 0x00, 0x00, 0x00, 0x00, 0x00,
    0x00, 0x00, 0x00, 0x00, 0x00, 0x00, 0x00, 0x00, 0x64, 0x28, 0x00, 0x00, 0xE8, 0x3B, 0x00, 0x00,
    0x01, 0x01, 0x20, 0x00, 0x00, 0x00, 0x5F, 0x00, 0x00, 0x00, 0xA0, 0x00, 0x00, 0x00, 0xE0, 0x00,
    0x5F, 0x00, 0x00, 0x20, 0x00, 0x00, 0xD0, 0x00, 0x3F, 0x01, 0x00, 0x00, 0x00, 0x00, 0x1C, 0x00,
    0x00, 0x00, 0x00, 0x00, 0x00, 0x00, 0x00, 0x00, 0x1C, 0x03, 0x0B, 0x02, 0xF5, 0x00, 0x0B, 0x00,
    0x00, 0x00, 0x1C, 0x05, 0x05, 0x01, 0xF4, 0x00, 0x10, 0x00, 0x00, 0x00, 0x1C, 0x07, 0x0B, 0x00,
    0xF5, 0x00, 0x1B, 0x00, 0x00, 0x00, 0x1C, 0x07, 0x0F, 0x00, 0xF3, 0x00, 0x2A, 0x00, 0x00, 0x00,
    0x1C, 0x07, 0x0B, 0x00, 0xF5, 0x00, 0x35, 0x00, 0x00, 0x00, 0x1C, 0x07, 0x0B, 0x00, 0xF5, 0x00,
    0x40, 0x00, 0x00, 0x00, 0x1C, 0x03, 0x05, 0x02, 0xF4, 0x00, 0x45, 0x00, 0x00, 0x00, 0x1C, 0x05,
    0x10, 0x01, 0xF3, 0x00, 0x55, 0x00, 0x00, 0x00, 0x1C, 0x05, 0x10, 0x01, 0xF3, 0x00, 0x65, 0x00,
    0x00, 0x00, 0x1C, 0x07, 0x07, 0x00, 0xF4, 0x00, 0x6C, 0x00, 0x00, 0x00, 0x1C, 0x07, 0x06, 0x00,
    0xF8, 0x00, 0x72, 0x00, 0x00, 0x00, 0x1C, 0x04, 0x07, 0x01, 0xFD, 0x00, 0x79, 0x00, 0x00, 0x00,
    0x1C, 0x07, 0x03, 0x00, 0xF9, 0x00, 0x7C, 0x00, 0x00, 0x00, 0x1C, 0x03, 0x03, 0x02, 0xFD, 0x00,
    0x7F, 0x00, 0x00, 0x00, 0x1C, 0x07, 0x0F, 0x00, 0xF3, 0x00, 0x8E, 0x00, 0x00, 0x00, 0x1C, 0x07,
    0x0B, 0x00, 0xF5, 0x00, 0x99, 0x00, 0x00, 0x00, 0x1C, 0x06, 0x0B, 0x00, 0xF5, 0x00, 0xA4, 0x00,
    0x00, 0x00, 0x1C, 0x07, 0x0B, 0x00, 0xF5, 0x00, 0xAF, 0x00, 0x00, 0x00, 0x1C, 0x07, 0x0B, 0x00,
    0xF5, 0x00, 0xBA, 0x00, 0x00, 0x00, 0x1C, 0x07, 0x0B, 0x00, 0xF5, 0x00, 0xC5, 0x00, 0x00, 0x00,
    0x1C, 0x07, 0x0B, 0x00, 0xF5, 0x00, 0xD0, 0x00, 0x00, 0x00, 0x1C, 0x07, 0x0B, 0x00, 0xF5, 0x00,
    0xDB, 0x00, 0x00, 0x00, 0x1C, 0x07, 0x0B, 0x00, 0xF5, 0x00, 0xE6, 0x00, 0x00, 0x00, 0x1C, 0x07,
    0x0B, 0x00, 0xF5, 0x00, 0xF1, 0x00, 0x00, 0x00, 0x1C, 0x07, 0x0B, 0x00, 0xF5, 0x00, 0xFC, 0x00,
    0x00, 0x00, 0x1C, 0x03, 0x08, 0x02, 0xF8, 0x00, 0x04, 0x01, 0x00, 0x00, 0x1C, 0x04, 0x0C, 0x01,
    0xF8, 0x00, 0x10, 0x01, 0x00, 0x00, 0x1C, 0x07, 0x09, 0x00, 0xF6, 0x00, 0x19, 0x01, 0x00, 0x00,
    0x1C, 0x07, 0x06, 0x00, 0xF8, 0x00, 0x1F, 0x01, 0x00, 0x00, 0x1C, 0x07, 0x09, 0x00, 0xF6, 0x00,
    0x28, 0x01, 0x00, 0x00, 0x1C, 0x07, 0x0B, 0x00, 0xF5, 0x00, 0x33, 0x01, 0x00, 0x00, 0x1C, 0x07,
    0x0D, 0x00, 0xF5, 0x00, 0x40, 0x01, 0x00, 0x00, 0x1C, 0x07, 0x0B, 0x00, 0xF5, 0x00, 0x4B, 0x01,
    0x00, 0x00, 0x1C, 0x07, 0x0B, 0x00, 0xF5, 0x00, 0x56, 0x01, 0x00, 0x00, 0x1C, 0x07, 0x0B, 0x00,
    0xF5, 0x00, 0x61, 0x01, 0x00, 0x00, 0x1C, 0x07, 0x0B, 0x00, 0xF5, 0x00, 0x6C, 0x01, 0x00, 0x00,
    0x1C, 0x07, 0x0B, 0x00, 0xF5, 0x00, 0x77, 0x01, 0x00, 0x00, 0x1C, 0x07, 0x0B, 0x00, 0xF5, 0x00,
    0x82, 0x01, 0x00, 0x00, 0x1C, 0x07, 0x0B, 0x00, 0xF5, 0x00, 0x8D, 0x01, 0x00, 0x00, 0x1C, 0x07,
    0x0B, 0x00, 0xF5, 0x00, 0x98, 0x01, 0x00, 0x00, 0x1C, 0x05, 0x0B, 0x01, 0xF5, 0x00, 0xA3, 0x01,
    0x00, 0x00, 0x1C, 0x06, 0x0B, 0x00, 0xF5, 0x00, 0xAE, 0x01, 0x00, 0x00, 0x1C, 0x07, 0x0B, 0x00,
    0xF5, 0x00, 0xB9, 0x01, 0x00, 0x00, 0x1C, 0x07, 0x0B, 0x00, 0xF5, 0x00, 0xC4, 0x01, 0x00, 0x00,
    0x1C, 0x07, 0x0B, 0x00, 0xF5, 0x00, 0xCF, 0x01, 0x00, 0x00, 0x1C, 0x07, 0x0B, 0x00, 0xF5, 0x00,
    0xDA, 0x01, 0x00, 0x00, 0x1C, 0x07, 0x0B, 0x00, 0xF5, 0x00, 0xE5, 0x01, 0x00, 0x00, 0x1C, 0x07,
    0x0B, 0x00, 0xF5, 0x00, 0xF0, 0x01, 0x00, 0x00, 0x1C, 0x07, 0x0F, 0x00, 0xF5, 0x00, 0xFF, 0x01,
    0x00, 0x00, 0x1C, 0x07, 0x0B, 0x00, 0xF5, 0x00, 0x0A, 0x02, 0x00, 0x00, 0x1C, 0x07, 0x0B, 0x00,
    0xF5, 0x00, 0x15, 0x02, 0x00, 0x00, 0x1C, 0x07, 0x0B, 0x00, 0xF5, 0x00, 0x20, 0x02, 0x00, 0x00,
    0x1C, 0x07, 0x0B, 0x00, 0xF5, 0x00, 0x2B, 0x02, 0x00, 0x00, 0x1C, 0x07, 0x0B, 0x00, 0xF5, 0x00,
    0x36, 0x02, 0x00, 0x00, 0x1C, 0x07, 0x0B, 0x00, 0xF5, 0x00, 0x41, 0x02, 0x00, 0x00, 0x1C, 0x07,
    0x0B, 0x00, 0xF5, 0x00, 0x4C, 0x02, 0x00, 0x00, 0x1C, 0x07, 0x0B, 0x00, 0xF5, 0x00, 0x57, 0x02,
    0x00, 0x00, 0x1C, 0x07, 0x0B, 0x00, 0xF5, 0x00, 0x62, 0x02, 0x00, 0x00, 0x1C, 0x05, 0x10, 0x01,
    0xF3, 0x00, 0x72, 0x02, 0x00, 0x00, 0x1C, 0x07, 0x0F, 0x00, 0xF3, 0x00, 0x81, 0x02, 0x00, 0x00,
    0x1C, 0x05, 0x10, 0x01, 0xF3, 0x00, 0x91, 0x02, 0x00, 0x00, 0x1C, 0x07, 0x05, 0x00, 0xF5, 0x00,
    0x79, 0x00, 0x00, 0x00, 0x1C, 0x07, 0x03, 0x00, 0xFF, 0x00, 0x96, 0x02, 0x00, 0x00, 0x1C, 0x04,
    0x05, 0x01, 0xF3, 0x00, 0x9B, 0x02, 0x00, 0x00, 0x1C, 0x07, 0x08, 0x00, 0xF8, 0x00, 0xA3, 0x02,
    0x00, 0x00, 0x1C, 0x07, 0x0B, 0x00, 0xF5, 0x00, 0xAE, 0x02, 0x00, 0x00, 0x1C, 0x07, 0x08, 0x00,
    0xF8, 0x00, 0xB6, 0x02, 0x00, 0x00, 0x1C, 0x07, 0x0B, 0x00, 0xF5, 0x00, 0xC1, 0x02, 0x00, 0x00,
    0x1C, 0x07, 0x08, 0x00, 0xF8, 0x00, 0xC9, 0x02, 0x00, 0x00, 0x1C, 0x07, 0x0B, 0x00, 0xF5, 0x00,
    0xD4, 0x02, 0x00, 0x00, 0x1C, 0x07, 0x0B, 0x00, 0xF8, 0x00, 0xDF, 0x02, 0x00, 0x00, 0x1C, 0x07,
    0x0B, 0x00, 0xF5, 0x00, 0xEA, 0x02, 0x00, 0x00, 0x1C, 0x05, 0x0C, 0x01, 0xF4, 0x00, 0xF6, 0x02,
    0x00, 0x00, 0x1C, 0x06, 0x0F, 0x00, 0xF4, 0x00, 0x05, 0x03, 0x00, 0x00, 0x1C, 0x07, 0x0B, 0x00,
    0xF5, 0x00, 0x10, 0x03, 0x00, 0x00, 0x1C, 0x05, 0x0B, 0x01, 0xF5, 0x00, 0x1B, 0x03, 0x00, 0x00,
    0x1C, 0x07, 0x08, 0x00, 0xF8, 0x00, 0x23, 0x03, 0x00, 0x00, 0x1C, 0x07, 0x08, 0x00, 0xF8, 0x00,
    0x2B, 0x03, 0x00, 0x00, 0x1C, 0x07, 0x08, 0x00, 0xF8, 0x00, 0x33, 0x03, 0x00, 0x00, 0x1C, 0x07,
    0x0B, 0x00, 0xF8, 0x00, 0x3E, 0x03, 0x00, 0x00, 0x1C, 0x07, 0x0B, 0x00, 0xF8, 0x00, 0x49, 0x03,
    0x00, 0x00, 0x1C, 0x07, 0x08, 0x00, 0xF8, 0x00, 0x51, 0x03, 0x00, 0x00, 0x1C, 0x07, 0x08, 0x00,
    0xF8, 0x00, 0x59, 0x03, 0x00, 0x00, 0x1C, 0x07, 0x0B, 0x00, 0xF5, 0x00, 0x64, 0x03, 0x00, 0x00,
    0x1C, 0x07, 0x08, 0x00, 0xF8, 0x00, 0x6C, 0x03, 0x00, 0x00, 0x1C, 0x07, 0x08, 0x00, 0xF8, 0x00,
    0x74, 0x03, 0x00, 0x00, 0x1C, 0x07, 0x08, 0x00, 0xF8, 0x00, 0x7C, 0x03, 0x00, 0x00, 0x1C, 0x07,
    0x08, 0x00, 0xF8, 0x00, 0x84, 0x03, 0x00, 0x00, 0x1C, 0x07, 0x0B, 0x00, 0xF8, 0x00, 0x8F, 0x03,
    0x00, 0x00, 0x1C, 0x07, 0x08, 0x00, 0xF8, 0x00, 0x97, 0x03, 0x00, 0x00, 0x1C, 0x05, 0x10, 0x01,
    0xF3, 0x00, 0xA7, 0x03, 0x00, 0x00, 0x1C, 0x03, 0x0F, 0x02, 0xF3, 0x00, 0xB6, 0x03, 0x00, 0x00,
    0x1C, 0x05, 0x10, 0x01, 0xF3, 0x00, 0xC6, 0x03, 0x00, 0x00, 0x1C, 0x07, 0x04, 0x00, 0xF9, 0x00,
    0x00, 0x00, 0x00, 0x00, 0x1C, 0x00, 0x00, 0x00, 0x00, 0x00, 0xCA, 0x03, 0x00, 0x00, 0x1C, 0x03,
    0x0B, 0x02, 0xF8, 0x00, 0xD5, 0x03, 0x00, 0x00, 0x1C, 0x07, 0x0C, 0x00, 0xF6, 0x00, 0xE1, 0x03,
    0x00, 0x00, 0x1C, 0x07, 0x0B, 0x00, 0xF5, 0x00, 0xEC, 0x03, 0x00, 0x00, 0x1C, 0x07, 0x07, 0x00,
    0xF7, 0x00, 0xF3, 0x03, 0x00, 0x00, 0x1C, 0x07, 0x0B, 0x00, 0xF5, 0x00, 0xFE, 0x03, 0x00, 0x00,
    0x1C, 0x03, 0x0F, 0x02, 0xF3, 0x00, 0x0D, 0x04, 0x00, 0x00, 0x1C, 0x07, 0x10, 0x00, 0xF3, 0x00,
    0x1D, 0x04, 0x00, 0x00, 0x1C, 0x05, 0x03, 0x01, 0xF4, 0x00, 0x20, 0x04, 0x00, 0x00, 0x1C, 0x07,
    0x0B, 0x00, 0xF6, 0x00, 0x2B, 0x04, 0x00, 0x00, 0x1C, 0x05, 0x08, 0x01, 0xF6, 0x00, 0x33, 0x04,
    0x00, 0x00, 0x1C, 0x07, 0x08, 0x00, 0xF7, 0x00, 0x3B, 0x04, 0x00, 0x00, 0x1C, 0x07, 0x05, 0x00,
    0xF9, 0x00, 0x79, 0x00, 0x00, 0x00, 0x1C, 0x07, 0x03, 0x00, 0xF9, 0x00, 0x40, 0x04, 0x00, 0x00,
    0x1C, 0x07, 0x07, 0x00, 0xF3, 0x00, 0x47, 0x04, 0x00, 0x00, 0x1C, 0x07, 0x02, 0x00, 0xF5, 0x00,
    0x49, 0x04, 0x00, 0x00, 0x1C, 0x05, 0x05, 0x01, 0xF4, 0x00, 0x4E, 0x04, 0x00, 0x00, 0x1C, 0x07,
    0x08, 0x00, 0xF8, 0x00, 0x56, 0x04, 0x00, 0x00, 0x1C, 0x05, 0x07, 0x01, 0xF4, 0x00, 0x5D, 0x04,
    0x00, 0x00, 0x1C, 0x05, 0x07, 0x01, 0xF4, 0x00, 0x64, 0x04, 0x00, 0x00, 0x1C, 0x04, 0x05, 0x02,
    0xF3, 0x00, 0x69, 0x04, 0x00, 0x00, 0x1C, 0x07, 0x0B, 0x00, 0xF8, 0x00, 0x74, 0x04, 0x00, 0x00,
    0x1C, 0x07, 0x0B, 0x00, 0xF5, 0x00, 0x7C, 0x00, 0x00, 0x00, 0x1C, 0x03, 0x03, 0x02, 0xF9, 0x00,
    0x7F, 0x04, 0x00, 0x00, 0x1C, 0x04, 0x05, 0x02, 0xFF, 0x00, 0x84, 0x04, 0x00, 0x00, 0x1C, 0x05,
    0x07, 0x01, 0xF4, 0x00, 0x8B, 0x04, 0x00, 0x00, 0x1C, 0x05, 0x08, 0x01, 0xF6, 0x00, 0x93, 0x04,
    0x00, 0x00, 0x1C, 0x07, 0x08, 0x00, 0xF7, 0x00, 0x9B, 0x04, 0x00, 0x00, 0x1C, 0x07, 0x11, 0x00,
    0xF2, 0x00, 0xAC, 0x04, 0x00, 0x00, 0x1C, 0x07, 0x11, 0x00, 0xF2, 0x00, 0xBD, 0x04, 0x00, 0x00,
    0x1C, 0x07, 0x10, 0x00, 0xF3, 0x00, 0xCD, 0x04, 0x00, 0x00, 0x1C, 0x07, 0x0B, 0x00, 0xF8, 0x00,
    0xD8, 0x04, 0x00, 0x00, 0x1C, 0x07, 0x0F, 0x00, 0xF1, 0x00, 0xE7, 0x04, 0x00, 0x00, 0x1C, 0x07,
    0x0F, 0x00, 0xF1, 0x00, 0xF6, 0x04, 0x00, 0x00, 0x1C, 0x07, 0x0F, 0x00, 0xF1, 0x00, 0x05, 0x05,
    0x00, 0x00, 0x1C, 0x07, 0x0F, 0x00, 0xF1, 0x00, 0x14, 0x05, 0x00, 0x00, 0x1C, 0x07, 0x0F, 0x00,
    0xF1, 0x00, 0x23, 0x05, 0x00, 0x00, 0x1C, 0x07, 0x0F, 0x00, 0xF1, 0x00, 0x32, 0x05, 0x00, 0x00,
    0x1C, 0x07, 0x0B, 0x00, 0xF5, 0x00, 0x3D, 0x05, 0x00, 0x00, 0x1C, 0x07, 0x0F, 0x00, 0xF5, 0x00,
    0x4C, 0x05, 0x00, 0x00, 0x1C, 0x07, 0x0F, 0x00, 0xF1, 0x00, 0x5B, 0x05, 0x00, 0x00, 0x1C, 0x07,
    0x0F, 0x00, 0xF1, 0x00, 0x6A, 0x05, 0x00, 0x00, 0x1C, 0x07, 0x0F, 0x00, 0xF1, 0x00, 0x79, 0x05,
    0x00, 0x00, 0x1C, 0x07, 0x0F, 0x00, 0xF1, 0x00, 0x88, 0x05, 0x00, 0x00, 0x1C, 0x05, 0x0F, 0x01,
    0xF1, 0x00, 0x97, 0x05, 0x00, 0x00, 0x1C, 0x05, 0x0F, 0x01, 0xF1, 0x00, 0xA6, 0x05, 0x00, 0x00,
    0x1C, 0x05, 0x0F, 0x01, 0xF1, 0x00, 0xB5, 0x05, 0x00, 0x00, 0x1C, 0x05, 0x0F, 0x01, 0xF1, 0x00,
    0xC4, 0x05, 0x00, 0x00, 0x1C, 0x07, 0x0B, 0x00, 0xF5, 0x00, 0xCF, 0x05, 0x00, 0x00, 0x1C, 0x07,
    0x0F, 0x00, 0xF1, 0x00, 0xDE, 0x05, 0x00, 0x00, 0x1C, 0x07, 0x0F, 0x00, 0xF1, 0x00, 0xED, 0x05,
    0x00, 0x00, 0x1C, 0x07, 0x0F, 0x00, 0xF1, 0x00, 0xFC, 0x05, 0x00, 0x00, 0x1C, 0x07, 0x0F, 0x00,
    0xF1, 0x00, 0x0B, 0x06, 0x00, 0x00, 0x1C, 0x07, 0x0F, 0x00, 0xF1, 0x00, 0x1A, 0x06, 0x00, 0x00,
    0x1C, 0x07, 0x0F, 0x00, 0xF1, 0x00, 0x29, 0x06, 0x00, 0x00, 0x1C, 0x07, 0x08, 0x00, 0xF7, 0x00,
    0x31, 0x06, 0x00, 0x00, 0x1C, 0x07, 0x0D, 0x00, 0xF4, 0x00, 0x3E, 0x06, 0x00, 0x00, 0x1C, 0x07,
    0x0F, 0x00, 0xF1, 0x00, 0x4D, 0x06, 0x00, 0x00, 0x1C, 0x07, 0x0F, 0x00, 0xF1, 0x00, 0x5C, 0x06,
    0x00, 0x00, 0x1C, 0x07, 0x0F, 0x00, 0xF1, 0x00, 0x6B, 0x06, 0x00, 0x00, 0x1C, 0x07, 0x0F, 0x00,
    0xF1, 0x00, 0x7A, 0x06, 0x00, 0x00, 0x1C, 0x07, 0x0F, 0x00, 0xF1, 0x00, 0x89, 0x06, 0x00, 0x00,
    0x1C, 0x07, 0x0B, 0x00, 0xF5, 0x00, 0x94, 0x06, 0x00, 0x00, 0x1C, 0x07, 0x0B, 0x00, 0xF5, 0x00,
    0x9F, 0x06, 0x00, 0x00, 0x1C, 0x07, 0x0C, 0x00, 0xF4, 0x00, 0xAB, 0x06, 0x00, 0x00, 0x1C, 0x07,
    0x0C, 0x00, 0xF4, 0x00, 0xB7, 0x06, 0x00, 0x00, 0x1C, 0x07, 0x0C, 0x00, 0xF4, 0x00, 0xC3, 0x06,
    0x00, 0x00, 0x1C, 0x07, 0x0C, 0x00, 0xF4, 0x00, 0xCF, 0x06, 0x00, 0x00, 0x1C, 0x07, 0x0C, 0x00,
    0xF4, 0x00, 0xDB, 0x06, 0x00, 0x00, 0x1C, 0x07, 0x0B, 0x00, 0xF5, 0x00, 0xE6, 0x06, 0x00, 0x00,
    0x1C, 0x07, 0x08, 0x00, 0xF8, 0x00, 0xEE, 0x06, 0x00, 0x00, 0x1C, 0x07, 0x0C, 0x00, 0xF8, 0x00,
    0xFA, 0x06, 0x00, 0x00, 0x1C, 0x07, 0x0C, 0x00, 0xF4, 0x00, 0x06, 0x07, 0x00, 0x00, 0x1C, 0x07,
    0x0C, 0x00, 0xF4, 0x00, 0x12, 0x07, 0x00, 0x00, 0x1C, 0x07, 0x0C, 0x00, 0xF4, 0x00, 0x1E, 0x07,
    0x00, 0x00, 0x1C, 0x07, 0x0C, 0x00, 0xF4, 0x00, 0x2A, 0x07, 0x00, 0x00, 0x1C, 0x05, 0x0C, 0x01,
    0xF4, 0x00, 0x36, 0x07, 0x00, 0x00, 0x1C, 0x05, 0x0C, 0x01, 0xF4, 0x00, 0x42, 0x07, 0x00, 0x00,
    0x1C, 0x05, 0x0C, 0x01, 0xF4, 0x00, 0x4E, 0x07, 0x00, 0x00, 0x1C, 0x05, 0x0C, 0x01, 0xF4, 0x00,
    0x5A, 0x07, 0x00, 0x00, 0x1C, 0x07, 0x0C, 0x00, 0xF4, 0x00, 0x66, 0x07, 0x00, 0x00, 0x1C, 0x07,
    0x0C, 0x00, 0xF4, 0x00, 0x72, 0x07, 0x00, 0x00, 0x1C, 0x07, 0x0C, 0x00, 0xF4, 0x00, 0x7E, 0x07,
    0x00, 0x00, 0x1C, 0x07, 0x0C, 0x00, 0xF4, 0x00, 0x8A, 0x07, 0x00, 0x00, 0x1C, 0x07, 0x0C, 0x00,
    0xF4, 0x00, 0x96, 0x07, 0x00, 0x00, 0x1C, 0x07, 0x0C, 0x00, 0xF4, 0x00, 0xA2, 0x07, 0x00, 0x00,
    0x1C, 0x07, 0x0C, 0x00, 0xF4, 0x00, 0xAE, 0x07, 0x00, 0x00, 0x1C, 0x07, 0x08, 0x00, 0xF7, 0x00,
    0xB6, 0x07, 0x00, 0x00, 0x1C, 0x07, 0x0A, 0x00, 0xF7, 0x00, 0xC0, 0x07, 0x00, 0x00, 0x1C, 0x07,
    0x0C, 0x00, 0xF4, 0x00, 0xCC, 0x07, 0x00, 0x00, 0x1C, 0x07, 0x0C, 0x00, 0xF4, 0x00, 0xD8, 0x07,
    0x00, 0x00, 0x1C, 0x07, 0x0C, 0x00, 0xF4, 0x00, 0xE4, 0x07, 0x00, 0x00, 0x1C, 0x07, 0x0C, 0x00,
    0xF4, 0x00, 0xF0, 0x07, 0x00, 0x00, 0x1C, 0x07, 0x0F, 0x00, 0xF4, 0x00, 0xFF, 0x07, 0x00, 0x00,
    0x1C, 0x07, 0x0E, 0x00, 0xF5, 0x00, 0x0D, 0x08, 0x00, 0x00, 0x1C, 0x07, 0x0F, 0x00, 0xF4, 0x00,
    0x1C, 0x08, 0x00, 0x00, 0x1C, 0x07, 0x0E, 0x00, 0xF2, 0x00, 0x2A, 0x08, 0x00, 0x00, 0x1C, 0x07,
    0x0B, 0x00, 0xF5, 0x00, 0x35, 0x08, 0x00, 0x00, 0x1C, 0x07, 0x0F, 0x00, 0xF1, 0x00, 0x44, 0x08,
    0x00, 0x00, 0x1C, 0x07, 0x0C, 0x00, 0xF4, 0x00, 0x50, 0x08, 0x00, 0x00, 0x1C, 0x07, 0x0F, 0x00,
    0xF5, 0x00, 0x5F, 0x08, 0x00, 0x00, 0x1C, 0x07, 0x0C, 0x00, 0xF8, 0x00, 0x6B, 0x08, 0x00, 0x00,
    0x1C, 0x07, 0x0F, 0x00, 0xF1, 0x00, 0x7A, 0x08, 0x00, 0x00, 0x1C, 0x07, 0x0C, 0x00, 0xF4, 0x00,
    0x86, 0x08, 0x00, 0x00, 0x1C, 0x07, 0x0F, 0x00, 0xF1, 0x00, 0x95, 0x08, 0x00, 0x00, 0x1C, 0x07,
    0x0C, 0x00, 0xF4, 0x00, 0xA1, 0x08, 0x00, 0x00, 0x1C, 0x07, 0x0F, 0x00, 0xF1, 0x00, 0xB0, 0x08,
    0x00, 0x00, 0x1C, 0x07, 0x0C, 0x00, 0xF4, 0x00, 0xBC, 0x08, 0x00, 0x00, 0x1C, 0x07, 0x10, 0x00,
    0xF0, 0x00, 0xCC, 0x08, 0x00, 0x00, 0x1C, 0x07, 0x0C, 0x00, 0xF4, 0x00, 0xD8, 0x08, 0x00, 0x00,
    0x1C, 0x07, 0x10, 0x00, 0xF0, 0x00, 0xE8, 0x08, 0x00, 0x00, 0x1C, 0x08, 0x0B, 0x00, 0xF5, 0x00,
    0xC4, 0x05, 0x00, 0x00, 0x1C, 0x07, 0x0B, 0x00, 0xF5, 0x00, 0xF3, 0x08, 0x00, 0x00, 0x1C, 0x07,
    0x0B, 0x00, 0xF5, 0x00, 0xFE, 0x08, 0x00, 0x00, 0x1C, 0x07, 0x0E, 0x00, 0xF2, 0x00, 0x0C, 0x09,
    0x00, 0x00, 0x1C, 0x07, 0x0B, 0x00, 0xF5, 0x00, 0x17, 0x09, 0x00, 0x00, 0x1C, 0x07, 0x0F, 0x00,
    0xF1, 0x00, 0x26, 0x09, 0x00, 0x00, 0x1C, 0x07, 0x0C, 0x00, 0xF4, 0x00, 0x32, 0x09, 0x00, 0x00,
    0x1C, 0x07, 0x0F, 0x00, 0xF1, 0x00, 0x41, 0x09, 0x00, 0x00, 0x1C, 0x07, 0x0C, 0x00, 0xF4, 0x00,
    0x4D, 0x09, 0x00, 0x00, 0x1C, 0x07, 0x0F, 0x00, 0xF5, 0x00, 0x5C, 0x09, 0x00, 0x00, 0x1C, 0x07,
    0x0B, 0x00, 0xF8, 0x00, 0x67, 0x09, 0x00, 0x00, 0x1C, 0x07, 0x10, 0x00, 0xF0, 0x00, 0x77, 0x09,
    0x00, 0x00, 0x1C, 0x07, 0x0C, 0x00, 0xF4, 0x00, 0x83, 0x09, 0x00, 0x00, 0x1C, 0x07, 0x0F, 0x00,
    0xF1, 0x00, 0x92, 0x09, 0x00, 0x00, 0x1C, 0x07, 0x0F, 0x00, 0xF4, 0x00, 0xA1, 0x09, 0x00, 0x00,
    0x1C, 0x07, 0x0F, 0x00, 0xF1, 0x00, 0xB0, 0x09, 0x00, 0x00, 0x1C, 0x07, 0x0F, 0x00, 0xF4, 0x00,
    0xBF, 0x09, 0x00, 0x00, 0x1C, 0x07, 0x0F, 0x00, 0xF1, 0x00, 0xCE, 0x09, 0x00, 0x00, 0x1C, 0x07,
    0x0F, 0x00, 0xF4, 0x00, 0xDD, 0x09, 0x00, 0x00, 0x1C, 0x07, 0x10, 0x00, 0xF5, 0x00, 0xED, 0x09,
    0x00, 0x00, 0x1C, 0x07, 0x10, 0x00, 0xF3, 0x00, 0xFD, 0x09, 0x00, 0x00, 0x1C, 0x07, 0x0F, 0x00,
    0xF1, 0x00, 0x0C, 0x0A, 0x00, 0x00, 0x1C, 0x08, 0x0F, 0xFF, 0xF1, 0x00, 0x1B, 0x0A, 0x00, 0x00,
    0x1C, 0x07, 0x0B, 0x00, 0xF5, 0x00, 0x26, 0x0A, 0x00, 0x00, 0x1C, 0x07, 0x0B, 0x00, 0xF5, 0x00,
    0x31, 0x0A, 0x00, 0x00, 0x1C, 0x07, 0x0F, 0x00, 0xF1, 0x00, 0x40, 0x0A, 0x00, 0x00, 0x1C, 0x07,
    0x0C, 0x00, 0xF4, 0x00, 0x4C, 0x0A, 0x00, 0x00, 0x1C, 0x05, 0x0E, 0x01, 0xF2, 0x00, 0x5A, 0x0A,
    0x00, 0x00, 0x1C, 0x05, 0x0B, 0x01, 0xF5, 0x00, 0x65, 0x0A, 0x00, 0x00, 0x1C, 0x05, 0x0F, 0x01,
    0xF1, 0x00, 0x74, 0x0A, 0x00, 0x00, 0x1C, 0x05, 0x0C, 0x01, 0xF4, 0x00, 0x80, 0x0A, 0x00, 0x00,
    0x1C, 0x06, 0x0F, 0x01, 0xF5, 0x00, 0x8F, 0x0A, 0x00, 0x00, 0x1C, 0x06, 0x10, 0x01, 0xF4, 0x00,
    0x9F, 0x0A, 0x00, 0x00, 0x1C, 0x05, 0x0F, 0x01, 0xF1, 0x00, 0xAE, 0x0A, 0x00, 0x00, 0x1C, 0x05,
    0x08, 0x01, 0xF8, 0x00, 0xB6, 0x0A, 0x00, 0x00, 0x1C, 0x07, 0x0B, 0x00, 0xF5, 0x00, 0xC1, 0x0A,
    0x00, 0x00, 0x1C, 0x07, 0x0F, 0x00, 0xF4, 0x00, 0xD0, 0x0A, 0x00, 0x00, 0x1C, 0x07, 0x0F, 0x00,
    0xF1, 0x00, 0xDF, 0x0A, 0x00, 0x00, 0x1C, 0x07, 0x0F, 0x00, 0xF4, 0x00, 0xEE, 0x0A, 0x00, 0x00,
    0x1C, 0x07, 0x10, 0x00, 0xF5, 0x00, 0xFE, 0x0A, 0x00, 0x00, 0x1C, 0x07, 0x10, 0x00, 0xF5, 0x00,
    0x0E, 0x0B, 0x00, 0x00, 0x1C, 0x07, 0x08, 0x00, 0xF8, 0x00, 0x16, 0x0B, 0x00, 0x00, 0x1C, 0x07,
    0x0F, 0x00, 0xF1, 0x00, 0x25, 0x0B, 0x00, 0x00, 0x1C, 0x05, 0x0F, 0x01, 0xF1, 0x00, 0x34, 0x0B,
    0x00, 0x00, 0x1C, 0x07, 0x10, 0x00, 0xF5, 0x00, 0x44, 0x0B, 0x00, 0x00, 0x1C, 0x05, 0x10, 0x01,
    0xF5, 0x00, 0x54, 0x0B, 0x00, 0x00, 0x1C, 0x07, 0x0B, 0x00, 0xF5, 0x00, 0x5F, 0x0B, 0x00, 0x00,
    0x1C, 0x06, 0x0B, 0x01, 0xF5, 0x00, 0x6A, 0x0B, 0x00, 0x00, 0x1C, 0x07, 0x0B, 0x00, 0xF5, 0x00,
    0x75, 0x0B, 0x00, 0x00, 0x1C, 0x07, 0x0B, 0x00, 0xF5, 0x00, 0x80, 0x0B, 0x00, 0x00, 0x1C, 0x07,
    0x0B, 0x00, 0xF5, 0x00, 0x8B, 0x0B, 0x00, 0x00, 0x1C, 0x05, 0x0B, 0x01, 0xF5, 0x00, 0x96, 0x0B,
    0x00, 0x00, 0x1C, 0x07, 0x0F, 0x00, 0xF1, 0x00, 0xA5, 0x0B, 0x00, 0x00, 0x1C, 0x07, 0x0C, 0x00,
    0xF4, 0x00, 0xB1, 0x0B, 0x00, 0x00, 0x1C, 0x07, 0x10, 0x00, 0xF5, 0x00, 0xC1, 0x0B, 0x00, 0x00,
    0x1C, 0x07, 0x0D, 0x00, 0xF8, 0x00, 0xCE, 0x0B, 0x00, 0x00, 0x1C, 0x07, 0x10, 0x00, 0xF0, 0x00,
    0xDE, 0x0B, 0x00, 0x00, 0x1C, 0x07, 0x0C, 0x00, 0xF4, 0x00, 0xEA, 0x0B, 0x00, 0x00, 0x1C, 0x09,
    0x0B, 0xFE, 0xF5, 0x00, 0x00, 0x0C, 0x00, 0x00, 0x1C, 0x07, 0x0B, 0x00, 0xF5, 0x00, 0x0B, 0x0C,
    0x00, 0x00, 0x1C, 0x07, 0x0B, 0x00, 0xF8, 0x00, 0x16, 0x0C, 0x00, 0x00, 0x1C, 0x07, 0x0E, 0x00,
    0xF2, 0x00, 0x24, 0x0C, 0x00, 0x00, 0x1C, 0x07, 0x0B, 0x00, 0xF5, 0x00, 0x2F, 0x0C, 0x00, 0x00,
    0x1C, 0x07, 0x0F, 0x00, 0xF1, 0x00, 0x3E, 0x0C, 0x00, 0x00, 0x1C, 0x07, 0x0C, 0x00, 0xF4, 0x00,
    0x4A, 0x0C, 0x00, 0x00, 0x1C, 0x07, 0x0F, 0x00, 0xF1, 0x00, 0x59, 0x0C, 0x00, 0x00, 0x1C, 0x07,
    0x0C, 0x00, 0xF4, 0x00, 0x65, 0x0C, 0x00, 0x00, 0x1C, 0x07, 0x0B, 0x00, 0xF5, 0x00, 0x70, 0x0C,
    0x00, 0x00, 0x1C, 0x07, 0x08, 0x00, 0xF8, 0x00, 0x78, 0x0C, 0x00, 0x00, 0x1C, 0x07, 0x0F, 0x00,
    0xF1, 0x00, 0x87, 0x0C, 0x00, 0x00, 0x1C, 0x07, 0x0C, 0x00, 0xF4, 0x00, 0x93, 0x0C, 0x00, 0x00,
    0x1C, 0x07, 0x10, 0x00, 0xF5, 0x00, 0xA3, 0x0C, 0x00, 0x00, 0x1C, 0x07, 0x0D, 0x00, 0xF8, 0x00,
    0xB0, 0x0C, 0x00, 0x00, 0x1C, 0x07, 0x10, 0x00, 0xF0, 0x00, 0xC0, 0x0C, 0x00, 0x00, 0x1C, 0x07,
    0x0C, 0x00, 0xF4, 0x00, 0xCC, 0x0C, 0x00, 0x00, 0x1C, 0x07, 0x0F, 0x00, 0xF1, 0x00, 0xDB, 0x0C,
    0x00, 0x00, 0x1C, 0x07, 0x0C, 0x00, 0xF4, 0x00, 0xE7, 0x0C, 0x00, 0x00, 0x1C, 0x07, 0x0F, 0x00,
    0xF1, 0x00, 0xF6, 0x0C, 0x00, 0x00, 0x1C, 0x07, 0x0C, 0x00, 0xF4, 0x00, 0x02, 0x0D, 0x00, 0x00,
    0x1C, 0x07, 0x0F, 0x00, 0xF5, 0x00, 0x11, 0x0D, 0x00, 0x00, 0x1C, 0x07, 0x0C, 0x00, 0xF8, 0x00,
    0x1D, 0x0D, 0x00, 0x00, 0x1C, 0x07, 0x10, 0x00, 0xF0, 0x00, 0x2D, 0x0D, 0x00, 0x00, 0x1C, 0x07,
    0x0C, 0x00, 0xF4, 0x00, 0x39, 0x0D, 0x00, 0x00, 0x1C, 0x07, 0x0F, 0x00, 0xF5, 0x00, 0x48, 0x0D,
    0x00, 0x00, 0x1C, 0x07, 0x0F, 0x00, 0xF5, 0x00, 0x57, 0x0D, 0x00, 0x00, 0x1C, 0x07, 0x10, 0x00,
    0xF0, 0x00, 0x67, 0x0D, 0x00, 0x00, 0x1C, 0x07, 0x0B, 0x00, 0xF5, 0x00, 0x72, 0x0D, 0x00, 0x00,
    0x1C, 0x07, 0x0B, 0x00, 0xF5, 0x00, 0x7D, 0x0D, 0x00, 0x00, 0x1C, 0x07, 0x0B, 0x00, 0xF5, 0x00,
    0x88, 0x0D, 0x00, 0x00, 0x1C, 0x07, 0x0F, 0x00, 0xF1, 0x00, 0x97, 0x0D, 0x00, 0x00, 0x1C, 0x07,
    0x0C, 0x00, 0xF4, 0x00, 0xA3, 0x0D, 0x00, 0x00, 0x1C, 0x07, 0x0E, 0x00, 0xF2, 0x00, 0xB1, 0x0D,
    0x00, 0x00, 0x1C, 0x07, 0x0B, 0x00, 0xF5, 0x00, 0xBC, 0x0D, 0x00, 0x00, 0x1C, 0x07, 0x0F, 0x00,
    0xF1, 0x00, 0xCB, 0x0D, 0x00, 0x00, 0x1C, 0x07, 0x0C, 0x00, 0xF4, 0x00, 0xD7, 0x0D, 0x00, 0x00,
    0x1C, 0x07, 0x0F, 0x00, 0xF1, 0x00, 0xE6, 0x0D, 0x00, 0x00, 0x1C, 0x07, 0x0B, 0x00, 0xF5, 0x00,
    0xF1, 0x0D, 0x00, 0x00, 0x1C, 0x07, 0x0F, 0x00, 0xF1, 0x00, 0x00, 0x0E, 0x00, 0x00, 0x1C, 0x07,
    0x0C, 0x00, 0xF4, 0x00, 0x0C, 0x0E, 0x00, 0x00, 0x1C, 0x07, 0x0F, 0x00, 0xF5, 0x00, 0x1B, 0x0E,
    0x00, 0x00, 0x1C, 0x07, 0x0C, 0x00, 0xF8, 0x00, 0x27, 0x0E, 0x00, 0x00, 0x1C, 0x07, 0x0F, 0x00,
    0xF1, 0x00, 0x36, 0x0E, 0x00, 0x00, 0x1C, 0x07, 0x0C, 0x00, 0xF4, 0x00, 0x42, 0x0E, 0x00, 0x00,
    0x1C, 0x07, 0x0F, 0x00, 0xF1, 0x00, 0x51, 0x0E, 0x00, 0x00, 0x1C, 0x07, 0x0F, 0x00, 0xF4, 0x00,
    0x60, 0x0E, 0x00, 0x00, 0x1C, 0x07, 0x0F, 0x00, 0xF1, 0x00, 0x6F, 0x0E, 0x00, 0x00, 0x1C, 0x07,
    0x0F, 0x00, 0xF1, 0x00, 0x7E, 0x0E, 0x00, 0x00, 0x1C, 0x07, 0x0C, 0x00, 0xF4, 0x00, 0x8A, 0x0E,
    0x00, 0x00, 0x1C, 0x07, 0x0F, 0x00, 0xF1, 0x00, 0x99, 0x0E, 0x00, 0x00, 0x1C, 0x07, 0x0C, 0x00,
    0xF4, 0x00, 0xA5, 0x0E, 0x00, 0x00, 0x1C, 0x07, 0x10, 0x00, 0xF0, 0x00, 0xB5, 0x0E, 0x00, 0x00,
    0x1C, 0x07, 0x0C, 0x00, 0xF4, 0x00, 0xC1, 0x0E, 0x00, 0x00, 0x1C, 0x06, 0x0B, 0x01, 0xF5, 0x00,
    0x00, 0x00, 0x00, 0x00, 0x1C, 0x00, 0x00, 0x00, 0x00, 0x00, 0x00, 0x00, 0x00, 0x00, 0x38, 0x00,
    0x00, 0x00, 0x00, 0x00, 0x00, 0x00, 0x00, 0x00, 0x1C, 0x00, 0x00, 0x00, 0x00, 0x00, 0x00, 0x00,
    0x00, 0x00, 0x38, 0x00, 0x00, 0x00, 0x00, 0x00, 0x00, 0x00, 0x00, 0x00, 0x1C, 0x00, 0x00, 0x00,
    0x00, 0x00, 0x00, 0x00, 0x00, 0x00, 0x1C, 0x00, 0x00, 0x00, 0x00, 0x00, 0x00, 0x00, 0x00, 0x00,
    0x1C, 0x00, 0x00, 0x00, 0x00, 0x00, 0x00, 0x00, 0x00, 0x00, 0x1C, 0x00, 0x00, 0x00, 0x00, 0x00,
    0x00, 0x00, 0x00, 0x00, 0x1C, 0x00, 0x00, 0x00, 0x00, 0x00, 0x00, 0x00, 0x00, 0x00, 0x1C, 0x00,
    0x00, 0x00, 0x00, 0x00, 0x00, 0x00, 0x00, 0x00, 0x1C, 0x00, 0x00, 0x00, 0x00, 0x00, 0x00, 0x00,
    0x00, 0x00, 0x00, 0x00, 0x00, 0x00, 0x00, 0x00, 0xCC, 0x0E, 0x00, 0x00, 0x00, 0x06, 0x13, 0xFD,
    0xF0, 0x00, 0xDF, 0x0E, 0x00, 0x00, 0x00, 0x06, 0x13, 0xFD, 0xF0, 0x00, 0x00, 0x00, 0x00, 0x00,
    0x1C, 0x00, 0x00, 0x00, 0x00, 0x00, 0x00, 0x00, 0x00, 0x00, 0x1C, 0x00, 0x00, 0x00, 0x00, 0x00,
    0x79, 0x00, 0x00, 0x00, 0x1C, 0x07, 0x03, 0x00, 0xF9, 0x00, 0x79, 0x00, 0x00, 0x00, 0x1C, 0x07,
    0x03, 0x00, 0xF9, 0x00, 0x79, 0x00, 0x00, 0x00, 0x1C, 0x07, 0x03, 0x00, 0xF9, 0x00, 0xF2, 0x0E,
    0x00, 0x00, 0x1C, 0x07, 0x03, 0x00, 0xF9, 0x00, 0xF5, 0x0E, 0x00, 0x00, 0x38, 0x0E, 0x03, 0x00,
    0xF9, 0x00, 0xF5, 0x0E, 0x00, 0x00, 0x38, 0x0E, 0x03, 0x00, 0xF9, 0x00, 0xFB, 0x0E, 0x00, 0x00,
    0x1C, 0x05, 0x0F, 0x01, 0xF3, 0x00, 0x0A, 0x0F, 0x00, 0x00, 0x1C, 0x07, 0x05, 0x00, 0xFF, 0x00,
    0x0F, 0x0F, 0x00, 0x00, 0x1C, 0x03, 0x06, 0x02, 0xF3, 0x00, 0x15, 0x0F, 0x00, 0x00, 0x1C, 0x03,
    0x06, 0x02, 0xF4, 0x00, 0x15, 0x0F, 0x00, 0x00, 0x1C, 0x03, 0x06, 0x02, 0xFD, 0x00, 0x1B, 0x0F,
    0x00, 0x00, 0x1C, 0x03, 0x06, 0x02, 0xF4, 0x00, 0x21, 0x0F, 0x00, 0x00, 0x1C, 0x07, 0x06, 0x00,
    0xF3, 0x00, 0x27, 0x0F, 0x00, 0x00, 0x1C, 0x07, 0x06, 0x00, 0xF4, 0x00, 0x27, 0x0F, 0x00, 0x00,
    0x1C, 0x07, 0x06, 0x00, 0xFD, 0x00, 0x2D, 0x0F, 0x00, 0x00, 0x1C, 0x07, 0x06, 0x00, 0xF4, 0x00,
    0x33, 0x0F, 0x00, 0x00, 0x1C, 0x07, 0x0F, 0x00, 0xF3, 0x00, 0x42, 0x0F, 0x00, 0x00, 0x1C, 0x07,
    0x0F, 0x00, 0xF3, 0x00, 0x51, 0x0F, 0x00, 0x00, 0x1C, 0x05, 0x05, 0x01, 0xF8, 0x00, 0x56, 0x0F,
    0x00, 0x00, 0x1C, 0x06, 0x06, 0x01, 0xF8, 0x00, 0x5C, 0x0F, 0x00, 0x00, 0x38, 0x04, 0x03, 0x05,
    0xFD, 0x00, 0x5F, 0x0F, 0x00, 0x00, 0x38, 0x0A, 0x03, 0x02, 0xFD, 0x00, 0x65, 0x0F, 0x00, 0x00,
    0x38, 0x0E, 0x03, 0x00, 0xFD, 0x00, 0x7C, 0x00, 0x00, 0x00, 0x1C, 0x03, 0x03, 0x02, 0xF9, 0x00,
    0x00, 0x00, 0x00, 0x00, 0x00, 0x00, 0x00, 0x00, 0x00, 0x00, 0x00, 0x00, 0x00, 0x00, 0x00, 0x00,
    0x00, 0x00, 0x00, 0x00, 0x00, 0x00, 0x00, 0x00, 0x1C, 0x00, 0x00, 0x00, 0x00, 0x00, 0x00, 0x00,
    0x00, 0x00, 0x1C, 0x00, 0x00, 0x00, 0x00, 0x00, 0x00, 0x00, 0x00, 0x00, 0x1C, 0x00, 0x00, 0x00,
    0x00, 0x00, 0x00, 0x00, 0x00, 0x00, 0x1C, 0x00, 0x00, 0x00, 0x00, 0x00, 0x00, 0x00, 0x00, 0x00,
    0x1C, 0x00, 0x00, 0x00, 0x00, 0x00, 0x00, 0x00, 0x00, 0x00, 0x1C, 0x00, 0x00, 0x00, 0x00, 0x00,
    0x6B, 0x0F, 0x00, 0x00, 0x38, 0x0B, 0x0B, 0x02, 0xF5, 0x00, 0x81, 0x0F, 0x00, 0x00, 0x38, 0x0E,
    0x0B, 0x00, 0xF5, 0x00, 0x97, 0x0F, 0x00, 0x00, 0x1C, 0x04, 0x05, 0x02, 0xF4, 0x00, 0x9C, 0x0F,
    0x00, 0x00, 0x1C, 0x07, 0x05, 0x00, 0xF4, 0x00, 0xA1, 0x0F, 0x00, 0x00, 0x1C, 0x08, 0x05, 0x00,
    0xF4, 0x00, 0xA6, 0x0F, 0x00, 0x00, 0x1C, 0x04, 0x05, 0x01, 0xF4, 0x00, 0xAB, 0x0F, 0x00, 0x00,
    0x1C, 0x07, 0x05, 0x00, 0xF4, 0x00, 0xB0, 0x0F, 0x00, 0x00, 0x1C, 0x08, 0x05, 0xFF, 0xF4, 0x00,
    0x91, 0x02, 0x00, 0x00, 0x1C, 0x07, 0x05, 0x00, 0xFF, 0x00, 0xB5, 0x0F, 0x00, 0x00, 0x1C, 0x05,
    0x08, 0x01, 0xF7, 0x00, 0xBD, 0x0F, 0x00, 0x00, 0x1C, 0x05, 0x08, 0x01, 0xF7, 0x00, 0xC5, 0x0F,
    0x00, 0x00, 0x38, 0x0E, 0x0E, 0x00, 0xF4, 0x00, 0xE1, 0x0F, 0x00, 0x00, 0x1C, 0x07, 0x0B, 0x00,
    0xF5, 0x00, 0xEC, 0x0F, 0x00, 0x00, 0x1C, 0x08, 0x0B, 0x00, 0xF5, 0x00, 0x79, 0x00, 0x00, 0x00,
    0x1C, 0x07, 0x03, 0x00, 0xF4, 0x00, 0xF7, 0x0F, 0x00, 0x00, 0x1C, 0x07, 0x03, 0x00, 0xFF, 0x00,
    0xFA, 0x0F, 0x00, 0x00, 0x1C, 0x07, 0x04, 0x00, 0xF3, 0x00, 0xFE, 0x0F, 0x00, 0x00, 0x1C, 0x07,
    0x08, 0x00, 0xFC, 0x00, 0x06, 0x10, 0x00, 0x00, 0x38, 0x0E, 0x0E, 0x00, 0xF4, 0x00, 0x79, 0x00,
    0x00, 0x00, 0x1C, 0x07, 0x03, 0x00, 0xF9, 0x00, 0x7F, 0x00, 0x00, 0x00, 0x1C, 0x07, 0x0F, 0x00,
    0xF3, 0x00, 0x22, 0x10, 0x00, 0x00, 0x1C, 0x05, 0x10, 0x01, 0xF3, 0x00, 0x32, 0x10, 0x00, 0x00,
    0x1C, 0x05, 0x10, 0x01, 0xF3, 0x00, 0x42, 0x10, 0x00, 0x00, 0x1C, 0x07, 0x0B, 0x00, 0xF5, 0x00,
    0x4D, 0x10, 0x00, 0x00, 0x1C, 0x07, 0x0B, 0x00, 0xF5, 0x00, 0x58, 0x10, 0x00, 0x00, 0x1C, 0x07,
    0x0B, 0x00, 0xF5, 0x00, 0x63, 0x10, 0x00, 0x00, 0x1C, 0x07, 0x09, 0x00, 0xF7, 0x00, 0x6C, 0x10,
    0x00, 0x00, 0x1C, 0x07, 0x0B, 0x00, 0xF5, 0x00, 0x77, 0x10, 0x00, 0x00, 0x1C, 0x07, 0x06, 0x00,
    0xF8, 0x00, 0x7D, 0x10, 0x00, 0x00, 0x1C, 0x07, 0x06, 0x00, 0xF8, 0x00, 0x65, 0x00, 0x00, 0x00,
    0x1C, 0x07, 0x07, 0x00, 0xFA, 0x00, 0x83, 0x10, 0x00, 0x00, 0x1C, 0x04, 0x0C, 0x02, 0xF8, 0x00,
    0x8F, 0x10, 0x00, 0x00, 0x1C, 0x07, 0x0F, 0x00, 0xF3, 0x00, 0x9E, 0x10, 0x00, 0x00, 0x1C, 0x07,
    0x0E, 0x00, 0xF4, 0x00, 0xAC, 0x10, 0x00, 0x00, 0x1C, 0x07, 0x0B, 0x00, 0xF5, 0x00, 0xB7, 0x10,
    0x00, 0x00, 0x38, 0x0E, 0x06, 0x00, 0xF8, 0x00, 0xC3, 0x10, 0x00, 0x00, 0x1C, 0x07, 0x03, 0x00,
    0xFE, 0x00, 0xC6, 0x10, 0x00, 0x00, 0x1C, 0x07, 0x07, 0x00, 0xF3, 0x00, 0xCD, 0x10, 0x00, 0x00,
    0x1C, 0x07, 0x08, 0x00, 0xF8, 0x00, 0xD5, 0x10, 0x00, 0x00, 0x1C, 0x09, 0x05, 0xFF, 0xF4, 0x00,
    0xDF, 0x10, 0x00, 0x00, 0x1C, 0x07, 0x08, 0x00, 0xF8, 0x00, 0xE7, 0x10, 0x00, 0x00, 0x1C, 0x07,
    0x08, 0x00, 0xF8, 0x00, 0xEF, 0x10, 0x00, 0x00, 0x1C, 0x03, 0x0B, 0x02, 0xF5, 0x00, 0xFA, 0x10,
    0x00, 0x00, 0x1C, 0x07, 0x0B, 0x00, 0xF5, 0x00, 0x05, 0x11, 0x00, 0x00, 0x1C, 0x07, 0x08, 0x00,
    0xF8, 0x00, 0x0D, 0x11, 0x00, 0x00, 0x1C, 0x03, 0x08, 0x02, 0xF8, 0x00, 0x15, 0x11, 0x00, 0x00,
    0x1C, 0x03, 0x0B, 0x02, 0xF6, 0x00, 0x00, 0x00, 0x00, 0x00, 0x1C, 0x00, 0x00, 0x00, 0x00, 0x00,
    0x00, 0x00, 0x00, 0x00, 0x00, 0x00, 0x00, 0x00, 0x00, 0x00, 0x00, 0x00, 0x00, 0x00, 0x00, 0x00,
    0x00, 0x00, 0x00, 0x00, 0x00, 0x00, 0x00, 0x00, 0x00, 0x00, 0x00, 0x00, 0x00, 0x00, 0x00, 0x00,
    0x00, 0x00, 0x00, 0x00, 0x00, 0x00, 0x00, 0x00, 0x00, 0x00, 0x00, 0x00, 0x00, 0x00, 0x00, 0x00,
    0x00, 0x00, 0x00, 0x00, 0x00, 0x00, 0x1C, 0x00, 0x00, 0x00, 0x00, 0x00, 0x00, 0x00, 0x00, 0x00,
    0x1C, 0x00, 0x00, 0x00, 0x00, 0x00, 0x00, 0x00, 0x00, 0x00, 0x1C, 0x00, 0x00, 0x00, 0x00, 0x00,
    0x00, 0x00, 0x00, 0x00, 0x1C, 0x00, 0x00, 0x00, 0x00, 0x00, 0x00, 0x00, 0x00, 0x00, 0x1C, 0x00,
    0x00, 0x00, 0x00, 0x00, 0x00, 0x00, 0x00, 0x00, 0x1C, 0x00, 0x00, 0x00, 0x00, 0x00, 0x00, 0x00,
    0x00, 0x00, 0x1C, 0x00, 0x00, 0x00, 0x00, 0x00, 0x00, 0x00, 0x00, 0x00, 0x1C, 0x00, 0x00, 0x00,
    0x00, 0x00, 0x00, 0x00, 0x00, 0x00, 0x1C, 0x00, 0x00, 0x00, 0x00, 0x00, 0x00, 0x00, 0x00, 0x00,
    0x1C, 0x00, 0x00, 0x00, 0x00, 0x00, 0x00, 0x00, 0x00, 0x00, 0x1C, 0x00, 0x00, 0x00, 0x00, 0x00,
    0x20, 0x11, 0x00, 0x00, 0x1C, 0x05, 0x07, 0x01, 0xF4, 0x00, 0x27, 0x11, 0x00, 0x00, 0x1C, 0x05,
    0x08, 0x01, 0xF3, 0x00, 0x00, 0x00, 0x00, 0x00, 0x1C, 0x00, 0x00, 0x00, 0x00, 0x00, 0x00, 0x00,
    0x00, 0x00, 0x1C, 0x00, 0x00, 0x00, 0x00, 0x00, 0x2F, 0x11, 0x00, 0x00, 0x1C, 0x05, 0x07, 0x01,
    0xF4, 0x00, 0x36, 0x11, 0x00, 0x00, 0x1C, 0x05, 0x07, 0x01, 0xF4, 0x00, 0x3D, 0x11, 0x00, 0x00,
    0x1C, 0x05, 0x07, 0x01, 0xF4, 0x00, 0x44, 0x11, 0x00, 0x00, 0x1C, 0x05, 0x07, 0x01, 0xF4, 0x00,
    0x4B, 0x11, 0x00, 0x00, 0x1C, 0x05, 0x07, 0x01, 0xF4, 0x00, 0x52, 0x11, 0x00, 0x00, 0x1C, 0x05,
    0x07, 0x01, 0xF4, 0x00, 0x59, 0x11, 0x00, 0x00, 0x1C, 0x05, 0x05, 0x01, 0xF6, 0x00, 0x5E, 0x11,
    0x00, 0x00, 0x1C, 0x05, 0x01, 0x01, 0xF7, 0x00, 0x5F, 0x11, 0x00, 0x00, 0x1C, 0x05, 0x03, 0x01,
    0xF6, 0x00, 0x62, 0x11, 0x00, 0x00, 0x1C, 0x05, 0x0B, 0x01, 0xF2, 0x00, 0x6D, 0x11, 0x00, 0x00,
    0x1C, 0x05, 0x0B, 0x01, 0xF2, 0x00, 0x78, 0x11, 0x00, 0x00, 0x1C, 0x05, 0x05, 0x01, 0xF6, 0x00,
    0x7D, 0x11, 0x00, 0x00, 0x1C, 0x05, 0x08, 0x01, 0xFA, 0x00, 0x85, 0x11, 0x00, 0x00, 0x1C, 0x05,
    0x08, 0x01, 0xFA, 0x00, 0x8D, 0x11, 0x00, 0x00, 0x1C, 0x05, 0x08, 0x01, 0xFA, 0x00, 0x95, 0x11,
    0x00, 0x00, 0x1C, 0x05, 0x08, 0x01, 0xFA, 0x00, 0x9D, 0x11, 0x00, 0x00, 0x1C, 0x05, 0x08, 0x01,
    0xFA, 0x00, 0xA5, 0x11, 0x00, 0x00, 0x1C, 0x05, 0x08, 0x01, 0xFA, 0x00, 0xAD, 0x11, 0x00, 0x00,
    0x1C, 0x05, 0x08, 0x01, 0xFA, 0x00, 0xB5, 0x11, 0x00, 0x00, 0x1C, 0x05, 0x08, 0x01, 0xFA, 0x00,
    0xBD, 0x11, 0x00, 0x00, 0x1C, 0x05, 0x08, 0x01, 0xFA, 0x00, 0xC5, 0x11, 0x00, 0x00, 0x1C, 0x05,
    0x08, 0x01, 0xFA, 0x00, 0xCD, 0x11, 0x00, 0x00, 0x1C, 0x05, 0x05, 0x01, 0xFC, 0x00, 0xD2, 0x11,
    0x00, 0x00, 0x1C, 0x05, 0x02, 0x01, 0xFD, 0x00, 0xD4, 0x11, 0x00, 0x00, 0x1C, 0x05, 0x04, 0x01,
    0xFC, 0x00, 0xD8, 0x11, 0x00, 0x00, 0x1C, 0x05, 0x0C, 0x01, 0xF8, 0x00, 0xE4, 0x11, 0x00, 0x00,
    0x1C, 0x05, 0x0C, 0x01, 0xF8, 0x00, 0x00, 0x00, 0x00, 0x00, 0x1C, 0x00, 0x00, 0x00, 0x00, 0x00,
    0xF0, 0x11, 0x00, 0x00, 0x1C, 0x05, 0x06, 0x01, 0xFC, 0x00, 0xF6, 0x11, 0x00, 0x00, 0x1C, 0x05,
    0x06, 0x01, 0xFC, 0x00, 0xFC, 0x11, 0x00, 0x00, 0x1C, 0x05, 0x06, 0x01, 0xFC, 0x00, 0x02, 0x12,
    0x00, 0x00, 0x1C, 0x05, 0x06, 0x01, 0xFC, 0x00, 0x08, 0x12, 0x00, 0x00, 0x1C, 0x05, 0x06, 0x01,
    0xFC, 0x00, 0x0E, 0x12, 0x00, 0x00, 0x1C, 0x05, 0x08, 0x01, 0xFA, 0x00, 0x16, 0x12, 0x00, 0x00,
    0x1C, 0x05, 0x08, 0x01, 0xFA, 0x00, 0x1E, 0x12, 0x00, 0x00, 0x1C, 0x05, 0x08, 0x01, 0xFA, 0x00,
    0x26, 0x12, 0x00, 0x00, 0x1C, 0x05, 0x06, 0x01, 0xFC, 0x00, 0x2C, 0x12, 0x00, 0x00, 0x1C, 0x05,
    0x06, 0x01, 0xFC, 0x00, 0x32, 0x12, 0x00, 0x00, 0x1C, 0x05, 0x08, 0x01, 0xFC, 0x00, 0x3A, 0x12,
    0x00, 0x00, 0x1C, 0x05, 0x06, 0x01, 0xFC, 0x00, 0x40, 0x12, 0x00, 0x00, 0x1C, 0x05, 0x08, 0x01,
    0xFA, 0x00, 0x00, 0x00, 0x00, 0x00, 0x1C, 0x00, 0x00, 0x00, 0x00, 0x00, 0x00, 0x00, 0x00, 0x00,
    0x1C, 0x00, 0x00, 0x00, 0x00, 0x00, 0x00, 0x00, 0x00, 0x00, 0x1C, 0x00, 0x00, 0x00, 0x00, 0x00,
    0x00, 0x00, 0x00, 0x00, 0x1C, 0x00, 0x00, 0x00, 0x00, 0x00, 0x48, 0x12, 0x00, 0x00, 0x1C, 0x07,
    0x0F, 0x00, 0xF3, 0x00, 0x00, 0x00, 0x00, 0x00, 0x1C, 0x00, 0x00, 0x00, 0x00, 0x00, 0x57, 0x12,
    0x00, 0x00, 0x1C, 0x07, 0x0B, 0x00, 0xF5, 0x00, 0x62, 0x12, 0x00, 0x00, 0x1C, 0x07, 0x0B, 0x00,
    0xF5, 0x00, 0x6D, 0x12, 0x00, 0x00, 0x1C, 0x07, 0x0A, 0x00, 0xF7, 0x00, 0x77, 0x12, 0x00, 0x00,
    0x1C, 0x07, 0x0B, 0x00, 0xF5, 0x00, 0x82, 0x12, 0x00, 0x00, 0x1C, 0x07, 0x0B, 0x00, 0xF5, 0x00,
    0x8D, 0x12, 0x00, 0x00, 0x1C, 0x08, 0x0B, 0xFF, 0xF5, 0x00, 0x98, 0x12, 0x00, 0x00, 0x1C, 0x07,
    0x0B, 0x00, 0xF5, 0x00, 0xA3, 0x12, 0x00, 0x00, 0x1C, 0x07, 0x08, 0x00, 0xF8, 0x00, 0xAB, 0x12,
    0x00, 0x00, 0x1C, 0x07, 0x0F, 0x00, 0xF5, 0x00, 0xBA, 0x12, 0x00, 0x00, 0x1C, 0x07, 0x0B, 0x00,
    0xF5, 0x00, 0xC5, 0x12, 0x00, 0x00, 0x1C, 0x07, 0x0B, 0x00, 0xF5, 0x00, 0xD0, 0x12, 0x00, 0x00,
    0x1C, 0x07, 0x0B, 0x00, 0xF5, 0x00, 0xDB, 0x12, 0x00, 0x00, 0x1C, 0x08, 0x0E, 0xFF, 0xF5, 0x00,
    0x00, 0x00, 0x00, 0x00, 0x1C, 0x00, 0x00, 0x00, 0x00, 0x00, 0xE9, 0x12, 0x00, 0x00, 0x1C, 0x07,
    0x0B, 0x00, 0xF5, 0x00, 0xF4, 0x12, 0x00, 0x00, 0x1C, 0x07, 0x0E, 0x00, 0xF3, 0x00, 0x02, 0x13,
    0x00, 0x00, 0x1C, 0x07, 0x0B, 0x00, 0xF5, 0x00, 0x0D, 0x13, 0x00, 0x00, 0x1C, 0x07, 0x0B, 0x00,
    0xF5, 0x00, 0x18, 0x13, 0x00, 0x00, 0x1C, 0x07, 0x0E, 0x00, 0xF3, 0x00, 0x00, 0x00, 0x00, 0x00,
    0x1C, 0x00, 0x00, 0x00, 0x00, 0x00, 0x00, 0x00, 0x00, 0x00, 0x1C, 0x00, 0x00, 0x00, 0x00, 0x00,
    0x26, 0x13, 0x00, 0x00, 0x1C, 0x07, 0x0B, 0x00, 0xF5, 0x00, 0x31, 0x13, 0x00, 0x00, 0x1C, 0x07,
    0x0B, 0x00, 0xF5, 0x00, 0x3C, 0x13, 0x00, 0x00, 0x1C, 0x07, 0x0B, 0x00, 0xF5, 0x00, 0x00, 0x00,
    0x00, 0x00, 0x1C, 0x00, 0x00, 0x00, 0x00, 0x00, 0x47, 0x13, 0x00, 0x00, 0x1C, 0x07, 0x0A, 0x00,
    0xF6, 0x00, 0x51, 0x13, 0x00, 0x00, 0x1C, 0x07, 0x0B, 0x00, 0xF5, 0x00, 0x5C, 0x13, 0x00, 0x00,
    0x1C, 0x07, 0x0D, 0x00, 0xF3, 0x00, 0x69, 0x13, 0x00, 0x00, 0x1C, 0x07, 0x0F, 0x00, 0xF3, 0x00,
    0x78, 0x13, 0x00, 0x00, 0x1C, 0x07, 0x0C, 0x00, 0xF8, 0x00, 0x00, 0x00, 0x00, 0x00, 0x1C, 0x00,
    0x00, 0x00, 0x00, 0x00, 0x00, 0x00, 0x00, 0x00, 0x1C, 0x00, 0x00, 0x00, 0x00, 0x00, 0x00, 0x00,
    0x00, 0x00, 0x1C, 0x00, 0x00, 0x00, 0x00, 0x00, 0x00, 0x00, 0x00, 0x00, 0x1C, 0x00, 0x00, 0x00,
    0x00, 0x00, 0x00, 0x00, 0x00, 0x00, 0x1C, 0x00, 0x00, 0x00, 0x00, 0x00, 0x00, 0x00, 0x00, 0x00,
    0x1C, 0x00, 0x00, 0x00, 0x00, 0x00, 0x00, 0x00, 0x00, 0x00, 0x1C, 0x00, 0x00, 0x00, 0x00, 0x00,
    0x00, 0x00, 0x00, 0x00, 0x1C, 0x00, 0x00, 0x00, 0x00, 0x00, 0x00, 0x00, 0x00, 0x00, 0x1C, 0x00,
    0x00, 0x00, 0x00, 0x00, 0x00, 0x00, 0x00, 0x00, 0x1C, 0x00, 0x00, 0x00, 0x00, 0x00, 0x00, 0x00,
    0x00, 0x00, 0x1C, 0x00, 0x00, 0x00, 0x00, 0x00, 0x00, 0x00, 0x00, 0x00, 0x1C, 0x00, 0x00, 0x00,
    0x00, 0x00, 0x00, 0x00, 0x00, 0x00, 0x1C, 0x00, 0x00, 0x00, 0x00, 0x00, 0x00, 0x00, 0x00, 0x00,
    0x1C, 0x00, 0x00, 0x00, 0x00, 0x00, 0x00, 0x00, 0x00, 0x00, 0x1C, 0x00, 0x00, 0x00, 0x00, 0x00,
    0xBF, 0xBF, 0xBF, 0xBF, 0xBF, 0xBF, 0xBF, 0xFF, 0xBF, 0x1F, 0x1F, 0x27, 0x27, 0x27, 0x27, 0x27,
    0x93, 0x93, 0x93, 0x01, 0x93, 0x93, 0x93, 0x01, 0x93, 0x93, 0x93, 0xEF, 0xEF, 0xEF, 0xC3, 0x83,
    0x8B, 0x8F, 0xCF, 0xE3, 0xE3, 0xAB, 0x83, 0x83, 0xEF, 0xEF, 0x99, 0x0B, 0x03, 0x03, 0x17, 0xF3,
    0xC1, 0x81, 0x81, 0xA1, 0x33, 0xC7, 0x87, 0x93, 0x97, 0xC7, 0xCF, 0x81, 0xA3, 0xB3, 0x93, 0xC1,
    0xBF, 0xBF, 0xBF, 0xBF, 0xBF, 0xFF, 0xC7, 0xCF, 0x9F, 0x9F, 0xBF, 0x3F, 0x3F, 0x3F, 0x3F, 0xBF,
    0x9F, 0x9F, 0xCF, 0xE7, 0xFF, 0xFF, 0x1F, 0x9F, 0xCF, 0xCF, 0xEF, 0xE7, 0xE7, 0xE7, 0xE7, 0xEF,
    0xCF, 0xCF, 0x9F, 0x3F, 0xFF, 0xEF, 0xEF, 0x03, 0xC7, 0xC7, 0x93, 0xFF, 0xEF, 0xEF, 0x83, 0xC7,
    0xEF, 0xEF, 0x8F, 0x8F, 0x8F, 0xCF, 0x9F, 0x9F, 0xFF, 0xFF, 0x83, 0xFF, 0x1F, 0x1F, 0x1F, 0xFB,
    0xF3, 0xF3, 0xF3, 0xE7, 0xE7, 0xE7, 0xEF, 0xCF, 0xCF, 0xCF, 0xDF, 0x9F, 0x9F, 0x9F, 0xC7, 0x83,
    0x93, 0xBB, 0xB3, 0x83, 0x9B, 0xBB, 0x93, 0x83, 0xC7, 0xC7, 0x87, 0xA7, 0xE7, 0xE7, 0xE7, 0xE7,
    0xE7, 0xE7, 0x83, 0x83, 0xC7, 0x83, 0x93, 0xF3, 0xF3, 0xE7, 0xC7, 0x8F, 0x9B, 0x83, 0x83, 0xC7,
    0x83, 0x93, 0xF3, 0xF3, 0xE7, 0xE3, 0xFB, 0xBB, 0x83, 0xC7, 0xF7, 0xE7, 0xEF, 0xCF, 0xD7, 0x93,
    0x93, 0x83, 0xF3, 0xF3, 0xE3, 0x83, 0x83, 0x9B, 0x9F, 0x87, 0x83, 0xF3, 0xFB, 0xB3, 0x83, 0xC7,
    0xE7, 0xCF, 0xCF, 0xCF, 0x87, 0x83, 0x93, 0xBB, 0x93, 0x83, 0xC7, 0x83, 0x83, 0xB3, 0xF3, 0xF7,
    0xE7, 0xE7, 0xE7, 0xCF, 0xCF, 0xCF, 0xC7, 0x83, 0x93, 0x93, 0x87, 0xC7, 0x83, 0x93, 0x93, 0x83,
    0xC7, 0xC7, 0x83, 0x93, 0xBB, 0x93, 0x83, 0xC3, 0xE7, 0xE7, 0xE7, 0xCF, 0x1F, 0x1F, 0x1F, 0xFF,
    0xFF, 0x1F, 0x1F, 0x1F, 0x8F, 0x8F, 0x8F, 0xFF, 0xFF, 0x8F, 0x8F, 0x8F, 0xCF, 0x9F, 0x9F, 0xFF,
    0xFF, 0xFB, 0xE3, 0xCF, 0x9F, 0x9F, 0xC7, 0xE3, 0xFB, 0xFF, 0x83, 0xFF, 0xFF, 0x83, 0xFF, 0xFF,
    0xBF, 0x8F, 0xE7, 0xF3, 0xF3, 0xC7, 0x8F, 0xBF, 0xC7, 0x83, 0x93, 0xF3, 0xF3, 0xE7, 0xE7, 0xFF,
    0xEF, 0xC7, 0xC7, 0xC7, 0x83, 0xBB, 0xA3, 0xA3, 0xAB, 0xAB, 0xAB, 0xA3, 0xA3, 0x9F, 0x83, 0xFF,
    0xC7, 0xC7, 0xC7, 0xC7, 0xD7, 0x93, 0x83, 0x93, 0x93, 0x93, 0x11, 0x07, 0x83, 0x93, 0x93, 0x93,
    0x87, 0x93, 0x9B, 0x9B, 0x83, 0x07, 0xC3, 0x83, 0x9B, 0xBF, 0xBF, 0xBF, 0xBF, 0xBF, 0x93, 0x83,
    0xC7, 0x07, 0x83, 0x93, 0x9B, 0x9B, 0x9B, 0x9B, 0x9B, 0x93, 0x83, 0x07, 0x03, 0x83, 0x9B, 0x9F,
    0x9F, 0x87, 0x9F, 0x9F, 0x9B, 0x83, 0x03, 0x83, 0x83, 0x9B, 0x9F, 0x9F, 0x87, 0x9F, 0x9F, 0x9F,
    0x9F, 0x8F, 0xC3, 0x83, 0x9B, 0xBF, 0xBF, 0xA3, 0xB3, 0xB3, 0x93, 0x83, 0x83, 0x11, 0x93, 0x93,
    0x93, 0x93, 0x83, 0x93, 0x93, 0x93, 0x93, 0x11, 0x07, 0x07, 0xDF, 0xDF, 0xDF, 0xDF, 0xDF, 0xDF,
    0xDF, 0x07, 0x07, 0xC3, 0xE3, 0xF3, 0xF3, 0xF3, 0xF3, 0xF3, 0xF3, 0xB3, 0x83, 0xC7, 0x11, 0x93,
    0x87, 0x87, 0x8F, 0x8F, 0x87, 0x87, 0x93, 0x93, 0x11, 0x8F, 0x9F, 0x9F, 0x9F, 0x9F, 0x9F, 0x9F,
    0x9F, 0x9B, 0x83, 0x83, 0x39, 0x11, 0x11, 0x11, 0x01, 0x01, 0x29, 0x29, 0x39, 0x39, 0x11, 0x11,
    0x93, 0x93, 0x83, 0x83, 0x83, 0x83, 0x83, 0x93, 0x93, 0x13, 0xC7, 0x83, 0x93, 0xBB, 0xBB, 0xBB,
    0xBB, 0xBB, 0x93, 0x83, 0xC7, 0x07, 0x83, 0x9B, 0x9B, 0x93, 0x83, 0x9F, 0x9F, 0x9F, 0x9F, 0x0F,
    0xC7, 0x83, 0x93, 0xBB, 0xBB, 0xBB, 0xBB, 0xBB, 0xBB, 0x93, 0x83, 0xC7, 0xE7, 0xE3, 0xFF, 0x07,
    0x83, 0x93, 0x9B, 0x93, 0x83, 0x87, 0x87, 0x93, 0x93, 0x11, 0xC3, 0x83, 0x9B, 0x9F, 0x8F, 0xC7,
    0xF3, 0xF3, 0xB3, 0x83, 0x87, 0x83, 0x83, 0xAB, 0xEF, 0xEF, 0xEF, 0xEF, 0xEF, 0xEF, 0xC7, 0xC7,
    0x11, 0x93, 0x93, 0x93, 0x93, 0x93, 0x93, 0x93, 0x93, 0x83, 0xC7, 0x11, 0x93, 0x93, 0x93, 0x93,
    0x93, 0xC7, 0xC7, 0xC7, 0xC7, 0xC7, 0x39, 0x39, 0xBB, 0xAB, 0x83, 0x83, 0x83, 0x83, 0x93, 0x93,
    0x93, 0x11, 0x93, 0x93, 0xC7, 0xC7, 0xEF, 0xC7, 0xC7, 0x93, 0x93, 0x11, 0x11, 0x93, 0x93, 0xC7,
    0xC7, 0xC7, 0xEF, 0xEF, 0xEF, 0xC7, 0xC7, 0x83, 0x83, 0xB3, 0xE7, 0xE7, 0xC7, 0xCF, 0xCF, 0x9B,
    0x83, 0x83, 0xFF, 0x07, 0x1F, 0x3F, 0x3F, 0x3F, 0x3F, 0x3F, 0x3F, 0x3F, 0x3F, 0x3F, 0x3F, 0x3F,
    0x07, 0xFF, 0xBF, 0x9F, 0x9F, 0x9F, 0xCF, 0xCF, 0xCF, 0xEF, 0xE7, 0xE7, 0xE7, 0xF7, 0xF3, 0xF3,
    0xF3, 0xFF, 0x07, 0xC7, 0xE7, 0xE7, 0xE7, 0xE7, 0xE7, 0xE7, 0xE7, 0xE7, 0xE7, 0xE7, 0xE7, 0x07,
    0xFF, 0xC7, 0xC7, 0x93, 0x39, 0xFF, 0xFF, 0x3F, 0x9F, 0xCF, 0xCF, 0xC7, 0x83, 0xF3, 0xC3, 0x93,
    0xB3, 0x83, 0x81, 0x1F, 0x9F, 0x9F, 0x83, 0x83, 0x93, 0x9B, 0x9B, 0x93, 0x03, 0x03, 0xC3, 0x83,
    0x9B, 0xBF, 0xBF, 0x93, 0x83, 0xC7, 0xF3, 0xF3, 0xF3, 0x83, 0x83, 0x93, 0xB3, 0xB3, 0x93, 0x83,
    0x81, 0xC7, 0x83, 0x93, 0x83, 0x9F, 0x9B, 0x83, 0xC7, 0xE3, 0xC3, 0xCF, 0xCF, 0x83, 0xCF, 0xCF,
    0xCF, 0xCF, 0x87, 0x83, 0x81, 0x81, 0x93, 0xB3, 0xB3, 0x93, 0x83, 0x83, 0xF3, 0x83, 0xC7, 0x1F,
    0x9F, 0x9F, 0x87, 0x83, 0x93, 0x93, 0x93, 0x93, 0x93, 0x11, 0xDF, 0x8F, 0xCF, 0xFF, 0x0F, 0x8F,
    0xCF, 0xCF, 0xCF, 0xCF, 0x07, 0x07, 0xFF, 0xE7, 0xE7, 0xFF, 0xC7, 0xC7, 0xE7, 0xE7, 0xE7, 0xE7,
    0xE7, 0xE7, 0x67, 0x07, 0x8F, 0x1F, 0x9F, 0x9F, 0x91, 0x93, 0x87, 0x8F, 0x87, 0x87, 0x93, 0x11,
    0x0F, 0x8F, 0xCF, 0xCF, 0xCF, 0xCF, 0xCF, 0xCF, 0xCF, 0x07, 0x07, 0x03, 0x03, 0x29, 0x29, 0x29,
    0x29, 0x29, 0x29, 0x07, 0x83, 0x93, 0x93, 0x93, 0x93, 0x93, 0x11, 0xC7, 0x83, 0x93, 0xBB, 0xBB,
    0x93, 0x83, 0xC7, 0x03, 0x83, 0x93, 0x9B, 0x9B, 0x93, 0x83, 0x83, 0x9F, 0x9F, 0x1F, 0x81, 0x81,
    0x93, 0xB3, 0xB3, 0x93, 0x83, 0x83, 0xF3, 0xF3, 0xF1, 0x83, 0x81, 0xCF, 0xCF, 0xCF, 0xCF, 0x8F,
    0x87, 0xC3, 0x83, 0x9B, 0x87, 0xC3, 0xB3, 0x83, 0x83, 0xCF, 0xCF, 0xCF, 0x83, 0x83, 0xCF, 0xCF,
    0xCF, 0xC9, 0xC3, 0xE3, 0x13, 0x93, 0x93, 0x93, 0x93, 0x93, 0x83, 0xC1, 0x11, 0x93, 0x93, 0x93,
    0xC7, 0xC7, 0xC7, 0xC7, 0x39, 0x39, 0xAB, 0x83, 0x83, 0x83, 0x93, 0x93, 0x11, 0x93, 0xC7, 0xC7,
    0xC7, 0xC7, 0x93, 0x11, 0x11, 0x93, 0x93, 0x93, 0xC7, 0xC7, 0xC7, 0xE7, 0xCF, 0x8F, 0x9F, 0x83,
    0x83, 0xB3, 0xE7, 0xCF, 0x9B, 0x83, 0x83, 0xFF, 0xC7, 0x8F, 0x9F, 0x9F, 0xDF, 0x9F, 0x1F, 0x9F,
    0xDF, 0x9F, 0x9F, 0x9F, 0x8F, 0xC7, 0xFF, 0xBF, 0xBF, 0xBF, 0xBF, 0xBF, 0xBF, 0xBF, 0xBF, 0xBF,
    0xBF, 0xBF, 0xBF, 0xBF, 0xBF, 0xBF, 0xFF, 0x1F, 0x8F, 0xCF, 0xCF, 0xDF, 0xCF, 0xC7, 0xCF, 0xDF,
    0xCF, 0xCF, 0xCF, 0x8F, 0x1F, 0xFF, 0xDF, 0x89, 0x23, 0x23, 0x1F, 0x1F, 0xBF, 0xFF, 0xBF, 0xBF,
    0xBF, 0xBF, 0xBF, 0xBF, 0xBF, 0xEF, 0xEF, 0x83, 0x83, 0x8B, 0xAF, 0xAF, 0x83, 0x83, 0xC7, 0xEF,
    0xFF, 0xC7, 0xC3, 0xDB, 0xDF, 0xDF, 0x87, 0xCF, 0xDF, 0x9B, 0x83, 0x83, 0xFF, 0x83, 0x93, 0xBB,
    0x93, 0x83, 0xBB, 0x11, 0x93, 0x93, 0xC7, 0xC7, 0xC7, 0x83, 0xC7, 0x83, 0xC7, 0xC7, 0xBF, 0xBF,
    0xBF, 0xBF, 0xBF, 0xBF, 0xBF, 0xFF, 0xBF, 0xBF, 0xBF, 0xBF, 0xBF, 0xBF, 0xBF, 0xFF, 0xC7, 0x93,
    0x9B, 0x9F, 0x8F, 0x83, 0x93, 0x93, 0x83, 0xC3, 0xF3, 0xB3, 0x93, 0x83, 0xFF, 0xFF, 0x27, 0x27,
    0xC7, 0xBB, 0x01, 0x11, 0x19, 0x19, 0x11, 0x01, 0x39, 0xBB, 0xC7, 0x8F, 0x27, 0xE7, 0x87, 0x87,
    0xFF, 0xFF, 0x07, 0xEB, 0xCB, 0x93, 0xA7, 0x87, 0xD3, 0xCB, 0xEB, 0xFF, 0x83, 0xF3, 0xFB, 0xFB,
    0xC7, 0x83, 0x55, 0x45, 0x45, 0x93, 0xC7, 0x83, 0xFF, 0x8F, 0xAF, 0xAF, 0x8F, 0xFF, 0xEF, 0xEF,
    0x83, 0xC7, 0xEF, 0xEF, 0xFF, 0x83, 0x8F, 0x27, 0xE7, 0xCF, 0x9F, 0xAF, 0x07, 0x8F, 0xA7, 0xE7,
    0xCF, 0xE7, 0x27, 0x8F, 0xFF, 0xCF, 0x9F, 0x3F, 0x3F, 0x13, 0x93, 0x93, 0x93, 0x93, 0x93, 0x83,
    0x81, 0x9F, 0x9F, 0x9F, 0xC3, 0x8B, 0x8B, 0x8B, 0x8B, 0xCB, 0xEB, 0xEB, 0xEB, 0xEB, 0xEB, 0xFF,
    0xBF, 0xDF, 0x1F, 0xFF, 0x9F, 0x1F, 0xDF, 0xDF, 0xDF, 0xDF, 0x8F, 0x8F, 0x27, 0x27, 0x27, 0x8F,
    0xFF, 0xFF, 0x07, 0xA7, 0xA7, 0x93, 0xCB, 0xC3, 0x97, 0xA7, 0xAF, 0xEF, 0xCF, 0xEF, 0xEF, 0xEF,
    0xEF, 0xC7, 0xFF, 0x83, 0xFF, 0xE7, 0xEF, 0xCF, 0xD7, 0xC7, 0xE7, 0xFF, 0xEF, 0xCF, 0xEF, 0xEF,
    0xEF, 0xEF, 0xC7, 0xFF, 0x83, 0xFF, 0xC7, 0xD7, 0xF7, 0xE7, 0xCF, 0xC7, 0xFF, 0xC7, 0xD7, 0xE7,
    0xF7, 0xD7, 0xC7, 0xFF, 0x83, 0xFF, 0xE7, 0xEF, 0xCF, 0xD7, 0xC7, 0xE7, 0xFF, 0xC7, 0xC7, 0xEF,
    0xFF, 0xCF, 0xCF, 0x9F, 0x9F, 0x93, 0x83, 0xC7, 0xDF, 0xCF, 0xEF, 0xFF, 0xC7, 0xC7, 0xC7, 0xC7,
    0xD7, 0x93, 0x83, 0x93, 0x93, 0x93, 0x11, 0xF7, 0xE7, 0xEF, 0xFF, 0xC7, 0xC7, 0xC7, 0xC7, 0xD7,
    0x93, 0x83, 0x93, 0x93, 0x93, 0x11, 0xC7, 0xC7, 0xD7, 0xFF, 0xC7, 0xC7, 0xC7, 0xC7, 0xD7, 0x93,
    0x83, 0x93, 0x93, 0x93, 0x11, 0xFF, 0x83, 0x83, 0xFF, 0xC7, 0xC7, 0xC7, 0xC7, 0xD7, 0x93, 0x83,
    0x93, 0x93, 0x93, 0x11, 0xFF, 0x93, 0x93, 0xFF, 0xC7, 0xC7, 0xC7, 0xC7, 0xD7, 0x93, 0x83, 0x93,
    0x93, 0x93, 0x11, 0xC7, 0xD7, 0xC7, 0xFF, 0xC7, 0xC7, 0xC7, 0xC7, 0xD7, 0x93, 0x83, 0x93, 0x93,
    0x93, 0x11, 0x81, 0xC1, 0xC3, 0xC7, 0xC7, 0x83, 0x87, 0x87, 0xA3, 0x21, 0x01, 0xC3, 0x83, 0x9B,
    0xBF, 0xBF, 0xBF, 0xBF, 0xBF, 0x93, 0x83, 0xC7, 0xEF, 0xF7, 0xC7, 0xFF, 0xDF, 0xCF, 0xEF, 0xFF,
    0x03, 0x83, 0x9B, 0x9F, 0x9F, 0x87, 0x9F, 0x9F, 0x9B, 0x83, 0x03, 0xF7, 0xE7, 0xEF, 0xFF, 0x03,
    0x83, 0x9B, 0x9F, 0x9F, 0x87, 0x9F, 0x9F, 0x9B, 0x83, 0x03, 0xC7, 0xC7, 0xD7, 0xFF, 0x03, 0x83,
    0x9B, 0x9F, 0x9F, 0x87, 0x9F, 0x9F, 0x9B, 0x83, 0x03, 0xFF, 0x93, 0x93, 0xFF, 0x03, 0x83, 0x9B,
    0x9F, 0x9F, 0x87, 0x9F, 0x9F, 0x9B, 0x83, 0x03, 0xBF, 0x9F, 0xDF, 0xFF, 0x07, 0x07, 0xDF, 0xDF,
    0xDF, 0xDF, 0xDF, 0xDF, 0xDF, 0x07, 0x07, 0xEF, 0xCF, 0xDF, 0xFF, 0x07, 0x07, 0xDF, 0xDF, 0xDF,
    0xDF, 0xDF, 0xDF, 0xDF, 0x07, 0x07, 0x8F, 0x8F, 0xAF, 0xFF, 0x07, 0x07, 0xDF, 0xDF, 0xDF, 0xDF,
    0xDF, 0xDF, 0xDF, 0x07, 0x07, 0xFF, 0x27, 0x27, 0xFF, 0x07, 0x07, 0xDF, 0xDF, 0xDF, 0xDF, 0xDF,
    0xDF, 0xDF, 0x07, 0x07, 0x07, 0x83, 0x93, 0x9B, 0x9B, 0x0B, 0x9B, 0x9B, 0x93, 0x83, 0x07, 0xFF,
    0x83, 0x83, 0xFF, 0x11, 0x93, 0x93, 0x83, 0x83, 0x83, 0x83, 0x83, 0x93, 0x93, 0x13, 0xDF, 0xCF,
    0xEF, 0xFF, 0xC7, 0x83, 0x93, 0xBB, 0xBB, 0xBB, 0xBB, 0xBB, 0x93, 0x83, 0xC7, 0xF7, 0xE7, 0xEF,
    0xFF, 0xC7, 0x83, 0x93, 0xBB, 0xBB, 0xBB, 0xBB, 0xBB, 0x93, 0x83, 0xC7, 0xC7, 0xC7, 0xD7, 0xFF,
    0xC7, 0x83, 0x93, 0xBB, 0xBB, 0xBB, 0xBB, 0xBB, 0x93, 0x83, 0xC7, 0xFF, 0x83, 0x83, 0xFF, 0xC7,
    0x83, 0x93, 0xBB, 0xBB, 0xBB, 0xBB, 0xBB, 0x93, 0x83, 0xC7, 0x93, 0x93, 0xFF, 0xFF, 0xC7, 0x83,
    0x93, 0xBB, 0xBB, 0xBB, 0xBB, 0xBB, 0x93, 0x83, 0xC7, 0xFF, 0x39, 0x83, 0xC7, 0xC7, 0x93, 0x39,
    0xFF, 0xFB, 0xC3, 0x83, 0x93, 0xA3, 0xA3, 0x83, 0x8B, 0x8B, 0x93, 0x83, 0x87, 0xBF, 0xDF, 0xCF,
    0xEF, 0xFF, 0x11, 0x93, 0x93, 0x93, 0x93, 0x93, 0x93, 0x93, 0x93, 0x83, 0xC7, 0xF7, 0xE7, 0xEF,
    0xFF, 0x11, 0x93, 0x93, 0x93, 0x93, 0x93, 0x93, 0x93, 0x93, 0x83, 0xC7, 0xC7, 0xC7, 0xD7, 0xFF,
    0x11, 0x93, 0x93, 0x93, 0x93, 0x93, 0x93, 0x93, 0x93, 0x83, 0xC7, 0x93, 0x93, 0xFF, 0xFF, 0x11,
    0x93, 0x93, 0x93, 0x93, 0x93, 0x93, 0x93, 0x93, 0x83, 0xC7, 0xF7, 0xE7, 0xEF, 0xFF, 0x11, 0x93,
    0x93, 0xC7, 0xC7, 0xC7, 0xEF, 0xEF, 0xEF, 0xC7, 0xC7, 0x0F, 0x9F, 0x9F, 0x83, 0x93, 0x9B, 0x93,
    0x83, 0x9F, 0x9F, 0x0F, 0xC7, 0x83, 0x93, 0x93, 0x93, 0x87, 0x83, 0x93, 0x93, 0x83, 0x07, 0xDF,
    0xCF, 0xEF, 0xFF, 0xC7, 0x83, 0xF3, 0xC3, 0x93, 0xB3, 0x83, 0x81, 0xF7, 0xE7, 0xEF, 0xFF, 0xC7,
    0x83, 0xF3, 0xC3, 0x93, 0xB3, 0x83, 0x81, 0xEF, 0xC7, 0xD7, 0xFF, 0xC7, 0x83, 0xF3, 0xC3, 0x93,
    0xB3, 0x83, 0x81, 0xFF, 0x83, 0x83, 0xFF, 0xC7, 0x83, 0xF3, 0xC3, 0x93, 0xB3, 0x83, 0x81, 0xFF,
    0x93, 0x93, 0xFF, 0xC7, 0x83, 0xF3, 0xC3, 0x93, 0xB3, 0x83, 0x81, 0xC7, 0xC7, 0xFF, 0xC7, 0x83,
    0xF3, 0xC3, 0x93, 0xB3, 0x83, 0x81, 0x83, 0x81, 0xE9, 0x81, 0x07, 0x2B, 0x03, 0x83, 0xC3, 0x83,
    0x9B, 0xBF, 0xBF, 0x93, 0x83, 0xC7, 0xEF, 0xF7, 0xC7, 0xFF, 0xDF, 0xCF, 0xEF, 0xFF, 0xC7, 0x83,
    0x93, 0x83, 0x9F, 0x9B, 0x83, 0xC7, 0xF7, 0xE7, 0xEF, 0xFF, 0xC7, 0x83, 0x93, 0x83, 0x9F, 0x9B,
    0x83, 0xC7, 0xEF, 0xC7, 0xD7, 0xFF, 0xC7, 0x83, 0x93, 0x83, 0x9F, 0x9B, 0x83, 0xC7, 0xFF, 0x93,
    0x93, 0xFF, 0xC7, 0x83, 0x93, 0x83, 0x9F, 0x9B, 0x83, 0xC7, 0xBF, 0x9F, 0xDF, 0xFF, 0x0F, 0x8F,
    0xCF, 0xCF, 0xCF, 0xCF, 0x07, 0x07, 0xEF, 0xCF, 0xDF, 0xFF, 0x0F, 0x8F, 0xCF, 0xCF, 0xCF, 0xCF,
    0x07, 0x07, 0xDF, 0x8F, 0xA7, 0xFF, 0x0F, 0x8F, 0xCF, 0xCF, 0xCF, 0xCF, 0x07, 0x07, 0xFF, 0x27,
    0x27, 0xFF, 0x0F, 0x8F, 0xCF, 0xCF, 0xCF, 0xCF, 0x07, 0x07, 0xFF, 0xCF, 0xC3, 0x83, 0xF3, 0xC3,
    0x83, 0x93, 0xBB, 0x93, 0x83, 0xC7, 0xFF, 0x83, 0x83, 0xFF, 0x07, 0x83, 0x93, 0x93, 0x93, 0x93,
    0x93, 0x11, 0xDF, 0xCF, 0xEF, 0xFF, 0xC7, 0x83, 0x93, 0xBB, 0xBB, 0x93, 0x83, 0xC7, 0xF7, 0xE7,
    0xEF, 0xFF, 0xC7, 0x83, 0x93, 0xBB, 0xBB, 0x93, 0x83, 0xC7, 0xEF, 0xC7, 0xD7, 0xFF, 0xC7, 0x83,
    0x93, 0xBB, 0xBB, 0x93, 0x83, 0xC7, 0xFF, 0x83, 0x83, 0xFF, 0xC7, 0x83, 0x93, 0xBB, 0xBB, 0x93,
    0x83, 0xC7, 0xFF, 0x93, 0x93, 0xFF, 0xC7, 0x83, 0x93, 0xBB, 0xBB, 0x93, 0x83, 0xC7, 0xC7, 0xC7,
    0xEF, 0x83, 0xFF, 0xEF, 0xC7, 0xC7, 0xFF, 0xC3, 0x83, 0x93, 0xA3, 0x8B, 0x93, 0x83, 0x87, 0xFF,
    0xDF, 0xCF, 0xEF, 0xFF, 0x13, 0x93, 0x93, 0x93, 0x93, 0x93, 0x83, 0xC1, 0xF7, 0xE7, 0xEF, 0xFF,
    0x13, 0x93, 0x93, 0x93, 0x93, 0x93, 0x83, 0xC1, 0xEF, 0xC7, 0xD7, 0xFF, 0x13, 0x93, 0x93, 0x93,
    0x93, 0x93, 0x83, 0xC1, 0xFF, 0x93, 0x93, 0xFF, 0x13, 0x93, 0x93, 0x93, 0x93, 0x93, 0x83, 0xC1,
    0xF7, 0xE7, 0xEF, 0xFF, 0x11, 0x93, 0x93, 0x93, 0xC7, 0xC7, 0xC7, 0xE7, 0xCF, 0x8F, 0x9F, 0x1F,
    0x9F, 0x9F, 0x83, 0x83, 0x93, 0x9B, 0x9B, 0x93, 0x83, 0x83, 0x9F, 0x9F, 0x1F, 0xFF, 0x93, 0x93,
    0xFF, 0x11, 0x93, 0x93, 0x93, 0xC7, 0xC7, 0xC7, 0xE7, 0xCF, 0x8F, 0x9F, 0x83, 0xFF, 0xFF, 0xC7,
    0xC7, 0xC7, 0xC7, 0xD7, 0x93, 0x83, 0x93, 0x93, 0x93, 0x11, 0x83, 0xFF, 0xFF, 0xC7, 0x83, 0xF3,
    0xC3, 0x93, 0xB3, 0x83, 0x81, 0xD7, 0xC7, 0xFF, 0xFF, 0xC7, 0xC7, 0xC7, 0xC7, 0xD7, 0x93, 0x83,
    0x93, 0x93, 0x93, 0x11, 0xFF, 0xD7, 0xC7, 0xFF, 0xC7, 0x83, 0xB3, 0xC3, 0x93, 0xB3, 0x83, 0x81,
    0xC7, 0xC7, 0xC7, 0xC7, 0xD7, 0x93, 0x83, 0x93, 0x93, 0x93, 0x11, 0xF3, 0xF7, 0xF3, 0xFF, 0xC7,
    0x83, 0xF3, 0xC3, 0x93, 0xB3, 0x83, 0x81, 0xFB, 0xF3, 0xF9, 0xFF, 0xF7, 0xE7, 0xEF, 0xFF, 0xC3,
    0x83, 0x9B, 0xBF, 0xBF, 0xBF, 0xBF, 0xBF, 0x93, 0x83, 0xC7, 0xF7, 0xE7, 0xEF, 0xFF, 0xC3, 0x83,
    0x9B, 0xBF, 0xBF, 0x93, 0x83, 0xC7, 0xC7, 0xC7, 0xD7, 0xFF, 0xC3, 0x93, 0xBB, 0xBF, 0xBF, 0xBF,
    0xBF, 0xBF, 0x93, 0x83, 0xC7, 0xC7, 0xC7, 0xD7, 0xFF, 0xC3, 0x93, 0xBB, 0xBF, 0xBF, 0x93, 0x83,
    0xC7, 0xC7, 0xC7, 0xEF, 0xFF, 0xC3, 0x83, 0x9B, 0xBF, 0xBF, 0xBF, 0xBF, 0xBF, 0x93, 0x83, 0xC7,
    0xEF, 0xC7, 0xC7, 0xFF, 0xC3, 0x83, 0x9B, 0xBF, 0xBF, 0x93, 0x83, 0xC7, 0xFF, 0xD7, 0xC7, 0xEF,
    0xFF, 0xC3, 0x83, 0x9B, 0xBF, 0xBF, 0xBF, 0xBF, 0xBF, 0x93, 0x83, 0xC7, 0xFF, 0xD7, 0xC7, 0xFF,
    0xC3, 0x83, 0x9B, 0xBF, 0xBF, 0x93, 0x83, 0xC7, 0xFF, 0xD7, 0xC7, 0xEF, 0xFF, 0x07, 0x83, 0x93,
    0x9B, 0x9B, 0x9B, 0x9B, 0x9B, 0x93, 0x83, 0x07, 0xF0, 0xF0, 0xF3, 0x83, 0x83, 0x93, 0xB3, 0xB3,
    0x93, 0x83, 0x83, 0xF3, 0xF3, 0xE1, 0x83, 0x83, 0x93, 0xB3, 0xB3, 0x93, 0x83, 0x81, 0x83, 0xFF,
    0xFF, 0x03, 0x83, 0x9B, 0x9F, 0x9F, 0x87, 0x9F, 0x9F, 0x9B, 0x83, 0x03, 0x83, 0xFF, 0xFF, 0xC7,
    0x83, 0x93, 0x83, 0x9F, 0x9B, 0x83, 0xC7, 0xD7, 0xC7, 0xFF, 0xFF, 0x03, 0x83, 0x9B, 0x9F, 0x9F,
    0x87, 0x9F, 0x9F, 0x9B, 0x83, 0x03, 0xFF, 0xD7, 0xC7, 0xFF, 0xC7, 0x83, 0x93, 0x83, 0x9F, 0x9B,
    0x83, 0xC7, 0xEF, 0xC7, 0xC7, 0xFF, 0x03, 0x83, 0x9B, 0x9F, 0x9F, 0x87, 0x9F, 0x9F, 0x9B, 0x83,
    0x03, 0xEF, 0xC7, 0xC7, 0xFF, 0xC7, 0x83, 0x93, 0x83, 0x9F, 0x9B, 0x83, 0xC7, 0x03, 0x83, 0x9B,
    0x9F, 0x9F, 0x87, 0x9F, 0x9F, 0x9B, 0x83, 0x03, 0xF3, 0xF7, 0xF3, 0xFF, 0xC7, 0x83, 0x93, 0x83,
    0x9F, 0x9B, 0x83, 0xC3, 0xF7, 0xF7, 0xF3, 0xFF, 0xD7, 0xC7, 0xEF, 0xFF, 0x03, 0x83, 0x9B, 0x9F,
    0x9F, 0x87, 0x9F, 0x9F, 0x9B, 0x83, 0x03, 0xFF, 0xD7, 0xC7, 0xFF, 0xC7, 0x83, 0x93, 0x83, 0x9F,
    0x9B, 0x83, 0xC7, 0xC7, 0xC7, 0xD7, 0xFF, 0xC3, 0x93, 0xBB, 0xBF, 0xBF, 0xA3, 0xB3, 0xB3, 0x93,
    0x83, 0x83, 0xEF, 0xC7, 0xD7, 0xFF, 0x81, 0x81, 0x93, 0xB3, 0xB3, 0x93, 0x83, 0x83, 0xF3, 0x83,
    0xC7, 0xD7, 0xC7, 0xFF, 0xFF, 0xC3, 0x83, 0x9B, 0xBF, 0xBF, 0xA3, 0xB3, 0xB3, 0x93, 0x83, 0x83,
    0xFF, 0xC7, 0xFF, 0xFF, 0x81, 0x81, 0x93, 0xB3, 0xB3, 0x93, 0x83, 0x83, 0xF3, 0x83, 0xC7, 0xEF,
    0xC7, 0xC7, 0xFF, 0xC3, 0x83, 0x9B, 0xBF, 0xBF, 0xA3, 0xB3, 0xB3, 0x93, 0x83, 0x83, 0xEF, 0xC7,
    0xC7, 0xFF, 0x81, 0x81, 0x93, 0xB3, 0xB3, 0x93, 0x83, 0x83, 0xF3, 0x83, 0xC7, 0xC3, 0x83, 0x9B,
    0xBF, 0xBF, 0xA3, 0xB3, 0xB3, 0x93, 0x83, 0x83, 0xFF, 0xEF, 0xEF, 0xEF, 0xFF, 0xFF, 0xEF, 0xEF,
    0xEF, 0xFF, 0x81, 0x81, 0x93, 0xB3, 0xB3, 0x93, 0x83, 0x83, 0xF3, 0x83, 0xC7, 0xC7, 0xC7, 0xD7,
    0xFF, 0x11, 0x93, 0x93, 0x93, 0x93, 0x83, 0x93, 0x93, 0x93, 0x93, 0x11, 0x8F, 0x8F, 0xB7, 0xFF,
    0x8F, 0xCF, 0xCF, 0xC3, 0xC1, 0xC9, 0xC9, 0xC9, 0xC9, 0xC9, 0x88, 0x11, 0x93, 0x01, 0x93, 0x93,
    0x83, 0x93, 0x93, 0x93, 0x93, 0x11, 0x1F, 0x9F, 0x0F, 0x87, 0x83, 0x93, 0x93, 0x93, 0x93, 0x93,
    0x11, 0xFF, 0x83, 0x83, 0xFF, 0x83, 0x83, 0xEF, 0xEF, 0xEF, 0xEF, 0xEF, 0xEF, 0xEF, 0x83, 0x83,
    0xFF, 0x83, 0x83, 0xFF, 0x87, 0xC7, 0xE7, 0xE7, 0xE7, 0xE7, 0x83, 0x83, 0x07, 0xFF, 0xFF, 0x07,
    0x07, 0xDF, 0xDF, 0xDF, 0xDF, 0xDF, 0xDF, 0xDF, 0x07, 0x07, 0x07, 0xFF, 0xFF, 0x0F, 0x8F, 0xCF,
    0xCF, 0xCF, 0xCF, 0x07, 0x07, 0xAF, 0x8F, 0xFF, 0xFF, 0x07, 0x07, 0xDF, 0xDF, 0xDF, 0xDF, 0xDF,
    0xDF, 0xDF, 0x07, 0x07, 0xFF, 0xA7, 0x8F, 0xFF, 0x0F, 0x8F, 0xCF, 0xCF, 0xCF, 0xCF, 0x07, 0x07,
    0x07, 0x07, 0xDF, 0xDF, 0xDF, 0xDF, 0xDF, 0xDF, 0xDF, 0x07, 0x07, 0xE7, 0xEF, 0xE7, 0xFF, 0xDF,
    0x8F, 0xCF, 0xFF, 0x0F, 0x8F, 0xCF, 0xCF, 0xCF, 0xCF, 0x07, 0x07, 0xE7, 0xEF, 0xE7, 0xFF, 0xDF,
    0x8F, 0x8F, 0xFF, 0x07, 0x07, 0xDF, 0xDF, 0xDF, 0xDF, 0xDF, 0xDF, 0xDF, 0x07, 0x07, 0x0F, 0x8F,
    0xCF, 0xCF, 0xCF, 0xCF, 0x07, 0x07, 0x03, 0x93, 0x9B, 0x9B, 0x9B, 0x9B, 0x9B, 0x9B, 0x83, 0x83,
    0x03, 0xFF, 0x99, 0x99, 0xFF, 0x11, 0x99, 0x99, 0x99, 0x99, 0x99, 0x99, 0x09, 0xF9, 0xE1, 0xE3,
    0xE3, 0xE3, 0xEB, 0xFF, 0xC3, 0xE3, 0xF3, 0xF3, 0xF3, 0xF3, 0xF3, 0xF3, 0xB3, 0x83, 0xC7, 0xE7,
    0xC3, 0xDB, 0xFF, 0xC7, 0xC7, 0xE7, 0xE7, 0xE7, 0xE7, 0xE7, 0xE7, 0x67, 0x07, 0x8F, 0x11, 0x93,
    0x87, 0x87, 0x8F, 0x8F, 0x87, 0x87, 0x93, 0x93, 0x11, 0xFF, 0xEF, 0xEF, 0xEF, 0xFF, 0x1F, 0x9F,
    0x9F, 0x91, 0x93, 0x87, 0x8F, 0x87, 0x87, 0x93, 0x11, 0xFF, 0xEF, 0xEF, 0xEF, 0xFF, 0x11, 0x93,
    0x87, 0x8F, 0x87, 0x87, 0x93, 0x11, 0xDF, 0xDF, 0x9F, 0xFF, 0x8F, 0x9F, 0x9F, 0x9F, 0x9F, 0x9F,
    0x9F, 0x9F, 0x9B, 0x83, 0x83, 0xEF, 0xCF, 0xDF, 0xFF, 0x0F, 0x8F, 0xCF, 0xCF, 0xCF, 0xCF, 0xCF,
    0xCF, 0xCF, 0x07, 0x07, 0x8F, 0x9F, 0x9F, 0x9F, 0x9F, 0x9F, 0x9F, 0x9F, 0x9B, 0x83, 0x83, 0xFF,
    0xEF, 0xEF, 0xEF, 0xFF, 0x0F, 0x8F, 0xCF, 0xCF, 0xCF, 0xCF, 0xCF, 0xCF, 0xCF, 0x07, 0x07, 0xFF,
    0xDF, 0xDF, 0xDF, 0xFF, 0x8B, 0x9B, 0x9F, 0x9F, 0x9F, 0x9F, 0x9F, 0x9F, 0x9B, 0x83, 0x83, 0x03,
    0x87, 0xCF, 0xCF, 0xCF, 0xCF, 0xCF, 0xCF, 0xCF, 0x07, 0x07, 0x8F, 0x9F, 0x9F, 0x93, 0x83, 0x97,
    0x9F, 0x9F, 0x9B, 0x83, 0x83, 0x8F, 0x8F, 0xCF, 0xC3, 0xC1, 0xCB, 0xCF, 0xCF, 0xCF, 0x87, 0x03,
    0x8F, 0x9F, 0x9F, 0x9F, 0x87, 0x8F, 0x1F, 0x9F, 0x9B, 0x83, 0x83, 0x0F, 0x8F, 0xCF, 0xCF, 0xC7,
    0x8F, 0x8F, 0xCF, 0xCF, 0x07, 0x07, 0xF7, 0xE7, 0xEF, 0xFF, 0x11, 0x93, 0x93, 0x83, 0x83, 0x83,
    0x83, 0x83, 0x93, 0x93, 0x13, 0xF7, 0xE7, 0xEF, 0xFF, 0x07, 0x83, 0x93, 0x93, 0x93, 0x93, 0x93,
    0x11, 0x11, 0x93, 0x93, 0x83, 0x83, 0x83, 0x83, 0x83, 0x93, 0x93, 0x13, 0xFF, 0xEF, 0xEF, 0xEF,
    0xFF, 0x07, 0x83, 0x93, 0x93, 0x93, 0x93, 0x93, 0x11, 0xFF, 0xEF, 0xEF, 0xEF, 0xFF, 0xFF, 0xD7,
    0xC7, 0xEF, 0xFF, 0x11, 0x93, 0x93, 0x83, 0x83, 0x83, 0x83, 0x83, 0x93, 0x93, 0x13, 0xFF, 0xD7,
    0xC7, 0xFF, 0x07, 0x83, 0x93, 0x93, 0x93, 0x93, 0x93, 0x11, 0x9F, 0xFF, 0xBF, 0xFF, 0xFF, 0xFF,
    0xC1, 0xFF, 0xE0, 0xFF, 0xE4, 0xFF, 0xE4, 0xFF, 0xE4, 0xFF, 0xE4, 0xFF, 0xE4, 0xFF, 0xC4, 0x7F,
    0x07, 0x83, 0x93, 0x93, 0x93, 0x93, 0x93, 0x93, 0x93, 0x13, 0x17, 0x07, 0x83, 0x93, 0x93, 0x93,
    0x93, 0x93, 0x13, 0xF3, 0xE3, 0xE7, 0x83, 0xFF, 0xFF, 0xC7, 0x83, 0x93, 0xBB, 0xBB, 0xBB, 0xBB,
    0xBB, 0x93, 0x83, 0xC7, 0x83, 0xFF, 0xFF, 0xC7, 0x83, 0x93, 0xBB, 0xBB, 0x93, 0x83, 0xC7, 0xD7,
    0xC7, 0xFF, 0xFF, 0xC7, 0x83, 0x93, 0xBB, 0xBB, 0xBB, 0xBB, 0xBB, 0x93, 0x83, 0xC7, 0xFF, 0xD7,
    0xC7, 0xFF, 0xC7, 0x83, 0x93, 0xBB, 0xBB, 0x93, 0x83, 0xC7, 0xEB, 0xC3, 0x97, 0xFF, 0xC7, 0x83,
    0x93, 0xBB, 0xBB, 0xBB, 0xBB, 0xBB, 0x93, 0x83, 0xC7, 0xEB, 0xC3, 0x97, 0xFF, 0xC7, 0x83, 0x93,
    0xBB, 0xBB, 0x93, 0x83, 0xC7, 0x81, 0x01, 0x23, 0x27, 0x27, 0x23, 0x27, 0x27, 0x27, 0x21, 0x81,
    0x83, 0x01, 0x29, 0x21, 0x2F, 0x2B, 0x03, 0x83, 0xF7, 0xE7, 0xEF, 0xFF, 0x07, 0x83, 0x93, 0x9B,
    0x93, 0x83, 0x87, 0x87, 0x93, 0x93, 0x11, 0xF7, 0xE7, 0xEF, 0xFF, 0x83, 0x81, 0xCF, 0xCF, 0xCF,
    0xCF, 0x8F, 0x87, 0x07, 0x83, 0x93, 0x9B, 0x93, 0x83, 0x87, 0x87, 0x93, 0x93, 0x11, 0xFF, 0xEF,
    0xEF, 0xEF, 0xFF, 0x83, 0x81, 0xCF, 0xCF, 0xCF, 0xCF, 0x8F, 0x87, 0xFF, 0xCF, 0xCF, 0xDF, 0xFF,
    0xFF, 0xD7, 0xC7, 0xEF, 0xFF, 0x07, 0x83, 0x93, 0x9B, 0x93, 0x83, 0x87, 0x87, 0x93, 0x93, 0x11,
    0xFF, 0xD7, 0xC7, 0xFF, 0x83, 0x81, 0xCF, 0xCF, 0xCF, 0xCF, 0x8F, 0x87, 0xF7, 0xE7, 0xEF, 0xFF,
    0xC3, 0x83, 0x9B, 0x9F, 0x8F, 0xC7, 0xF3, 0xF3, 0xB3, 0x83, 0x87, 0xF7, 0xE7, 0xEF, 0xFF, 0xC3,
    0x83, 0x9B, 0x87, 0xC3, 0xB3, 0x83, 0x83, 0xC7, 0xC7, 0xD7, 0xFF, 0xC3, 0x93, 0x9B, 0x9F, 0x8F,
    0xC7, 0xF3, 0xF3, 0xB3, 0x83, 0x87, 0xC7, 0xC7, 0xD7, 0xFF, 0xC3, 0x93, 0x9B, 0x87, 0xC3, 0xB3,
    0x83, 0x87, 0xC3, 0x83, 0x9B, 0x9F, 0x8F, 0xC7, 0xF3, 0xF3, 0xB3, 0x83, 0x87, 0xEF, 0xF7, 0xC7,
    0xFF, 0xC3, 0x83, 0x9B, 0x87, 0xC3, 0xB3, 0x83, 0x83, 0xEF, 0xF7, 0xC7, 0xFF, 0xFF, 0xD7, 0xC7,
    0xEF, 0xFF, 0xC3, 0x83, 0x9B, 0x9F, 0x8F, 0xC7, 0xF3, 0xF3, 0xB3, 0x83, 0x87, 0xFF, 0xD7, 0xC7,
    0xFF, 0xC3, 0x83, 0x9B, 0x87, 0xC3, 0xB3, 0x83, 0x83, 0x83, 0x83, 0xAB, 0xEF, 0xEF, 0xEF, 0xEF,
    0xEF, 0xEF, 0xC7, 0xC7, 0xEF, 0xF7, 0xC7, 0xFF, 0xCF, 0xCF, 0xCF, 0x83, 0x83, 0xCF, 0xCF, 0xCF,
    0xC9, 0xC3, 0xE3, 0xE7, 0xF3, 0xC7, 0xFF, 0xFF, 0xD7, 0xC7, 0xEF, 0xFF, 0x83, 0x83, 0xAB, 0xEF,
    0xEF, 0xEF, 0xEF, 0xEF, 0xEF, 0xC7, 0xC7, 0xC9, 0xCB, 0xCF, 0x83, 0x83, 0xCF, 0xCF, 0xCF, 0xC9,
    0xC3, 0xE3, 0x83, 0x83, 0xAB, 0xEF, 0xEF, 0xC7, 0xC7, 0xEF, 0xEF, 0xC7, 0xC7, 0xCF, 0xCF, 0xCF,
    0x83, 0x83, 0xCF, 0x87, 0xCF, 0xCB, 0xC3, 0xE3, 0xFF, 0x83, 0x83, 0xFF, 0x11, 0x93, 0x93, 0x93,
    0x93, 0x93, 0x93, 0x93, 0x93, 0x83, 0xC7, 0xFF, 0x83, 0x83, 0xFF, 0x13, 0x93, 0x93, 0x93, 0x93,
    0x93, 0x83, 0xC1, 0x83, 0xFF, 0xFF, 0x11, 0x93, 0x93, 0x93, 0x93, 0x93, 0x93, 0x93, 0x93, 0x83,
    0xC7, 0x83, 0xFF, 0xFF, 0x13, 0x93, 0x93, 0x93, 0x93, 0x93, 0x83, 0xC1, 0xD7, 0xC7, 0xFF, 0xFF,
    0x11, 0x93, 0x93, 0x93, 0x93, 0x93, 0x93, 0x93, 0x93, 0x83, 0xC7, 0xFF, 0xD7, 0xC7, 0xFF, 0x13,
    0x93, 0x93, 0x93, 0x93, 0x93, 0x83, 0xC1, 0xC7, 0xD7, 0xC7, 0xFF, 0x11, 0x93, 0x93, 0x93, 0x93,
    0x93, 0x93, 0x93, 0x93, 0x83, 0xC7, 0xC7, 0xC7, 0xFF, 0x13, 0x93, 0x93, 0x93, 0x93, 0x93, 0x83,
    0xC1, 0xEB, 0xC3, 0x97, 0xFF, 0x11, 0x93, 0x93, 0x93, 0x93, 0x93, 0x93, 0x93, 0x93, 0x83, 0xC7,
    0xEB, 0xC3, 0x97, 0xFF, 0x13, 0x93, 0x93, 0x93, 0x93, 0x93, 0x83, 0xC1, 0x11, 0x93, 0x93, 0x93,
    0x93, 0x93, 0x93, 0x93, 0x93, 0x83, 0xC7, 0xCF, 0xCF, 0xC7, 0xFF, 0x13, 0x93, 0x93, 0x93, 0x93,
    0x93, 0x83, 0xC1, 0xFB, 0xF3, 0xF9, 0xFF, 0xC7, 0xC7, 0xD7, 0xFF, 0x39, 0x39, 0xBB, 0xAB, 0x83,
    0x83, 0x83, 0x83, 0x93, 0x93, 0x93, 0xEF, 0xC7, 0xD7, 0xFF, 0x39, 0x39, 0xAB, 0x83, 0x83, 0x83,
    0x93, 0x93, 0xC7, 0xC7, 0xD7, 0xFF, 0x11, 0x93, 0x93, 0xC7, 0xC7, 0xC7, 0xEF, 0xEF, 0xEF, 0xC7,
    0xC7, 0xC7, 0xC7, 0xD7, 0xFF, 0x11, 0x93, 0x93, 0x93, 0xC7, 0xC7, 0xC7, 0xE7, 0xCF, 0x8F, 0x9F,
    0xFF, 0x93, 0x93, 0xFF, 0x11, 0x93, 0x93, 0xC7, 0xC7, 0xC7, 0xEF, 0xEF, 0xEF, 0xC7, 0xC7, 0xF7,
    0xE7, 0xEF, 0xFF, 0x83, 0x83, 0xB3, 0xE7, 0xE7, 0xC7, 0xCF, 0xCF, 0x9B, 0x83, 0x83, 0xF7, 0xE7,
    0xEF, 0xFF, 0x83, 0x83, 0xB3, 0xE7, 0xCF, 0x9B, 0x83, 0x83, 0xEF, 0xC7, 0xC7, 0xFF, 0x83, 0x83,
    0xB3, 0xE7, 0xE7, 0xC7, 0xCF, 0xCF, 0x9B, 0x83, 0x83, 0xEF, 0xC7, 0xC7, 0xFF, 0x83, 0x83, 0xB3,
    0xE7, 0xCF, 0x9B, 0x83, 0x83, 0xFF, 0xD7, 0xC7, 0xEF, 0xFF, 0x83, 0x83, 0xB3, 0xE7, 0xE7, 0xC7,
    0xCF, 0xCF, 0x9B, 0x83, 0x83, 0xFF, 0xD7, 0xC7, 0xFF, 0x83, 0x83, 0xB3, 0xE7, 0xCF, 0x9B, 0x83,
    0x83, 0xC7, 0x87, 0x97, 0x9F, 0x9F, 0x9F, 0x9F, 0x9F, 0x9F, 0x1F, 0x0F, 0xFF, 0xCF, 0xB7, 0x87,
    0xCF, 0xCF, 0xCF, 0xCF, 0xCF, 0xCF, 0xCF, 0xCF, 0xCF, 0xCF, 0xCF, 0xCF, 0xCF, 0xCF, 0xCF, 0xFF,
    0xB7, 0xCF, 0xCF, 0xB7, 0xCF, 0xCF, 0xCF, 0xCF, 0xCF, 0xCF, 0xCF, 0xCF, 0xCF, 0xCF, 0xCF, 0xCF,
    0xCF, 0xCF, 0xFF, 0x01, 0xFF, 0xFF, 0xFF, 0x00, 0x03, 0xFF, 0xFF, 0xAF, 0xAF, 0xAF, 0xAF, 0xAF,
    0xAF, 0xAF, 0xAF, 0xAF, 0xAF, 0xAF, 0xAF, 0xAF, 0xAF, 0xAF, 0xFF, 0x83, 0x83, 0x83, 0xFF, 0xFF,
    0x9F, 0xBF, 0x3F, 0x1F, 0x1F, 0xBF, 0x1F, 0x1F, 0xBF, 0x3F, 0xFF, 0xBF, 0x1F, 0x1F, 0xBF, 0x9F,
    0xFF, 0xFF, 0xDB, 0x93, 0x93, 0x93, 0x93, 0x93, 0x93, 0x93, 0x9B, 0xB3, 0xB7, 0x93, 0x93, 0x93,
    0xB3, 0x9B, 0xDB, 0xEF, 0xEF, 0xEF, 0xEF, 0xEF, 0x83, 0xC7, 0xEF, 0xEF, 0xEF, 0xEF, 0xEF, 0xEF,
    0xEF, 0xEF, 0xEF, 0xEF, 0xEF, 0xEF, 0xEF, 0x83, 0xC7, 0xEF, 0xEF, 0xEF, 0x83, 0xC7, 0xEF, 0xEF,
    0xEF, 0xDF, 0x8F, 0x07, 0x07, 0x8F, 0x7F, 0x1F, 0x07, 0x0F, 0x1F, 0xFF, 0x9F, 0x9F, 0x9F, 0x1E,
    0x3F, 0x1E, 0x3F, 0x1E, 0x3F, 0x9C, 0xE7, 0x8C, 0xC7, 0x9C, 0xE7, 0x9B, 0xFF, 0x13, 0xFF, 0x13,
    0xFF, 0x07, 0xFF, 0x87, 0xFF, 0xEF, 0xFF, 0xC2, 0x3F, 0xC0, 0x3F, 0x90, 0x3F, 0x90, 0x3F, 0xB2,
    0x3F, 0x99, 0xFF, 0x8B, 0xFF, 0x83, 0xFF, 0x87, 0xFF, 0x87, 0xFF, 0xE7, 0xFF, 0xE1, 0x23, 0xC0,
    0x03, 0xD0, 0x03, 0x90, 0x03, 0xB1, 0x23, 0x9F, 0x9F, 0xBF, 0x3F, 0x3F, 0xC3, 0x93, 0x93, 0x97,
    0x87, 0x81, 0x81, 0xAB, 0x0B, 0x03, 0x9F, 0x9F, 0xDF, 0xCF, 0xCF, 0x87, 0x93, 0x93, 0xD3, 0xC3,
    0x81, 0x81, 0xD5, 0xD0, 0xC0, 0xEF, 0xCF, 0xDF, 0x9F, 0x9F, 0xCF, 0xCF, 0xEF, 0xBF, 0x9F, 0xDF,
    0xCF, 0xCF, 0x9F, 0x9F, 0xBF, 0xBC, 0xF7, 0x9C, 0xE7, 0xCF, 0xCF, 0xE7, 0x9F, 0xF3, 0x3F, 0xF8,
    0x7F, 0x3C, 0xF3, 0xBC, 0xF7, 0xFB, 0x7F, 0xF7, 0xBF, 0xE7, 0x9F, 0xCF, 0xCF, 0x9C, 0xE7, 0xBC,
    0xF7, 0x93, 0x93, 0x93, 0x93, 0x93, 0x93, 0x93, 0xFF, 0x93, 0x93, 0x93, 0xA1, 0x81, 0x8D, 0x99,
    0x99, 0xC3, 0xC7, 0xD7, 0xEF, 0xC7, 0xC7, 0xBB, 0x83, 0xFF, 0xFF, 0x83, 0x93, 0xFF, 0xFB, 0xFB,
    0xF3, 0xE7, 0xC7, 0x83, 0xBB, 0xBB, 0xFC, 0xFF, 0xFC, 0xFF, 0xF0, 0x3F, 0xF0, 0x3F, 0xF8, 0x7F,
    0xF8, 0x7F, 0xFF, 0xFF, 0xEF, 0xDF, 0xEF, 0xDF, 0x02, 0x07, 0xC7, 0x8F, 0xC7, 0x8F, 0x93, 0x27,
    0xFF, 0xFF, 0xFF, 0x07, 0x1F, 0x3F, 0x3F, 0x3F, 0x3F, 0x07, 0x1F, 0x3F, 0x3F, 0x3F, 0x3F, 0x3F,
    0x07, 0xFF, 0xFF, 0x07, 0xC7, 0xE7, 0xE7, 0xE7, 0xE7, 0x07, 0xC7, 0xE7, 0xE7, 0xE7, 0xE7, 0xE7,
    0x07, 0xFF, 0x93, 0x01, 0x01, 0xC9, 0xC9, 0x93, 0x93, 0xFF, 0x93, 0x93, 0x93, 0x93, 0x03, 0x03,
    0xC3, 0xC3, 0x93, 0x93, 0xFF, 0x93, 0x93, 0x93, 0x93, 0x81, 0x81, 0x99, 0x99, 0x93, 0x93, 0xFF,
    0x93, 0x93, 0x93, 0xFF, 0x83, 0xC3, 0xF3, 0xF7, 0xE7, 0xE7, 0xCF, 0xEF, 0x87, 0xA3, 0xA3, 0xA3,
    0xA3, 0xA7, 0xAF, 0xAF, 0xAF, 0xAF, 0xAF, 0xC3, 0x8B, 0x8B, 0x8B, 0x8B, 0xC3, 0x87, 0xA3, 0xA3,
    0xA3, 0xA3, 0x87, 0x1F, 0x1F, 0x1F, 0xFF, 0xFF, 0x1F, 0x1F, 0x1F, 0x3F, 0x9F, 0x9F, 0xFF, 0xFF,
    0x83, 0x93, 0xFF, 0xFF, 0xFF, 0xFF, 0xFF, 0xFF, 0xFF, 0xFF, 0xFF, 0xBB, 0x83, 0xFF, 0xEF, 0xEF,
    0x83, 0x83, 0xC7, 0x93, 0xFF, 0xEF, 0xEF, 0x03, 0xC7, 0xC7, 0x93, 0xFF, 0x9B, 0x83, 0x97, 0xE7,
    0xE7, 0xEF, 0xCF, 0xCF, 0xD3, 0x83, 0xB3, 0xFF, 0xFF, 0xE3, 0xF7, 0xC9, 0xE7, 0x9C, 0x47, 0xBE,
    0x0F, 0xFF, 0xFF, 0xFF, 0x83, 0xBB, 0xFF, 0x83, 0x83, 0x01, 0xC7, 0x83, 0xEF, 0xF3, 0xF3, 0x93,
    0x9F, 0x9F, 0xF3, 0xF3, 0xF3, 0x80, 0x7F, 0x80, 0xFF, 0xAA, 0xFF, 0xA0, 0xFF, 0x00, 0xFF, 0xC7,
    0xC7, 0x83, 0x11, 0x11, 0xEF, 0xC7, 0xC7, 0x11, 0x11, 0x83, 0xC7, 0xC7, 0xBB, 0x11, 0x11, 0x1F,
    0x1F, 0x1F, 0xFF, 0xFF, 0xFF, 0xFF, 0xFF, 0x1F, 0x1F, 0x1F, 0xC7, 0xC7, 0xEF, 0xFF, 0x11, 0x11,
    0xBB, 0xFF, 0xEF, 0xC7, 0xC7, 0xEF, 0xAB, 0x83, 0x01, 0xC7, 0xAB, 0x83, 0xEF, 0xBF, 0x1F, 0xFF,
    0x1F, 0xBF, 0xFF, 0x1F, 0xBF, 0xBF, 0x1F, 0xFF, 0xBF, 0x1F, 0xFF, 0xBF, 0x1F, 0xFF, 0x1F, 0xBF,
    0x8F, 0x27, 0x27, 0x07, 0x27, 0x27, 0x8F, 0xDF, 0xDF, 0xFF, 0x9F, 0xDF, 0xDF, 0xDF, 0x8F, 0xCF,
    0xDF, 0x9F, 0xAF, 0x07, 0xEF, 0xC7, 0x0F, 0x2F, 0x0F, 0xA7, 0xE7, 0x27, 0x8F, 0xCF, 0x9F, 0x9F,
    0x8F, 0x27, 0x27, 0x8F, 0x07, 0xAF, 0xEF, 0xCF, 0xCF, 0xDF, 0x9F, 0x8F, 0xAF, 0x8F, 0x8F, 0xAF,
    0x27, 0x8F, 0x8F, 0x27, 0x27, 0x8F, 0xCF, 0xCF, 0x9F, 0xDF, 0xDF, 0x07, 0xDF, 0xFF, 0x07, 0x07,
    0xFF, 0x07, 0xFF, 0xEF, 0xCF, 0x9F, 0x9F, 0xBF, 0xBF, 0x9F, 0x9F, 0xCF, 0xEF, 0xFF, 0xBF, 0x9F,
    0xCF, 0xCF, 0xEF, 0xEF, 0xCF, 0xCF, 0x9F, 0xBF, 0x0F, 0x27, 0x27, 0x27, 0x27, 0x8F, 0x27, 0x27,
    0x07, 0x07, 0x27, 0x27, 0x8F, 0x9F, 0x1F, 0xDF, 0xDF, 0xDF, 0xDF, 0xDF, 0x8F, 0x8F, 0x27, 0xE7,
    0xEF, 0xCF, 0x9F, 0xA7, 0x07, 0x8F, 0xA7, 0xE7, 0xCF, 0xE7, 0xE7, 0x27, 0x8F, 0xCF, 0xDF, 0x9F,
    0x8F, 0xAF, 0x07, 0xEF, 0xC7, 0x0F, 0x2F, 0x3F, 0x0F, 0xA7, 0xE7, 0x27, 0x8F, 0xCF, 0x9F, 0x9F,
    0x8F, 0x27, 0x27, 0x27, 0x8F, 0x07, 0x27, 0xEF, 0xCF, 0xCF, 0xDF, 0xDF, 0x9F, 0x8F, 0xAF, 0xAF,
    0x8F, 0x8F, 0x27, 0x27, 0x8F, 0x8F, 0x27, 0x27, 0x27, 0x8F, 0xCF, 0xCF, 0x9F, 0xDF, 0xDF, 0x07,
    0xDF, 0xDF, 0x07, 0xFF, 0x07, 0xFF, 0x07, 0xFF, 0xFF, 0xCF, 0xDF, 0x9F, 0x9F, 0xBF, 0xBF, 0x9F,
    0x9F, 0xDF, 0xCF, 0xFF, 0xFF, 0x9F, 0xDF, 0xCF, 0xCF, 0xEF, 0xEF, 0xCF, 0xCF, 0xDF, 0x9F, 0xFF,
    0x8F, 0x27, 0xE7, 0x87, 0x27, 0x87, 0x8F, 0x27, 0x27, 0x07, 0x2F, 0x8F, 0x8F, 0x27, 0x27, 0x27,
    0x27, 0x8F, 0x27, 0x8F, 0xDF, 0xDF, 0x8F, 0x27, 0x0F, 0xA7, 0xE7, 0x07, 0x07, 0x8F, 0x3F, 0x3F,
    0x0F, 0x27, 0x27, 0x27, 0x27, 0x27, 0x3F, 0x3F, 0xA7, 0x8F, 0x9F, 0x8F, 0x0F, 0x27, 0x9F, 0xDF,
    0xDF, 0xDF, 0xDF, 0xDF, 0xDF, 0x8F, 0x0F, 0x07, 0x07, 0x07, 0x07, 0x07, 0x0F, 0x27, 0x27, 0x27,
    0x27, 0x27, 0x0F, 0x27, 0x27, 0x27, 0x27, 0x0F, 0x3F, 0x3F, 0x87, 0x27, 0x9F, 0xCF, 0x27, 0x0F,
    0x9F, 0x9F, 0x8F, 0x9F, 0x9F, 0x9F, 0x87, 0xCF, 0xFF, 0xF3, 0xC3, 0x83, 0x83, 0xA7, 0x87, 0x87,
    0x8F, 0x8F, 0x83, 0x83, 0x87, 0x9F, 0xFF, 0x83, 0x83, 0x9B, 0x9F, 0x0F, 0x9F, 0x0F, 0x9F, 0x9F,
    0x9F, 0x8F, 0xC7, 0xC3, 0xDB, 0xDF, 0x87, 0xCF, 0x87, 0x8F, 0x9B, 0x83, 0x83, 0xFB, 0x03, 0x03,
    0x21, 0x29, 0x29, 0x09, 0x09, 0x09, 0xBF, 0x11, 0x93, 0x9B, 0x8B, 0x01, 0x83, 0x01, 0x83, 0xB3,
    0x93, 0x13, 0x13, 0x13, 0x13, 0x01, 0x13, 0x13, 0x33, 0x33, 0x31, 0x31, 0x3B, 0x8F, 0x8F, 0xAF,
    0xA8, 0x88, 0x8A, 0x89, 0x8C, 0x8A, 0xA0, 0x80, 0x39, 0x39, 0x39, 0xAB, 0x01, 0x83, 0x83, 0x01,
    0x93, 0x93, 0x93, 0x09, 0x21, 0x01, 0x01, 0x01, 0x01, 0x19, 0x03, 0xF3, 0xF3, 0xE1, 0x83, 0x83,
    0x93, 0xB3, 0xB3, 0x93, 0x83, 0x81, 0xFF, 0xFF, 0x83, 0xFF, 0xC3, 0x83, 0x9B, 0xBF, 0x0F, 0x9F,
    0x0F, 0x9F, 0x93, 0x83, 0xC7, 0x11, 0x93, 0x87, 0x87, 0x8F, 0x01, 0x87, 0x87, 0x97, 0x93, 0x11,
    0x83, 0x83, 0xAB, 0xE7, 0xC7, 0xC7, 0xC7, 0x8F, 0xEF, 0xC7, 0xC7, 0x9F, 0x8F, 0xAF, 0xA9, 0xA8,
    0xAA, 0xA2, 0xA2, 0xAA, 0x88, 0x98, 0xFB, 0xFB, 0xFB, 0x07, 0x83, 0x01, 0x81, 0x93, 0x83, 0x9F,
    0x9F, 0x9F, 0x9F, 0x0F, 0xEF, 0xEF, 0xC3, 0x83, 0xAB, 0xAF, 0xAF, 0xA3, 0xA3, 0xA3, 0x83, 0x83,
    0x83, 0xEF, 0xC7, 0xC7, 0xC7, 0xC7, 0x01, 0x93, 0x01, 0x93, 0x93, 0x93, 0x11, 0x87, 0x83, 0xB3,
    0xF3, 0x01, 0xC7, 0x01, 0x9F, 0xBB, 0x93, 0xC3, 0xEF, 0xEF, 0xC3, 0x83, 0xAB, 0xAF, 0xAF, 0xAF,
    0xAF, 0xAF, 0x83, 0x83, 0xC7, 0xEF, 0x83, 0xFF, 0x83, 0x83, 0xAB, 0xEF, 0xEF, 0xEF, 0xEF, 0xC7,
    0xC7, 0xFF, 0x83, 0xE7, 0x83, 0x83, 0xE7, 0x8F, 0xE7, 0xE7, 0xF3, 0xF1, 0x8F, 0x9F, 0x9F, 0x8F,
    0x8F, 0x1F, 0x8F, 0x1F, 0x9B, 0x83, 0x87, 0xEF, 0xEF, 0xC7, 0x83, 0xAB, 0x29, 0x29, 0x29, 0x29,
    0x11, 0x07, 0x83, 0x9B, 0x9B, 0x93, 0x03, 0x9F, 0x9F, 0x07, 0x9F, 0x0F, 0xC7, 0xC7, 0xC3, 0x83,
    0x03, 0x07, 0x3F, 0x3F, 0x3F, 0x3F, 0x3F, 0x9F, 0x01, 0xD7, 0xD7, 0x07, 0xB3, 0xBB, 0xBB, 0xB3,
    0x87, 0xB3, 0xBB, 0xBB, 0xB3, 0x07, 0xD7, 0xFF, 0xC3, 0x83, 0x9B, 0xBF, 0xBF, 0x93, 0x83, 0xC7,
    0xFF, 0xFF, 0x83, 0xFF, 0xA0, 0xA0, 0xA0, 0xA0, 0xA0, 0xA0, 0xE0, 0x00, 0xE0, 0xA0, 0x00, 0x88,
    0x88, 0x88, 0x88, 0xD8, 0x6C, 0x6C, 0x7C, 0x82, 0xFE, 0x6C, 0x7C, 0x82, 0xFE, 0x6C, 0x6C, 0x00,
    0x28, 0x28, 0x4A, 0x0A, 0x08, 0x20, 0x48, 0x20, 0x08, 0xAA, 0xA8, 0xA0, 0x28, 0x28, 0x90, 0xEA,
    0xA0, 0xAC, 0x1C, 0x12, 0x6E, 0x6A, 0x0A, 0xAE, 0x12, 0x68, 0x44, 0x60, 0x74, 0x48, 0x40, 0x64,
    0xB2, 0xB0, 0x30, 0x40, 0xA0, 0xA0, 0xA0, 0xA0, 0xA0, 0x18, 0x00, 0x50, 0x40, 0x00, 0xA0, 0x20,
    0x00, 0x00, 0x20, 0xA0, 0x20, 0x10, 0x08, 0x20, 0x10, 0xC0, 0x00, 0x50, 0x10, 0x00, 0x28, 0x20,
    0x00, 0x00, 0x20, 0x28, 0x20, 0x40, 0x80, 0x20, 0x40, 0x28, 0x6C, 0x02, 0x6C, 0x54, 0x28, 0x00,
    0x28, 0x28, 0x82, 0x44, 0x28, 0x28, 0x00, 0x50, 0x10, 0x20, 0x00, 0x40, 0x00, 0x7C, 0x82, 0x7C,
    0x00, 0xA0, 0x00, 0x08, 0x08, 0x04, 0x10, 0x04, 0x10, 0x08, 0x28, 0x00, 0x30, 0x00, 0x50, 0x00,
    0x60, 0x00, 0x6C, 0x00, 0x82, 0xAA, 0xB2, 0xAA, 0x9A, 0xAA, 0x82, 0x00, 0x6C, 0x20, 0x40, 0xE0,
    0x20, 0x20, 0x20, 0x20, 0x20, 0x20, 0x08, 0x00, 0x6C, 0x44, 0x02, 0x02, 0x08, 0x14, 0x20, 0x00,
    0x64, 0x22, 0x02, 0x6C, 0x44, 0x00, 0x00, 0x1C, 0x04, 0x0C, 0x0A, 0xEA, 0x28, 0x6C, 0x14, 0x18,
    0x28, 0x30, 0x54, 0x00, 0x14, 0x82, 0x74, 0x14, 0x10, 0x04, 0x2C, 0x08, 0x10, 0x04, 0x28, 0x62,
    0x0A, 0x62, 0x44, 0x6C, 0x08, 0x08, 0x10, 0x40, 0x5C, 0x10, 0x82, 0xAA, 0x82, 0x44, 0x6C, 0x82,
    0x88, 0x4C, 0x00, 0x14, 0x00, 0x18, 0x20, 0x08, 0x20, 0x10, 0x6C, 0x44, 0x00, 0x6C, 0x14, 0x28,
    0x44, 0x00, 0x82, 0x28, 0x6C, 0x6C, 0x44, 0x82, 0xAA, 0x82, 0x10, 0x74, 0x04, 0x10, 0x20, 0x20,
    0x00, 0xA0, 0x00, 0x00, 0x00, 0x00, 0xA0, 0x00, 0x00, 0x50, 0x00, 0x00, 0x00, 0x00, 0x50, 0x10,
    0x20, 0x00, 0x40, 0x00, 0x00, 0x0A, 0x10, 0x58, 0x00, 0x30, 0x20, 0x06, 0x04, 0x00, 0x82, 0x7C,
    0x00, 0x82, 0x7C, 0x00, 0xA0, 0x10, 0x34, 0x00, 0x18, 0x08, 0xC0, 0x40, 0x6C, 0x40, 0x00, 0x08,
    0x10, 0x08, 0x20, 0x10, 0x38, 0x28, 0x00, 0x6C, 0x6C, 0x28, 0xA2, 0xA2, 0xAA, 0xAA, 0xAA, 0xA0,
    0x34, 0x38, 0x00, 0x3C, 0x00, 0x28, 0x28, 0x10, 0x54, 0x10, 0x00, 0x7C, 0x00, 0xAA, 0x82, 0x88,
    0xA4, 0x88, 0x88, 0x94, 0x84, 0x98, 0x8A, 0x8A, 0xA0, 0x8C, 0x42, 0x0A, 0x8A, 0xA0, 0xA0, 0xA0,
    0xA0, 0xA0, 0x80, 0x04, 0x6C, 0x88, 0xA4, 0x82, 0x8A, 0x8A, 0x8A, 0x8A, 0x8A, 0x82, 0xA4, 0x88,
    0x02, 0xA2, 0x04, 0x00, 0x18, 0x00, 0x38, 0x00, 0x04, 0xA2, 0x02, 0x82, 0x42, 0x44, 0x40, 0x58,
    0x40, 0x58, 0x40, 0x40, 0x50, 0x90, 0x42, 0x0A, 0x8A, 0xA0, 0xAC, 0xA2, 0xB2, 0xA2, 0x82, 0x2A,
    0x12, 0x82, 0xAA, 0x82, 0x82, 0x92, 0x82, 0x92, 0x82, 0x82, 0xAA, 0x82, 0x00, 0x00, 0x50, 0x50,
    0x50, 0x50, 0x50, 0x50, 0x50, 0x00, 0x00, 0x04, 0x24, 0x04, 0x04, 0x04, 0x04, 0x04, 0x04, 0xA4,
    0x30, 0x40, 0x12, 0xA6, 0x24, 0x28, 0x08, 0x00, 0x00, 0x20, 0x30, 0xAE, 0x12, 0x90, 0x50, 0x40,
    0x40, 0x40, 0x40, 0x40, 0x40, 0x46, 0x42, 0x82, 0xAA, 0x00, 0x28, 0x00, 0x28, 0x00, 0x28, 0x10,
    0x00, 0x28, 0x82, 0x82, 0x8A, 0x92, 0x82, 0xB2, 0x82, 0x9A, 0x82, 0x92, 0xA2, 0x82, 0x6C, 0x00,
    0x82, 0xAA, 0xAA, 0xAA, 0xAA, 0xAA, 0x82, 0x00, 0x6C, 0x0C, 0xA8, 0x2A, 0x2A, 0x3A, 0x00, 0x38,
    0x20, 0x20, 0xB0, 0x00, 0x6C, 0x44, 0x82, 0xAA, 0xAA, 0xAA, 0xAA, 0xAA, 0xAA, 0x28, 0x44, 0x00,
    0x0C, 0x00, 0x0C, 0x8C, 0xA0, 0x82, 0x8A, 0x98, 0x80, 0x98, 0x84, 0x80, 0xAA, 0x82, 0x42, 0x0A,
    0x0A, 0x00, 0x40, 0x28, 0x14, 0x02, 0xA2, 0xA0, 0x84, 0x82, 0x82, 0xEE, 0x28, 0x28, 0x28, 0x28,
    0x28, 0x28, 0x44, 0x44, 0x82, 0xAA, 0x82, 0x82, 0x82, 0x82, 0x82, 0x82, 0x00, 0x44, 0x6C, 0x82,
    0xAA, 0x00, 0x6C, 0x00, 0x00, 0x44, 0x10, 0x28, 0x28, 0x00, 0xAA, 0x28, 0x82, 0xAA, 0x82, 0x00,
    0x38, 0x44, 0x54, 0x00, 0x28, 0x82, 0xC6, 0x10, 0x00, 0x20, 0x28, 0x20, 0x00, 0x10, 0xC6, 0x82,
    0x82, 0xAA, 0x00, 0x44, 0x00, 0x00, 0x28, 0x28, 0x28, 0x44, 0x44, 0x82, 0x80, 0x54, 0x04, 0x08,
    0x00, 0x20, 0x40, 0x54, 0x02, 0x82, 0x70, 0x00, 0x18, 0x20, 0x20, 0x20, 0x20, 0x20, 0x20, 0x20,
    0x20, 0x20, 0x20, 0x30, 0x00, 0x78, 0x20, 0x20, 0x40, 0x10, 0x40, 0x10, 0x20, 0x28, 0x00, 0x18,
    0x00, 0x14, 0x00, 0x0C, 0x00, 0x70, 0x00, 0xC0, 0x20, 0x20, 0x20, 0x20, 0x20, 0x20, 0x20, 0x20,
    0x20, 0x20, 0x60, 0x00, 0xF0, 0x28, 0x54, 0x28, 0x28, 0x44, 0x00, 0x00, 0xA0, 0x40, 0x00, 0x6C,
    0x28, 0x40, 0x42, 0x32, 0xA2, 0x22, 0x12, 0x80, 0x80, 0x80, 0x90, 0x88, 0x82, 0x8A, 0x8A, 0x82,
    0x10, 0x90, 0x42, 0x0A, 0x8A, 0xA0, 0xA0, 0x80, 0x04, 0x6C, 0x02, 0x0A, 0x02, 0x12, 0x02, 0x82,
    0xA2, 0xA2, 0x82, 0x02, 0x12, 0x6C, 0x28, 0x92, 0x82, 0x9C, 0x8C, 0x08, 0x6C, 0x14, 0x0A, 0x24,
    0x68, 0x84, 0x6C, 0x20, 0x20, 0x20, 0x24, 0x00, 0x12, 0x10, 0x82, 0xA2, 0xA2, 0x82, 0x22, 0x12,
    0x40, 0x24, 0x6C, 0x80, 0x80, 0x80, 0x94, 0x80, 0x80, 0x82, 0x82, 0x82, 0xAA, 0x82, 0x00, 0x10,
    0x40, 0x00, 0x80, 0x80, 0x40, 0x40, 0x40, 0x40, 0x10, 0x00, 0x18, 0x14, 0x04, 0x00, 0x04, 0x14,
    0x04, 0x04, 0x04, 0x04, 0x04, 0x04, 0x40, 0x88, 0xD8, 0x20, 0xA0, 0x20, 0x22, 0x36, 0x38, 0x08,
    0x00, 0x24, 0xA6, 0x12, 0x80, 0x80, 0x40, 0x40, 0x40, 0x40, 0x40, 0x40, 0x40, 0x10, 0x00, 0x30,
    0x02, 0x28, 0x28, 0x28, 0x28, 0x28, 0x28, 0x94, 0x80, 0x80, 0x82, 0x82, 0x82, 0xAA, 0x82, 0x6C,
    0x00, 0x82, 0xAA, 0xAA, 0x82, 0x00, 0x6C, 0x90, 0x80, 0x82, 0x8A, 0x8A, 0x82, 0x80, 0x90, 0x80,
    0xB0, 0x90, 0x12, 0x10, 0x82, 0xA2, 0xA2, 0x82, 0x22, 0x12, 0x02, 0x1A, 0x12, 0x08, 0x00, 0x14,
    0x00, 0x00, 0x00, 0x18, 0x08, 0x4A, 0x0A, 0x2A, 0x10, 0x14, 0xA0, 0xA8, 0xA0, 0x10, 0x10, 0x10,
    0x00, 0x10, 0x10, 0x10, 0x10, 0x18, 0x2A, 0x30, 0x82, 0x8A, 0x82, 0x82, 0x82, 0x02, 0x0A, 0x52,
    0x82, 0xAA, 0x6C, 0x00, 0x44, 0x10, 0x28, 0x00, 0xAA, 0x28, 0xBA, 0x00, 0x38, 0x44, 0x44, 0x00,
    0x82, 0xD6, 0x00, 0x00, 0x00, 0x00, 0xD6, 0x82, 0x82, 0xAA, 0x6C, 0x00, 0x44, 0x00, 0x08, 0x20,
    0x08, 0x20, 0x10, 0x82, 0x88, 0x10, 0x08, 0x20, 0x14, 0x22, 0x82, 0x00, 0x20, 0x48, 0x60, 0x00,
    0x50, 0x90, 0x80, 0xC0, 0x50, 0x10, 0x40, 0x60, 0x40, 0x20, 0x18, 0xE0, 0xA0, 0xA0, 0xA0, 0xA0,
    0xA0, 0xA0, 0xA0, 0xA0, 0xA0, 0xA0, 0xA0, 0xA0, 0xA0, 0xA0, 0x00, 0x20, 0x90, 0x30, 0x00, 0x50,
    0x48, 0x08, 0x18, 0x50, 0x40, 0x10, 0x30, 0x10, 0x20, 0xC0, 0x04, 0x50, 0x2A, 0x00, 0x00, 0xA0,
    0xE0, 0x00, 0xE0, 0xA0, 0xA0, 0xA0, 0xA0, 0xA0, 0xA0, 0x28, 0x28, 0x0A, 0x2A, 0x8C, 0xA0, 0xA0,
    0x80, 0x44, 0x00, 0x28, 0x10, 0x04, 0x14, 0x58, 0x50, 0x50, 0x00, 0x40, 0x50, 0x14, 0x02, 0x82,
    0x44, 0xAA, 0x7C, 0x28, 0x44, 0x82, 0x10, 0x82, 0xAA, 0x00, 0x44, 0x00, 0x00, 0x00, 0x44, 0x00,
    0x6C, 0x44, 0xA0, 0xA0, 0xA0, 0xA0, 0xA0, 0xA0, 0xA0, 0x00, 0xA0, 0xA0, 0xA0, 0xA0, 0xA0, 0xA0,
    0xA0, 0x00, 0x44, 0x78, 0x0C, 0x20, 0x18, 0x50, 0x08, 0x00, 0x5C, 0x00, 0x08, 0x20, 0x38, 0x00,
    0x38, 0x00, 0x88, 0x88, 0x6C, 0xAA, 0x30, 0x00, 0x00, 0x00, 0x00, 0x00, 0x00, 0xAA, 0x6C, 0x50,
    0x20, 0x50, 0xC0, 0xB8, 0x00, 0x00, 0x00, 0x36, 0x28, 0x08, 0xB8, 0x84, 0x5C, 0x22, 0x22, 0x00,
    0x82, 0x72, 0x0A, 0x0C, 0x7C, 0xF6, 0xFE, 0xA2, 0xE6, 0xFE, 0x7C, 0x82, 0x7C, 0x50, 0xA8, 0x88,
    0x50, 0x20, 0x28, 0x28, 0x82, 0x44, 0x28, 0x28, 0x7C, 0x82, 0x50, 0x70, 0x10, 0x10, 0x60, 0xA8,
    0x00, 0x50, 0xE0, 0x00, 0x00, 0x30, 0x70, 0x58, 0x00, 0x00, 0x50, 0x20, 0x00, 0x82, 0x8A, 0x82,
    0x82, 0x82, 0x82, 0x8A, 0x92, 0x80, 0x80, 0x80, 0x62, 0x4A, 0x0A, 0x0A, 0x4A, 0x6A, 0x1A, 0x1A,
    0x1A, 0x1A, 0x1A, 0x00, 0xA0, 0x40, 0x20, 0xC0, 0x10, 0x50, 0x10, 0x10, 0x10, 0x50, 0x88, 0x50,
    0x70, 0x50, 0x70, 0x50, 0x00, 0x00, 0x00, 0xD0, 0x28, 0x20, 0x3A, 0x42, 0x74, 0x88, 0x88, 0x00,
    0x28, 0x28, 0x08, 0x08, 0x08, 0x28, 0x10, 0x00, 0x00, 0x00, 0x08, 0x10, 0x18, 0x44, 0x10, 0x08,
    0x00, 0x28, 0x28, 0x08, 0x08, 0x08, 0x28, 0x10, 0x00, 0x00, 0x00, 0x34, 0x10, 0x20, 0x08, 0x44,
    0x38, 0x28, 0x14, 0x18, 0x14, 0x44, 0x28, 0x00, 0x00, 0x00, 0x00, 0x08, 0x10, 0x18, 0x44, 0x10,
    0x08, 0x00, 0x28, 0x38, 0x10, 0x08, 0x20, 0x10, 0x20, 0x04, 0x00, 0x6C, 0x30, 0x30, 0x18, 0x00,
    0x00, 0x28, 0x28, 0x10, 0x54, 0x10, 0x00, 0x7C, 0x00, 0xAA, 0x82, 0x18, 0x18, 0x30, 0x00, 0x00,
    0x28, 0x28, 0x10, 0x54, 0x10, 0x00, 0x7C, 0x00, 0xAA, 0x82, 0x00, 0x44, 0x44, 0x00, 0x00, 0x28,
    0x28, 0x10, 0x54, 0x10, 0x00, 0x7C, 0x00, 0xAA, 0x82, 0x20, 0x10, 0x10, 0x08, 0x00, 0x28, 0x28,
    0x10, 0x54, 0x10, 0x00, 0x7C, 0x00, 0xAA, 0x82, 0x00, 0x44, 0x6C, 0x00, 0x00, 0x28, 0x28, 0x10,
    0x54, 0x10, 0x00, 0x7C, 0x00, 0xAA, 0x82, 0x00, 0x18, 0x00, 0x00, 0x00, 0x28, 0x28, 0x10, 0x54,
    0x10, 0x00, 0x7C, 0x00, 0xAA, 0x82, 0x00, 0x2C, 0x02, 0x40, 0x50, 0x32, 0x54, 0x00, 0x22, 0x3C,
    0x10, 0x42, 0x0A, 0x8A, 0xA0, 0xA0, 0xA0, 0xA0, 0xA0, 0x80, 0x04, 0x6C, 0x28, 0x10, 0x08, 0x30,
    0x30, 0x30, 0x18, 0x00, 0x02, 0xA2, 0x04, 0x00, 0x18, 0x00, 0x38, 0x00, 0x04, 0xA2, 0x02, 0x18,
    0x18, 0x30, 0x00, 0x02, 0xA2, 0x04, 0x00, 0x18, 0x00, 0x38, 0x00, 0x04, 0xA2, 0x02, 0x00, 0x44,
    0x44, 0x00, 0x02, 0xA2, 0x04, 0x00, 0x18, 0x00, 0x38, 0x00, 0x04, 0xA2, 0x02, 0x00, 0x44, 0x6C,
    0x00, 0x02, 0xA2, 0x04, 0x00, 0x18, 0x00, 0x38, 0x00, 0x04, 0xA2, 0x02, 0x60, 0x60, 0x30, 0x00,
    0x00, 0x00, 0x50, 0x50, 0x50, 0x50, 0x50, 0x50, 0x50, 0x00, 0x00, 0x30, 0x30, 0x60, 0x00, 0x00,
    0x00, 0x50, 0x50, 0x50, 0x50, 0x50, 0x50, 0x50, 0x00, 0x00, 0x00, 0x88, 0x88, 0x00, 0x00, 0x00,
    0x50, 0x50, 0x50, 0x50, 0x50, 0x50, 0x50, 0x00, 0x00, 0x00, 0x88, 0xD8, 0x00, 0x00, 0x00, 0x50,
    0x50, 0x50, 0x50, 0x50, 0x50, 0x50, 0x00, 0x00, 0x88, 0xA4, 0x82, 0x8A, 0x8A, 0x9A, 0x8A, 0x8A,
    0x82, 0xA4, 0x88, 0x20, 0x10, 0x10, 0x08, 0x82, 0x8A, 0x92, 0x82, 0xB2, 0x82, 0x9A, 0x82, 0x92,
    0xA2, 0x82, 0x30, 0x30, 0x18, 0x00, 0x6C, 0x00, 0x82, 0xAA, 0xAA, 0xAA, 0xAA, 0xAA, 0x82, 0x00,
    0x6C, 0x18, 0x18, 0x30, 0x00, 0x6C, 0x00, 0x82, 0xAA, 0xAA, 0xAA, 0xAA, 0xAA, 0x82, 0x00, 0x6C,
    0x00, 0x44, 0x44, 0x00, 0x6C, 0x00, 0x82, 0xAA, 0xAA, 0xAA, 0xAA, 0xAA, 0x82, 0x00, 0x6C, 0x20,
    0x10, 0x10, 0x08, 0x6C, 0x00, 0x82, 0xAA, 0xAA, 0xAA, 0xAA, 0xAA, 0x82, 0x00, 0x6C, 0x6C, 0x44,
    0x00, 0x00, 0x6C, 0x00, 0x82, 0xAA, 0xAA, 0xAA, 0xAA, 0xAA, 0x82, 0x00, 0x6C, 0xC6, 0x28, 0x44,
    0x28, 0x44, 0x7C, 0x44, 0x00, 0x00, 0x60, 0x00, 0x82, 0xA2, 0xBA, 0x82, 0xBA, 0x8A, 0x82, 0x00,
    0x0C, 0x00, 0x30, 0x30, 0x18, 0x00, 0x82, 0xAA, 0x82, 0x82, 0x82, 0x82, 0x82, 0x82, 0x00, 0x44,
    0x6C, 0x18, 0x18, 0x30, 0x00, 0x82, 0xAA, 0x82, 0x82, 0x82, 0x82, 0x82, 0x82, 0x00, 0x44, 0x6C,
    0x00, 0x44, 0x44, 0x00, 0x82, 0xAA, 0x82, 0x82, 0x82, 0x82, 0x82, 0x82, 0x00, 0x44, 0x6C, 0x6C,
    0x44, 0x00, 0x00, 0x82, 0xAA, 0x82, 0x82, 0x82, 0x82, 0x82, 0x82, 0x00, 0x44, 0x6C, 0x18, 0x18,
    0x30, 0x00, 0x82, 0xAA, 0x00, 0x44, 0x00, 0x00, 0x28, 0x28, 0x28, 0x44, 0x44, 0x00, 0xB0, 0x30,
    0x00, 0x38, 0x2A, 0x30, 0x00, 0x38, 0xB0, 0x00, 0x68, 0x40, 0x0C, 0x8C, 0x90, 0x84, 0x80, 0x82,
    0x82, 0x84, 0xAC, 0x30, 0x30, 0x18, 0x00, 0x6C, 0x28, 0x40, 0x42, 0x32, 0xA2, 0x22, 0x12, 0x18,
    0x18, 0x30, 0x00, 0x6C, 0x28, 0x40, 0x42, 0x32, 0xA2, 0x22, 0x12, 0x28, 0x10, 0x44, 0x00, 0x6C,
    0x28, 0x40, 0x42, 0x32, 0xA2, 0x22, 0x12, 0x20, 0x10, 0x10, 0x08, 0x6C, 0x28, 0x40, 0x42, 0x32,
    0xA2, 0x22, 0x12, 0x00, 0x44, 0x44, 0x00, 0x6C, 0x28, 0x40, 0x42, 0x32, 0xA2, 0x22, 0x12, 0x28,
    0x00, 0x00, 0x6C, 0x28, 0x40, 0x42, 0x32, 0xA2, 0x22, 0x12, 0x44, 0x80, 0x6C, 0x40, 0x06, 0x6A,
    0x02, 0x64, 0x42, 0x0A, 0x8A, 0xA0, 0xA0, 0x80, 0x04, 0x6C, 0x28, 0x10, 0x08, 0x30, 0x30, 0x30,
    0x18, 0x00, 0x6C, 0x28, 0x92, 0x82, 0x9C, 0x8C, 0x08, 0x6C, 0x18, 0x18, 0x30, 0x00, 0x6C, 0x28,
    0x92, 0x82, 0x9C, 0x8C, 0x08, 0x6C, 0x28, 0x10, 0x44, 0x00, 0x6C, 0x28, 0x92, 0x82, 0x9C, 0x8C,
    0x08, 0x6C, 0x00, 0x44, 0x44, 0x00, 0x6C, 0x28, 0x92, 0x82, 0x9C, 0x8C, 0x08, 0x6C, 0x20, 0x40,
    0x30, 0x00, 0x80, 0x80, 0x40, 0x40, 0x40, 0x40, 0x10, 0x00, 0x30, 0x30, 0x60, 0x00, 0x80, 0x80,
    0x40, 0x40, 0x40, 0x40, 0x10, 0x00, 0x50, 0x60, 0xC0, 0x00, 0x80, 0x80, 0x40, 0x40, 0x40, 0x40,
    0x10, 0x00, 0x00, 0x88, 0x88, 0x00, 0x80, 0x80, 0x40, 0x40, 0x40, 0x40, 0x10, 0x00, 0x20, 0x10,
    0x08, 0x24, 0x64, 0x58, 0x02, 0x82, 0xAA, 0x82, 0x44, 0x6C, 0x20, 0x10, 0x10, 0x08, 0x94, 0x80,
    0x80, 0x82, 0x82, 0x82, 0xAA, 0x82, 0x30, 0x30, 0x18, 0x00, 0x6C, 0x00, 0x82, 0xAA, 0xAA, 0x82,
    0x00, 0x6C, 0x18, 0x18, 0x30, 0x00, 0x6C, 0x00, 0x82, 0xAA, 0xAA, 0x82, 0x00, 0x6C, 0x28, 0x10,
    0x44, 0x00, 0x6C, 0x00, 0x82, 0xAA, 0xAA, 0x82, 0x00, 0x6C, 0x20, 0x10, 0x10, 0x08, 0x6C, 0x00,
    0x82, 0xAA, 0xAA, 0x82, 0x00, 0x6C, 0x00, 0x44, 0x44, 0x00, 0x6C, 0x00, 0x82, 0xAA, 0xAA, 0x82,
    0x00, 0x6C, 0x00, 0x00, 0x28, 0x82, 0x7C, 0x00, 0x00, 0x00, 0x04, 0x60, 0x00, 0x92, 0xBA, 0xBA,
    0x92, 0x00, 0x0C, 0x40, 0x30, 0x30, 0x18, 0x00, 0x82, 0x8A, 0x82, 0x82, 0x82, 0x02, 0x0A, 0x52,
    0x18, 0x18, 0x30, 0x00, 0x82, 0x8A, 0x82, 0x82, 0x82, 0x02, 0x0A, 0x52, 0x28, 0x10, 0x44, 0x00,
    0x82, 0x8A, 0x82, 0x82, 0x82, 0x02, 0x0A, 0x52, 0x00, 0x44, 0x44, 0x00, 0x82, 0x8A, 0x82, 0x82,
    0x82, 0x02, 0x0A, 0x52, 0x18, 0x18, 0x30, 0x00, 0x82, 0xAA, 0x6C, 0x00, 0x44, 0x00, 0x08, 0x20,
    0x08, 0x20, 0x10, 0x80, 0x80, 0x80, 0x90, 0x88, 0x82, 0x8A, 0x8A, 0x82, 0xA0, 0x90, 0x80, 0xB0,
    0x90, 0x00, 0x44, 0x44, 0x00, 0x82, 0xAA, 0x6C, 0x00, 0x44, 0x00, 0x08, 0x20, 0x08, 0x20, 0x10,
    0x00, 0x38, 0x00, 0x00, 0x28, 0x28, 0x10, 0x54, 0x10, 0x00, 0x7C, 0x00, 0xAA, 0x82, 0x00, 0x38,
    0x00, 0x6C, 0x28, 0x40, 0x42, 0x32, 0xA2, 0x22, 0x12, 0x44, 0x44, 0x10, 0x00, 0x00, 0x28, 0x28,
    0x10, 0x54, 0x10, 0x00, 0x7C, 0x00, 0xAA, 0x82, 0x28, 0x54, 0x28, 0x00, 0x6C, 0x08, 0x60, 0x42,
    0x32, 0xA2, 0x22, 0x12, 0x00, 0x28, 0x28, 0x10, 0x54, 0x10, 0x00, 0x7C, 0x00, 0xAA, 0x82, 0x00,
    0x04, 0x0A, 0x04, 0x6C, 0x28, 0x40, 0x42, 0x32, 0xA2, 0x22, 0x12, 0x0A, 0x04, 0x0A, 0x00, 0x18,
    0x18, 0x30, 0x00, 0x42, 0x0A, 0x8A, 0xA0, 0xA0, 0xA0, 0xA0, 0xA0, 0x80, 0x04, 0x6C, 0x18, 0x18,
    0x30, 0x00, 0x42, 0x0A, 0x8A, 0xA0, 0xA0, 0x80, 0x04, 0x6C, 0x00, 0x44, 0x44, 0x00, 0x4A, 0x2A,
    0xAA, 0xA0, 0xA0, 0xA0, 0xA0, 0xA0, 0x80, 0x04, 0x6C, 0x00, 0x44, 0x44, 0x00, 0x4A, 0x2A, 0xAA,
    0xA0, 0xA0, 0x80, 0x04, 0x6C, 0x00, 0x00, 0x00, 0x00, 0x42, 0x0A, 0x8A, 0xA0, 0xA0, 0xA0, 0xA0,
    0xA0, 0x80, 0x04, 0x6C, 0x00, 0x00, 0x00, 0x00, 0x42, 0x0A, 0x8A, 0xA0, 0xA0, 0x80, 0x04, 0x6C,
    0x00, 0x6C, 0x10, 0x28, 0x00, 0x42, 0x0A, 0x8A, 0xA0, 0xA0, 0xA0, 0xA0, 0xA0, 0x80, 0x04, 0x6C,
    0x6C, 0x54, 0x00, 0x00, 0x42, 0x0A, 0x8A, 0xA0, 0xA0, 0x80, 0x04, 0x6C, 0x00, 0x6C, 0x10, 0x28,
    0x00, 0x88, 0xA4, 0x82, 0x8A, 0x8A, 0x8A, 0x8A, 0x8A, 0x82, 0xA4, 0x88, 0x16, 0x14, 0x0E, 0x1C,
    0x24, 0x8C, 0xAC, 0xAC, 0x8C, 0x24, 0x1A, 0x02, 0x0A, 0x12, 0x12, 0x02, 0x82, 0xA2, 0xA2, 0x82,
    0x02, 0x12, 0x00, 0x38, 0x00, 0x02, 0xA2, 0x04, 0x00, 0x18, 0x00, 0x38, 0x00, 0x04, 0xA2, 0x02,
    0x00, 0x38, 0x00, 0x6C, 0x28, 0x92, 0x82, 0x9C, 0x8C, 0x08, 0x6C, 0x44, 0x44, 0x10, 0x00, 0x02,
    0xA2, 0x04, 0x00, 0x18, 0x00, 0x38, 0x00, 0x04, 0xA2, 0x02, 0x28, 0x54, 0x28, 0x00, 0x6C, 0x28,
    0x92, 0x82, 0x9C, 0x8C, 0x08, 0x6C, 0x00, 0x00, 0x00, 0x00, 0x02, 0xA2, 0x04, 0x00, 0x18, 0x00,
    0x38, 0x00, 0x04, 0xA2, 0x02, 0x00, 0x00, 0x00, 0x00, 0x6C, 0x28, 0x92, 0x82, 0x9C, 0x8C, 0x08,
    0x6C, 0x02, 0xA2, 0x04, 0x00, 0x18, 0x00, 0x38, 0x00, 0x04, 0xA2, 0x02, 0x00, 0x04, 0x0A, 0x04,
    0x6C, 0x28, 0x92, 0x82, 0x9C, 0x8E, 0x00, 0x64, 0x0C, 0x04, 0x0A, 0x00, 0x6C, 0x10, 0x28, 0x00,
    0x02, 0xA2, 0x04, 0x00, 0x18, 0x00, 0x38, 0x00, 0x04, 0xA2, 0x02, 0x6C, 0x54, 0x00, 0x00, 0x6C,
    0x28, 0x92, 0x82, 0x9C, 0x8C, 0x08, 0x6C, 0x00, 0x44, 0x44, 0x00, 0x4A, 0x2A, 0xAA, 0xA0, 0xAC,
    0xA2, 0xB2, 0xA2, 0x82, 0x2A, 0x12, 0x38, 0x10, 0x44, 0x00, 0x12, 0x10, 0x82, 0xA2, 0xA2, 0x82,
    0x22, 0x12, 0x40, 0x24, 0x6C, 0x44, 0x44, 0x10, 0x00, 0x42, 0x0A, 0x8A, 0xA0, 0xAC, 0xA2, 0xB2,
    0xA2, 0x82, 0x2A, 0x12, 0x00, 0x44, 0x10, 0x00, 0x12, 0x10, 0x82, 0xA2, 0xA2, 0x82, 0x22, 0x12,
    0x40, 0x24, 0x6C, 0x00, 0x00, 0x00, 0x00, 0x42, 0x0A, 0x8A, 0xA0, 0xAC, 0xA2, 0xB2, 0xA2, 0x82,
    0x2A, 0x12, 0x00, 0x00, 0x00, 0x00, 0x12, 0x10, 0x82, 0xA2, 0xA2, 0x82, 0x22, 0x12, 0x40, 0x24,
    0x6C, 0x42, 0x0A, 0x8A, 0xA0, 0xAC, 0xA2, 0xB2, 0xA2, 0x82, 0x2A, 0x12, 0x00, 0x28, 0x08, 0x10,
    0x00, 0x00, 0x10, 0x20, 0x28, 0x00, 0x12, 0x10, 0x82, 0xA2, 0xA2, 0x82, 0x22, 0x12, 0x40, 0x24,
    0x6C, 0x00, 0x44, 0x44, 0x00, 0x82, 0xAA, 0x82, 0x82, 0x92, 0x82, 0x92, 0x82, 0x82, 0xAA, 0x82,
    0x10, 0x08, 0x90, 0x00, 0x40, 0x40, 0x40, 0x4A, 0x40, 0x40, 0x41, 0x41, 0x41, 0x55, 0x41, 0x82,
    0xAA, 0x82, 0x92, 0x92, 0x82, 0x92, 0x82, 0x82, 0xAA, 0x82, 0x80, 0x80, 0x80, 0x94, 0x80, 0x80,
    0x82, 0x82, 0x82, 0xAA, 0x82, 0x20, 0x10, 0x10, 0x08, 0x00, 0x00, 0x28, 0x28, 0x28, 0x28, 0x28,
    0x28, 0x28, 0x00, 0x00, 0x20, 0x10, 0x10, 0x08, 0x40, 0x40, 0x20, 0x20, 0x20, 0x20, 0x08, 0x00,
    0x00, 0x70, 0x00, 0x00, 0x00, 0x50, 0x50, 0x50, 0x50, 0x50, 0x50, 0x50, 0x00, 0x00, 0x00, 0x70,
    0x00, 0x80, 0x80, 0x40, 0x40, 0x40, 0x40, 0x10, 0x00, 0x88, 0x88, 0x20, 0x00, 0x00, 0x00, 0x50,
    0x50, 0x50, 0x50, 0x50, 0x50, 0x50, 0x00, 0x00, 0x58, 0xB0, 0x50, 0x00, 0x80, 0x80, 0x40, 0x40,
    0x40, 0x40, 0x10, 0x00, 0x00, 0x00, 0x50, 0x50, 0x50, 0x50, 0x50, 0x50, 0x50, 0x00, 0x00, 0x10,
    0x28, 0x14, 0x08, 0x00, 0x10, 0x40, 0x00, 0x80, 0x80, 0x40, 0x40, 0x40, 0x40, 0x10, 0x00, 0x10,
    0x28, 0x14, 0x08, 0x00, 0x00, 0x00, 0x00, 0x00, 0x00, 0x50, 0x50, 0x50, 0x50, 0x50, 0x50, 0x50,
    0x00, 0x00, 0x80, 0x80, 0x40, 0x40, 0x40, 0x40, 0x10, 0x00, 0x82, 0xB2, 0x42, 0x42, 0x42, 0x42,
    0x42, 0x42, 0x42, 0xA8, 0x8C, 0x66, 0x22, 0x62, 0x00, 0x8A, 0x8E, 0x46, 0x46, 0x46, 0x46, 0xB6,
    0x86, 0x14, 0x08, 0x04, 0x00, 0x22, 0x22, 0x00, 0x04, 0x24, 0x04, 0x04, 0x04, 0x04, 0x04, 0x04,
    0xA4, 0x30, 0x40, 0x14, 0x00, 0x12, 0x00, 0x04, 0x14, 0x04, 0x04, 0x04, 0x04, 0x04, 0x04, 0x40,
    0x88, 0xD8, 0x12, 0xA6, 0x24, 0x28, 0x08, 0x00, 0x00, 0x20, 0x30, 0xAE, 0x12, 0x00, 0x28, 0x08,
    0x10, 0x00, 0x20, 0xA0, 0x20, 0x22, 0x36, 0x38, 0x08, 0x00, 0x24, 0xA6, 0x12, 0x00, 0x28, 0x08,
    0x10, 0x00, 0x22, 0xB6, 0x38, 0x08, 0x00, 0x24, 0xA6, 0x12, 0x10, 0x50, 0x00, 0x00, 0x90, 0x50,
    0x40, 0x40, 0x40, 0x40, 0x40, 0x40, 0x46, 0x42, 0x82, 0x30, 0x30, 0x60, 0x00, 0x80, 0x80, 0x40,
    0x40, 0x40, 0x40, 0x40, 0x40, 0x40, 0x10, 0x00, 0x90, 0x50, 0x40, 0x40, 0x40, 0x40, 0x40, 0x40,
    0x46, 0x42, 0x82, 0x00, 0x28, 0x08, 0x10, 0x00, 0x80, 0x80, 0x40, 0x40, 0x40, 0x40, 0x40, 0x40,
    0x40, 0x10, 0x00, 0x00, 0x10, 0x30, 0x20, 0x00, 0x9A, 0x50, 0x44, 0x40, 0x40, 0x40, 0x40, 0x40,
    0x46, 0x42, 0x82, 0x88, 0x8C, 0x48, 0x40, 0x40, 0x40, 0x40, 0x40, 0x40, 0x10, 0x00, 0x90, 0x50,
    0x40, 0x50, 0x44, 0x5C, 0x40, 0x40, 0x46, 0x42, 0x82, 0x90, 0xB0, 0x30, 0x3A, 0x30, 0x3C, 0x30,
    0x30, 0x30, 0xA4, 0x00, 0x90, 0x50, 0x40, 0x40, 0x50, 0xC0, 0x00, 0x40, 0x46, 0x42, 0x82, 0x80,
    0x80, 0x40, 0x40, 0x40, 0xC0, 0xC0, 0x40, 0x40, 0x10, 0x00, 0x18, 0x18, 0x30, 0x00, 0x82, 0x8A,
    0x92, 0x82, 0xB2, 0x82, 0x9A, 0x82, 0x92, 0xA2, 0x82, 0x18, 0x18, 0x30, 0x00, 0x94, 0x80, 0x80,
    0x82, 0x82, 0x82, 0xAA, 0x82, 0x82, 0x8A, 0x92, 0x82, 0xB2, 0x82, 0x9A, 0x82, 0x92, 0xA2, 0x82,
    0x00, 0x28, 0x08, 0x10, 0x00, 0x94, 0x80, 0x80, 0x82, 0x82, 0x82, 0xAA, 0x82, 0x00, 0x28, 0x08,
    0x10, 0x00, 0x00, 0x6C, 0x10, 0x28, 0x00, 0x82, 0x8A, 0x92, 0x82, 0xB2, 0x82, 0x9A, 0x82, 0x92,
    0xA2, 0x82, 0x6C, 0x54, 0x00, 0x00, 0x94, 0x80, 0x80, 0x82, 0x82, 0x82, 0xAA, 0x82, 0x00, 0x00,
    0x60, 0x00, 0x40, 0x00, 0x25, 0x00, 0x20, 0x00, 0x20, 0x00, 0x20, 0x80, 0x20, 0x80, 0x20, 0x80,
    0x2A, 0x80, 0x20, 0x80, 0x94, 0x80, 0x80, 0x82, 0x82, 0x82, 0x82, 0x82, 0x80, 0x20, 0x84, 0x94,
    0x80, 0x80, 0x82, 0x82, 0x82, 0xA2, 0x82, 0x00, 0x04, 0x0C, 0x00, 0x38, 0x00, 0x6C, 0x00, 0x82,
    0xAA, 0xAA, 0xAA, 0xAA, 0xAA, 0x82, 0x00, 0x6C, 0x00, 0x38, 0x00, 0x6C, 0x00, 0x82, 0xAA, 0xAA,
    0x82, 0x00, 0x6C, 0x44, 0x44, 0x10, 0x00, 0x6C, 0x00, 0x82, 0xAA, 0xAA, 0xAA, 0xAA, 0xAA, 0x82,
    0x00, 0x6C, 0x28, 0x54, 0x28, 0x00, 0x6C, 0x00, 0x82, 0xAA, 0xAA, 0x82, 0x00, 0x6C, 0x36, 0x5A,
    0x0C, 0x00, 0x6C, 0x00, 0x82, 0xAA, 0xAA, 0xAA, 0xAA, 0xAA, 0x82, 0x00, 0x6C, 0x36, 0x5A, 0x0C,
    0x00, 0x6C, 0x00, 0x82, 0xAA, 0xAA, 0x82, 0x00, 0x6C, 0x60, 0x0C, 0x52, 0x50, 0x50, 0x52, 0x54,
    0x50, 0x56, 0x2C, 0x40, 0x64, 0x00, 0x6C, 0x60, 0x6E, 0x6A, 0x02, 0x64, 0x18, 0x18, 0x30, 0x00,
    0x8C, 0xA0, 0x82, 0x8A, 0x98, 0x80, 0x98, 0x84, 0x80, 0xAA, 0x82, 0x10, 0x18, 0x30, 0x00, 0x08,
    0x00, 0x14, 0x00, 0x00, 0x00, 0x18, 0x08, 0x8C, 0xA0, 0x82, 0x8A, 0x98, 0x80, 0x98, 0x84, 0x80,
    0xAA, 0x82, 0x00, 0x28, 0x08, 0x10, 0x00, 0x08, 0x00, 0x14, 0x00, 0x00, 0x00, 0x18, 0x08, 0x00,
    0x00, 0x20, 0x20, 0x00, 0x00, 0x6C, 0x10, 0x28, 0x00, 0x8C, 0xA0, 0x82, 0x8A, 0x98, 0x80, 0x98,
    0x84, 0x80, 0xAA, 0x82, 0x6C, 0x54, 0x20, 0x00, 0x08, 0x00, 0x14, 0x00, 0x00, 0x00, 0x18, 0x08,
    0x18, 0x18, 0x30, 0x00, 0x42, 0x0A, 0x0A, 0x00, 0x40, 0x28, 0x14, 0x02, 0xA2, 0xA0, 0x84, 0x18,
    0x18, 0x30, 0x00, 0x4A, 0x0A, 0x2A, 0x10, 0x14, 0xA0, 0xA8, 0xA0, 0x00, 0x44, 0x44, 0x00, 0x4A,
    0x2A, 0x0A, 0x20, 0x50, 0x24, 0x14, 0x02, 0xA2, 0xA0, 0x84, 0x00, 0x44, 0x44, 0x00, 0x4A, 0x22,
    0x3A, 0x08, 0x14, 0xA0, 0xA8, 0xA4, 0x42, 0x0A, 0x0A, 0x00, 0x40, 0x28, 0x14, 0x02, 0xA2, 0xA0,
    0xA4, 0x28, 0x10, 0x08, 0x30, 0x4A, 0x0A, 0x2A, 0x10, 0x14, 0xA0, 0xA8, 0xA0, 0x28, 0x10, 0x08,
    0x30, 0x00, 0x6C, 0x10, 0x28, 0x00, 0x42, 0x0A, 0x0A, 0x00, 0x40, 0x28, 0x14, 0x02, 0xA2, 0xA0,
    0x84, 0x6C, 0x54, 0x00, 0x00, 0x4A, 0x0A, 0x2A, 0x10, 0x14, 0xA0, 0xA8, 0xA0, 0x82, 0x82, 0xEE,
    0x28, 0x28, 0x28, 0x28, 0x28, 0x28, 0x44, 0x44, 0x28, 0x10, 0x08, 0x30, 0x10, 0x10, 0x10, 0x00,
    0x10, 0x10, 0x10, 0x10, 0x18, 0x2A, 0x20, 0x18, 0x08, 0x04, 0x10, 0x00, 0x6C, 0x10, 0x28, 0x00,
    0x82, 0x82, 0xEE, 0x28, 0x28, 0x28, 0x28, 0x28, 0x28, 0x44, 0x44, 0x14, 0x16, 0x14, 0x00, 0x10,
    0x10, 0x10, 0x10, 0x18, 0x2A, 0x30, 0x82, 0x82, 0xEE, 0x28, 0x28, 0x44, 0x00, 0x28, 0x28, 0x44,
    0x44, 0x10, 0x10, 0x10, 0x00, 0x10, 0x10, 0x40, 0x18, 0x16, 0x2A, 0x30, 0x20, 0x10, 0x10, 0x08,
    0x82, 0xAA, 0x82, 0x82, 0x82, 0x82, 0x82, 0x82, 0x00, 0x44, 0x6C, 0x20, 0x10, 0x10, 0x08, 0x82,
    0x8A, 0x82, 0x82, 0x82, 0x02, 0x0A, 0x52, 0x00, 0x38, 0x00, 0x82, 0xAA, 0x82, 0x82, 0x82, 0x82,
    0x82, 0x82, 0x00, 0x44, 0x6C, 0x00, 0x38, 0x00, 0x82, 0x8A, 0x82, 0x82, 0x82, 0x02, 0x0A, 0x52,
    0x44, 0x44, 0x10, 0x00, 0x82, 0xAA, 0x82, 0x82, 0x82, 0x82, 0x82, 0x82, 0x00, 0x44, 0x6C, 0x28,
    0x54, 0x28, 0x00, 0x82, 0x8A, 0x82, 0x82, 0x82, 0x02, 0x0A, 0x52, 0x00, 0x18, 0x00, 0x00, 0x82,
    0xAA, 0x82, 0x82, 0x82, 0x82, 0x82, 0x82, 0x00, 0x44, 0x6C, 0x28, 0x00, 0x00, 0x82, 0x8A, 0x82,
    0x82, 0x82, 0x02, 0x0A, 0x52, 0x36, 0x5A, 0x0C, 0x00, 0x82, 0xAA, 0x82, 0x82, 0x82, 0x82, 0x82,
    0x82, 0x00, 0x44, 0x6C, 0x36, 0x5A, 0x0C, 0x00, 0x82, 0x8A, 0x82, 0x82, 0x82, 0x02, 0x0A, 0x52,
    0x82, 0xAA, 0x82, 0x82, 0x82, 0x82, 0x82, 0x82, 0x00, 0x44, 0x6C, 0x00, 0x00, 0x20, 0x10, 0x82,
    0x8A, 0x82, 0x82, 0x82, 0x02, 0x0A, 0x52, 0x0A, 0x04, 0x0A, 0x00, 0x00, 0x44, 0x44, 0x00, 0xAA,
    0x28, 0x82, 0xAA, 0x82, 0x00, 0x38, 0x44, 0x54, 0x00, 0x28, 0x28, 0x10, 0x44, 0x00, 0xAA, 0x28,
    0xBA, 0x00, 0x38, 0x44, 0x44, 0x00, 0x00, 0x44, 0x44, 0x00, 0x82, 0xAA, 0x00, 0x44, 0x00, 0x00,
    0x28, 0x28, 0x28, 0x44, 0x44, 0x00, 0x44, 0x44, 0x00, 0x82, 0xAA, 0x6C, 0x00, 0x44, 0x00, 0x08,
    0x20, 0x08, 0x20, 0x10, 0x00, 0x44, 0x6C, 0x00, 0x82, 0xAA, 0x00, 0x44, 0x00, 0x00, 0x28, 0x28,
    0x28, 0x44, 0x44, 0x18, 0x18, 0x30, 0x00, 0x82, 0x80, 0x54, 0x04, 0x08, 0x00, 0x20, 0x40, 0x54,
    0x02, 0x82, 0x18, 0x18, 0x30, 0x00, 0x82, 0x88, 0x10, 0x08, 0x20, 0x14, 0x22, 0x82, 0x00, 0x00,
    0x00, 0x00, 0x82, 0x80, 0x54, 0x04, 0x08, 0x00, 0x20, 0x40, 0x54, 0x02, 0x82, 0x00, 0x00, 0x00,
    0x00, 0x82, 0x88, 0x10, 0x08, 0x20, 0x14, 0x22, 0x82, 0x00, 0x6C, 0x10, 0x28, 0x00, 0x82, 0x80,
    0x54, 0x04, 0x08, 0x00, 0x20, 0x40, 0x54, 0x02, 0x82, 0x6C, 0x54, 0x00, 0x00, 0x82, 0x88, 0x10,
    0x08, 0x20, 0x14, 0x22, 0x82, 0x40, 0x34, 0x14, 0x80, 0x80, 0x80, 0x80, 0x80, 0x80, 0x30, 0x10,
    0x30, 0x78, 0x48, 0x00, 0x30, 0x00, 0x00, 0x00, 0x00, 0x00, 0x00, 0x00, 0x00, 0x00, 0x00, 0x00,
    0x00, 0x00, 0x00, 0x00, 0x78, 0x78, 0x30, 0x78, 0x00, 0x00, 0x00, 0x00, 0x00, 0x00, 0x00, 0x00,
    0x00, 0x00, 0x00, 0x00, 0x00, 0x00, 0x7C, 0x00, 0xFE, 0xFF, 0xFC, 0x00, 0x00, 0xFF, 0xFC, 0x88,
    0x88, 0x88, 0x88, 0x88, 0x88, 0x88, 0x88, 0x88, 0x88, 0x88, 0x88, 0x88, 0x88, 0x88, 0x7C, 0x82,
    0x00, 0x82, 0x7C, 0x00, 0x20, 0xA0, 0x60, 0xA0, 0x00, 0xA0, 0xA0, 0x00, 0x60, 0x40, 0xC0, 0xA0,
    0xA0, 0x80, 0xC0, 0x40, 0x60, 0x24, 0x52, 0x44, 0x00, 0x92, 0x28, 0x00, 0x92, 0x0A, 0x28, 0xA0,
    0x00, 0x00, 0x92, 0xA0, 0x28, 0x0A, 0x00, 0x38, 0x28, 0x28, 0x28, 0x6C, 0x82, 0x44, 0x28, 0x28,
    0x28, 0x28, 0x28, 0x28, 0x28, 0x28, 0x38, 0x28, 0x28, 0x28, 0x6C, 0x82, 0x44, 0x28, 0x28, 0x6C,
    0x82, 0x44, 0x28, 0x28, 0x28, 0x50, 0x88, 0x00, 0x00, 0x50, 0x40, 0x30, 0x00, 0x18, 0x00, 0x80,
    0x60, 0x90, 0x00, 0x00, 0x00, 0xA1, 0x40, 0x00, 0x00, 0x53, 0x20, 0x14, 0xA0, 0x50, 0x28, 0xA2,
    0x00, 0xD0, 0x00, 0x98, 0x00, 0x80, 0x00, 0x90, 0x00, 0x28, 0x00, 0x1A, 0x40, 0x07, 0x00, 0x33,
    0x00, 0x53, 0x00, 0x8A, 0x40, 0x56, 0x00, 0xA2, 0x00, 0xE4, 0x00, 0xE4, 0x00, 0x98, 0x00, 0x10,
    0x00, 0x21, 0xD0, 0x20, 0xC4, 0x50, 0xC4, 0x20, 0xC4, 0x21, 0x70, 0x40, 0x20, 0xA0, 0x00, 0xC0,
    0x52, 0x18, 0x54, 0x34, 0x80, 0x78, 0x04, 0xAA, 0x48, 0xA4, 0x20, 0x40, 0x50, 0x00, 0x30, 0x94,
    0x30, 0x54, 0x58, 0x02, 0x1E, 0x20, 0x55, 0x12, 0x25, 0x10, 0x10, 0x50, 0x00, 0x60, 0x00, 0x00,
    0x00, 0x40, 0x40, 0x50, 0x00, 0x30, 0x00, 0x00, 0x00, 0x83, 0x04, 0x40, 0x08, 0x40, 0x00, 0x20,
    0x10, 0x10, 0x20, 0x08, 0x40, 0x04, 0x80, 0xC4, 0x8C, 0x0B, 0x40, 0x14, 0xA0, 0x20, 0x10, 0x40,
    0x08, 0x40, 0x00, 0x83, 0x04, 0x6C, 0x6C, 0x6C, 0x6C, 0x6C, 0x6C, 0x00, 0x00, 0x00, 0x00, 0x6C,
    0xC0, 0x8C, 0x3D, 0x60, 0x0A, 0x40, 0x04, 0x10, 0x38, 0x28, 0x00, 0x28, 0x44, 0x10, 0x00, 0x00,
    0x54, 0x00, 0x00, 0x0A, 0x10, 0x08, 0x28, 0x00, 0xAA, 0x00, 0x00, 0x00, 0x03, 0x00, 0x0F, 0xC0,
    0x04, 0x80, 0x00, 0x00, 0x08, 0x40, 0x04, 0x80, 0x28, 0x50, 0x6C, 0xD8, 0x02, 0x04, 0x6C, 0xD8,
    0x54, 0xA8, 0x28, 0x50, 0x00, 0x00, 0x70, 0x00, 0x18, 0x20, 0x20, 0x20, 0x30, 0x00, 0x18, 0x20,
    0x20, 0x20, 0x20, 0x30, 0x00, 0x78, 0x70, 0x00, 0xC0, 0x20, 0x20, 0x20, 0x60, 0x00, 0xC0, 0x20,
    0x20, 0x20, 0x20, 0x60, 0x00, 0xF0, 0xFE, 0x6C, 0x82, 0x36, 0x00, 0x00, 0x24, 0x6C, 0x00, 0x00,
    0x6C, 0xFC, 0x6C, 0x9C, 0x3C, 0x0C, 0x0C, 0x20, 0x60, 0x00, 0x00, 0x6C, 0x7E, 0x6C, 0x72, 0x66,
    0x60, 0x60, 0x04, 0x0C, 0x00, 0x00, 0x6C, 0x44, 0x82, 0x48, 0x04, 0x14, 0x10, 0x00, 0x08, 0x30,
    0x8C, 0xA4, 0xA0, 0xA0, 0xA4, 0xAC, 0xB0, 0xB0, 0xB0, 0xB0, 0xB0, 0x42, 0x4A, 0x0A, 0x0A, 0x4A,
    0x42, 0x84, 0xA4, 0xA0, 0xA0, 0xA4, 0x84, 0x00, 0xA0, 0x00, 0x00, 0x00, 0x00, 0xA0, 0x80, 0x40,
    0x00, 0x20, 0x00, 0x00, 0x00, 0x54, 0x00, 0x00, 0x00, 0x00, 0x00, 0x00, 0x00, 0x00, 0x00, 0x28,
    0x44, 0x10, 0x28, 0x28, 0xC6, 0x82, 0x00, 0x10, 0x28, 0x28, 0x6C, 0x02, 0x6C, 0x54, 0x28, 0x00,
    0x58, 0x88, 0x54, 0x08, 0x10, 0x28, 0x10, 0x20, 0x5C, 0x22, 0x34, 0x00, 0x00, 0x36, 0x04, 0x5D,
    0x04, 0xA0, 0x00, 0xC0, 0x00, 0x00, 0x40, 0x38, 0x44, 0x28, 0x10, 0x00, 0x00, 0x00, 0x44, 0x6C,
    0x6C, 0x0C, 0x12, 0x00, 0x90, 0x60, 0x00, 0x12, 0x0C, 0x2F, 0x80, 0x50, 0x80, 0x2A, 0x00, 0xB5,
    0x00, 0x0A, 0x00, 0x00, 0x28, 0xD6, 0x2A, 0x00, 0x38, 0x28, 0x00, 0x00, 0x2A, 0xD6, 0x28, 0x00,
    0xEE, 0xAA, 0x00, 0x00, 0xA0, 0x00, 0x00, 0x00, 0x00, 0x00, 0x00, 0x00, 0xA0, 0x00, 0x00, 0x28,
    0x38, 0x00, 0x00, 0x2A, 0xEE, 0x00, 0x38, 0x28, 0x00, 0x28, 0x6C, 0x82, 0x00, 0xC6, 0x6C, 0x82,
    0x28, 0xA0, 0x00, 0x40, 0x00, 0xA0, 0x00, 0x00, 0xA0, 0xA0, 0x00, 0x00, 0xA0, 0x00, 0x40, 0xA0,
    0x00, 0x40, 0x00, 0xA0, 0x50, 0x70, 0x50, 0x70, 0x50, 0x70, 0x50, 0x70, 0x50, 0x00, 0x10, 0x50,
    0x10, 0x50, 0x88, 0x10, 0x50, 0x50, 0xA0, 0x00, 0x68, 0x20, 0x08, 0x48, 0x10, 0xE0, 0x10, 0x60,
    0x50, 0x00, 0x00, 0x10, 0x88, 0x50, 0x70, 0x50, 0x00, 0x88, 0x20, 0x10, 0x00, 0x40, 0x20, 0x50,
    0xA8, 0x88, 0x50, 0xA8, 0x70, 0x50, 0x50, 0x70, 0x50, 0x88, 0x40, 0x00, 0x00, 0x00, 0x00, 0x00,
    0x00, 0x20, 0x00, 0x00, 0x00, 0x00, 0x00, 0x20, 0x40, 0x20, 0x00, 0x20, 0x20, 0x40, 0x20, 0x00,
    0x30, 0x00, 0x20, 0x10, 0x20, 0x00, 0x20, 0x20, 0x10, 0x20, 0x00, 0x60, 0xE0, 0x20, 0x50, 0x50,
    0x88, 0x50, 0x70, 0x50, 0x40, 0x10, 0x50, 0x70, 0x50, 0x10, 0x50, 0x10, 0x10, 0x10, 0x10, 0x50,
    0x88, 0x50, 0x20, 0x10, 0x28, 0x40, 0x00, 0xA0, 0x00, 0x50, 0xA0, 0x00, 0x00, 0x20, 0x58, 0x70,
    0x50, 0x10, 0x10, 0x20, 0x40, 0xC0, 0x00, 0x68, 0x20, 0x08, 0x78, 0x40, 0x10, 0xE0, 0x10, 0x60,
    0x50, 0x00, 0x00, 0x40, 0x88, 0x50, 0x50, 0x20, 0x50, 0x00, 0x20, 0x20, 0x10, 0x20, 0x10, 0x40,
    0x20, 0x50, 0xA8, 0xA8, 0x50, 0x20, 0x50, 0x70, 0x50, 0x50, 0x20, 0x50, 0x50, 0x88, 0x10, 0x00,
    0x00, 0x00, 0x00, 0x00, 0x50, 0x00, 0x00, 0x00, 0x00, 0x00, 0x00, 0x00, 0x00, 0x00, 0x50, 0x60,
    0x00, 0x20, 0x20, 0x00, 0x60, 0x50, 0x00, 0x10, 0x00, 0x00, 0x50, 0x30, 0x00, 0x20, 0x20, 0x00,
    0x30, 0x50, 0x00, 0x40, 0x50, 0x20, 0x50, 0xC0, 0x20, 0xB8, 0x50, 0x20, 0x50, 0x00, 0x68, 0x58,
    0x50, 0x20, 0x50, 0x50, 0x20, 0x50, 0xA8, 0xF8, 0x50, 0x50, 0x70, 0xA8, 0x10, 0xA0, 0x10, 0x00,
    0x00, 0x50, 0xC0, 0x40, 0x70, 0x20, 0x50, 0x50, 0x50, 0x88, 0x00, 0x00, 0x98, 0x98, 0x90, 0x80,
    0x08, 0x38, 0x10, 0x50, 0x10, 0x10, 0x10, 0x10, 0x50, 0x88, 0xB8, 0x00, 0x00, 0x00, 0x00, 0x88,
    0xF0, 0x20, 0x50, 0x50, 0x50, 0x88, 0xE0, 0x20, 0x50, 0x50, 0x20, 0x60, 0x40, 0xA0, 0x50, 0x30,
    0xB0, 0x68, 0x60, 0x58, 0x20, 0x20, 0x88, 0x70, 0x20, 0x28, 0x38, 0x28, 0x02, 0x0A, 0x42, 0x12,
    0x92, 0xB8, 0x88, 0xA0, 0x88, 0xB0, 0xB0, 0x14, 0x4C, 0xA0, 0x80, 0x82, 0x42, 0x44, 0x40, 0x08,
    0x50, 0x08, 0x50, 0x40, 0x50, 0x90, 0x04, 0x14, 0x58, 0x50, 0x00, 0x40, 0x00, 0x00, 0x14, 0x02,
    0x82, 0x08, 0x38, 0x02, 0x20, 0x28, 0x28, 0x08, 0x08, 0x28, 0x20, 0x28, 0x00, 0x18, 0x08, 0x00,
    0x00, 0x00, 0x00, 0x30, 0x00, 0x28, 0x08, 0xC8, 0xB8, 0xA2, 0x9E, 0xA8, 0x88, 0x88, 0x8C, 0x82,
    0x4A, 0x00, 0x20, 0x68, 0x7F, 0x49, 0x53, 0x66, 0x54, 0x4F, 0x23, 0x18, 0xAA, 0x28, 0x00, 0xAA,
    0x82, 0xAA, 0xAA, 0x10, 0x54, 0x00, 0x28, 0x9A, 0x8A, 0xA2, 0x82, 0x82, 0x8A, 0x94, 0x84, 0x02,
    0x0A, 0x12, 0x12, 0x02, 0x82, 0xA2, 0xA2, 0x82, 0x02, 0x12, 0x00, 0x00, 0x82, 0x7C, 0x42, 0x0A,
    0x8A, 0xA0, 0x90, 0x80, 0x90, 0x80, 0x84, 0x04, 0x6C, 0x12, 0xA6, 0x24, 0x38, 0x08, 0x00, 0x04,
    0x20, 0x34, 0xAE, 0x12, 0x82, 0x82, 0xEE, 0x2C, 0x6C, 0x60, 0x04, 0x08, 0x28, 0x44, 0x44, 0x10,
    0x20, 0x68, 0x79, 0x7B, 0x7A, 0x72, 0x72, 0x6A, 0x2B, 0x1A, 0x08, 0x08, 0x08, 0x0C, 0xA8, 0x18,
    0x98, 0x38, 0x00, 0x38, 0x20, 0x20, 0xB0, 0x00, 0x00, 0x10, 0x4A, 0x2A, 0xBA, 0xB0, 0xBC, 0xA2,
    0xA2, 0xB2, 0x92, 0x0A, 0x02, 0x10, 0x00, 0x28, 0x28, 0x10, 0x00, 0x10, 0x00, 0x7C, 0x28, 0xAA,
    0x82, 0xA4, 0xA0, 0x60, 0x08, 0x00, 0x4C, 0x00, 0x9C, 0xAC, 0x3A, 0x4A, 0x00, 0x10, 0x4A, 0x2A,
    0xBA, 0xB0, 0xB0, 0xB0, 0xB0, 0xB0, 0x90, 0x04, 0x6C, 0x10, 0x82, 0x7C, 0x82, 0x82, 0x28, 0x28,
    0x28, 0x28, 0x28, 0x44, 0x44, 0x7C, 0x82, 0x04, 0x70, 0x14, 0x74, 0x88, 0x20, 0x10, 0x06, 0x02,
    0x90, 0x50, 0x40, 0x40, 0xD8, 0x10, 0x48, 0x00, 0x4E, 0x48, 0x84, 0x28, 0x28, 0x6C, 0x28, 0xAA,
    0x28, 0x28, 0x28, 0x38, 0x00, 0x0C, 0xA8, 0x2A, 0x2A, 0x3A, 0x80, 0xB8, 0x20, 0x00, 0xB8, 0x00,
    0x28, 0x28, 0x40, 0x92, 0x2A, 0x68, 0x40, 0x40, 0x40, 0x40, 0x00, 0x5C, 0x00, 0x00, 0x00, 0x80,
    0xBC, 0xA8, 0xA8, 0xAC, 0x84, 0xB4, 0xA2, 0xA2, 0xB0, 0x84, 0x00, 0x28, 0x42, 0x0A, 0x8A, 0xA0,
    0xA0, 0x80, 0x04, 0x6C, 0x00, 0x00, 0x82, 0x7C, 0x00, 0x00, 0x00, 0x00, 0x00, 0x00, 0x40, 0x00,
    0x40, 0xA0, 0xA0, 0x88, 0x88, 0x88, 0x88, 0xD8, 0x6C, 0x6C, 0x6C, 0x82, 0x6C, 0x6C, 0x6C, 0x82,
    0x6C, 0x6C, 0x6C, 0x10, 0x00, 0x00, 0x08, 0x08, 0x20, 0x20, 0x00, 0x04, 0x08, 0x00, 0x28, 0x24,
    0x00, 0x00, 0x02, 0xF0, 0xF8, 0xFC, 0x88, 0x00, 0x3E, 0x7E, 0x3E, 0x1E, 0x80, 0x28, 0x50, 0x64,
    0x60, 0x08, 0x00, 0x6E, 0x10, 0x00, 0x20, 0x0A, 0x00, 0x00, 0x00, 0x00, 0x00, 0x00, 0x28, 0x10,
    0x40, 0x20, 0x00, 0x80, 0x80, 0x80, 0x80, 0x00, 0x20, 0x40, 0x00, 0x08, 0x00, 0x00, 0xA0, 0x40,
    0x10, 0x20, 0x00, 0x08, 0x08, 0x08, 0x08, 0x00, 0x20, 0x10, 0x00, 0x80, 0x00, 0x00, 0x00, 0x80,
    0x28, 0x10, 0x6C, 0x00, 0x00, 0x00, 0x00, 0x28, 0x00, 0x00, 0x50, 0x50, 0x50, 0x30, 0x40, 0x60,
    0x00, 0x00, 0x00, 0x00, 0xA0, 0xA0, 0xA0, 0x04, 0x08, 0x04, 0x04, 0x10, 0x10, 0x08, 0x00, 0x20,
    0x30, 0x10, 0x00, 0x40, 0x60, 0x20, 0x28, 0x10, 0x28, 0x00, 0x00, 0x28, 0x00, 0x00, 0x28, 0x10,
    0x28, 0x28, 0x48, 0x48, 0x08, 0x08, 0x08, 0x08, 0x08, 0x08, 0x6C, 0x00, 0x28, 0x54, 0x28, 0x08,
    0x08, 0x10, 0x28, 0x50, 0x64, 0x38, 0x00, 0x28, 0x54, 0x28, 0x08, 0x0C, 0x00, 0x1C, 0x00, 0x40,
    0x38, 0x28, 0x00, 0x18, 0x00, 0x30, 0x08, 0x44, 0x24, 0x00, 0x04, 0x04, 0x10, 0x04, 0x3C, 0x24,
    0x20, 0x00, 0x38, 0x08, 0x00, 0x48, 0x54, 0x28, 0x08, 0x20, 0x10, 0x10, 0x58, 0x10, 0x28, 0x00,
    0x28, 0x54, 0x28, 0x00, 0x38, 0x4C, 0x04, 0x00, 0x10, 0x18, 0x08, 0x20, 0x20, 0x10, 0x28, 0x54,
    0x28, 0x6C, 0x50, 0x28, 0x54, 0x28, 0x28, 0x38, 0x28, 0x28, 0x54, 0x28, 0x00, 0x28, 0x10, 0x34,
    0x10, 0x10, 0x08, 0x20, 0xA0, 0xA0, 0xA0, 0x00, 0x00, 0xA0, 0xA0, 0xA0, 0x50, 0x50, 0x50, 0x00,
    0x00, 0x50, 0x50, 0x50, 0x30, 0x40, 0x60, 0x00, 0x00, 0x00, 0x14, 0x10, 0x20, 0x20, 0x28, 0x14,
    0x04, 0x00, 0x00, 0x00, 0x00, 0x00, 0x00, 0x00, 0x00, 0x50, 0x10, 0x08, 0x08, 0x28, 0x50, 0x40,
    0x28, 0x50, 0x28, 0x08, 0x04, 0x08, 0x08, 0x00, 0x10, 0x28, 0x28, 0x28, 0x7C, 0x00, 0x10, 0x08,
    0x00, 0x00, 0x00, 0x08, 0x14, 0x20, 0x44, 0x00, 0x28, 0x28, 0x28, 0x10, 0x00, 0x44, 0x44, 0x6C,
    0x28, 0x28, 0x82, 0x88, 0x34, 0x28, 0x28, 0x24, 0x00, 0x28, 0x20, 0x20, 0x30, 0x88, 0x08, 0x18,
    0x20, 0x00, 0x00, 0x00, 0x00, 0x00, 0x28, 0x14, 0x28, 0x88, 0x34, 0x28, 0x20, 0x20, 0x20, 0x20,
    0x20, 0x28, 0x34, 0x88, 0x80, 0x38, 0x24, 0x20, 0x20, 0x00, 0x20, 0x20, 0x24, 0x38, 0x80, 0x00,
    0x58, 0x44, 0x40, 0x40, 0x40, 0x40, 0x40, 0x40, 0x40, 0x10, 0x08, 0x18, 0x20, 0x00, 0x00, 0x10,
    0x08, 0x08, 0x28, 0x38, 0x58, 0x82, 0x28, 0x28, 0x28, 0x28, 0x00, 0x28, 0x28, 0x28, 0x28, 0x82,
    0x00, 0xD8, 0x00, 0x00, 0x00, 0x00, 0x00, 0x00, 0x00, 0xD8, 0x00, 0x24, 0x14, 0x04, 0x04, 0x04,
    0x04, 0x04, 0x04, 0x04, 0x34, 0x08, 0x8A, 0x24, 0x30, 0x28, 0x00, 0x00, 0x08, 0x30, 0x24, 0x2C,
    0x8A, 0x10, 0x40, 0x40, 0x40, 0x40, 0x40, 0x40, 0x40, 0x44, 0x58, 0x00, 0x82, 0xAA, 0xAA, 0x82,
    0xBA, 0xAA, 0x82, 0x92, 0x82, 0x82, 0xAA, 0xA2, 0x08, 0x08, 0x18, 0x38, 0x28, 0x38, 0x30, 0x20,
    0x20, 0x88, 0x28, 0x10, 0x28, 0x00, 0x00, 0x00, 0x00, 0x00, 0x28, 0x10, 0x28, 0x88, 0x38, 0x20,
    0x20, 0x28, 0x04, 0x20, 0x20, 0x20, 0x20, 0x90, 0x28, 0x54, 0x28, 0x00, 0x00, 0x00, 0x00, 0x00,
    0x00, 0x28, 0x44, 0x28, 0x08, 0x10, 0x00, 0x88, 0x30, 0x28, 0x20, 0x28, 0x04, 0x38, 0x30, 0x24,
    0x28, 0x8A, 0x08, 0x18, 0x20, 0x20, 0x50, 0x28, 0x04, 0x08, 0x08, 0x30, 0x20, 0x00, 0x28, 0x44,
    0x00, 0x00, 0x00, 0x00, 0x00, 0x00, 0x28, 0x00, 0x82, 0x28, 0x28, 0x28, 0x28, 0x28, 0x28, 0x28,
    0x28, 0x54, 0x28, 0x82, 0x28, 0x28, 0x6C, 0x44, 0x44, 0x10, 0x10, 0x28, 0x28, 0x28, 0x82, 0x82,
    0x00, 0x00, 0x28, 0x28, 0x38, 0x54, 0x44, 0x44, 0x6C, 0x82, 0x44, 0x44, 0x00, 0x28, 0x00, 0x28,
    0x00, 0x44, 0x44, 0x82, 0x82, 0x28, 0x44, 0x10, 0x00, 0x28, 0x00, 0x00, 0x00, 0x28, 0x00, 0x00,
    0x30, 0x44, 0x10, 0x08, 0x28, 0x20, 0x10, 0x44, 0x18, 0x00, 0x00, 0x88, 0xA0, 0x80, 0x80, 0x80,
    0x80, 0x80, 0x80, 0x80, 0x80, 0x80, 0x80, 0x80, 0x88, 0x00, 0x40, 0x20, 0x40, 0x40, 0x10, 0x10,
    0x20, 0x00, 0x08, 0x18, 0x10, 0x00, 0x04, 0x0C, 0x08, 0x00, 0x88, 0x28, 0x08, 0x08, 0x08, 0x08,
    0x08, 0x08, 0x08, 0x08, 0x08, 0x08, 0x08, 0x88, 0x00, 0x28, 0x10, 0x28, 0x82, 0x00, 0x00, 0x80,
    0x20, 0x10, 0x30, 0x28, 0x38, 0x08, 0x00, 0x28, 0x08, 0x30, 0x5A, 0xA0, 0x20, 0x20, 0x34, 0x18,
    0x28, 0x20, 0x20, 0x28, 0x90, 0xB4, 0x08, 0x18, 0x20, 0x00, 0x00, 0x28, 0x14, 0x28, 0x00, 0x08,
    0x08, 0x58, 0x10, 0x28, 0x08, 0x08, 0x28, 0x10, 0x5A, 0x28, 0x38, 0x28, 0x00, 0x20, 0x24, 0x18,
    0x28, 0x14, 0x28, 0x20, 0x20, 0x04, 0x20, 0x20, 0x20, 0x20, 0x68, 0x04, 0x5A, 0x12, 0x28, 0x08,
    0x08, 0x28, 0x30, 0x58, 0x08, 0x34, 0x28, 0xA0, 0x20, 0x20, 0x30, 0x10, 0x28, 0x28, 0x28, 0x28,
    0x28, 0x82, 0x20, 0x50, 0x10, 0x00, 0x90, 0x50, 0x10, 0x10, 0x10, 0x10, 0xD8, 0x00, 0x00, 0x10,
    0x10, 0x00, 0x00, 0x30, 0x10, 0x10, 0x10, 0x10, 0x10, 0x10, 0x90, 0xA8, 0x50, 0xA0, 0x20, 0x20,
    0x2A, 0x24, 0x38, 0x00, 0x08, 0x30, 0x24, 0x8A, 0x90, 0x50, 0x10, 0x10, 0x10, 0x10, 0x10, 0x10,
    0x10, 0xD8, 0x00, 0x38, 0xA8, 0x82, 0x82, 0x82, 0x82, 0x82, 0x00, 0xB0, 0x10, 0x28, 0x28, 0x28,
    0x28, 0x28, 0x82, 0x28, 0x10, 0x28, 0x00, 0x00, 0x28, 0x10, 0x28, 0xB4, 0x10, 0x28, 0x20, 0x20,
    0x28, 0x10, 0x34, 0x20, 0x20, 0x80, 0x5A, 0x12, 0x28, 0x08, 0x08, 0x28, 0x30, 0x58, 0x08, 0x08,
    0x02, 0x18, 0x4A, 0x10, 0x10, 0x10, 0x10, 0x50, 0x08, 0x08, 0x18, 0x20, 0x58, 0x34, 0x08, 0x38,
    0x24, 0x10, 0x10, 0x10, 0x00, 0x5C, 0x10, 0x10, 0x10, 0x12, 0x28, 0x14, 0xA0, 0x28, 0x28, 0x28,
    0x28, 0x28, 0x18, 0x1A, 0x82, 0x28, 0x6C, 0x44, 0x10, 0x10, 0x28, 0x28, 0x82, 0x82, 0x10, 0x28,
    0x38, 0x54, 0x44, 0x44, 0x82, 0x44, 0x00, 0x28, 0x28, 0x00, 0x44, 0x82, 0x82, 0x28, 0x6C, 0x44,
    0x10, 0x00, 0x28, 0x08, 0x20, 0x60, 0x00, 0x00, 0x38, 0x44, 0x08, 0x20, 0x44, 0x38, 0x00, 0x00,
    0x28, 0x50, 0x60, 0x40, 0x00, 0x40, 0xA0, 0x40, 0x00, 0x40, 0x40, 0x60, 0x50, 0x28, 0x00, 0x40,
    0x00, 0x00, 0x00, 0x00, 0x00, 0x00, 0x00, 0x00, 0x00, 0x00, 0x00, 0x00, 0x00, 0x00, 0x00, 0xA0,
    0x50, 0x30, 0x10, 0x00, 0x10, 0x28, 0x10, 0x00, 0x10, 0x10, 0x30, 0x50, 0xA0, 0x00, 0x20, 0x52,
    0x88, 0xD4, 0xA0, 0xA0, 0x40, 0x00, 0x40, 0x00, 0x00, 0x00, 0x00, 0x00, 0x00, 0x00, 0x00, 0x48,
    0x28, 0x24, 0x00, 0x00, 0x28, 0x44, 0x28, 0x00, 0x00, 0x20, 0x14, 0x04, 0x00, 0x00, 0x08, 0x10,
    0x00, 0x44, 0x18, 0x00, 0x00, 0x28, 0x6C, 0x00, 0x6C, 0x00, 0x44, 0x82, 0x28, 0x44, 0x10, 0x00,
    0x28, 0x00, 0x28, 0x00, 0x28, 0x00, 0x40, 0x00, 0x00, 0x00, 0x00, 0x00, 0x00, 0x00, 0x40, 0x00,
    0x00, 0x00, 0x00, 0x00, 0x00, 0x00, 0x00, 0x68, 0x24, 0x20, 0x50, 0x54, 0x28, 0x28, 0x5C, 0x24,
    0x08, 0x48, 0x28, 0x44, 0x00, 0x00, 0x88, 0x88, 0x28, 0x00, 0xF6, 0xCE, 0xC6, 0xC6, 0xCE, 0xEE,
    0xC6, 0x00, 0x28, 0x50, 0x88, 0x18, 0x48, 0x38, 0x00, 0x00, 0x88, 0x14, 0x30, 0x4C, 0x18, 0x30,
    0x0C, 0x30, 0x14, 0x00, 0x00, 0x08, 0x00, 0x04, 0x38, 0x7C, 0xAA, 0xAA, 0xBA, 0x6C, 0x38, 0x00,
    0x00, 0x50, 0x00, 0x00, 0x50, 0x00, 0x00, 0x00, 0x00, 0x28, 0x00, 0x00, 0x00, 0x00, 0x50, 0xD8,
    0x18, 0x30, 0x60, 0x10, 0x88, 0x50, 0x48, 0x08, 0x00, 0x18, 0xD8, 0x50, 0x00, 0x10, 0x40, 0x80,
    0xC0, 0xA0, 0x28, 0x28, 0x28, 0x28, 0x28, 0x18, 0x1A, 0x20, 0x20, 0x20, 0x20, 0x40, 0x00, 0x00,
    0x40, 0x20, 0x10, 0x10, 0x10, 0x10, 0x10, 0x00, 0x00, 0x00, 0x20, 0x00, 0x40, 0xC0, 0x00, 0x00,
    0x00, 0x00, 0x00, 0x50, 0xD8, 0xD8, 0xD8, 0x50, 0x00, 0x00, 0x88, 0x58, 0x18, 0x64, 0x30, 0x18,
    0x60, 0x18, 0x50, 0x10, 0x20, 0x00, 0x00, 0x00, 0x00, 0x28, 0x00, 0x00, 0x00, 0x18, 0x00, 0x30,
    0x08, 0x00, 0x10, 0x00, 0x10, 0x20, 0x00, 0x00, 0x00, 0x00, 0x28, 0x00, 0x00, 0x00, 0x28, 0x20,
    0x00, 0x08, 0x10, 0x00, 0x00, 0x28, 0x20, 0x18, 0x00, 0x20, 0x28, 0x00, 0x00, 0x00, 0x18, 0x00,
    0x30, 0x08, 0x00, 0x10, 0x00, 0x28, 0x28, 0x10, 0x00, 0x20, 0x20, 0x40, 0x20, 0x2C, 0x10, 0x28,
    0x20, 0x30, 0x10, 0x00, 0x28, 0x28, 0x28, 0x10, 0x00, 0x44, 0x44, 0x6C, 0x28, 0x28, 0x82, 0x08,
    0x18, 0x10, 0x00, 0x28, 0x28, 0x28, 0x10, 0x00, 0x44, 0x44, 0x6C, 0x28, 0x28, 0x82, 0x28, 0x10,
    0x28, 0x00, 0x28, 0x28, 0x28, 0x10, 0x00, 0x44, 0x44, 0x6C, 0x28, 0x28, 0x82, 0x00, 0x58, 0x34,
    0x00, 0x28, 0x28, 0x28, 0x10, 0x00, 0x44, 0x44, 0x6C, 0x28, 0x28, 0x82, 0x00, 0x44, 0x6C, 0x00,
    0x28, 0x28, 0x28, 0x10, 0x00, 0x44, 0x44, 0x6C, 0x28, 0x28, 0x82, 0x28, 0x08, 0x28, 0x00, 0x28,
    0x28, 0x28, 0x10, 0x00, 0x44, 0x44, 0x6C, 0x28, 0x28, 0x82, 0x42, 0x2E, 0x0C, 0x08, 0x18, 0x70,
    0x78, 0x08, 0x0C, 0x9E, 0x32, 0x08, 0x18, 0x20, 0x00, 0x00, 0x00, 0x00, 0x00, 0x28, 0x14, 0x28,
    0x00, 0x00, 0x08, 0x00, 0x20, 0x30, 0x10, 0x00, 0x80, 0x38, 0x24, 0x20, 0x20, 0x00, 0x20, 0x20,
    0x24, 0x38, 0x80, 0x08, 0x18, 0x10, 0x00, 0x80, 0x38, 0x24, 0x20, 0x20, 0x00, 0x20, 0x20, 0x24,
    0x38, 0x80, 0x28, 0x10, 0x28, 0x00, 0x80, 0x38, 0x24, 0x20, 0x20, 0x00, 0x20, 0x20, 0x24, 0x38,
    0x80, 0x00, 0x44, 0x6C, 0x00, 0x80, 0x38, 0x24, 0x20, 0x20, 0x00, 0x20, 0x20, 0x24, 0x38, 0x80,
    0x40, 0x60, 0x20, 0x00, 0x00, 0xD8, 0x00, 0x00, 0x00, 0x00, 0x00, 0x00, 0x00, 0xD8, 0x00, 0x10,
    0x30, 0x20, 0x00, 0x00, 0xD8, 0x00, 0x00, 0x00, 0x00, 0x00, 0x00, 0x00, 0xD8, 0x00, 0x50, 0x20,
    0x50, 0x00, 0x00, 0xD8, 0x00, 0x00, 0x00, 0x00, 0x00, 0x00, 0x00, 0xD8, 0x00, 0x00, 0x88, 0xD8,
    0x00, 0x00, 0xD8, 0x00, 0x00, 0x00, 0x00, 0x00, 0x00, 0x00, 0xD8, 0x00, 0x88, 0x34, 0x28, 0x20,
    0x20, 0x90, 0x20, 0x20, 0x28, 0x34, 0x88, 0x00, 0x58, 0x34, 0x00, 0xA2, 0x08, 0x08, 0x18, 0x38,
    0x28, 0x38, 0x30, 0x20, 0x20, 0x88, 0x20, 0x30, 0x10, 0x00, 0x28, 0x10, 0x28, 0x00, 0x00, 0x00,
    0x00, 0x00, 0x28, 0x10, 0x28, 0x08, 0x18, 0x10, 0x00, 0x28, 0x10, 0x28, 0x00, 0x00, 0x00, 0x00,
    0x00, 0x28, 0x10, 0x28, 0x28, 0x10, 0x28, 0x00, 0x28, 0x10, 0x28, 0x00, 0x00, 0x00, 0x00, 0x00,
    0x28, 0x10, 0x28, 0x00, 0x58, 0x34, 0x00, 0x28, 0x10, 0x28, 0x00, 0x00, 0x00, 0x00, 0x00, 0x28,
    0x10, 0x28, 0x6C, 0x44, 0x00, 0x00, 0x28, 0x10, 0x28, 0x00, 0x00, 0x00, 0x00, 0x00, 0x28, 0x10,
    0x28, 0x00, 0x82, 0x54, 0x28, 0x00, 0x6C, 0xC6, 0x00, 0x04, 0x20, 0x10, 0x20, 0x10, 0x18, 0x28,
    0x30, 0x10, 0x08, 0x10, 0x08, 0x40, 0x20, 0x30, 0x10, 0x00, 0x82, 0x28, 0x28, 0x28, 0x28, 0x28,
    0x28, 0x28, 0x28, 0x54, 0x28, 0x08, 0x18, 0x10, 0x00, 0x82, 0x28, 0x28, 0x28, 0x28, 0x28, 0x28,
    0x28, 0x28, 0x54, 0x28, 0x28, 0x10, 0x28, 0x00, 0x82, 0x28, 0x28, 0x28, 0x28, 0x28, 0x28, 0x28,
    0x28, 0x54, 0x28, 0x6C, 0x44, 0x00, 0x00, 0x82, 0x28, 0x28, 0x28, 0x28, 0x28, 0x28, 0x28, 0x28,
    0x54, 0x28, 0x08, 0x18, 0x10, 0x00, 0x82, 0x28, 0x44, 0x10, 0x00, 0x28, 0x00, 0x00, 0x00, 0x28,
    0x00, 0x90, 0x20, 0x20, 0x04, 0x28, 0x20, 0x28, 0x04, 0x20, 0x20, 0x90, 0x28, 0x54, 0x2C, 0x2C,
    0x24, 0x20, 0x30, 0x28, 0x28, 0x34, 0xA8, 0x20, 0x30, 0x10, 0x00, 0x28, 0x38, 0x08, 0x00, 0x28,
    0x08, 0x30, 0x5A, 0x08, 0x18, 0x10, 0x00, 0x28, 0x38, 0x08, 0x00, 0x28, 0x08, 0x30, 0x5A, 0x10,
    0x10, 0x28, 0x00, 0x28, 0x38, 0x08, 0x00, 0x28, 0x08, 0x30, 0x5A, 0x00, 0x58, 0x34, 0x00, 0x28,
    0x38, 0x08, 0x00, 0x28, 0x08, 0x30, 0x5A, 0x00, 0x44, 0x44, 0x00, 0x28, 0x38, 0x08, 0x00, 0x28,
    0x08, 0x30, 0x5A, 0x28, 0x28, 0x00, 0x28, 0x38, 0x08, 0x00, 0x28, 0x08, 0x30, 0x5A, 0x54, 0x2A,
    0x06, 0x42, 0xA8, 0xC4, 0xA8, 0x74, 0x08, 0x18, 0x20, 0x00, 0x00, 0x28, 0x14, 0x28, 0x00, 0x00,
    0x08, 0x00, 0x20, 0x30, 0x10, 0x00, 0x28, 0x38, 0x28, 0x00, 0x20, 0x24, 0x18, 0x28, 0x08, 0x18,
    0x10, 0x00, 0x28, 0x38, 0x28, 0x00, 0x20, 0x24, 0x18, 0x28, 0x10, 0x10, 0x28, 0x00, 0x28, 0x38,
    0x28, 0x00, 0x20, 0x24, 0x18, 0x28, 0x00, 0x44, 0x44, 0x00, 0x28, 0x38, 0x28, 0x00, 0x20, 0x24,
    0x18, 0x28, 0x40, 0x40, 0x20, 0x00, 0x90, 0x50, 0x10, 0x10, 0x10, 0x10, 0xD8, 0x00, 0x10, 0x30,
    0x20, 0x00, 0x90, 0x50, 0x10, 0x10, 0x10, 0x10, 0xD8, 0x00, 0x20, 0x60, 0x58, 0x00, 0x90, 0x50,
    0x10, 0x10, 0x10, 0x10, 0xD8, 0x00, 0x00, 0x88, 0x88, 0x00, 0x90, 0x50, 0x10, 0x10, 0x10, 0x10,
    0xD8, 0x00, 0x00, 0x10, 0x2C, 0x64, 0x04, 0x18, 0x10, 0x28, 0x00, 0x28, 0x54, 0x28, 0x00, 0x58,
    0x34, 0x00, 0xB0, 0x10, 0x28, 0x28, 0x28, 0x28, 0x28, 0x82, 0x20, 0x30, 0x10, 0x00, 0x28, 0x10,
    0x28, 0x00, 0x00, 0x28, 0x10, 0x28, 0x08, 0x18, 0x10, 0x00, 0x28, 0x10, 0x28, 0x00, 0x00, 0x28,
    0x10, 0x28, 0x10, 0x10, 0x28, 0x00, 0x28, 0x10, 0x28, 0x00, 0x00, 0x28, 0x10, 0x28, 0x00, 0x58,
    0x34, 0x00, 0x28, 0x10, 0x28, 0x00, 0x00, 0x28, 0x10, 0x28, 0x00, 0x44, 0x44, 0x00, 0x28, 0x10,
    0x28, 0x00, 0x00, 0x28, 0x10, 0x28, 0x28, 0x28, 0x10, 0x00, 0x00, 0x10, 0x28, 0x28, 0x00, 0x20,
    0x10, 0x20, 0x18, 0x30, 0x08, 0x10, 0x08, 0x00, 0x20, 0x30, 0x10, 0x00, 0xA0, 0x28, 0x28, 0x28,
    0x28, 0x28, 0x18, 0x1A, 0x08, 0x18, 0x10, 0x00, 0xA0, 0x28, 0x28, 0x28, 0x28, 0x28, 0x18, 0x1A,
    0x10, 0x10, 0x28, 0x00, 0xA0, 0x28, 0x28, 0x28, 0x28, 0x28, 0x18, 0x1A, 0x00, 0x44, 0x44, 0x00,
    0xA0, 0x28, 0x28, 0x28, 0x28, 0x28, 0x18, 0x1A, 0x08, 0x18, 0x10, 0x00, 0x82, 0x28, 0x6C, 0x44,
    0x10, 0x00, 0x28, 0x08, 0x20, 0x60, 0x00, 0xA0, 0x20, 0x20, 0x34, 0x18, 0x28, 0x20, 0x20, 0x28,
    0x30, 0x34, 0x20, 0x20, 0x80, 0x00, 0x44, 0x44, 0x00, 0x82, 0x28, 0x6C, 0x44, 0x10, 0x00, 0x28,
    0x08, 0x20, 0x60, 0x00, 0x44, 0x00, 0x00, 0x28, 0x28, 0x28, 0x10, 0x00, 0x44, 0x44, 0x6C, 0x28,
    0x28, 0x82, 0x44, 0x00, 0x00, 0x28, 0x38, 0x08, 0x00, 0x28, 0x08, 0x30, 0x5A, 0x28, 0x00, 0x00,
    0x00, 0x28, 0x28, 0x28, 0x10, 0x00, 0x44, 0x44, 0x6C, 0x28, 0x28, 0x82, 0x00, 0x00, 0x28, 0x00,
    0x28, 0x18, 0x48, 0x00, 0x28, 0x08, 0x30, 0x5A, 0x28, 0x28, 0x28, 0x10, 0x00, 0x44, 0x44, 0x6C,
    0x28, 0x28, 0x82, 0x0C, 0x00, 0x08, 0x00, 0x28, 0x38, 0x08, 0x00, 0x28, 0x08, 0x30, 0x5A, 0x00,
    0x0C, 0x02, 0x00, 0x08, 0x18, 0x10, 0x00, 0x08, 0x18, 0x20, 0x00, 0x00, 0x00, 0x00, 0x00, 0x28,
    0x14, 0x28, 0x08, 0x18, 0x10, 0x00, 0x08, 0x18, 0x20, 0x00, 0x00, 0x28, 0x14, 0x28, 0x28, 0x10,
    0x28, 0x00, 0x08, 0x28, 0x00, 0x00, 0x00, 0x00, 0x00, 0x00, 0x28, 0x14, 0x28, 0x28, 0x10, 0x28,
    0x00, 0x08, 0x28, 0x00, 0x00, 0x00, 0x28, 0x14, 0x28, 0x28, 0x28, 0x10, 0x00, 0x08, 0x18, 0x20,
    0x00, 0x00, 0x00, 0x00, 0x00, 0x28, 0x14, 0x28, 0x10, 0x28, 0x28, 0x00, 0x08, 0x18, 0x20, 0x00,
    0x00, 0x28, 0x14, 0x28, 0x00, 0x28, 0x10, 0x10, 0x00, 0x08, 0x18, 0x20, 0x00, 0x00, 0x00, 0x00,
    0x00, 0x28, 0x14, 0x28, 0x00, 0x00, 0x28, 0x00, 0x08, 0x18, 0x20, 0x00, 0x00, 0x28, 0x14, 0x28,
    0x00, 0x28, 0x10, 0x10, 0x00, 0x88, 0x34, 0x28, 0x20, 0x20, 0x20, 0x20, 0x20, 0x28, 0x34, 0x88,
    0x07, 0x07, 0x0C, 0x5C, 0x34, 0x2C, 0x0C, 0x0C, 0x2C, 0x34, 0x58, 0x00, 0x08, 0x12, 0x58, 0x10,
    0x28, 0x08, 0x08, 0x28, 0x10, 0x5A, 0x44, 0x00, 0x00, 0x80, 0x38, 0x24, 0x20, 0x20, 0x00, 0x20,
    0x20, 0x24, 0x38, 0x80, 0x44, 0x00, 0x00, 0x28, 0x38, 0x28, 0x00, 0x20, 0x24, 0x18, 0x28, 0x28,
    0x00, 0x00, 0x00, 0x80, 0x38, 0x24, 0x20, 0x20, 0x00, 0x20, 0x20, 0x24, 0x38, 0x80, 0x00, 0x00,
    0x28, 0x00, 0x28, 0x38, 0x28, 0x00, 0x20, 0x24, 0x18, 0x28, 0x10, 0x28, 0x28, 0x00, 0x80, 0x38,
    0x24, 0x20, 0x20, 0x00, 0x20, 0x20, 0x24, 0x38, 0x80, 0x10, 0x28, 0x28, 0x00, 0x28, 0x38, 0x28,
    0x00, 0x20, 0x24, 0x18, 0x28, 0x80, 0x38, 0x24, 0x20, 0x20, 0x00, 0x20, 0x20, 0x24, 0x38, 0x80,
    0x0C, 0x00, 0x08, 0x00, 0x28, 0x38, 0x28, 0x00, 0x20, 0x24, 0x10, 0x24, 0x08, 0x00, 0x08, 0x00,
    0x28, 0x10, 0x10, 0x00, 0x80, 0x38, 0x24, 0x20, 0x20, 0x00, 0x20, 0x20, 0x24, 0x38, 0x80, 0x00,
    0x00, 0x28, 0x00, 0x28, 0x38, 0x28, 0x00, 0x20, 0x24, 0x18, 0x28, 0x28, 0x10, 0x28, 0x00, 0x08,
    0x28, 0x00, 0x00, 0x00, 0x10, 0x08, 0x08, 0x28, 0x38, 0x58, 0x10, 0x10, 0x28, 0x00, 0x5A, 0x12,
    0x28, 0x08, 0x08, 0x28, 0x30, 0x58, 0x08, 0x34, 0x28, 0x28, 0x00, 0x00, 0x00, 0x08, 0x18, 0x20,
    0x00, 0x00, 0x10, 0x08, 0x08, 0x28, 0x38, 0x58, 0x00, 0x00, 0x00, 0x00, 0x5A, 0x12, 0x28, 0x08,
    0x08, 0x28, 0x30, 0x58, 0x08, 0x34, 0x28, 0x10, 0x28, 0x28, 0x00, 0x08, 0x18, 0x20, 0x00, 0x00,
    0x10, 0x08, 0x08, 0x28, 0x38, 0x58, 0x10, 0x28, 0x28, 0x00, 0x5A, 0x12, 0x28, 0x08, 0x08, 0x28,
    0x30, 0x58, 0x08, 0x34, 0x28, 0x08, 0x18, 0x20, 0x00, 0x00, 0x10, 0x08, 0x08, 0x28, 0x38, 0x58,
    0x00, 0x00, 0x00, 0x10, 0x00, 0x00, 0x10, 0x00, 0x00, 0x00, 0x5A, 0x12, 0x28, 0x08, 0x08, 0x28,
    0x30, 0x58, 0x08, 0x34, 0x28, 0x28, 0x10, 0x28, 0x00, 0x82, 0x28, 0x28, 0x28, 0x28, 0x00, 0x28,
    0x28, 0x28, 0x28, 0x82, 0x50, 0x20, 0x48, 0x00, 0x50, 0x10, 0x10, 0x18, 0x08, 0x14, 0x14, 0x14,
    0x14, 0x14, 0x41, 0x82, 0x28, 0x82, 0x28, 0x28, 0x00, 0x28, 0x28, 0x28, 0x28, 0x82, 0xA0, 0x20,
    0x90, 0x30, 0x10, 0x28, 0x28, 0x28, 0x28, 0x28, 0x82, 0x00, 0x58, 0x34, 0x00, 0x00, 0x6C, 0x00,
    0x00, 0x00, 0x00, 0x00, 0x00, 0x00, 0x6C, 0x00, 0x00, 0x58, 0x34, 0x00, 0x48, 0x28, 0x08, 0x08,
    0x08, 0x08, 0x6C, 0x00, 0x88, 0x00, 0x00, 0x00, 0xD8, 0x00, 0x00, 0x00, 0x00, 0x00, 0x00, 0x00,
    0xD8, 0x00, 0x88, 0x00, 0x00, 0x90, 0x50, 0x10, 0x10, 0x10, 0x10, 0xD8, 0x00, 0x50, 0x00, 0x00,
    0x00, 0x00, 0xD8, 0x00, 0x00, 0x00, 0x00, 0x00, 0x00, 0x00, 0xD8, 0x00, 0x00, 0x18, 0x50, 0x00,
    0x90, 0x50, 0x10, 0x10, 0x10, 0x10, 0xD8, 0x00, 0x00, 0xD8, 0x00, 0x00, 0x00, 0x00, 0x00, 0x00,
    0x00, 0xD8, 0x00, 0x18, 0x00, 0x10, 0x00, 0x20, 0x50, 0x10, 0x00, 0x90, 0x50, 0x10, 0x10, 0x10,
    0x10, 0xD8, 0x00, 0x18, 0x00, 0x10, 0x00, 0x20, 0x50, 0x50, 0x00, 0x00, 0xD8, 0x00, 0x00, 0x00,
    0x00, 0x00, 0x00, 0x00, 0xD8, 0x00, 0x90, 0x50, 0x10, 0x10, 0x10, 0x10, 0xD8, 0x00, 0x90, 0x28,
    0x60, 0x60, 0x60, 0x60, 0x60, 0x60, 0x78, 0x38, 0x9C, 0x00, 0x22, 0x62, 0x00, 0xAA, 0x26, 0x66,
    0x66, 0x66, 0x66, 0x26, 0x96, 0x06, 0x0A, 0x14, 0x14, 0x08, 0x14, 0x00, 0x24, 0x14, 0x04, 0x04,
    0x04, 0x04, 0x04, 0x04, 0x04, 0x34, 0x08, 0x10, 0x28, 0x24, 0x00, 0x00, 0x30, 0x10, 0x10, 0x10,
    0x10, 0x10, 0x10, 0x90, 0xA8, 0x50, 0x8A, 0x24, 0x30, 0x28, 0x00, 0x00, 0x08, 0x30, 0x24, 0x2C,
    0x8A, 0x00, 0x00, 0x00, 0x10, 0x00, 0xA0, 0x20, 0x20, 0x2A, 0x24, 0x38, 0x00, 0x08, 0x30, 0x24,
    0x8A, 0x00, 0x00, 0x00, 0x10, 0x00, 0xAA, 0x24, 0x38, 0x00, 0x08, 0x30, 0x24, 0x8A, 0x20, 0x00,
    0x60, 0x00, 0x10, 0x40, 0x40, 0x40, 0x40, 0x40, 0x40, 0x40, 0x44, 0x58, 0x00, 0x10, 0x30, 0x20,
    0x00, 0x90, 0x50, 0x10, 0x10, 0x10, 0x10, 0x10, 0x10, 0x10, 0xD8, 0x00, 0x10, 0x40, 0x40, 0x40,
    0x40, 0x40, 0x40, 0x40, 0x44, 0x58, 0x00, 0x00, 0x00, 0x00, 0x10, 0x00, 0x90, 0x50, 0x10, 0x10,
    0x10, 0x10, 0x10, 0x10, 0x10, 0xD8, 0x00, 0x00, 0x00, 0x20, 0x20, 0x00, 0x10, 0x40, 0x40, 0x40,
    0x40, 0x40, 0x40, 0x40, 0x44, 0x58, 0x00, 0x9C, 0x58, 0x10, 0x10, 0x10, 0x10, 0x10, 0x10, 0x10,
    0xD8, 0x00, 0x10, 0x40, 0x40, 0x44, 0x54, 0x48, 0x40, 0x40, 0x44, 0x58, 0x00, 0x10, 0x70, 0x30,
    0x38, 0x32, 0x34, 0x30, 0x30, 0x30, 0x68, 0x84, 0x10, 0x40, 0x40, 0x40, 0x58, 0x50, 0x80, 0x40,
    0x44, 0x58, 0x00, 0x90, 0x50, 0x10, 0x10, 0x08, 0x50, 0x50, 0x10, 0x10, 0xD8, 0x00, 0x08, 0x18,
    0x10, 0x00, 0xA2, 0x08, 0x08, 0x18, 0x38, 0x28, 0x38, 0x30, 0x20, 0x20, 0x88, 0x08, 0x18, 0x10,
    0x00, 0xB0, 0x10, 0x28, 0x28, 0x28, 0x28, 0x28, 0x82, 0xA2, 0x08, 0x08, 0x18, 0x38, 0x28, 0x38,
    0x30, 0x20, 0x20, 0x88, 0x00, 0x00, 0x00, 0x10, 0x00, 0xB0, 0x10, 0x28, 0x28, 0x28, 0x28, 0x28,
    0x82, 0x00, 0x00, 0x00, 0x10, 0x00, 0x00, 0x28, 0x10, 0x10, 0x00, 0xA2, 0x08, 0x08, 0x18, 0x38,
    0x28, 0x38, 0x30, 0x20, 0x20, 0x88, 0x00, 0x00, 0x28, 0x00, 0xB0, 0x10, 0x28, 0x28, 0x28, 0x28,
    0x28, 0x82, 0x20, 0x00, 0x40, 0x00, 0x00, 0x00, 0x2C, 0x00, 0x04, 0x00, 0x0A, 0x00, 0x0A, 0x00,
    0x0A, 0x00, 0x0A, 0x00, 0x0A, 0x00, 0x20, 0x80, 0xB0, 0x10, 0x28, 0x28, 0x28, 0x28, 0x28, 0x28,
    0x28, 0xA0, 0x80, 0xB0, 0x10, 0x28, 0x28, 0x28, 0x28, 0x28, 0x88, 0x08, 0x14, 0x08, 0x44, 0x00,
    0x00, 0x28, 0x10, 0x28, 0x00, 0x00, 0x00, 0x00, 0x00, 0x28, 0x10, 0x28, 0x44, 0x00, 0x00, 0x28,
    0x10, 0x28, 0x00, 0x00, 0x28, 0x10, 0x28, 0x28, 0x00, 0x00, 0x00, 0x28, 0x10, 0x28, 0x00, 0x00,
    0x00, 0x00, 0x00, 0x28, 0x10, 0x28, 0x00, 0x00, 0x28, 0x00, 0x28, 0x10, 0x28, 0x00, 0x00, 0x28,
    0x10, 0x28, 0x14, 0x18, 0x68, 0x00, 0x28, 0x10, 0x28, 0x00, 0x00, 0x00, 0x00, 0x00, 0x28, 0x10,
    0x28, 0x14, 0x18, 0x68, 0x00, 0x28, 0x10, 0x28, 0x00, 0x00, 0x28, 0x10, 0x28, 0x62, 0xAE, 0xDC,
    0xD8, 0xD8, 0xD0, 0xD8, 0xD8, 0xD8, 0x8E, 0x42, 0x74, 0xAA, 0xC6, 0xC2, 0xC0, 0xC4, 0xA8, 0x74,
    0x08, 0x18, 0x10, 0x00, 0x88, 0x30, 0x28, 0x20, 0x28, 0x04, 0x38, 0x30, 0x24, 0x28, 0x8A, 0x08,
    0x18, 0x10, 0x00, 0x18, 0x4A, 0x10, 0x10, 0x10, 0x10, 0x50, 0x08, 0x88, 0x30, 0x28, 0x20, 0x28,
    0x04, 0x38, 0x30, 0x24, 0x28, 0x8A, 0x00, 0x00, 0x00, 0x10, 0x00, 0x18, 0x4A, 0x10, 0x10, 0x10,
    0x10, 0x50, 0x08, 0x00, 0x10, 0x30, 0x20, 0x00, 0x00, 0x28, 0x10, 0x10, 0x00, 0x88, 0x30, 0x28,
    0x20, 0x28, 0x04, 0x38, 0x30, 0x24, 0x28, 0x8A, 0x00, 0x00, 0x28, 0x00, 0x18, 0x4A, 0x10, 0x10,
    0x10, 0x10, 0x50, 0x08, 0x08, 0x18, 0x10, 0x00, 0x08, 0x18, 0x20, 0x20, 0x50, 0x28, 0x04, 0x08,
    0x08, 0x30, 0x20, 0x08, 0x18, 0x10, 0x00, 0x08, 0x18, 0x20, 0x58, 0x34, 0x08, 0x38, 0x24, 0x28,
    0x10, 0x28, 0x00, 0x08, 0x28, 0x20, 0x20, 0x50, 0x20, 0x04, 0x08, 0x08, 0x30, 0x20, 0x28, 0x10,
    0x28, 0x00, 0x08, 0x28, 0x20, 0x48, 0x34, 0x08, 0x38, 0x20, 0x08, 0x18, 0x20, 0x20, 0x50, 0x28,
    0x04, 0x08, 0x08, 0x30, 0x20, 0x00, 0x00, 0x08, 0x00, 0x08, 0x18, 0x20, 0x58, 0x34, 0x08, 0x38,
    0x24, 0x00, 0x00, 0x08, 0x00, 0x00, 0x28, 0x10, 0x10, 0x00, 0x08, 0x18, 0x20, 0x20, 0x50, 0x28,
    0x04, 0x08, 0x08, 0x30, 0x20, 0x00, 0x00, 0x28, 0x00, 0x08, 0x18, 0x20, 0x58, 0x34, 0x08, 0x38,
    0x24, 0x00, 0x28, 0x44, 0x00, 0x00, 0x00, 0x00, 0x00, 0x00, 0x28, 0x00, 0x00, 0x00, 0x08, 0x00,
    0x10, 0x10, 0x10, 0x00, 0x5C, 0x10, 0x10, 0x10, 0x12, 0x28, 0x04, 0x18, 0x0C, 0x20, 0x00, 0x00,
    0x28, 0x10, 0x10, 0x00, 0x00, 0x28, 0x44, 0x00, 0x00, 0x00, 0x00, 0x00, 0x00, 0x28, 0x00, 0x16,
    0x14, 0x10, 0x00, 0x5C, 0x10, 0x10, 0x10, 0x12, 0x28, 0x14, 0x00, 0x28, 0x44, 0x00, 0x00, 0x00,
    0x28, 0x00, 0x00, 0x28, 0x00, 0x10, 0x10, 0x10, 0x00, 0x5C, 0x10, 0x40, 0x10, 0x14, 0x28, 0x14,
    0x00, 0x58, 0x34, 0x00, 0x82, 0x28, 0x28, 0x28, 0x28, 0x28, 0x28, 0x28, 0x28, 0x54, 0x28, 0x00,
    0x58, 0x34, 0x00, 0xA0, 0x28, 0x28, 0x28, 0x28, 0x28, 0x18, 0x1A, 0x44, 0x00, 0x00, 0x82, 0x28,
    0x28, 0x28, 0x28, 0x28, 0x28, 0x28, 0x28, 0x54, 0x28, 0x44, 0x00, 0x00, 0xA0, 0x28, 0x28, 0x28,
    0x28, 0x28, 0x18, 0x1A, 0x28, 0x00, 0x00, 0x00, 0x82, 0x28, 0x28, 0x28, 0x28, 0x28, 0x28, 0x28,
    0x28, 0x54, 0x28, 0x00, 0x00, 0x28, 0x00, 0xA0, 0x28, 0x28, 0x28, 0x28, 0x28, 0x18, 0x1A, 0x28,
    0x08, 0x28, 0x00, 0x82, 0x28, 0x28, 0x28, 0x28, 0x28, 0x28, 0x28, 0x28, 0x54, 0x28, 0x28, 0x28,
    0x00, 0xA0, 0x28, 0x28, 0x28, 0x28, 0x28, 0x18, 0x1A, 0x14, 0x18, 0x68, 0x00, 0x82, 0x28, 0x28,
    0x28, 0x28, 0x28, 0x28, 0x28, 0x28, 0x54, 0x28, 0x14, 0x18, 0x68, 0x00, 0xA0, 0x28, 0x28, 0x28,
    0x28, 0x28, 0x18, 0x1A, 0x82, 0x28, 0x28, 0x28, 0x28, 0x28, 0x28, 0x28, 0x28, 0x54, 0x28, 0x30,
    0x10, 0x28, 0x00, 0xA0, 0x28, 0x28, 0x28, 0x28, 0x28, 0x18, 0x1A, 0x00, 0x0C, 0x02, 0x00, 0x28,
    0x10, 0x28, 0x00, 0x82, 0x82, 0x00, 0x00, 0x28, 0x28, 0x38, 0x54, 0x44, 0x44, 0x6C, 0x10, 0x10,
    0x28, 0x00, 0x82, 0x82, 0x10, 0x28, 0x38, 0x54, 0x44, 0x44, 0x28, 0x10, 0x28, 0x00, 0x82, 0x28,
    0x44, 0x10, 0x00, 0x28, 0x00, 0x00, 0x00, 0x28, 0x00, 0x28, 0x10, 0x28, 0x00, 0x82, 0x28, 0x6C,
    0x44, 0x10, 0x00, 0x28, 0x08, 0x20, 0x60, 0x00, 0x00, 0x44, 0x6C, 0x00, 0x82, 0x28, 0x44, 0x10,
    0x00, 0x28, 0x00, 0x00, 0x00, 0x28, 0x00, 0x08, 0x18, 0x10, 0x00, 0x00, 0x30, 0x44, 0x10, 0x08,
    0x28, 0x20, 0x10, 0x44, 0x18, 0x00, 0x08, 0x18, 0x10, 0x00, 0x00, 0x38, 0x44, 0x08, 0x20, 0x44,
    0x38, 0x00, 0x10, 0x28, 0x28, 0x00, 0x00, 0x30, 0x44, 0x10, 0x08, 0x28, 0x20, 0x10, 0x44, 0x18,
    0x00, 0x10, 0x28, 0x28, 0x00, 0x00, 0x38, 0x44, 0x08, 0x20, 0x44, 0x38, 0x00, 0x00, 0x28, 0x10,
    0x10, 0x00, 0x00, 0x30, 0x44, 0x10, 0x08, 0x28, 0x20, 0x10, 0x44, 0x18, 0x00, 0x00, 0x00, 0x28,
    0x00, 0x00, 0x38, 0x44, 0x08, 0x20, 0x44, 0x38, 0x00, 0x08, 0x30, 0x20, 0x20, 0x20, 0x20, 0x20,
    0x20, 0x20, 0xA0, 0x10, 0x00, 0x30, 0x48, 0x78, 0x30, 0x30, 0x30, 0x30, 0x30, 0x30, 0x30, 0x30,
    0x30, 0x30, 0x30, 0x30, 0x30, 0x30, 0x30, 0x00, 0x48, 0x30, 0x30, 0x48, 0x30, 0x30, 0x30, 0x30,
    0x30, 0x30, 0x30, 0x30, 0x30, 0x30, 0x30, 0x30, 0x30, 0x30, 0x00, 0x82, 0x00, 0x00, 0x00, 0x00,
    0x00, 0x00, 0x00, 0x50, 0x00, 0x00, 0x00, 0x00, 0x00, 0x00, 0x00, 0x00, 0x00, 0x00, 0x00, 0x00,
    0x00, 0x00, 0x00, 0x00, 0x7C, 0x00, 0x00, 0x00, 0x60, 0x00, 0xC0, 0xA0, 0xA0, 0x40, 0xA0, 0xA0,
    0x40, 0xC0, 0x00, 0x40, 0xA0, 0xA0, 0x40, 0x60, 0x00, 0x00, 0x00, 0x6C, 0x24, 0x00, 0x28, 0x6C,
    0x00, 0x08, 0x60, 0x04, 0x48, 0x6C, 0x00, 0x20, 0x0C, 0x40, 0x24, 0x10, 0x00, 0x00, 0x00, 0x00,
    0x00, 0x28, 0x00, 0x00, 0x00, 0x00, 0x00, 0x00, 0x00, 0x00, 0x10, 0x00, 0x00, 0x00, 0x00, 0x00,
    0x28, 0x00, 0x00, 0x00, 0x00, 0x28, 0x00, 0x00, 0x00, 0x20, 0x00, 0x88, 0x88, 0x50, 0x80, 0xA0,
    0x88, 0x90, 0xA0, 0x00, 0x60, 0x00, 0x00, 0xA1, 0x40, 0xA1, 0x40, 0xA1, 0x40, 0x43, 0x08, 0x10,
    0x20, 0x40, 0x08, 0x20, 0x00, 0xC8, 0x00, 0xCC, 0x00, 0xD0, 0x00, 0x18, 0x00, 0x00, 0x00, 0x39,
    0x40, 0x17, 0x80, 0x67, 0x80, 0x67, 0x80, 0x09, 0x40, 0x46, 0x00, 0x30, 0x00, 0x7C, 0x00, 0x70,
    0x00, 0x18, 0x00, 0x18, 0x00, 0x0A, 0xD4, 0x35, 0xEC, 0x05, 0xEC, 0x65, 0xEC, 0x0A, 0x54, 0x40,
    0x20, 0x00, 0x80, 0xC0, 0x18, 0x48, 0x44, 0x20, 0x30, 0x7C, 0x2E, 0x00, 0xE0, 0xFC, 0x20, 0x40,
    0x00, 0x10, 0x30, 0x30, 0x24, 0x44, 0x08, 0x18, 0x3E, 0x74, 0x00, 0x07, 0x3F, 0x10, 0x30, 0x00,
    0x20, 0x60, 0x10, 0x20, 0x10, 0x40, 0x60, 0x00, 0x20, 0x30, 0x40, 0x20, 0x40, 0x43, 0x08, 0x63,
    0x18, 0x10, 0x20, 0x08, 0x40, 0x04, 0x80, 0x03, 0x00, 0x80, 0x04, 0x40, 0x08, 0x00, 0x00, 0x00,
    0x00, 0x08, 0x40, 0x10, 0x20, 0x63, 0x10, 0x43, 0x08, 0x6C, 0x6C, 0x6C, 0x6C, 0x6C, 0x6C, 0x6C,
    0x00, 0x6C, 0x00, 0x6C, 0x52, 0x2C, 0x30, 0x64, 0x42, 0x10, 0x00, 0x28, 0x10, 0x28, 0x28, 0x44,
    0x44, 0x00, 0x00, 0x44, 0x6C, 0x00, 0x04, 0x00, 0x04, 0x08, 0x28, 0x54, 0x00, 0x44, 0x03, 0x00,
    0x03, 0x00, 0x0F, 0xC0, 0x0C, 0xC0, 0x04, 0x80, 0x03, 0x00, 0x00, 0x00, 0x00, 0x00, 0x00, 0x00,
    0x81, 0x00, 0x28, 0x50, 0x10, 0x20, 0x6C, 0xD8, 0x00, 0x00, 0x00, 0x88, 0xA0, 0x80, 0x80, 0x80,
    0x80, 0x88, 0xA0, 0x80, 0x80, 0x80, 0x80, 0x80, 0x88, 0x00, 0x00, 0x88, 0x28, 0x08, 0x08, 0x08,
    0x08, 0x88, 0x28, 0x08, 0x08, 0x08, 0x08, 0x08, 0x88, 0x00, 0x6C, 0xEE, 0xEE, 0x36, 0x12, 0x48,
    0x6C, 0x00, 0x6C, 0x00, 0x6C, 0x6C, 0xFC, 0xFC, 0x3C, 0x1C, 0x4C, 0x6C, 0x00, 0x6C, 0x00, 0x6C,
    0x6C, 0x7E, 0x7E, 0x66, 0x62, 0x68, 0x6C, 0x00, 0x6C, 0x00, 0x6C, 0x00, 0x00, 0x38, 0x04, 0x00,
    0x10, 0x08, 0x20, 0x10, 0x08, 0x04, 0x00, 0x00, 0x04, 0x08, 0x10, 0x10, 0x10, 0x10, 0x10, 0x00,
    0x40, 0x00, 0x00, 0x40, 0x00, 0x00, 0x04, 0x00, 0x00, 0x04, 0x00, 0xA0, 0xA0, 0xA0, 0x00, 0x00,
    0xA0, 0xA0, 0xA0, 0xC0, 0x20, 0x60, 0x00, 0x00, 0x44, 0x6C, 0x00, 0x00, 0x00, 0x00, 0x00, 0x00,
    0x00, 0x00, 0x00, 0x44, 0x44, 0x00, 0x10, 0x00, 0x6C, 0x44, 0x00, 0x44, 0x00, 0x00, 0x00, 0x80,
    0x28, 0x10, 0x6C, 0x00, 0x40, 0x1C, 0x40, 0x18, 0x18, 0x00, 0x30, 0x30, 0x0C, 0x70, 0x04, 0x00,
    0x00, 0x14, 0x08, 0x14, 0x10, 0x22, 0xA8, 0x41, 0x10, 0x00, 0x00, 0x00, 0x44, 0x44, 0x00, 0x6C,
    0x44, 0x82, 0x00, 0x6C, 0x00, 0x0C, 0x00, 0x6C, 0x00, 0x60, 0x0C, 0x00, 0x0C, 0x7F, 0x80, 0x7A,
    0x00, 0x00, 0x00, 0x1F, 0x00, 0xFF, 0x00, 0x28, 0x28, 0x7C, 0xAA, 0xAA, 0x10, 0x28, 0x28, 0xAA,
    0xAA, 0x7C, 0x28, 0x28, 0x44, 0xAA, 0xAA, 0xA0, 0xA0, 0xA0, 0x00, 0x00, 0x00, 0x00, 0x00, 0xA0,
    0xA0, 0xA0, 0x28, 0x28, 0x10, 0x00, 0xAA, 0xAA, 0x44, 0x00, 0x10, 0x28, 0x28, 0x00, 0x44, 0x28,
    0x82, 0x28, 0x44, 0x28, 0x00, 0x00, 0xA0, 0x00, 0xA0, 0x00, 0x00, 0xA0, 0x00, 0x00, 0xA0, 0x00,
    0x00, 0xA0, 0x00, 0x00, 0xA0, 0x00, 0xA0, 0x00, 0x50, 0xD8, 0xD8, 0xF8, 0xD8, 0xD8, 0x50, 0x20,
    0x00, 0x00, 0x00, 0x00, 0x00, 0x00, 0x00, 0x30, 0x00, 0x60, 0x00, 0x88, 0x00, 0x28, 0x80, 0xD0,
    0x90, 0x48, 0x18, 0xC8, 0x50, 0x10, 0x40, 0x20, 0x00, 0xD8, 0xD8, 0x50, 0x88, 0x40, 0x00, 0x30,
    0x10, 0x00, 0x60, 0x50, 0x00, 0x20, 0x50, 0x00, 0xD8, 0x50, 0x50, 0xD8, 0xD8, 0x00, 0x20, 0x10,
    0x40, 0x00, 0x00, 0x88, 0x00, 0x00, 0x88, 0x88, 0x00, 0x88, 0x00, 0x00, 0x10, 0x60, 0x20, 0x00,
    0x00, 0x60, 0x60, 0x10, 0x10, 0x00, 0x00, 0x40, 0x30, 0x20, 0x00, 0x00, 0x30, 0x30, 0x40, 0x40,
    0xE0, 0x88, 0xD8, 0xD8, 0x88, 0x50, 0xD8, 0xD8, 0xE8, 0xB8, 0xD8, 0xD8, 0x50, 0x40, 0xC0, 0x00,
    0x00, 0x00, 0x00, 0x00, 0x00, 0x50, 0x88, 0x18, 0x00, 0x10, 0x20, 0x18, 0x88, 0x50, 0x08, 0x08,
    0x00, 0x08, 0x18, 0xD8, 0x50, 0x30, 0x00, 0x60, 0x70, 0x40, 0x88, 0x00, 0x28, 0x80, 0xD0, 0xC0,
    0x90, 0x48, 0x18, 0xC8, 0x50, 0x10, 0x40, 0x60, 0x00, 0xD8, 0xD8, 0x88, 0x50, 0x88, 0xC8, 0x00,
    0x30, 0x30, 0x00, 0x00, 0x60, 0x50, 0x00, 0x00, 0x50, 0x20, 0xD8, 0xD8, 0x50, 0x50, 0x88, 0xD8,
    0xD8, 0x00, 0x30, 0x10, 0x40, 0x00, 0x00, 0x88, 0x00, 0x20, 0x88, 0x00, 0x88, 0x00, 0x88, 0x00,
    0x00, 0x20, 0x00, 0x60, 0x20, 0x00, 0x00, 0x20, 0x60, 0x00, 0x20, 0x00, 0x00, 0x20, 0x00, 0x30,
    0x20, 0x00, 0x00, 0x20, 0x30, 0x00, 0x20, 0x00, 0x50, 0x88, 0x18, 0x48, 0x88, 0x38, 0x50, 0x88,
    0xD8, 0x88, 0xD0, 0x50, 0x50, 0x88, 0xD8, 0xD8, 0x88, 0x50, 0x88, 0x70, 0x00, 0x00, 0x70, 0x88,
    0x90, 0x48, 0x18, 0x88, 0xA8, 0x50, 0xC0, 0xC0, 0xF0, 0x88, 0xD8, 0xD8, 0xD8, 0x88, 0x80, 0x80,
    0x18, 0x30, 0x00, 0x10, 0xA0, 0x98, 0x00, 0x00, 0x00, 0x00, 0x00, 0x00, 0x00, 0x00, 0xB0, 0xD8,
    0xD8, 0xD8, 0xD8, 0xD8, 0xF0, 0x88, 0xD8, 0xD8, 0xD8, 0x88, 0xE0, 0x88, 0xD8, 0xD8, 0x88, 0xE0,
    0xC0, 0x80, 0x58, 0x98, 0x20, 0x20, 0xC8, 0xD0, 0x60, 0x60, 0x00, 0x60, 0x60, 0x60, 0x78, 0x20,
    0x00, 0x0C, 0x00, 0x10, 0x38, 0x18, 0x38, 0x38, 0x10, 0x30, 0x38, 0x14, 0x48, 0x60, 0x00, 0x00,
    0x58, 0x44, 0x40, 0x80, 0x40, 0x80, 0x40, 0x40, 0x40, 0x10, 0x20, 0x14, 0x04, 0x00, 0x08, 0x10,
    0x08, 0x50, 0x44, 0x18, 0x00, 0x04, 0x38, 0xA0, 0x8A, 0x82, 0x82, 0xA2, 0x82, 0x20, 0x40, 0xAA,
    0x08, 0x00, 0x10, 0x82, 0x28, 0x82, 0x30, 0x00, 0x20, 0xA8, 0x2C, 0xCC, 0xEC, 0xF2, 0xCC, 0xAC,
    0xCC, 0xCC, 0xCC, 0xCA, 0x40, 0x10, 0x20, 0x40, 0x57, 0x63, 0x51, 0x76, 0x71, 0x65, 0x0B, 0x39,
    0x82, 0x82, 0x82, 0x00, 0x82, 0x28, 0x28, 0x92, 0x44, 0x44, 0x6C, 0x96, 0xDE, 0xF6, 0xD6, 0xD6,
    0xDE, 0xC6, 0xC4, 0x00, 0x08, 0x12, 0x58, 0x10, 0x28, 0x08, 0x08, 0x28, 0x10, 0x5A, 0x00, 0x00,
    0x00, 0x00, 0x08, 0x18, 0x20, 0x00, 0x90, 0x20, 0x90, 0x20, 0x2C, 0x14, 0x28, 0x8A, 0x24, 0x30,
    0x38, 0x00, 0x82, 0x08, 0x30, 0x20, 0x2C, 0x8A, 0x00, 0x28, 0x44, 0x08, 0x28, 0x28, 0x20, 0x40,
    0x00, 0x28, 0x00, 0x00, 0x20, 0x40, 0x54, 0x53, 0x50, 0x58, 0x58, 0x40, 0x23, 0x03, 0x00, 0x00,
    0x00, 0x88, 0x38, 0x9A, 0x1A, 0x28, 0x04, 0x20, 0x20, 0x20, 0x20, 0x90, 0x10, 0x10, 0x08, 0x28,
    0x10, 0x10, 0x10, 0x00, 0x08, 0x18, 0x38, 0x08, 0x48, 0x10, 0x28, 0x28, 0x28, 0x10, 0x82, 0x44,
    0x82, 0x6C, 0x28, 0x28, 0x82, 0x20, 0x30, 0x48, 0x08, 0x82, 0x08, 0x82, 0x20, 0x04, 0x28, 0x08,
    0x10, 0x10, 0x08, 0x28, 0x10, 0x10, 0x10, 0x10, 0x10, 0x10, 0x38, 0x04, 0x28, 0x10, 0x00, 0x00,
    0x00, 0x28, 0x44, 0x00, 0x00, 0x00, 0x00, 0x28, 0x00, 0x00, 0x00, 0x10, 0x70, 0x74, 0x10, 0x00,
    0x08, 0x10, 0x04, 0x0A, 0x10, 0x40, 0x40, 0x50, 0x50, 0x80, 0x40, 0x80, 0x44, 0x58, 0x00, 0x00,
    0x00, 0x28, 0x28, 0x00, 0x82, 0x82, 0x82, 0x92, 0x28, 0x88, 0x38, 0x20, 0x20, 0x28, 0x84, 0x20,
    0x20, 0x80, 0x20, 0x90, 0x38, 0x38, 0x04, 0x10, 0xBC, 0xF8, 0xC0, 0xC0, 0xC0, 0xC0, 0x80, 0x60,
    0x82, 0x00, 0x00, 0x80, 0x0C, 0x00, 0x00, 0x0C, 0x00, 0x0C, 0x00, 0x00, 0x08, 0x80, 0x00, 0x00,
    0x08, 0x18, 0x20, 0x00, 0x00, 0x28, 0x14, 0x28, 0x00, 0x00, 0x00, 0x00,
};
inline constexpr size_t kFontData_ui_small_mbf_size = 20332;
