#pragma once

#include <cstddef>
#include <cstdint>

// Auto-generated by tools/make_font.py from Iosevka Slab Bold @ 24px
// Size: 49882 bytes

alignas(4) inline constexpr uint8_t kFontData_ui_large_mbf[] = {
    0x4D, 0x42, 0x46, 0x34, 0x04, 0x1F, 0x18, 0x1F, 0x30, 0x00, 0x03, 0x00, 0x0F, 0x02, 0x18, 0x00,
    0x00, 0x00, 0x00, 0x00, 0xE0, 0x14, 0x00, 0x00, 0x00, 0x00, 0x00, 0x00, 0x00, 0x00, 0x00, 0x00,
    0x00, 0x00, 0x00, 0x00, 0x00, 0x00, 0x00, 0x00, 0xDE, 0x4E, 0x00, 0x00, 0xDC, 0x88, 0x00, 0x00,
    0x02, 0x01, 0x20, 0x00, 0x00, 0x00, 0x5F, 0x00, 0x00, 0x00, 0xA0, 0x00, 0x00, 0x00, 0xE0, 0x00,
    0x5F, 0x00, 0x00, 0x20, 0x00, 0x00, 0xD0, 0x00, 0x3F, 0x01, 0x00, 0x00, 0x00, 0x00, 0x30, 0x00,
    0x00, 0x00, 0x00, 0x00, 0x00, 0x00, 0x00, 0x00, 0x30, 0x06, 0x12, 0x03, 0xEE, 0x00, 0x12, 0x00,
    0x00, 0x00, 0x30, 0x08, 0x09, 0x02, 0xEC, 0x00, 0x1B, 0x00, 0x00, 0x00, 0x30, 0x0C, 0x12, 0x00,
    0xEE, 0x00, 0x3F, 0x00, 0x00, 0x00, 0x30, 0x0A, 0x18, 0x01, 0xEB, 0x00, 0x6F, 0x00, 0x00, 0x00,
    0x30, 0x0C, 0x12, 0x00, 0xEE, 0x00, 0x93, 0x00, 0x00, 0x00, 0x30, 0x0B, 0x12, 0x01, 0xEE, 0x00,
    0xB7, 0x00, 0x00, 0x00, 0x30, 0x04, 0x09, 0x04, 0xEC, 0x00, 0xC0, 0x00, 0x00, 0x00, 0x30, 0x09,
    0x19, 0x02, 0xEB, 0x00, 0xF2, 0x00, 0x00, 0x00, 0x30, 0x09, 0x19, 0x01, 0xEB, 0x00, 0x24, 0x01,
    0x00, 0x00, 0x30, 0x0C, 0x0B, 0x00, 0xEC, 0x00, 0x3A, 0x01, 0x00, 0x00, 0x30, 0x0A, 0x0A, 0x01,
    0xF3, 0x00, 0x4E, 0x01, 0x00, 0x00, 0x30, 0x06, 0x0B, 0x03, 0xFB, 0x00, 0x59, 0x01, 0x00, 0x00,
    0x30, 0x0A, 0x03, 0x01, 0xF6, 0x00, 0x5F, 0x01, 0x00, 0x00, 0x30, 0x06, 0x05, 0x03, 0xFB, 0x00,
    0x64, 0x01, 0x00, 0x00, 0x30, 0x0A, 0x18, 0x01, 0xEC, 0x00, 0x94, 0x01, 0x00, 0x00, 0x30, 0x0A,
    0x12, 0x01, 0xEE, 0x00, 0xB8, 0x01, 0x00, 0x00, 0x30, 0x0B, 0x12, 0x00, 0xEE, 0x00, 0xDC, 0x01,
    0x00, 0x00, 0x30, 0x0A, 0x12, 0x01, 0xEE, 0x00, 0x00, 0x02, 0x00, 0x00, 0x30, 0x0A, 0x12, 0x01,
    0xEE, 0x00, 0x24, 0x02, 0x00, 0x00, 0x30, 0x0A, 0x12, 0x01, 0xEE, 0x00, 0x48, 0x02, 0x00, 0x00,
    0x30, 0x0A, 0x12, 0x01, 0xEE, 0x00, 0x6C, 0x02, 0x00, 0x00, 0x30, 0x0A, 0x12, 0x01, 0xEE, 0x00,
    0x90, 0x02, 0x00, 0x00, 0x30, 0x0A, 0x12, 0x01, 0xEE, 0x00, 0xB4, 0x02, 0x00, 0x00, 0x30, 0x0A,
    0x12, 0x01, 0xEE, 0x00, 0xD8, 0x02, 0x00, 0x00, 0x30, 0x0A, 0x12, 0x01, 0xEE, 0x00, 0xFC, 0x02,
    0x00, 0x00, 0x30, 0x06, 0x0D, 0x03, 0xF3, 0x00, 0x09, 0x03, 0x00, 0x00, 0x30, 0x06, 0x13, 0x03,
    0xF3, 0x00, 0x1C, 0x03, 0x00, 0x00, 0x30, 0x0B, 0x0E, 0x01, 0xF1, 0x00, 0x38, 0x03, 0x00, 0x00,
    0x30, 0x0A, 0x07, 0x01, 0xF4, 0x00, 0x46, 0x03, 0x00, 0x00, 0x30, 0x0B, 0x0E, 0x00, 0xF1, 0x00,
    0x62, 0x03, 0x00, 0x00, 0x30, 0x0A, 0x12, 0x01, 0xEE, 0x00, 0x86, 0x03, 0x00, 0x00, 0x30, 0x0A,
    0x15, 0x01, 0xEE, 0x00, 0xB0, 0x03, 0x00, 0x00, 0x30, 0x0C, 0x12, 0x00, 0xEE, 0x00, 0xD4, 0x03,
    0x00, 0x00, 0x30, 0x0B, 0x12, 0x00, 0xEE, 0x00, 0xF8, 0x03, 0x00, 0x00, 0x30, 0x0A, 0x12, 0x01,
    0xEE, 0x00, 0x1C, 0x04, 0x00, 0x00, 0x30, 0x0B, 0x12, 0x00, 0xEE, 0x00, 0x40, 0x04, 0x00, 0x00,
    0x30, 0x0B, 0x12, 0x00, 0xEE, 0x00, 0x64, 0x04, 0x00, 0x00, 0x30, 0x0A, 0x12, 0x01, 0xEE, 0x00,
    0x88, 0x04, 0x00, 0x00, 0x30, 0x0A, 0x12, 0x01, 0xEE, 0x00, 0xAC, 0x04, 0x00, 0x00, 0x30, 0x0C,
    0x12, 0x00, 0xEE, 0x00, 0xD0, 0x04, 0x00, 0x00, 0x30, 0x0A, 0x12, 0x01, 0xEE, 0x00, 0xF4, 0x04,
    0x00, 0x00, 0x30, 0x09, 0x12, 0x01, 0xEE, 0x00, 0x18, 0x05, 0x00, 0x00, 0x30, 0x0B, 0x12, 0x01,
    0xEE, 0x00, 0x3C, 0x05, 0x00, 0x00, 0x30, 0x0A, 0x12, 0x01, 0xEE, 0x00, 0x60, 0x05, 0x00, 0x00,
    0x30, 0x0C, 0x12, 0x00, 0xEE, 0x00, 0x84, 0x05, 0x00, 0x00, 0x30, 0x0C, 0x12, 0x00, 0xEE, 0x00,
    0xA8, 0x05, 0x00, 0x00, 0x30, 0x0A, 0x12, 0x01, 0xEE, 0x00, 0xCC, 0x05, 0x00, 0x00, 0x30, 0x0A,
    0x12, 0x01, 0xEE, 0x00, 0xF0, 0x05, 0x00, 0x00, 0x30, 0x0A, 0x17, 0x01, 0xEE, 0x00, 0x1E, 0x06,
    0x00, 0x00, 0x30, 0x0C, 0x12, 0x00, 0xEE, 0x00, 0x42, 0x06, 0x00, 0x00, 0x30, 0x0A, 0x12, 0x01,
    0xEE, 0x00, 0x66, 0x06, 0x00, 0x00, 0x30, 0x0A, 0x12, 0x01, 0xEE, 0x00, 0x8A, 0x06, 0x00, 0x00,
    0x30, 0x0C, 0x12, 0x00, 0xEE, 0x00, 0xAE, 0x06, 0x00, 0x00, 0x30, 0x0C, 0x12, 0x00, 0xEE, 0x00,
    0xD2, 0x06, 0x00, 0x00, 0x30, 0x0C, 0x12, 0x00, 0xEE, 0x00, 0xF6, 0x06, 0x00, 0x00, 0x30, 0x0C,
    0x12, 0x00, 0xEE, 0x00, 0x1A, 0x07, 0x00, 0x00, 0x30, 0x0C, 0x12, 0x00, 0xEE, 0x00, 0x3E, 0x07,
    0x00, 0x00, 0x30, 0x0A, 0x12, 0x01, 0xEE, 0x00, 0x62, 0x07, 0x00, 0x00, 0x30, 0x08, 0x18, 0x02,
    0xEC, 0x00, 0x7A, 0x07, 0x00, 0x00, 0x30, 0x0A, 0x18, 0x01, 0xEC, 0x00, 0xAA, 0x07, 0x00, 0x00,
    0x30, 0x08, 0x18, 0x02, 0xEC, 0x00, 0xC2, 0x07, 0x00, 0x00, 0x30, 0x0C, 0x08, 0x00, 0xEE, 0x00,
    0x59, 0x01, 0x00, 0x00, 0x30, 0x0A, 0x03, 0x01, 0xFF, 0x00, 0xD2, 0x07, 0x00, 0x00, 0x30, 0x08,
    0x08, 0x01, 0xEB, 0x00, 0xDA, 0x07, 0x00, 0x00, 0x30, 0x0B, 0x0D, 0x01, 0xF3, 0x00, 0xF4, 0x07,
    0x00, 0x00, 0x30, 0x0B, 0x12, 0x00, 0xEE, 0x00, 0x18, 0x08, 0x00, 0x00, 0x30, 0x0A, 0x0D, 0x01,
    0xF3, 0x00, 0x32, 0x08, 0x00, 0x00, 0x30, 0x0B, 0x12, 0x01, 0xEE, 0x00, 0x56, 0x08, 0x00, 0x00,
    0x30, 0x0A, 0x0D, 0x01, 0xF3, 0x00, 0x70, 0x08, 0x00, 0x00, 0x30, 0x0A, 0x12, 0x01, 0xEE, 0x00,
    0x94, 0x08, 0x00, 0x00, 0x30, 0x0B, 0x12, 0x01, 0xF3, 0x00, 0xB8, 0x08, 0x00, 0x00, 0x30, 0x0C,
    0x12, 0x00, 0xEE, 0x00, 0xDC, 0x08, 0x00, 0x00, 0x30, 0x0A, 0x12, 0x01, 0xEE, 0x00, 0x00, 0x09,
    0x00, 0x00, 0x30, 0x0A, 0x17, 0x00, 0xEE, 0x00, 0x2E, 0x09, 0x00, 0x00, 0x30, 0x0B, 0x12, 0x01,
    0xEE, 0x00, 0x52, 0x09, 0x00, 0x00, 0x30, 0x0A, 0x12, 0x01, 0xEE, 0x00, 0x76, 0x09, 0x00, 0x00,
    0x30, 0x0C, 0x0D, 0x00, 0xF3, 0x00, 0x90, 0x09, 0x00, 0x00, 0x30, 0x0C, 0x0D, 0x00, 0xF3, 0x00,
    0xAA, 0x09, 0x00, 0x00, 0x30, 0x0A, 0x0D, 0x01, 0xF3, 0x00, 0xC4, 0x09, 0x00, 0x00, 0x30, 0x0B,
    0x12, 0x00, 0xF3, 0x00, 0xE8, 0x09, 0x00, 0x00, 0x30, 0x0B, 0x12, 0x01, 0xF3, 0x00, 0x0C, 0x0A,
    0x00, 0x00, 0x30, 0x0B, 0x0D, 0x01, 0xF3, 0x00, 0x26, 0x0A, 0x00, 0x00, 0x30, 0x0A, 0x0D, 0x01,
    0xF3, 0x00, 0x40, 0x0A, 0x00, 0x00, 0x30, 0x0B, 0x12, 0x01, 0xEE, 0x00, 0x64, 0x0A, 0x00, 0x00,
    0x30, 0x0C, 0x0D, 0x00, 0xF3, 0x00, 0x7E, 0x0A, 0x00, 0x00, 0x30, 0x0C, 0x0D, 0x00, 0xF3, 0x00,
    0x98, 0x0A, 0x00, 0x00, 0x30, 0x0C, 0x0D, 0x00, 0xF3, 0x00, 0xB2, 0x0A, 0x00, 0x00, 0x30, 0x0C,
    0x0D, 0x00, 0xF3, 0x00, 0xCC, 0x0A, 0x00, 0x00, 0x30, 0x0C, 0x12, 0x00, 0xF3, 0x00, 0xF0, 0x0A,
    0x00, 0x00, 0x30, 0x0A, 0x0D, 0x01, 0xF3, 0x00, 0x0A, 0x0B, 0x00, 0x00, 0x30, 0x09, 0x19, 0x01,
    0xEB, 0x00, 0x3C, 0x0B, 0x00, 0x00, 0x30, 0x04, 0x18, 0x04, 0xEC, 0x00, 0x54, 0x0B, 0x00, 0x00,
    0x30, 0x09, 0x19, 0x02, 0xEB, 0x00, 0x86, 0x0B, 0x00, 0x00, 0x30, 0x0C, 0x06, 0x00, 0xF5, 0x00,
    0x00, 0x00, 0x00, 0x00, 0x30, 0x00, 0x00, 0x00, 0x00, 0x00, 0x92, 0x0B, 0x00, 0x00, 0x30, 0x06,
    0x12, 0x03, 0xF3, 0x00, 0xA4, 0x0B, 0x00, 0x00, 0x30, 0x0A, 0x13, 0x01, 0xF0, 0x00, 0xCA, 0x0B,
    0x00, 0x00, 0x30, 0x0A, 0x12, 0x01, 0xEE, 0x00, 0xEE, 0x0B, 0x00, 0x00, 0x30, 0x0C, 0x0B, 0x00,
    0xF2, 0x00, 0x04, 0x0C, 0x00, 0x00, 0x30, 0x0C, 0x12, 0x00, 0xEE, 0x00, 0x28, 0x0C, 0x00, 0x00,
    0x30, 0x04, 0x18, 0x04, 0xEC, 0x00, 0x40, 0x0C, 0x00, 0x00, 0x30, 0x0A, 0x18, 0x01, 0xEC, 0x00,
    0x70, 0x0C, 0x00, 0x00, 0x30, 0x0A, 0x04, 0x01, 0xED, 0x00, 0x78, 0x0C, 0x00, 0x00, 0x30, 0x0C,
    0x14, 0x00, 0xED, 0x00, 0xA0, 0x0C, 0x00, 0x00, 0x30, 0x08, 0x0D, 0x02, 0xEF, 0x00, 0xAD, 0x0C,
    0x00, 0x00, 0x30, 0x0C, 0x0D, 0x00, 0xF1, 0x00, 0xC7, 0x0C, 0x00, 0x00, 0x30, 0x0A, 0x07, 0x01,
    0xF6, 0x00, 0x59, 0x01, 0x00, 0x00, 0x30, 0x0A, 0x03, 0x01, 0xF6, 0x00, 0xD5, 0x0C, 0x00, 0x00,
    0x30, 0x0C, 0x0D, 0x00, 0xE9, 0x00, 0xEF, 0x0C, 0x00, 0x00, 0x30, 0x0A, 0x02, 0x01, 0xEE, 0x00,
    0xF3, 0x0C, 0x00, 0x00, 0x30, 0x06, 0x06, 0x03, 0xED, 0x00, 0xF9, 0x0C, 0x00, 0x00, 0x30, 0x0A,
    0x0D, 0x01, 0xF3, 0x00, 0x13, 0x0D, 0x00, 0x00, 0x30, 0x08, 0x0D, 0x02, 0xEB, 0x00, 0x20, 0x0D,
    0x00, 0x00, 0x30, 0x08, 0x0D, 0x02, 0xEB, 0x00, 0x2D, 0x0D, 0x00, 0x00, 0x30, 0x08, 0x08, 0x03,
    0xEB, 0x00, 0x35, 0x0D, 0x00, 0x00, 0x30, 0x0C, 0x12, 0x00, 0xF3, 0x00, 0x59, 0x0D, 0x00, 0x00,
    0x30, 0x0A, 0x12, 0x01, 0xEE, 0x00, 0x7D, 0x0D, 0x00, 0x00, 0x30, 0x06, 0x05, 0x03, 0xF5, 0x00,
    0x82, 0x0D, 0x00, 0x00, 0x30, 0x06, 0x06, 0x03, 0xFF, 0x00, 0x88, 0x0D, 0x00, 0x00, 0x30, 0x07,
    0x0D, 0x02, 0xEB, 0x00, 0x95, 0x0D, 0x00, 0x00, 0x30, 0x08, 0x0D, 0x02, 0xEF, 0x00, 0xA2, 0x0D,
    0x00, 0x00, 0x30, 0x0C, 0x0D, 0x00, 0xF1, 0x00, 0xBC, 0x0D, 0x00, 0x00, 0x30, 0x0A, 0x19, 0x01,
    0xEB, 0x00, 0xEE, 0x0D, 0x00, 0x00, 0x30, 0x0A, 0x19, 0x01, 0xEB, 0x00, 0x20, 0x0E, 0x00, 0x00,
    0x30, 0x0A, 0x19, 0x01, 0xEB, 0x00, 0x52, 0x0E, 0x00, 0x00, 0x30, 0x0A, 0x12, 0x01, 0xF3, 0x00,
    0x76, 0x0E, 0x00, 0x00, 0x30, 0x0C, 0x19, 0x00, 0xE7, 0x00, 0xA8, 0x0E, 0x00, 0x00, 0x30, 0x0C,
    0x19, 0x00, 0xE7, 0x00, 0xDA, 0x0E, 0x00, 0x00, 0x30, 0x0C, 0x18, 0x00, 0xE8, 0x00, 0x0A, 0x0F,
    0x00, 0x00, 0x30, 0x0C, 0x19, 0x00, 0xE7, 0x00, 0x3C, 0x0F, 0x00, 0x00, 0x30, 0x0C, 0x18, 0x00,
    0xE8, 0x00, 0x6C, 0x0F, 0x00, 0x00, 0x30, 0x0C, 0x18, 0x00, 0xE8, 0x00, 0x9C, 0x0F, 0x00, 0x00,
    0x30, 0x0B, 0x12, 0x00, 0xEE, 0x00, 0xC0, 0x0F, 0x00, 0x00, 0x30, 0x0A, 0x17, 0x01, 0xEE, 0x00,
    0xEE, 0x0F, 0x00, 0x00, 0x30, 0x0B, 0x19, 0x00, 0xE7, 0x00, 0x20, 0x10, 0x00, 0x00, 0x30, 0x0B,
    0x19, 0x00, 0xE7, 0x00, 0x52, 0x10, 0x00, 0x00, 0x30, 0x0B, 0x18, 0x00, 0xE8, 0x00, 0x82, 0x10,
    0x00, 0x00, 0x30, 0x0B, 0x18, 0x00, 0xE8, 0x00, 0xB2, 0x10, 0x00, 0x00, 0x30, 0x0A, 0x19, 0x01,
    0xE7, 0x00, 0xE4, 0x10, 0x00, 0x00, 0x30, 0x0A, 0x19, 0x01, 0xE7, 0x00, 0x16, 0x11, 0x00, 0x00,
    0x30, 0x0A, 0x18, 0x01, 0xE8, 0x00, 0x46, 0x11, 0x00, 0x00, 0x30, 0x0A, 0x18, 0x01, 0xE8, 0x00,
    0x76, 0x11, 0x00, 0x00, 0x30, 0x0B, 0x12, 0x00, 0xEE, 0x00, 0x9A, 0x11, 0x00, 0x00, 0x30, 0x0C,
    0x19, 0x00, 0xE7, 0x00, 0xCC, 0x11, 0x00, 0x00, 0x30, 0x0A, 0x18, 0x01, 0xE8, 0x00, 0xFC, 0x11,
    0x00, 0x00, 0x30, 0x0A, 0x18, 0x01, 0xE8, 0x00, 0x2C, 0x12, 0x00, 0x00, 0x30, 0x0A, 0x19, 0x01,
    0xE7, 0x00, 0x5E, 0x12, 0x00, 0x00, 0x30, 0x0A, 0x19, 0x01, 0xE7, 0x00, 0x90, 0x12, 0x00, 0x00,
    0x30, 0x0A, 0x18, 0x01, 0xE8, 0x00, 0xC0, 0x12, 0x00, 0x00, 0x30, 0x0C, 0x0D, 0x00, 0xF1, 0x00,
    0xDA, 0x12, 0x00, 0x00, 0x30, 0x0A, 0x16, 0x01, 0xEC, 0x00, 0x06, 0x13, 0x00, 0x00, 0x30, 0x0C,
    0x19, 0x00, 0xE7, 0x00, 0x38, 0x13, 0x00, 0x00, 0x30, 0x0C, 0x19, 0x00, 0xE7, 0x00, 0x6A, 0x13,
    0x00, 0x00, 0x30, 0x0C, 0x19, 0x00, 0xE7, 0x00, 0x9C, 0x13, 0x00, 0x00, 0x30, 0x0C, 0x18, 0x00,
    0xE8, 0x00, 0xCC, 0x13, 0x00, 0x00, 0x30, 0x0C, 0x19, 0x00, 0xE7, 0x00, 0xFE, 0x13, 0x00, 0x00,
    0x30, 0x0A, 0x12, 0x01, 0xEE, 0x00, 0x22, 0x14, 0x00, 0x00, 0x30, 0x0B, 0x12, 0x00, 0xEE, 0x00,
    0x46, 0x14, 0x00, 0x00, 0x30, 0x0B, 0x13, 0x01, 0xED, 0x00, 0x6C, 0x14, 0x00, 0x00, 0x30, 0x0B,
    0x13, 0x01, 0xED, 0x00, 0x92, 0x14, 0x00, 0x00, 0x30, 0x0B, 0x13, 0x01, 0xED, 0x00, 0xB8, 0x14,
    0x00, 0x00, 0x30, 0x0B, 0x14, 0x01, 0xEC, 0x00, 0xE0, 0x14, 0x00, 0x00, 0x30, 0x0B, 0x12, 0x01,
    0xEE, 0x00, 0x04, 0x15, 0x00, 0x00, 0x30, 0x0B, 0x12, 0x01, 0xEE, 0x00, 0x28, 0x15, 0x00, 0x00,
    0x30, 0x0C, 0x0D, 0x00, 0xF3, 0x00, 0x42, 0x15, 0x00, 0x00, 0x30, 0x0A, 0x12, 0x01, 0xF3, 0x00,
    0x66, 0x15, 0x00, 0x00, 0x30, 0x0A, 0x13, 0x01, 0xED, 0x00, 0x8C, 0x15, 0x00, 0x00, 0x30, 0x0A,
    0x13, 0x01, 0xED, 0x00, 0xB2, 0x15, 0x00, 0x00, 0x30, 0x0A, 0x13, 0x01, 0xED, 0x00, 0xD8, 0x15,
    0x00, 0x00, 0x30, 0x0A, 0x12, 0x01, 0xEE, 0x00, 0xFC, 0x15, 0x00, 0x00, 0x30, 0x0A, 0x14, 0x01,
    0xEC, 0x00, 0x24, 0x16, 0x00, 0x00, 0x30, 0x0A, 0x14, 0x01, 0xEC, 0x00, 0x4C, 0x16, 0x00, 0x00,
    0x30, 0x0A, 0x13, 0x01, 0xED, 0x00, 0x72, 0x16, 0x00, 0x00, 0x30, 0x0A, 0x12, 0x01, 0xEE, 0x00,
    0x96, 0x16, 0x00, 0x00, 0x30, 0x0A, 0x13, 0x01, 0xED, 0x00, 0xBC, 0x16, 0x00, 0x00, 0x30, 0x0C,
    0x14, 0x00, 0xEC, 0x00, 0xE4, 0x16, 0x00, 0x00, 0x30, 0x0A, 0x13, 0x01, 0xED, 0x00, 0x0A, 0x17,
    0x00, 0x00, 0x30, 0x0A, 0x13, 0x01, 0xED, 0x00, 0x30, 0x17, 0x00, 0x00, 0x30, 0x0A, 0x13, 0x01,
    0xED, 0x00, 0x56, 0x17, 0x00, 0x00, 0x30, 0x0A, 0x14, 0x01, 0xEC, 0x00, 0x7E, 0x17, 0x00, 0x00,
    0x30, 0x0A, 0x12, 0x01, 0xEE, 0x00, 0xA2, 0x17, 0x00, 0x00, 0x30, 0x0A, 0x0D, 0x01, 0xF1, 0x00,
    0xBC, 0x17, 0x00, 0x00, 0x30, 0x0A, 0x0F, 0x01, 0xF2, 0x00, 0xDA, 0x17, 0x00, 0x00, 0x30, 0x0C,
    0x14, 0x00, 0xEC, 0x00, 0x02, 0x18, 0x00, 0x00, 0x30, 0x0C, 0x14, 0x00, 0xEC, 0x00, 0x2A, 0x18,
    0x00, 0x00, 0x30, 0x0C, 0x13, 0x00, 0xED, 0x00, 0x50, 0x18, 0x00, 0x00, 0x30, 0x0C, 0x12, 0x00,
    0xEE, 0x00, 0x74, 0x18, 0x00, 0x00, 0x30, 0x0C, 0x19, 0x00, 0xEC, 0x00, 0xA6, 0x18, 0x00, 0x00,
    0x30, 0x0B, 0x17, 0x00, 0xEE, 0x00, 0xD4, 0x18, 0x00, 0x00, 0x30, 0x0C, 0x17, 0x00, 0xEE, 0x00,
    0x02, 0x19, 0x00, 0x00, 0x30, 0x0C, 0x17, 0x00, 0xE9, 0x00, 0x30, 0x19, 0x00, 0x00, 0x30, 0x0B,
    0x11, 0x01, 0xEF, 0x00, 0x52, 0x19, 0x00, 0x00, 0x30, 0x0C, 0x18, 0x00, 0xE8, 0x00, 0x82, 0x19,
    0x00, 0x00, 0x30, 0x0B, 0x12, 0x01, 0xEE, 0x00, 0xA6, 0x19, 0x00, 0x00, 0x30, 0x0C, 0x18, 0x00,
    0xEE, 0x00, 0xD6, 0x19, 0x00, 0x00, 0x30, 0x0B, 0x13, 0x01, 0xF3, 0x00, 0xFC, 0x19, 0x00, 0x00,
    0x30, 0x0A, 0x18, 0x01, 0xE8, 0x00, 0x2C, 0x1A, 0x00, 0x00, 0x30, 0x0A, 0x13, 0x01, 0xED, 0x00,
    0x52, 0x1A, 0x00, 0x00, 0x30, 0x0A, 0x19, 0x01, 0xE7, 0x00, 0x84, 0x1A, 0x00, 0x00, 0x30, 0x0A,
    0x13, 0x01, 0xED, 0x00, 0xAA, 0x1A, 0x00, 0x00, 0x30, 0x0A, 0x18, 0x01, 0xE8, 0x00, 0xDA, 0x1A,
    0x00, 0x00, 0x30, 0x0A, 0x12, 0x01, 0xEE, 0x00, 0xFE, 0x1A, 0x00, 0x00, 0x30, 0x0A, 0x19, 0x01,
    0xE7, 0x00, 0x30, 0x1B, 0x00, 0x00, 0x30, 0x0A, 0x14, 0x01, 0xEC, 0x00, 0x58, 0x1B, 0x00, 0x00,
    0x30, 0x0B, 0x19, 0x00, 0xE7, 0x00, 0x8A, 0x1B, 0x00, 0x00, 0x30, 0x0D, 0x13, 0x01, 0xED, 0x00,
    0x76, 0x11, 0x00, 0x00, 0x30, 0x0B, 0x12, 0x00, 0xEE, 0x00, 0xB0, 0x1B, 0x00, 0x00, 0x30, 0x0B,
    0x12, 0x01, 0xEE, 0x00, 0xD4, 0x1B, 0x00, 0x00, 0x30, 0x0B, 0x17, 0x00, 0xE9, 0x00, 0x02, 0x1C,
    0x00, 0x00, 0x30, 0x0A, 0x12, 0x01, 0xEE, 0x00, 0x26, 0x1C, 0x00, 0x00, 0x30, 0x0B, 0x18, 0x00,
    0xE8, 0x00, 0x56, 0x1C, 0x00, 0x00, 0x30, 0x0A, 0x12, 0x01, 0xEE, 0x00, 0x7A, 0x1C, 0x00, 0x00,
    0x30, 0x0B, 0x18, 0x00, 0xE8, 0x00, 0xAA, 0x1C, 0x00, 0x00, 0x30, 0x0A, 0x12, 0x01, 0xEE, 0x00,
    0xCE, 0x1C, 0x00, 0x00, 0x30, 0x0B, 0x18, 0x00, 0xEE, 0x00, 0xFE, 0x1C, 0x00, 0x00, 0x30, 0x0A,
    0x13, 0x01, 0xF3, 0x00, 0x24, 0x1D, 0x00, 0x00, 0x30, 0x0B, 0x19, 0x00, 0xE7, 0x00, 0x56, 0x1D,
    0x00, 0x00, 0x30, 0x0A, 0x14, 0x01, 0xEC, 0x00, 0x7E, 0x1D, 0x00, 0x00, 0x30, 0x0A, 0x19, 0x01,
    0xE7, 0x00, 0xB0, 0x1D, 0x00, 0x00, 0x30, 0x0B, 0x18, 0x01, 0xED, 0x00, 0xE0, 0x1D, 0x00, 0x00,
    0x30, 0x0A, 0x18, 0x01, 0xE8, 0x00, 0x10, 0x1E, 0x00, 0x00, 0x30, 0x0B, 0x17, 0x01, 0xEE, 0x00,
    0x3E, 0x1E, 0x00, 0x00, 0x30, 0x0A, 0x18, 0x01, 0xE8, 0x00, 0x6E, 0x1E, 0x00, 0x00, 0x30, 0x0B,
    0x17, 0x01, 0xEE, 0x00, 0x9C, 0x1E, 0x00, 0x00, 0x30, 0x0A, 0x19, 0x01, 0xEE, 0x00, 0xCE, 0x1E,
    0x00, 0x00, 0x30, 0x0B, 0x19, 0x01, 0xEC, 0x00, 0x00, 0x1F, 0x00, 0x00, 0x30, 0x0C, 0x18, 0x00,
    0xE8, 0x00, 0x30, 0x1F, 0x00, 0x00, 0x30, 0x0D, 0x18, 0xFF, 0xE8, 0x00, 0x60, 0x1F, 0x00, 0x00,
    0x30, 0x0C, 0x12, 0x00, 0xEE, 0x00, 0x84, 0x1F, 0x00, 0x00, 0x30, 0x0C, 0x12, 0x00, 0xEE, 0x00,
    0xA8, 0x1F, 0x00, 0x00, 0x30, 0x0A, 0x19, 0x01, 0xE7, 0x00, 0xDA, 0x1F, 0x00, 0x00, 0x30, 0x0A,
    0x14, 0x01, 0xEC, 0x00, 0x02, 0x20, 0x00, 0x00, 0x30, 0x0A, 0x17, 0x01, 0xE9, 0x00, 0x30, 0x20,
    0x00, 0x00, 0x30, 0x0A, 0x11, 0x01, 0xEF, 0x00, 0x52, 0x20, 0x00, 0x00, 0x30, 0x0A, 0x18, 0x01,
    0xE8, 0x00, 0x82, 0x20, 0x00, 0x00, 0x30, 0x0A, 0x12, 0x01, 0xEE, 0x00, 0xA6, 0x20, 0x00, 0x00,
    0x30, 0x0A, 0x18, 0x01, 0xEE, 0x00, 0xD6, 0x20, 0x00, 0x00, 0x30, 0x0A, 0x18, 0x01, 0xEE, 0x00,
    0x06, 0x21, 0x00, 0x00, 0x30, 0x0A, 0x18, 0x01, 0xE8, 0x00, 0x36, 0x21, 0x00, 0x00, 0x30, 0x0A,
    0x0D, 0x01, 0xF3, 0x00, 0x50, 0x21, 0x00, 0x00, 0x30, 0x0B, 0x12, 0x00, 0xEE, 0x00, 0x74, 0x21,
    0x00, 0x00, 0x30, 0x0C, 0x17, 0x00, 0xEE, 0x00, 0xA2, 0x21, 0x00, 0x00, 0x30, 0x0B, 0x19, 0x01,
    0xE7, 0x00, 0xD4, 0x21, 0x00, 0x00, 0x30, 0x0B, 0x19, 0x00, 0xEC, 0x00, 0x06, 0x22, 0x00, 0x00,
    0x30, 0x0B, 0x19, 0x01, 0xEE, 0x00, 0x38, 0x22, 0x00, 0x00, 0x30, 0x0B, 0x19, 0x01, 0xEE, 0x00,
    0x6A, 0x22, 0x00, 0x00, 0x30, 0x0B, 0x0D, 0x01, 0xF3, 0x00, 0x84, 0x22, 0x00, 0x00, 0x30, 0x0A,
    0x19, 0x01, 0xE7, 0x00, 0xB6, 0x22, 0x00, 0x00, 0x30, 0x0A, 0x19, 0x01, 0xE7, 0x00, 0xE8, 0x22,
    0x00, 0x00, 0x30, 0x0A, 0x19, 0x01, 0xEE, 0x00, 0x1A, 0x23, 0x00, 0x00, 0x30, 0x0A, 0x19, 0x01,
    0xEE, 0x00, 0x4C, 0x23, 0x00, 0x00, 0x30, 0x0A, 0x13, 0x01, 0xED, 0x00, 0x72, 0x23, 0x00, 0x00,
    0x30, 0x0B, 0x13, 0x01, 0xED, 0x00, 0x98, 0x23, 0x00, 0x00, 0x30, 0x0A, 0x12, 0x01, 0xEE, 0x00,
    0xBC, 0x23, 0x00, 0x00, 0x30, 0x0C, 0x12, 0x00, 0xEE, 0x00, 0xE0, 0x23, 0x00, 0x00, 0x30, 0x0B,
    0x12, 0x00, 0xEE, 0x00, 0x04, 0x24, 0x00, 0x00, 0x30, 0x0A, 0x12, 0x01, 0xEE, 0x00, 0x28, 0x24,
    0x00, 0x00, 0x30, 0x0C, 0x19, 0x00, 0xE7, 0x00, 0x5A, 0x24, 0x00, 0x00, 0x30, 0x0C, 0x14, 0x00,
    0xEC, 0x00, 0x82, 0x24, 0x00, 0x00, 0x30, 0x0C, 0x19, 0x00, 0xEE, 0x00, 0xB4, 0x24, 0x00, 0x00,
    0x30, 0x0C, 0x14, 0x00, 0xF3, 0x00, 0xDC, 0x24, 0x00, 0x00, 0x30, 0x0C, 0x19, 0x00, 0xE7, 0x00,
    0x0E, 0x25, 0x00, 0x00, 0x30, 0x0C, 0x14, 0x00, 0xEC, 0x00, 0x36, 0x25, 0x00, 0x00, 0x30, 0x0E,
    0x13, 0xFE, 0xED, 0x00, 0x5C, 0x25, 0x00, 0x00, 0x30, 0x0B, 0x12, 0x00, 0xEE, 0x00, 0x80, 0x25,
    0x00, 0x00, 0x30, 0x0B, 0x12, 0x00, 0xF3, 0x00, 0xA4, 0x25, 0x00, 0x00, 0x30, 0x0A, 0x17, 0x01,
    0xE9, 0x00, 0xD2, 0x25, 0x00, 0x00, 0x30, 0x0A, 0x12, 0x01, 0xEE, 0x00, 0xF6, 0x25, 0x00, 0x00,
    0x30, 0x0A, 0x18, 0x01, 0xE8, 0x00, 0x26, 0x26, 0x00, 0x00, 0x30, 0x0A, 0x12, 0x01, 0xEE, 0x00,
    0x4A, 0x26, 0x00, 0x00, 0x30, 0x0B, 0x18, 0x01, 0xE8, 0x00, 0x7A, 0x26, 0x00, 0x00, 0x30, 0x0B,
    0x13, 0x01, 0xED, 0x00, 0xA0, 0x26, 0x00, 0x00, 0x30, 0x0B, 0x12, 0x00, 0xEE, 0x00, 0xC4, 0x26,
    0x00, 0x00, 0x30, 0x0C, 0x0D, 0x00, 0xF3, 0x00, 0xDE, 0x26, 0x00, 0x00, 0x30, 0x0C, 0x19, 0x00,
    0xE7, 0x00, 0x10, 0x27, 0x00, 0x00, 0x30, 0x0B, 0x14, 0x01, 0xEC, 0x00, 0x38, 0x27, 0x00, 0x00,
    0x30, 0x0C, 0x19, 0x00, 0xEE, 0x00, 0x6A, 0x27, 0x00, 0x00, 0x30, 0x0B, 0x14, 0x01, 0xF3, 0x00,
    0x92, 0x27, 0x00, 0x00, 0x30, 0x0C, 0x19, 0x00, 0xE7, 0x00, 0xC4, 0x27, 0x00, 0x00, 0x30, 0x0B,
    0x14, 0x01, 0xEC, 0x00, 0xEC, 0x27, 0x00, 0x00, 0x30, 0x0A, 0x18, 0x01, 0xE8, 0x00, 0x1C, 0x28,
    0x00, 0x00, 0x30, 0x0A, 0x13, 0x01, 0xED, 0x00, 0x42, 0x28, 0x00, 0x00, 0x30, 0x0A, 0x19, 0x01,
    0xE7, 0x00, 0x74, 0x28, 0x00, 0x00, 0x30, 0x0A, 0x13, 0x01, 0xED, 0x00, 0x9A, 0x28, 0x00, 0x00,
    0x30, 0x0A, 0x17, 0x01, 0xEE, 0x00, 0xC8, 0x28, 0x00, 0x00, 0x30, 0x0A, 0x12, 0x01, 0xF3, 0x00,
    0xEC, 0x28, 0x00, 0x00, 0x30, 0x0A, 0x19, 0x01, 0xE7, 0x00, 0x1E, 0x29, 0x00, 0x00, 0x30, 0x0A,
    0x14, 0x01, 0xEC, 0x00, 0x46, 0x29, 0x00, 0x00, 0x30, 0x0A, 0x17, 0x01, 0xEE, 0x00, 0x74, 0x29,
    0x00, 0x00, 0x30, 0x0B, 0x17, 0x01, 0xEE, 0x00, 0xA2, 0x29, 0x00, 0x00, 0x30, 0x0A, 0x19, 0x01,
    0xE7, 0x00, 0xD4, 0x29, 0x00, 0x00, 0x30, 0x0B, 0x13, 0x01, 0xED, 0x00, 0xFA, 0x29, 0x00, 0x00,
    0x30, 0x0A, 0x12, 0x01, 0xEE, 0x00, 0x1E, 0x2A, 0x00, 0x00, 0x30, 0x0B, 0x12, 0x01, 0xEE, 0x00,
    0x42, 0x2A, 0x00, 0x00, 0x30, 0x0C, 0x19, 0x00, 0xE7, 0x00, 0x74, 0x2A, 0x00, 0x00, 0x30, 0x0C,
    0x14, 0x00, 0xEC, 0x00, 0x9C, 0x2A, 0x00, 0x00, 0x30, 0x0C, 0x17, 0x00, 0xE9, 0x00, 0xCA, 0x2A,
    0x00, 0x00, 0x30, 0x0C, 0x11, 0x00, 0xEF, 0x00, 0xEC, 0x2A, 0x00, 0x00, 0x30, 0x0C, 0x18, 0x00,
    0xE8, 0x00, 0x1C, 0x2B, 0x00, 0x00, 0x30, 0x0C, 0x12, 0x00, 0xEE, 0x00, 0x40, 0x2B, 0x00, 0x00,
    0x30, 0x0C, 0x19, 0x00, 0xE7, 0x00, 0x72, 0x2B, 0x00, 0x00, 0x30, 0x0C, 0x12, 0x00, 0xEE, 0x00,
    0x96, 0x2B, 0x00, 0x00, 0x30, 0x0C, 0x19, 0x00, 0xE7, 0x00, 0xC8, 0x2B, 0x00, 0x00, 0x30, 0x0C,
    0x14, 0x00, 0xEC, 0x00, 0xF0, 0x2B, 0x00, 0x00, 0x30, 0x0C, 0x17, 0x00, 0xEE, 0x00, 0x1E, 0x2C,
    0x00, 0x00, 0x30, 0x0C, 0x13, 0x00, 0xF3, 0x00, 0x44, 0x2C, 0x00, 0x00, 0x30, 0x0C, 0x18, 0x00,
    0xE8, 0x00, 0x74, 0x2C, 0x00, 0x00, 0x30, 0x0C, 0x13, 0x00, 0xED, 0x00, 0x9A, 0x2C, 0x00, 0x00,
    0x30, 0x0C, 0x18, 0x00, 0xE8, 0x00, 0xCA, 0x2C, 0x00, 0x00, 0x30, 0x0C, 0x18, 0x00, 0xED, 0x00,
    0xFA, 0x2C, 0x00, 0x00, 0x30, 0x0C, 0x18, 0x00, 0xE8, 0x00, 0x2A, 0x2D, 0x00, 0x00, 0x30, 0x0A,
    0x19, 0x01, 0xE7, 0x00, 0x5C, 0x2D, 0x00, 0x00, 0x30, 0x0A, 0x14, 0x01, 0xEC, 0x00, 0x84, 0x2D,
    0x00, 0x00, 0x30, 0x0A, 0x18, 0x01, 0xE8, 0x00, 0xB4, 0x2D, 0x00, 0x00, 0x30, 0x0A, 0x12, 0x01,
    0xEE, 0x00, 0xD8, 0x2D, 0x00, 0x00, 0x30, 0x0A, 0x19, 0x01, 0xE7, 0x00, 0x0A, 0x2E, 0x00, 0x00,
    0x30, 0x0A, 0x14, 0x01, 0xEC, 0x00, 0x32, 0x2E, 0x00, 0x00, 0x30, 0x0A, 0x12, 0x01, 0xEE, 0x00,
    0x00, 0x00, 0x00, 0x00, 0x30, 0x00, 0x00, 0x00, 0x00, 0x00, 0x00, 0x00, 0x00, 0x00, 0x60, 0x00,
    0x00, 0x00, 0x00, 0x00, 0x00, 0x00, 0x00, 0x00, 0x30, 0x00, 0x00, 0x00, 0x00, 0x00, 0x00, 0x00,
    0x00, 0x00, 0x60, 0x00, 0x00, 0x00, 0x00, 0x00, 0x00, 0x00, 0x00, 0x00, 0x30, 0x00, 0x00, 0x00,
    0x00, 0x00, 0x00, 0x00, 0x00, 0x00, 0x30, 0x00, 0x00, 0x00, 0x00, 0x00, 0x00, 0x00, 0x00, 0x00,
    0x30, 0x00, 0x00, 0x00, 0x00, 0x00, 0x00, 0x00, 0x00, 0x00, 0x30, 0x00, 0x00, 0x00, 0x00, 0x00,
    0x00, 0x00, 0x00, 0x00, 0x30, 0x00, 0x00, 0x00, 0x00, 0x00, 0x00, 0x00, 0x00, 0x00, 0x30, 0x00,
    0x00, 0x00, 0x00, 0x00, 0x00, 0x00, 0x00, 0x00, 0x30, 0x00, 0x00, 0x00, 0x00, 0x00, 0x00, 0x00,
    0x00, 0x00, 0x00, 0x00, 0x00, 0x00, 0x00, 0x00, 0x56, 0x2E, 0x00, 0x00, 0x00, 0x08, 0x1F, 0xFC,
    0xE6, 0x00, 0x75, 0x2E, 0x00, 0x00, 0x00, 0x08, 0x1E, 0xFC, 0xE7, 0x00, 0x00, 0x00, 0x00, 0x00,
    0x30, 0x00, 0x00, 0x00, 0x00, 0x00, 0x00, 0x00, 0x00, 0x00, 0x30, 0x00, 0x00, 0x00, 0x00, 0x00,
    0x59, 0x01, 0x00, 0x00, 0x30, 0x0A, 0x03, 0x01, 0xF6, 0x00, 0x59, 0x01, 0x00, 0x00, 0x30, 0x0A,
    0x03, 0x01, 0xF6, 0x00, 0x59, 0x01, 0x00, 0x00, 0x30, 0x0A, 0x03, 0x01, 0xF6, 0x00, 0x93, 0x2E,
    0x00, 0x00, 0x30, 0x0C, 0x03, 0x00, 0xF6, 0x00, 0x99, 0x2E, 0x00, 0x00, 0x60, 0x18, 0x03, 0x00,
    0xF6, 0x00, 0x99, 0x2E, 0x00, 0x00, 0x60, 0x18, 0x03, 0x00, 0xF6, 0x00, 0xA2, 0x2E, 0x00, 0x00,
    0x30, 0x08, 0x18, 0x02, 0xEC, 0x00, 0xBA, 0x2E, 0x00, 0x00, 0x30, 0x0A, 0x06, 0x01, 0x00, 0x00,
    0xC6, 0x2E, 0x00, 0x00, 0x30, 0x06, 0x09, 0x03, 0xEC, 0x00, 0xCF, 0x2E, 0x00, 0x00, 0x30, 0x06,
    0x0A, 0x03, 0xEC, 0x00, 0xD9, 0x2E, 0x00, 0x00, 0x30, 0x06, 0x0A, 0x03, 0xFB, 0x00, 0xE3, 0x2E,
    0x00, 0x00, 0x30, 0x06, 0x0A, 0x03, 0xEC, 0x00, 0xED, 0x2E, 0x00, 0x00, 0x30, 0x0B, 0x09, 0x01,
    0xEC, 0x00, 0xFF, 0x2E, 0x00, 0x00, 0x30, 0x0B, 0x0A, 0x00, 0xEC, 0x00, 0x13, 0x2F, 0x00, 0x00,
    0x30, 0x0B, 0x0A, 0x00, 0xFB, 0x00, 0x27, 0x2F, 0x00, 0x00, 0x30, 0x0B, 0x0A, 0x01, 0xEC, 0x00,
    0x3B, 0x2F, 0x00, 0x00, 0x30, 0x0A, 0x18, 0x01, 0xEC, 0x00, 0x6B, 0x2F, 0x00, 0x00, 0x30, 0x0A,
    0x18, 0x01, 0xEC, 0x00, 0x9B, 0x2F, 0x00, 0x00, 0x30, 0x08, 0x08, 0x02, 0xF3, 0x00, 0xA3, 0x2F,
    0x00, 0x00, 0x30, 0x09, 0x0A, 0x02, 0xF3, 0x00, 0x5F, 0x01, 0x00, 0x00, 0x60, 0x06, 0x05, 0x09,
    0xFB, 0x00, 0xB7, 0x2F, 0x00, 0x00, 0x60, 0x12, 0x05, 0x03, 0xFB, 0x00, 0xC6, 0x2F, 0x00, 0x00,
    0x60, 0x16, 0x05, 0x01, 0xFB, 0x00, 0x7D, 0x0D, 0x00, 0x00, 0x30, 0x06, 0x05, 0x03, 0xF5, 0x00,
    0x00, 0x00, 0x00, 0x00, 0x00, 0x00, 0x00, 0x00, 0x00, 0x00, 0x00, 0x00, 0x00, 0x00, 0x00, 0x00,
    0x00, 0x00, 0x00, 0x00, 0x00, 0x00, 0x00, 0x00, 0x30, 0x00, 0x00, 0x00, 0x00, 0x00, 0x00, 0x00,
    0x00, 0x00, 0x30, 0x00, 0x00, 0x00, 0x00, 0x00, 0x00, 0x00, 0x00, 0x00, 0x30, 0x00, 0x00, 0x00,
    0x00, 0x00, 0x00, 0x00, 0x00, 0x00, 0x30, 0x00, 0x00, 0x00, 0x00, 0x00, 0x00, 0x00, 0x00, 0x00,
    0x30, 0x00, 0x00, 0x00, 0x00, 0x00, 0x00, 0x00, 0x00, 0x00, 0x30, 0x00, 0x00, 0x00, 0x00, 0x00,
    0xD5, 0x2F, 0x00, 0x00, 0x60, 0x11, 0x12, 0x04, 0xEE, 0x00, 0x0B, 0x30, 0x00, 0x00, 0x60, 0x17,
    0x12, 0x01, 0xEE, 0x00, 0x41, 0x30, 0x00, 0x00, 0x30, 0x06, 0x09, 0x03, 0xEC, 0x00, 0x4A, 0x30,
    0x00, 0x00, 0x30, 0x0B, 0x09, 0x01, 0xEC, 0x00, 0x5C, 0x30, 0x00, 0x00, 0x30, 0x0D, 0x09, 0x00,
    0xEC, 0x00, 0x6E, 0x30, 0x00, 0x00, 0x30, 0x06, 0x09, 0x03, 0xEC, 0x00, 0x77, 0x30, 0x00, 0x00,
    0x30, 0x0B, 0x09, 0x00, 0xEC, 0x00, 0x89, 0x30, 0x00, 0x00, 0x30, 0x0D, 0x09, 0xFF, 0xEC, 0x00,
    0xC2, 0x07, 0x00, 0x00, 0x30, 0x0C, 0x08, 0x00, 0xFE, 0x00, 0x9B, 0x30, 0x00, 0x00, 0x30, 0x06,
    0x0D, 0x03, 0xF1, 0x00, 0xA8, 0x30, 0x00, 0x00, 0x30, 0x06, 0x0D, 0x03, 0xF1, 0x00, 0xB5, 0x30,
    0x00, 0x00, 0x60, 0x18, 0x17, 0x00, 0xEC, 0x00, 0xFA, 0x30, 0x00, 0x00, 0x30, 0x0A, 0x12, 0x01,
    0xEE, 0x00, 0x1E, 0x31, 0x00, 0x00, 0x30, 0x0D, 0x12, 0x00, 0xEE, 0x00, 0x59, 0x01, 0x00, 0x00,
    0x30, 0x0A, 0x03, 0x01, 0xED, 0x00, 0x42, 0x31, 0x00, 0x00, 0x30, 0x0A, 0x04, 0x01, 0xFE, 0x00,
    0x4A, 0x31, 0x00, 0x00, 0x30, 0x0A, 0x05, 0x01, 0xEB, 0x00, 0x54, 0x31, 0x00, 0x00, 0x30, 0x0C,
    0x0C, 0x00, 0xFA, 0x00, 0x6C, 0x31, 0x00, 0x00, 0x60, 0x18, 0x16, 0x00, 0xED, 0x00, 0x59, 0x01,
    0x00, 0x00, 0x30, 0x0A, 0x03, 0x01, 0xF6, 0x00, 0x64, 0x01, 0x00, 0x00, 0x30, 0x0A, 0x18, 0x01,
    0xEC, 0x00, 0xAE, 0x31, 0x00, 0x00, 0x30, 0x08, 0x18, 0x02, 0xEC, 0x00, 0xC6, 0x31, 0x00, 0x00,
    0x30, 0x08, 0x18, 0x02, 0xEC, 0x00, 0xDE, 0x31, 0x00, 0x00, 0x30, 0x0C, 0x12, 0x00, 0xEE, 0x00,
    0x02, 0x32, 0x00, 0x00, 0x30, 0x0B, 0x12, 0x00, 0xEE, 0x00, 0x26, 0x32, 0x00, 0x00, 0x30, 0x0B,
    0x12, 0x01, 0xEE, 0x00, 0x4A, 0x32, 0x00, 0x00, 0x30, 0x0A, 0x0E, 0x01, 0xF2, 0x00, 0x66, 0x32,
    0x00, 0x00, 0x30, 0x0A, 0x12, 0x01, 0xEE, 0x00, 0x8A, 0x32, 0x00, 0x00, 0x30, 0x0A, 0x0A, 0x01,
    0xF3, 0x00, 0x9E, 0x32, 0x00, 0x00, 0x30, 0x0A, 0x0A, 0x01, 0xF3, 0x00, 0x24, 0x01, 0x00, 0x00,
    0x30, 0x0C, 0x0B, 0x00, 0xF6, 0x00, 0xB2, 0x32, 0x00, 0x00, 0x30, 0x06, 0x13, 0x03, 0xF3, 0x00,
    0xC5, 0x32, 0x00, 0x00, 0x30, 0x0A, 0x16, 0x01, 0xEC, 0x00, 0xF1, 0x32, 0x00, 0x00, 0x30, 0x0C,
    0x16, 0x00, 0xED, 0x00, 0x1D, 0x33, 0x00, 0x00, 0x30, 0x0A, 0x12, 0x01, 0xEE, 0x00, 0x41, 0x33,
    0x00, 0x00, 0x60, 0x18, 0x07, 0x00, 0xF5, 0x00, 0x4A, 0x31, 0x00, 0x00, 0x30, 0x0A, 0x05, 0x01,
    0xFD, 0x00, 0x56, 0x33, 0x00, 0x00, 0x30, 0x0C, 0x0B, 0x00, 0xEB, 0x00, 0x6C, 0x33, 0x00, 0x00,
    0x30, 0x0A, 0x0D, 0x01, 0xF3, 0x00, 0x86, 0x33, 0x00, 0x00, 0x30, 0x10, 0x09, 0xFE, 0xEC, 0x00,
    0x98, 0x33, 0x00, 0x00, 0x30, 0x0C, 0x0D, 0x00, 0xF3, 0x00, 0xB2, 0x33, 0x00, 0x00, 0x30, 0x0C,
    0x0D, 0x00, 0xF3, 0x00, 0xCC, 0x33, 0x00, 0x00, 0x30, 0x06, 0x12, 0x03, 0xEE, 0x00, 0xDE, 0x33,
    0x00, 0x00, 0x30, 0x0C, 0x12, 0x00, 0xEE, 0x00, 0x02, 0x34, 0x00, 0x00, 0x30, 0x0C, 0x0D, 0x00,
    0xF3, 0x00, 0x1C, 0x34, 0x00, 0x00, 0x30, 0x04, 0x0D, 0x04, 0xF3, 0x00, 0x29, 0x34, 0x00, 0x00,
    0x30, 0x04, 0x12, 0x04, 0xF0, 0x00, 0x00, 0x00, 0x00, 0x00, 0x30, 0x00, 0x00, 0x00, 0x00, 0x00,
    0x00, 0x00, 0x00, 0x00, 0x00, 0x00, 0x00, 0x00, 0x00, 0x00, 0x00, 0x00, 0x00, 0x00, 0x00, 0x00,
    0x00, 0x00, 0x00, 0x00, 0x00, 0x00, 0x00, 0x00, 0x00, 0x00, 0x00, 0x00, 0x00, 0x00, 0x00, 0x00,
    0x00, 0x00, 0x00, 0x00, 0x00, 0x00, 0x00, 0x00, 0x00, 0x00, 0x00, 0x00, 0x00, 0x00, 0x00, 0x00,
    0x00, 0x00, 0x00, 0x00, 0x00, 0x00, 0x30, 0x00, 0x00, 0x00, 0x00, 0x00, 0x00, 0x00, 0x00, 0x00,
    0x30, 0x00, 0x00, 0x00, 0x00, 0x00, 0x00, 0x00, 0x00, 0x00, 0x30, 0x00, 0x00, 0x00, 0x00, 0x00,
    0x00, 0x00, 0x00, 0x00, 0x30, 0x00, 0x00, 0x00, 0x00, 0x00, 0x00, 0x00, 0x00, 0x00, 0x30, 0x00,
    0x00, 0x00, 0x00, 0x00, 0x00, 0x00, 0x00, 0x00, 0x30, 0x00, 0x00, 0x00, 0x00, 0x00, 0x00, 0x00,
    0x00, 0x00, 0x30, 0x00, 0x00, 0x00, 0x00, 0x00, 0x00, 0x00, 0x00, 0x00, 0x30, 0x00, 0x00, 0x00,
    0x00, 0x00, 0x00, 0x00, 0x00, 0x00, 0x30, 0x00, 0x00, 0x00, 0x00, 0x00, 0x00, 0x00, 0x00, 0x00,
    0x30, 0x00, 0x00, 0x00, 0x00, 0x00, 0x00, 0x00, 0x00, 0x00, 0x30, 0x00, 0x00, 0x00, 0x00, 0x00,
    0x3B, 0x34, 0x00, 0x00, 0x30, 0x08, 0x0D, 0x02, 0xEB, 0x00, 0x48, 0x34, 0x00, 0x00, 0x30, 0x06,
    0x0E, 0x03, 0xEA, 0x00, 0x00, 0x00, 0x00, 0x00, 0x30, 0x00, 0x00, 0x00, 0x00, 0x00, 0x00, 0x00,
    0x00, 0x00, 0x30, 0x00, 0x00, 0x00, 0x00, 0x00, 0x56, 0x34, 0x00, 0x00, 0x30, 0x08, 0x0D, 0x02,
    0xEB, 0x00, 0x63, 0x34, 0x00, 0x00, 0x30, 0x08, 0x0D, 0x02, 0xEB, 0x00, 0x70, 0x34, 0x00, 0x00,
    0x30, 0x08, 0x0D, 0x02, 0xEB, 0x00, 0x7D, 0x34, 0x00, 0x00, 0x30, 0x08, 0x0D, 0x02, 0xEB, 0x00,
    0x8A, 0x34, 0x00, 0x00, 0x30, 0x08, 0x0D, 0x02, 0xEB, 0x00, 0x97, 0x34, 0x00, 0x00, 0x30, 0x08,
    0x0D, 0x02, 0xEB, 0x00, 0xA4, 0x34, 0x00, 0x00, 0x30, 0x08, 0x08, 0x02, 0xEE, 0x00, 0xAC, 0x34,
    0x00, 0x00, 0x30, 0x08, 0x02, 0x02, 0xF1, 0x00, 0xAE, 0x34, 0x00, 0x00, 0x30, 0x08, 0x05, 0x02,
    0xF0, 0x00, 0xB3, 0x34, 0x00, 0x00, 0x30, 0x06, 0x12, 0x03, 0xE9, 0x00, 0xC5, 0x34, 0x00, 0x00,
    0x30, 0x06, 0x12, 0x03, 0xE9, 0x00, 0xD7, 0x34, 0x00, 0x00, 0x30, 0x08, 0x09, 0x02, 0xEF, 0x00,
    0xE0, 0x34, 0x00, 0x00, 0x30, 0x08, 0x0B, 0x02, 0xF7, 0x00, 0xEB, 0x34, 0x00, 0x00, 0x30, 0x07,
    0x0B, 0x02, 0xF7, 0x00, 0xF6, 0x34, 0x00, 0x00, 0x30, 0x08, 0x0B, 0x02, 0xF7, 0x00, 0x01, 0x35,
    0x00, 0x00, 0x30, 0x08, 0x0B, 0x02, 0xF7, 0x00, 0x0C, 0x35, 0x00, 0x00, 0x30, 0x08, 0x0B, 0x02,
    0xF7, 0x00, 0x17, 0x35, 0x00, 0x00, 0x30, 0x08, 0x0B, 0x02, 0xF7, 0x00, 0x22, 0x35, 0x00, 0x00,
    0x30, 0x08, 0x0B, 0x02, 0xF7, 0x00, 0x2D, 0x35, 0x00, 0x00, 0x30, 0x08, 0x0B, 0x02, 0xF7, 0x00,
    0x38, 0x35, 0x00, 0x00, 0x30, 0x08, 0x0B, 0x02, 0xF7, 0x00, 0x43, 0x35, 0x00, 0x00, 0x30, 0x08,
    0x0B, 0x02, 0xF7, 0x00, 0x4E, 0x35, 0x00, 0x00, 0x30, 0x08, 0x07, 0x02, 0xFA, 0x00, 0x55, 0x35,
    0x00, 0x00, 0x30, 0x08, 0x02, 0x02, 0xFC, 0x00, 0x57, 0x35, 0x00, 0x00, 0x30, 0x08, 0x05, 0x02,
    0xFA, 0x00, 0x5C, 0x35, 0x00, 0x00, 0x30, 0x06, 0x12, 0x03, 0xF4, 0x00, 0x6E, 0x35, 0x00, 0x00,
    0x30, 0x06, 0x12, 0x03, 0xF4, 0x00, 0x00, 0x00, 0x00, 0x00, 0x30, 0x00, 0x00, 0x00, 0x00, 0x00,
    0x80, 0x35, 0x00, 0x00, 0x30, 0x08, 0x08, 0x02, 0xFA, 0x00, 0x88, 0x35, 0x00, 0x00, 0x30, 0x08,
    0x08, 0x02, 0xFA, 0x00, 0x90, 0x35, 0x00, 0x00, 0x30, 0x08, 0x08, 0x02, 0xFA, 0x00, 0x98, 0x35,
    0x00, 0x00, 0x30, 0x08, 0x08, 0x02, 0xFA, 0x00, 0xA0, 0x35, 0x00, 0x00, 0x30, 0x08, 0x08, 0x02,
    0xFA, 0x00, 0xA8, 0x35, 0x00, 0x00, 0x30, 0x08, 0x0B, 0x02, 0xF7, 0x00, 0xB3, 0x35, 0x00, 0x00,
    0x30, 0x08, 0x0B, 0x02, 0xF7, 0x00, 0xBE, 0x35, 0x00, 0x00, 0x30, 0x06, 0x0B, 0x03, 0xF7, 0x00,
    0xC9, 0x35, 0x00, 0x00, 0x30, 0x0A, 0x08, 0x01, 0xFA, 0x00, 0xD9, 0x35, 0x00, 0x00, 0x30, 0x08,
    0x08, 0x02, 0xFA, 0x00, 0xE1, 0x35, 0x00, 0x00, 0x30, 0x08, 0x0C, 0x02, 0xFA, 0x00, 0xED, 0x35,
    0x00, 0x00, 0x30, 0x08, 0x08, 0x02, 0xFA, 0x00, 0xF5, 0x35, 0x00, 0x00, 0x30, 0x08, 0x0B, 0x02,
    0xF7, 0x00, 0x00, 0x00, 0x00, 0x00, 0x30, 0x00, 0x00, 0x00, 0x00, 0x00, 0x00, 0x00, 0x00, 0x00,
    0x30, 0x00, 0x00, 0x00, 0x00, 0x00, 0x00, 0x00, 0x00, 0x00, 0x30, 0x00, 0x00, 0x00, 0x00, 0x00,
    0x00, 0x00, 0x00, 0x00, 0x30, 0x00, 0x00, 0x00, 0x00, 0x00, 0x00, 0x36, 0x00, 0x00, 0x30, 0x0C,
    0x18, 0x00, 0xEB, 0x00, 0x00, 0x00, 0x00, 0x00, 0x30, 0x00, 0x00, 0x00, 0x00, 0x00, 0x30, 0x36,
    0x00, 0x00, 0x30, 0x0B, 0x12, 0x00, 0xEE, 0x00, 0x54, 0x36, 0x00, 0x00, 0x30, 0x0A, 0x12, 0x01,
    0xEE, 0x00, 0x78, 0x36, 0x00, 0x00, 0x30, 0x0C, 0x11, 0x00, 0xF1, 0x00, 0x9A, 0x36, 0x00, 0x00,
    0x30, 0x0C, 0x12, 0x00, 0xEE, 0x00, 0xBE, 0x36, 0x00, 0x00, 0x30, 0x0C, 0x12, 0x00, 0xEE, 0x00,
    0xE2, 0x36, 0x00, 0x00, 0x30, 0x0D, 0x12, 0xFF, 0xEE, 0x00, 0x06, 0x37, 0x00, 0x00, 0x30, 0x0C,
    0x12, 0x00, 0xEE, 0x00, 0x2A, 0x37, 0x00, 0x00, 0x30, 0x0C, 0x0D, 0x00, 0xF3, 0x00, 0x44, 0x37,
    0x00, 0x00, 0x30, 0x0B, 0x17, 0x01, 0xEE, 0x00, 0x72, 0x37, 0x00, 0x00, 0x30, 0x0B, 0x12, 0x00,
    0xEE, 0x00, 0x96, 0x37, 0x00, 0x00, 0x30, 0x0C, 0x12, 0x00, 0xEE, 0x00, 0xBA, 0x37, 0x00, 0x00,
    0x30, 0x0A, 0x12, 0x01, 0xEE, 0x00, 0xDE, 0x37, 0x00, 0x00, 0x30, 0x0D, 0x17, 0xFF, 0xEE, 0x00,
    0x00, 0x00, 0x00, 0x00, 0x30, 0x00, 0x00, 0x00, 0x00, 0x00, 0x0C, 0x38, 0x00, 0x00, 0x30, 0x0C,
    0x12, 0x00, 0xEE, 0x00, 0x30, 0x38, 0x00, 0x00, 0x30, 0x0A, 0x16, 0x01, 0xEC, 0x00, 0x5C, 0x38,
    0x00, 0x00, 0x30, 0x0C, 0x12, 0x00, 0xEE, 0x00, 0x80, 0x38, 0x00, 0x00, 0x30, 0x0C, 0x12, 0x00,
    0xEE, 0x00, 0xA4, 0x38, 0x00, 0x00, 0x30, 0x0A, 0x16, 0x01, 0xEC, 0x00, 0x00, 0x00, 0x00, 0x00,
    0x30, 0x00, 0x00, 0x00, 0x00, 0x00, 0x00, 0x00, 0x00, 0x00, 0x30, 0x00, 0x00, 0x00, 0x00, 0x00,
    0xD0, 0x38, 0x00, 0x00, 0x30, 0x0A, 0x12, 0x01, 0xEE, 0x00, 0xF4, 0x38, 0x00, 0x00, 0x30, 0x0B,
    0x12, 0x01, 0xEE, 0x00, 0x18, 0x39, 0x00, 0x00, 0x30, 0x0B, 0x12, 0x00, 0xEE, 0x00, 0x00, 0x00,
    0x00, 0x00, 0x30, 0x00, 0x00, 0x00, 0x00, 0x00, 0x3C, 0x39, 0x00, 0x00, 0x30, 0x0C, 0x11, 0x00,
    0xEF, 0x00, 0x5E, 0x39, 0x00, 0x00, 0x30, 0x0B, 0x12, 0x00, 0xEE, 0x00, 0x82, 0x39, 0x00, 0x00,
    0x30, 0x0C, 0x15, 0x00, 0xEB, 0x00, 0xAC, 0x39, 0x00, 0x00, 0x30, 0x0B, 0x18, 0x00, 0xEB, 0x00,
    0xDC, 0x39, 0x00, 0x00, 0x30, 0x0A, 0x11, 0x01, 0xF3, 0x00, 0x00, 0x00, 0x00, 0x00, 0x30, 0x00,
    0x00, 0x00, 0x00, 0x00, 0x00, 0x00, 0x00, 0x00, 0x30, 0x00, 0x00, 0x00, 0x00, 0x00, 0x00, 0x00,
    0x00, 0x00, 0x30, 0x00, 0x00, 0x00, 0x00, 0x00, 0x00, 0x00, 0x00, 0x00, 0x30, 0x00, 0x00, 0x00,
    0x00, 0x00, 0x00, 0x00, 0x00, 0x00, 0x30, 0x00, 0x00, 0x00, 0x00, 0x00, 0x00, 0x00, 0x00, 0x00,
    0x30, 0x00, 0x00, 0x00, 0x00, 0x00, 0x00, 0x00, 0x00, 0x00, 0x30, 0x00, 0x00, 0x00, 0x00, 0x00,
    0x00, 0x00, 0x00, 0x00, 0x30, 0x00, 0x00, 0x00, 0x00, 0x00, 0x00, 0x00, 0x00, 0x00, 0x30, 0x00,
    0x00, 0x00, 0x00, 0x00, 0x00, 0x00, 0x00, 0x00, 0x30, 0x00, 0x00, 0x00, 0x00, 0x00, 0x00, 0x00,
    0x00, 0x00, 0x30, 0x00, 0x00, 0x00, 0x00, 0x00, 0x00, 0x00, 0x00, 0x00, 0x30, 0x00, 0x00, 0x00,
    0x00, 0x00, 0x00, 0x00, 0x00, 0x00, 0x30, 0x00, 0x00, 0x00, 0x00, 0x00, 0x00, 0x00, 0x00, 0x00,
    0x30, 0x00, 0x00, 0x00, 0x00, 0x00, 0x00, 0x00, 0x00, 0x00, 0x30, 0x00, 0x00, 0x00, 0x00, 0x00,
    0xCF, 0xCF, 0xCF, 0xCF, 0xCF, 0xCF, 0xCF, 0xCF, 0xCF, 0xCF, 0xCF, 0xFF, 0xFF, 0xFF, 0x87, 0x87,
    0x87, 0x87, 0xFF, 0x18, 0x18, 0x18, 0x18, 0x18, 0x18, 0x18, 0x18, 0xC6, 0x3F, 0xC6, 0x3F, 0xC6,
    0x3F, 0xC6, 0x3F, 0x80, 0x1F, 0x00, 0x0F, 0x00, 0x0F, 0xC6, 0x3F, 0xC6, 0x3F, 0xC6, 0x3F, 0xC6,
    0x3F, 0xC6, 0x3F, 0x00, 0x0F, 0x00, 0x0F, 0xC6, 0x3F, 0xC6, 0x3F, 0xC6, 0x3F, 0xC6, 0x3F, 0xF3,
    0xFF, 0xF3, 0xFF, 0xF3, 0xFF, 0xF3, 0xFF, 0xC2, 0x3F, 0x80, 0x3F, 0x80, 0x3F, 0x12, 0x3F, 0x12,
    0x3F, 0x83, 0xFF, 0x83, 0xFF, 0xC3, 0xFF, 0xE0, 0xFF, 0xF0, 0x7F, 0xF0, 0x7F, 0xF2, 0x3F, 0x12,
    0x3F, 0x12, 0x3F, 0x00, 0x7F, 0x00, 0x7F, 0x10, 0xFF, 0xF3, 0xFF, 0xF3, 0xFF, 0xF3, 0xFF, 0x87,
    0x1F, 0x83, 0x1F, 0x13, 0x1F, 0x13, 0x3F, 0x13, 0x3F, 0x12, 0x3F, 0x12, 0x3F, 0x82, 0x7F, 0xC7,
    0xFF, 0xFE, 0x1F, 0xE4, 0x1F, 0xC4, 0x8F, 0xC4, 0x8F, 0xCC, 0x8F, 0xCC, 0x8F, 0x8C, 0x8F, 0x8C,
    0x1F, 0x8E, 0x1F, 0xE1, 0xFF, 0xC0, 0xFF, 0x88, 0xFF, 0x8C, 0xFF, 0x8C, 0xFF, 0x88, 0xFF, 0x80,
    0xFF, 0xC1, 0xFF, 0xC3, 0xFF, 0xC3, 0xFF, 0x81, 0x1F, 0x10, 0x3F, 0x18, 0x3F, 0x18, 0x3F, 0x1C,
    0x7F, 0x8C, 0x7F, 0x80, 0x3F, 0xC2, 0x1F, 0xFF, 0x0F, 0x0F, 0x0F, 0x0F, 0x0F, 0x9F, 0x9F, 0x9F,
    0xFD, 0xFF, 0xF8, 0xFF, 0xF0, 0xFF, 0xE1, 0xFF, 0xC3, 0xFF, 0xC7, 0xFF, 0x87, 0xFF, 0x8F, 0xFF,
    0x8F, 0xFF, 0x8F, 0xFF, 0x8F, 0xFF, 0x1F, 0xFF, 0x1F, 0xFF, 0x1F, 0xFF, 0x9F, 0xFF, 0x8F, 0xFF,
    0x8F, 0xFF, 0x8F, 0xFF, 0x8F, 0xFF, 0xC7, 0xFF, 0xC3, 0xFF, 0xE3, 0xFF, 0xF0, 0xFF, 0xF8, 0xFF,
    0xFD, 0xFF, 0xDF, 0xFF, 0x8F, 0xFF, 0x87, 0xFF, 0xC3, 0xFF, 0xE1, 0xFF, 0xF1, 0xFF, 0xF0, 0xFF,
    0xF8, 0xFF, 0xF8, 0xFF, 0xF8, 0xFF, 0xF8, 0xFF, 0xFC, 0x7F, 0xFC, 0x7F, 0xFC, 0x7F, 0xFC, 0xFF,
    0xF8, 0xFF, 0xF8, 0xFF, 0xF8, 0xFF, 0xF8, 0xFF, 0xF1, 0xFF, 0xE1, 0xFF, 0xE3, 0xFF, 0x87, 0xFF,
    0x8F, 0xFF, 0xDF, 0xFF, 0xF9, 0xFF, 0xF9, 0xFF, 0xF9, 0xFF, 0x80, 0x1F, 0x80, 0x1F, 0xE0, 0x7F,
    0xF0, 0xFF, 0xE0, 0x7F, 0xC6, 0x3F, 0xE6, 0x7F, 0xFF, 0xFF, 0xF3, 0xFF, 0xF3, 0xFF, 0xF3, 0xFF,
    0xF3, 0xFF, 0x00, 0x3F, 0x00, 0x3F, 0xF3, 0xFF, 0xF3, 0xFF, 0xF3, 0xFF, 0xF3, 0xFF, 0xCF, 0x87,
    0x87, 0x87, 0x87, 0xC7, 0xC7, 0x8F, 0x1F, 0x9F, 0xFF, 0xFF, 0xFF, 0x00, 0x3F, 0x00, 0x3F, 0xCF,
    0x87, 0x87, 0x87, 0x87, 0xFE, 0x3F, 0xFC, 0x7F, 0xFC, 0x7F, 0xFC, 0x7F, 0xFC, 0x7F, 0xF8, 0xFF,
    0xF8, 0xFF, 0xF8, 0xFF, 0xF1, 0xFF, 0xF1, 0xFF, 0xF1, 0xFF, 0xF1, 0xFF, 0xE3, 0xFF, 0xE3, 0xFF,
    0xE3, 0xFF, 0xE3, 0xFF, 0xC7, 0xFF, 0xC7, 0xFF, 0xC7, 0xFF, 0x8F, 0xFF, 0x8F, 0xFF, 0x8F, 0xFF,
    0x8F, 0xFF, 0x1F, 0xFF, 0xC0, 0xFF, 0x80, 0x7F, 0x80, 0x7F, 0x1E, 0x3F, 0x1E, 0x3F, 0x1E, 0x3F,
    0x1E, 0x3F, 0x18, 0x3F, 0x10, 0x3F, 0x02, 0x3F, 0x06, 0x3F, 0x1E, 0x3F, 0x1E, 0x3F, 0x1E, 0x3F,
    0x1E, 0x3F, 0x80, 0x7F, 0x80, 0x7F, 0xC0, 0xFF, 0xF0, 0xFF, 0xE0, 0xFF, 0xC0, 0xFF, 0x88, 0xFF,
    0x98, 0xFF, 0xF8, 0xFF, 0xF8, 0xFF, 0xF8, 0xFF, 0xF8, 0xFF, 0xF8, 0xFF, 0xF8, 0xFF, 0xF8, 0xFF,
    0xF8, 0xFF, 0xF8, 0xFF, 0xF8, 0xFF, 0xF0, 0xFF, 0xC0, 0x3F, 0xC0, 0x3F, 0xE1, 0xFF, 0x80, 0x7F,
    0x80, 0x7F, 0x0C, 0x3F, 0x1E, 0x3F, 0xFE, 0x3F, 0xFE, 0x3F, 0xFC, 0x7F, 0xF8, 0x7F, 0xF0, 0xFF,
    0xE1, 0xFF, 0xC3, 0xFF, 0x87, 0xFF, 0x8F, 0xFF, 0x8E, 0x3F, 0x8E, 0x3F, 0x00, 0x3F, 0x00, 0x3F,
    0xE1, 0xFF, 0xC0, 0x7F, 0x80, 0x7F, 0x8C, 0x7F, 0x9E, 0x3F, 0xFE, 0x3F, 0xFC, 0x7F, 0xF8, 0x7F,
    0xF0, 0xFF, 0xF0, 0xFF, 0xFC, 0x7F, 0xFE, 0x3F, 0xFE, 0x3F, 0x1E, 0x3F, 0x1E, 0x3F, 0x80, 0x7F,
    0x80, 0x7F, 0xC0, 0xFF, 0xF8, 0xFF, 0xF8, 0xFF, 0xF1, 0xFF, 0xF1, 0xFF, 0xF3, 0xFF, 0xE3, 0xFF,
    0xE7, 0xFF, 0xC7, 0xFF, 0xC4, 0x7F, 0x8C, 0x7F, 0x8C, 0x7F, 0x1C, 0x7F, 0x00, 0x3F, 0x00, 0x3F,
    0x80, 0x7F, 0xFC, 0x7F, 0xF0, 0x3F, 0xF0, 0x3F, 0x80, 0x7F, 0x80, 0x7F, 0x8C, 0x7F, 0x8E, 0x7F,
    0x8F, 0xFF, 0x8F, 0xFF, 0x81, 0xFF, 0x80, 0x7F, 0x80, 0x7F, 0x8C, 0x3F, 0xFE, 0x3F, 0xFE, 0x3F,
    0xFE, 0x3F, 0x9E, 0x3F, 0x0C, 0x3F, 0x80, 0x7F, 0x80, 0x7F, 0xE1, 0xFF, 0xF1, 0xFF, 0xF1, 0xFF,
    0xE3, 0xFF, 0xE3, 0xFF, 0xC7, 0xFF, 0xC7, 0xFF, 0x87, 0xFF, 0x80, 0xFF, 0x80, 0x7F, 0x0C, 0x7F,
    0x1E, 0x3F, 0x1E, 0x3F, 0x1E, 0x3F, 0x1E, 0x3F, 0x0C, 0x3F, 0x80, 0x7F, 0x80, 0x7F, 0xE1, 0xFF,
    0x00, 0x3F, 0x00, 0x3F, 0x1C, 0x3F, 0x1C, 0x7F, 0xFC, 0x7F, 0xFC, 0x7F, 0xF8, 0xFF, 0xF8, 0xFF,
    0xF8, 0xFF, 0xF8, 0xFF, 0xF1, 0xFF, 0xF1, 0xFF, 0xF1, 0xFF, 0xE3, 0xFF, 0xE3, 0xFF, 0xE3, 0xFF,
    0xE3, 0xFF, 0xC7, 0xFF, 0xE1, 0xFF, 0x80, 0x7F, 0x80, 0x7F, 0x8C, 0x7F, 0x8C, 0x7F, 0x8C, 0x7F,
    0x8C, 0x7F, 0xC0, 0xFF, 0xE1, 0xFF, 0xC0, 0xFF, 0x80, 0x7F, 0x8C, 0x7F, 0x1E, 0x3F, 0x1E, 0x3F,
    0x1E, 0x3F, 0x80, 0x7F, 0x80, 0x7F, 0xC0, 0xFF, 0xE1, 0xFF, 0x80, 0x7F, 0x80, 0x7F, 0x0C, 0x3F,
    0x1E, 0x3F, 0x1E, 0x3F, 0x1E, 0x3F, 0x1E, 0x3F, 0x8C, 0x3F, 0x80, 0x7F, 0xC0, 0x7F, 0xF8, 0x7F,
    0xF8, 0xFF, 0xF8, 0xFF, 0xF1, 0xFF, 0xF1, 0xFF, 0xE3, 0xFF, 0xE3, 0xFF, 0x87, 0x87, 0x87, 0x87,
    0xCF, 0xFF, 0xFF, 0xFF, 0xCF, 0x87, 0x87, 0x87, 0x87, 0x87, 0x87, 0x87, 0x87, 0xCF, 0xFF, 0xFF,
    0xFF, 0xCF, 0x87, 0x87, 0x87, 0x87, 0xC7, 0xC7, 0x8F, 0x1F, 0x9F, 0xFF, 0xFF, 0x7F, 0xFC, 0x3F,
    0xF8, 0x7F, 0xE0, 0xFF, 0xC3, 0xFF, 0x07, 0xFF, 0x1F, 0xFF, 0x0F, 0xFF, 0x83, 0xFF, 0xE1, 0xFF,
    0xF0, 0x7F, 0xFC, 0x3F, 0xFF, 0x7F, 0xFF, 0xFF, 0xFF, 0xFF, 0x00, 0x3F, 0x00, 0x3F, 0xFF, 0xFF,
    0xFF, 0xFF, 0x00, 0x3F, 0x00, 0x3F, 0xDF, 0xFF, 0x87, 0xFF, 0xC3, 0xFF, 0xE0, 0xFF, 0xF8, 0x7F,
    0xFC, 0x1F, 0xFF, 0x1F, 0xFE, 0x1F, 0xF8, 0x3F, 0xF0, 0xFF, 0xC1, 0xFF, 0x87, 0xFF, 0xDF, 0xFF,
    0xFF, 0xFF, 0xC0, 0xFF, 0x80, 0x7F, 0x80, 0x7F, 0x1E, 0x3F, 0x9E, 0x3F, 0xFC, 0x7F, 0xFC, 0x7F,
    0xF8, 0x7F, 0xF0, 0xFF, 0xF1, 0xFF, 0xF1, 0xFF, 0xF3, 0xFF, 0xFF, 0xFF, 0xFF, 0xFF, 0xE1, 0xFF,
    0xE1, 0xFF, 0xE1, 0xFF, 0xE1, 0xFF, 0xE1, 0xFF, 0x80, 0xFF, 0x80, 0x7F, 0x9E, 0x7F, 0x1E, 0x3F,
    0x18, 0x3F, 0x10, 0x3F, 0x12, 0x3F, 0x12, 0x3F, 0x12, 0x3F, 0x12, 0x3F, 0x12, 0x3F, 0x12, 0x3F,
    0x12, 0x3F, 0x12, 0x7F, 0x10, 0x7F, 0x18, 0xFF, 0x8F, 0xFF, 0x80, 0xFF, 0xC0, 0xFF, 0xFF, 0xFF,
    0xF0, 0xFF, 0xF0, 0xFF, 0xF0, 0xFF, 0xF0, 0xFF, 0xE0, 0xFF, 0xE0, 0x7F, 0xE0, 0x7F, 0xE0, 0x7F,
    0xE6, 0x7F, 0xE6, 0x7F, 0xC0, 0x3F, 0xC0, 0x3F, 0xC6, 0x3F, 0xC6, 0x3F, 0xC6, 0x3F, 0x86, 0x1F,
    0x86, 0x1F, 0x86, 0x1F, 0x80, 0xFF, 0x80, 0x7F, 0x84, 0x3F, 0x8E, 0x3F, 0x8E, 0x3F, 0x8E, 0x3F,
    0x8E, 0x3F, 0x84, 0x3F, 0x80, 0x7F, 0x80, 0x3F, 0x8E, 0x3F, 0x8F, 0x1F, 0x8F, 0x1F, 0x8F, 0x1F,
    0x8F, 0x1F, 0x84, 0x3F, 0x80, 0x3F, 0x80, 0xFF, 0xC2, 0x3F, 0x80, 0x3F, 0x80, 0x3F, 0x1E, 0x3F,
    0x1E, 0x3F, 0x1F, 0xFF, 0x1F, 0xFF, 0x1F, 0xFF, 0x1F, 0xFF, 0x1F, 0xFF, 0x1F, 0xFF, 0x1F, 0xFF,
    0x1F, 0xFF, 0x1E, 0x7F, 0x1C, 0x3F, 0x80, 0x7F, 0x80, 0x7F, 0xC1, 0xFF, 0x80, 0xFF, 0x80, 0x7F,
    0x80, 0x3F, 0x8E, 0x1F, 0x8F, 0x1F, 0x8F, 0x1F, 0x8F, 0x1F, 0x8F, 0x1F, 0x8F, 0x1F, 0x8F, 0x1F,
    0x8F, 0x1F, 0x8F, 0x1F, 0x8F, 0x1F, 0x8F, 0x1F, 0x8E, 0x1F, 0x80, 0x3F, 0x80, 0x7F, 0x80, 0xFF,
    0x80, 0x1F, 0x80, 0x1F, 0x87, 0x1F, 0xC7, 0x1F, 0xC7, 0xFF, 0xC7, 0xFF, 0xC7, 0xFF, 0xC0, 0xFF,
    0xC0, 0x7F, 0xC0, 0x7F, 0xC7, 0xFF, 0xC7, 0xFF, 0xC7, 0xFF, 0xC7, 0xFF, 0xC7, 0x1F, 0x87, 0x1F,
    0x80, 0x1F, 0x80, 0x1F, 0x00, 0x3F, 0x00, 0x3F, 0x8E, 0x3F, 0x8E, 0x3F, 0x8F, 0xFF, 0x8F, 0xFF,
    0x8F, 0xFF, 0x81, 0xFF, 0x80, 0xFF, 0x80, 0xFF, 0x8F, 0xFF, 0x8F, 0xFF, 0x8F, 0xFF, 0x8F, 0xFF,
    0x8F, 0xFF, 0x8F, 0xFF, 0x03, 0xFF, 0x03, 0xFF, 0xC2, 0x3F, 0x80, 0x3F, 0x80, 0x3F, 0x1E, 0x3F,
    0x1E, 0x3F, 0x1F, 0xFF, 0x1F, 0xFF, 0x1F, 0xFF, 0x18, 0x3F, 0x18, 0x3F, 0x18, 0x3F, 0x1E, 0x3F,
    0x1E, 0x3F, 0x1E, 0x3F, 0x1C, 0x3F, 0x8C, 0x3F, 0x80, 0x3F, 0xC2, 0x3F, 0x86, 0x1F, 0x86, 0x1F,
    0x86, 0x1F, 0x8F, 0x1F, 0x8F, 0x1F, 0x8F, 0x1F, 0x8F, 0x1F, 0x80, 0x1F, 0x80, 0x1F, 0x80, 0x1F,
    0x8F, 0x1F, 0x8F, 0x1F, 0x8F, 0x1F, 0x8F, 0x1F, 0x8F, 0x1F, 0x86, 0x1F, 0x86, 0x1F, 0x86, 0x1F,
    0x80, 0x7F, 0x80, 0x7F, 0xE1, 0xFF, 0xF3, 0xFF, 0xF3, 0xFF, 0xF3, 0xFF, 0xF3, 0xFF, 0xF3, 0xFF,
    0xF3, 0xFF, 0xF3, 0xFF, 0xF3, 0xFF, 0xF3, 0xFF, 0xF3, 0xFF, 0xF3, 0xFF, 0xF3, 0xFF, 0xE1, 0xFF,
    0x80, 0x7F, 0x80, 0x7F, 0xE0, 0x7F, 0xE0, 0x7F, 0xFC, 0x7F, 0xFC, 0x7F, 0xFC, 0x7F, 0xFC, 0x7F,
    0xFC, 0x7F, 0xFC, 0x7F, 0xFC, 0x7F, 0xFC, 0x7F, 0xFC, 0x7F, 0xFC, 0x7F, 0xFC, 0x7F, 0x1C, 0x7F,
    0x1C, 0x7F, 0x00, 0xFF, 0x80, 0xFF, 0xC1, 0xFF, 0x06, 0x3F, 0x04, 0x3F, 0x0C, 0x7F, 0x88, 0xFF,
    0x88, 0xFF, 0x81, 0xFF, 0x81, 0xFF, 0x83, 0xFF, 0x83, 0xFF, 0x83, 0xFF, 0x81, 0xFF, 0x81, 0xFF,
    0x88, 0xFF, 0x88, 0xFF, 0x8C, 0x7F, 0x0C, 0x7F, 0x04, 0x3F, 0x06, 0x3F, 0x03, 0xFF, 0x03, 0xFF,
    0x8F, 0xFF, 0x8F, 0xFF, 0x8F, 0xFF, 0x8F, 0xFF, 0x8F, 0xFF, 0x8F, 0xFF, 0x8F, 0xFF, 0x8F, 0xFF,
    0x8F, 0xFF, 0x8F, 0xFF, 0x8F, 0xFF, 0x8F, 0xFF, 0x8E, 0x3F, 0x8E, 0x3F, 0x00, 0x3F, 0x00, 0x3F,
    0x0F, 0x0F, 0x0F, 0x0F, 0x86, 0x1F, 0x86, 0x1F, 0x86, 0x1F, 0x86, 0x1F, 0x80, 0x1F, 0x80, 0x1F,
    0x90, 0x9F, 0x80, 0x1F, 0x80, 0x1F, 0x89, 0x1F, 0x89, 0x1F, 0x8F, 0x1F, 0x8F, 0x1F, 0x8F, 0x1F,
    0x0F, 0x0F, 0x0F, 0x0F, 0x8E, 0x1F, 0x86, 0x1F, 0x86, 0x1F, 0x87, 0x1F, 0x83, 0x1F, 0x83, 0x1F,
    0x83, 0x1F, 0x81, 0x1F, 0x89, 0x1F, 0x89, 0x1F, 0x88, 0x1F, 0x8C, 0x1F, 0x8C, 0x1F, 0x8C, 0x1F,
    0x8E, 0x1F, 0x86, 0x1F, 0x86, 0x1F, 0x86, 0x1F, 0xC0, 0xFF, 0x80, 0x7F, 0x80, 0x7F, 0x1E, 0x3F,
    0x1E, 0x3F, 0x1E, 0x3F, 0x1E, 0x3F, 0x1E, 0x3F, 0x1E, 0x3F, 0x1E, 0x3F, 0x1E, 0x3F, 0x1E, 0x3F,
    0x1E, 0x3F, 0x1E, 0x3F, 0x1E, 0x3F, 0x80, 0x7F, 0x80, 0x7F, 0xC0, 0xFF, 0x00, 0xFF, 0x00, 0x7F,
    0x08, 0x7F, 0x8E, 0x3F, 0x8E, 0x3F, 0x8E, 0x3F, 0x8E, 0x3F, 0x8E, 0x3F, 0x80, 0x7F, 0x80, 0x7F,
    0x80, 0xFF, 0x8F, 0xFF, 0x8F, 0xFF, 0x8F, 0xFF, 0x8F, 0xFF, 0x0F, 0xFF, 0x07, 0xFF, 0x07, 0xFF,
    0xE1, 0xFF, 0x80, 0x7F, 0x80, 0x7F, 0x1E, 0x3F, 0x1E, 0x3F, 0x1E, 0x3F, 0x1E, 0x3F, 0x1E, 0x3F,
    0x1E, 0x3F, 0x1E, 0x3F, 0x1E, 0x3F, 0x1E, 0x3F, 0x1E, 0x3F, 0x1E, 0x3F, 0x1E, 0x3F, 0x8C, 0x7F,
    0x80, 0x7F, 0xC0, 0xFF, 0xE1, 0xFF, 0xF1, 0xFF, 0xF0, 0xFF, 0xF8, 0x7F, 0xFC, 0x7F, 0x80, 0xFF,
    0x80, 0x3F, 0x84, 0x3F, 0x8F, 0x1F, 0x8F, 0x1F, 0x8F, 0x1F, 0x8F, 0x1F, 0x8F, 0x1F, 0x80, 0x3F,
    0x80, 0x3F, 0x80, 0x7F, 0x88, 0x7F, 0x8C, 0x7F, 0x8C, 0x7F, 0x8E, 0x3F, 0x86, 0x3F, 0x86, 0x0F,
    0x87, 0x0F, 0xC2, 0x3F, 0x80, 0x3F, 0x80, 0x3F, 0x0E, 0x3F, 0x1E, 0x3F, 0x1F, 0xFF, 0x8F, 0xFF,
    0x87, 0xFF, 0xC1, 0xFF, 0xE0, 0xFF, 0xF8, 0x7F, 0xFC, 0x7F, 0xFE, 0x3F, 0x1E, 0x3F, 0x1E, 0x3F,
    0x00, 0x7F, 0x00, 0x7F, 0x10, 0xFF, 0x00, 0x3F, 0x00, 0x3F, 0x00, 0x3F, 0x12, 0x3F, 0xF3, 0xFF,
    0xF3, 0xFF, 0xF3, 0xFF, 0xF3, 0xFF, 0xF3, 0xFF, 0xF3, 0xFF, 0xF3, 0xFF, 0xF3, 0xFF, 0xF3, 0xFF,
    0xF3, 0xFF, 0xF3, 0xFF, 0xE1, 0xFF, 0xC0, 0xFF, 0xC0, 0xFF, 0x86, 0x1F, 0x86, 0x1F, 0x86, 0x1F,
    0x8F, 0x1F, 0x8F, 0x1F, 0x8F, 0x1F, 0x8F, 0x1F, 0x8F, 0x1F, 0x8F, 0x1F, 0x8F, 0x1F, 0x8F, 0x1F,
    0x8F, 0x1F, 0x8F, 0x1F, 0x8F, 0x1F, 0xC6, 0x3F, 0xC0, 0x3F, 0xC0, 0x3F, 0xF0, 0xFF, 0x06, 0x0F,
    0x06, 0x0F, 0x86, 0x1F, 0xC6, 0x3F, 0xC6, 0x3F, 0xC6, 0x3F, 0xC6, 0x3F, 0xC6, 0x3F, 0xE6, 0x7F,
    0xE6, 0x7F, 0xE0, 0x7F, 0xE0, 0x7F, 0xE0, 0x7F, 0xE0, 0x7F, 0xF0, 0xFF, 0xF0, 0xFF, 0xF0, 0xFF,
    0xF0, 0xFF, 0x0F, 0x0F, 0x0F, 0x0F, 0x8F, 0x1F, 0x9F, 0x9F, 0x8F, 0x1F, 0x89, 0x1F, 0x89, 0x1F,
    0x80, 0x1F, 0x80, 0x1F, 0xC0, 0x3F, 0xC0, 0x3F, 0xC0, 0x3F, 0xC0, 0x3F, 0xC0, 0x3F, 0xC6, 0x3F,
    0xC6, 0x3F, 0xC6, 0x3F, 0xC6, 0x3F, 0x86, 0x1F, 0x86, 0x1F, 0xC6, 0x3F, 0xC6, 0x3F, 0xE0, 0x7F,
    0xE0, 0x7F, 0xF0, 0xFF, 0xF0, 0xFF, 0xF0, 0xFF, 0xF0, 0xFF, 0xF0, 0xFF, 0xF0, 0xFF, 0xE0, 0x7F,
    0xE0, 0x7F, 0xC6, 0x3F, 0xC6, 0x3F, 0x86, 0x1F, 0x86, 0x1F, 0x86, 0x1F, 0x86, 0x1F, 0x86, 0x1F,
    0xC6, 0x3F, 0xC6, 0x3F, 0xE0, 0x7F, 0xE0, 0x7F, 0xE0, 0x7F, 0xF0, 0xFF, 0xF0, 0xFF, 0xF0, 0xFF,
    0xF9, 0xFF, 0xF9, 0xFF, 0xF9, 0xFF, 0xF9, 0xFF, 0xF0, 0xFF, 0xE0, 0x7F, 0xE0, 0x7F, 0x00, 0x3F,
    0x00, 0x3F, 0x1C, 0x3F, 0x1C, 0x7F, 0xF8, 0x7F, 0xF8, 0xFF, 0xF0, 0xFF, 0xF1, 0xFF, 0xF1, 0xFF,
    0xE3, 0xFF, 0xE3, 0xFF, 0xC3, 0xFF, 0xC7, 0xFF, 0x87, 0xFF, 0x8E, 0x3F, 0x0E, 0x3F, 0x00, 0x3F,
    0x00, 0x3F, 0x80, 0x80, 0x8F, 0x8F, 0x8F, 0x8F, 0x8F, 0x8F, 0x8F, 0x8F, 0x8F, 0x8F, 0x8F, 0x8F,
    0x8F, 0x8F, 0x8F, 0x8F, 0x8F, 0x8F, 0x8F, 0x8F, 0x80, 0x80, 0x1F, 0xFF, 0x8F, 0xFF, 0x8F, 0xFF,
    0x8F, 0xFF, 0x8F, 0xFF, 0xC7, 0xFF, 0xC7, 0xFF, 0xC7, 0xFF, 0xE3, 0xFF, 0xE3, 0xFF, 0xE3, 0xFF,
    0xE3, 0xFF, 0xF1, 0xFF, 0xF1, 0xFF, 0xF1, 0xFF, 0xF1, 0xFF, 0xF8, 0xFF, 0xF8, 0xFF, 0xF8, 0xFF,
    0xFC, 0x7F, 0xFC, 0x7F, 0xFC, 0x7F, 0xFC, 0x7F, 0xFE, 0x3F, 0x01, 0x01, 0xF1, 0xF1, 0xF1, 0xF1,
    0xF1, 0xF1, 0xF1, 0xF1, 0xF1, 0xF1, 0xF1, 0xF1, 0xF1, 0xF1, 0xF1, 0xF1, 0xF1, 0xF1, 0xF1, 0xF1,
    0x01, 0x01, 0xF0, 0xFF, 0xE0, 0x7F, 0xE0, 0x7F, 0xC6, 0x3F, 0x86, 0x1F, 0x8F, 0x1F, 0xCF, 0x3F,
    0xFF, 0xFF, 0xFF, 0xCF, 0x8F, 0xC7, 0xC3, 0xE1, 0xF1, 0xFB, 0xC0, 0xFF, 0x80, 0x7F, 0x80, 0x7F,
    0x1E, 0x3F, 0xFE, 0x3F, 0xE0, 0x3F, 0x80, 0x3F, 0x80, 0x3F, 0x1E, 0x3F, 0x1C, 0x3F, 0x00, 0x3F,
    0x80, 0x3F, 0xC2, 0x3F, 0x8F, 0xFF, 0x8F, 0xFF, 0x8F, 0xFF, 0x8F, 0xFF, 0x8F, 0xFF, 0x88, 0x7F,
    0x80, 0x3F, 0x80, 0x3F, 0x87, 0x1F, 0x8F, 0x1F, 0x8F, 0x1F, 0x8F, 0x1F, 0x8F, 0x1F, 0x8F, 0x1F,
    0x87, 0x1F, 0x80, 0x3F, 0x80, 0x3F, 0x88, 0x7F, 0xC2, 0x3F, 0x80, 0x3F, 0x80, 0x3F, 0x1E, 0x3F,
    0x1E, 0x3F, 0x1F, 0xFF, 0x1F, 0xFF, 0x1F, 0xFF, 0x1E, 0x3F, 0x1C, 0x3F, 0x80, 0x7F, 0x80, 0x7F,
    0xC1, 0xFF, 0xFC, 0x3F, 0xFC, 0x3F, 0xFC, 0x3F, 0xFE, 0x3F, 0xFE, 0x3F, 0xC2, 0x3F, 0x80, 0x3F,
    0x80, 0x3F, 0x1C, 0x3F, 0x1E, 0x3F, 0x1E, 0x3F, 0x1E, 0x3F, 0x1E, 0x3F, 0x1E, 0x3F, 0x1C, 0x3F,
    0x80, 0x3F, 0x80, 0x3F, 0xC2, 0x3F, 0xC0, 0xFF, 0x80, 0x7F, 0x80, 0x7F, 0x1E, 0x3F, 0x1E, 0x3F,
    0x00, 0x3F, 0x00, 0x3F, 0x1F, 0xFF, 0x1F, 0xFF, 0x1E, 0x3F, 0x80, 0x7F, 0x80, 0x7F, 0xC0, 0xFF,
    0xF0, 0x7F, 0xE0, 0x3F, 0xE0, 0x3F, 0xE2, 0x3F, 0xE3, 0xFF, 0xE3, 0xFF, 0x00, 0x7F, 0x00, 0x7F,
    0xE3, 0xFF, 0xE3, 0xFF, 0xE3, 0xFF, 0xE3, 0xFF, 0xE3, 0xFF, 0xE3, 0xFF, 0xE3, 0xFF, 0xE3, 0xFF,
    0x80, 0xFF, 0x80, 0xFF, 0xC2, 0x3F, 0x80, 0x3F, 0x80, 0x3F, 0x0C, 0x3F, 0x1E, 0x3F, 0x1E, 0x3F,
    0x1E, 0x3F, 0x1E, 0x3F, 0x1E, 0x3F, 0x1C, 0x3F, 0x80, 0x3F, 0x80, 0x3F, 0xC2, 0x3F, 0xFE, 0x3F,
    0x9C, 0x7F, 0x80, 0x7F, 0x80, 0x7F, 0xC1, 0xFF, 0x8F, 0xFF, 0x8F, 0xFF, 0x8F, 0xFF, 0x8F, 0xFF,
    0x8F, 0xFF, 0x88, 0x7F, 0x80, 0x3F, 0x80, 0x3F, 0x86, 0x3F, 0x8F, 0x1F, 0x8F, 0x1F, 0x8F, 0x1F,
    0x8F, 0x1F, 0x8F, 0x1F, 0x8F, 0x1F, 0x86, 0x1F, 0x86, 0x1F, 0x86, 0x1F, 0xF1, 0xFF, 0xE1, 0xFF,
    0xE1, 0xFF, 0xF1, 0xFF, 0xFF, 0xFF, 0x81, 0xFF, 0x81, 0xFF, 0xE1, 0xFF, 0xF1, 0xFF, 0xF1, 0xFF,
    0xF1, 0xFF, 0xF1, 0xFF, 0xF1, 0xFF, 0xF1, 0xFF, 0xF1, 0xFF, 0xE1, 0xFF, 0x80, 0x7F, 0x80, 0x7F,
    0xFC, 0x7F, 0xF8, 0x7F, 0xF8, 0x7F, 0xFC, 0x7F, 0xFF, 0xFF, 0xE0, 0x7F, 0xE0, 0x7F, 0xFC, 0x7F,
    0xFC, 0x7F, 0xFC, 0x7F, 0xFC, 0x7F, 0xFC, 0x7F, 0xFC, 0x7F, 0xFC, 0x7F, 0xFC, 0x7F, 0xFC, 0x7F,
    0xFC, 0x7F, 0xFC, 0x7F, 0xFC, 0x7F, 0x1C, 0x7F, 0x00, 0x7F, 0x80, 0xFF, 0xC1, 0xFF, 0x0F, 0xFF,
    0x0F, 0xFF, 0x0F, 0xFF, 0x8F, 0xFF, 0x8F, 0xFF, 0x8E, 0x3F, 0x8C, 0x3F, 0x88, 0x7F, 0x88, 0xFF,
    0x81, 0xFF, 0x83, 0xFF, 0x83, 0xFF, 0x81, 0xFF, 0x80, 0xFF, 0x88, 0xFF, 0x0C, 0x7F, 0x04, 0x3F,
    0x06, 0x3F, 0x81, 0xFF, 0x81, 0xFF, 0xE1, 0xFF, 0xF1, 0xFF, 0xF1, 0xFF, 0xF1, 0xFF, 0xF1, 0xFF,
    0xF1, 0xFF, 0xF1, 0xFF, 0xF1, 0xFF, 0xF1, 0xFF, 0xF1, 0xFF, 0xF1, 0xFF, 0xF1, 0xFF, 0xF1, 0xFF,
    0xE1, 0xFF, 0x80, 0x7F, 0x80, 0x7F, 0x03, 0x3F, 0x00, 0x1F, 0x80, 0x1F, 0x99, 0x9F, 0x99, 0x9F,
    0x99, 0x9F, 0x99, 0x9F, 0x99, 0x9F, 0x99, 0x9F, 0x99, 0x9F, 0x99, 0x9F, 0x19, 0x8F, 0x19, 0x8F,
    0x88, 0x7F, 0x80, 0x3F, 0x80, 0x3F, 0x86, 0x3F, 0x8F, 0x1F, 0x8F, 0x1F, 0x8F, 0x1F, 0x8F, 0x1F,
    0x8F, 0x1F, 0x8F, 0x1F, 0x86, 0x1F, 0x86, 0x1F, 0x86, 0x1F, 0xC0, 0xFF, 0x80, 0x7F, 0x80, 0x7F,
    0x1E, 0x3F, 0x1E, 0x3F, 0x1E, 0x3F, 0x1E, 0x3F, 0x1E, 0x3F, 0x1E, 0x3F, 0x1E, 0x3F, 0x80, 0x7F,
    0x80, 0x7F, 0xC0, 0xFF, 0x88, 0x7F, 0x80, 0x3F, 0x80, 0x3F, 0x87, 0x1F, 0x8F, 0x1F, 0x8F, 0x1F,
    0x8F, 0x1F, 0x8F, 0x1F, 0x8F, 0x1F, 0x87, 0x1F, 0x80, 0x3F, 0x80, 0x3F, 0x88, 0x7F, 0x8F, 0xFF,
    0x8F, 0xFF, 0x87, 0xFF, 0x83, 0xFF, 0x83, 0xFF, 0xC2, 0x3F, 0x80, 0x3F, 0x80, 0x3F, 0x0C, 0x3F,
    0x1E, 0x3F, 0x1E, 0x3F, 0x1E, 0x3F, 0x1E, 0x3F, 0x1E, 0x3F, 0x1C, 0x3F, 0x80, 0x3F, 0x80, 0x3F,
    0xC2, 0x3F, 0xFE, 0x3F, 0xFE, 0x3F, 0xFC, 0x3F, 0xF8, 0x3F, 0xF8, 0x3F, 0x04, 0x7F, 0x00, 0x3F,
    0xC0, 0x3F, 0xC7, 0x3F, 0xC7, 0xFF, 0xC7, 0xFF, 0xC7, 0xFF, 0xC7, 0xFF, 0xC7, 0xFF, 0xC7, 0xFF,
    0xC7, 0xFF, 0x01, 0xFF, 0x01, 0xFF, 0xC2, 0x3F, 0x80, 0x3F, 0x80, 0x3F, 0x8E, 0x3F, 0x8E, 0x3F,
    0x83, 0xFF, 0xC0, 0xFF, 0xF0, 0x7F, 0x1C, 0x7F, 0x1E, 0x3F, 0x00, 0x7F, 0x00, 0x7F, 0x10, 0xFF,
    0xC7, 0xFF, 0xC7, 0xFF, 0xC7, 0xFF, 0xC7, 0xFF, 0xC7, 0xFF, 0x80, 0x7F, 0x80, 0x7F, 0xC3, 0xFF,
    0xC7, 0xFF, 0xC7, 0xFF, 0xC7, 0xFF, 0xC7, 0xFF, 0xC7, 0xFF, 0xC6, 0x3F, 0xE2, 0x3F, 0xE0, 0x3F,
    0xE0, 0x7F, 0xF0, 0xFF, 0x8E, 0x1F, 0x8E, 0x1F, 0x8E, 0x1F, 0x8F, 0x1F, 0x8F, 0x1F, 0x8F, 0x1F,
    0x8F, 0x1F, 0x8F, 0x1F, 0x8F, 0x1F, 0xC6, 0x1F, 0xC6, 0x1F, 0xC0, 0x1F, 0xE1, 0x1F, 0x06, 0x0F,
    0x06, 0x0F, 0x86, 0x1F, 0xC6, 0x3F, 0xC6, 0x3F, 0xC6, 0x3F, 0xE6, 0x7F, 0xE0, 0x7F, 0xE0, 0x7F,
    0xE0, 0x7F, 0xF0, 0xFF, 0xF0, 0xFF, 0xF0, 0xFF, 0x0F, 0x0F, 0x0F, 0x0F, 0x8F, 0x1F, 0x89, 0x1F,
    0x89, 0x1F, 0x80, 0x1F, 0xC0, 0x3F, 0xC0, 0x3F, 0xC0, 0x3F, 0xC0, 0x3F, 0xC6, 0x3F, 0xC6, 0x3F,
    0xC6, 0x3F, 0x86, 0x1F, 0x86, 0x1F, 0xC0, 0x3F, 0xE0, 0x7F, 0xE0, 0x7F, 0xF0, 0xFF, 0xF0, 0xFF,
    0xF0, 0xFF, 0xE0, 0x7F, 0xE0, 0x7F, 0xC0, 0x3F, 0x86, 0x1F, 0x86, 0x1F, 0x86, 0x1F, 0x86, 0x1F,
    0x86, 0x1F, 0xC6, 0x3F, 0xC6, 0x3F, 0xE6, 0x7F, 0xE2, 0x7F, 0xE0, 0x7F, 0xE0, 0x7F, 0xF0, 0xFF,
    0xF0, 0xFF, 0xF0, 0xFF, 0xF0, 0xFF, 0xF1, 0xFF, 0xF1, 0xFF, 0xE1, 0xFF, 0x83, 0xFF, 0x83, 0xFF,
    0x00, 0x3F, 0x00, 0x3F, 0x1C, 0x7F, 0x1C, 0x7F, 0xF8, 0xFF, 0xF1, 0xFF, 0xE1, 0xFF, 0xE3, 0xFF,
    0xC7, 0xFF, 0x8E, 0x3F, 0x8E, 0x3F, 0x00, 0x3F, 0x00, 0x3F, 0xFF, 0xFF, 0xF8, 0x7F, 0xF0, 0x7F,
    0xE1, 0xFF, 0xE3, 0xFF, 0xE3, 0xFF, 0xE3, 0xFF, 0xE3, 0xFF, 0xE1, 0xFF, 0xF1, 0xFF, 0xE3, 0xFF,
    0x83, 0xFF, 0x87, 0xFF, 0x87, 0xFF, 0xE3, 0xFF, 0xF1, 0xFF, 0xF1, 0xFF, 0xE3, 0xFF, 0xE3, 0xFF,
    0xE3, 0xFF, 0xE3, 0xFF, 0xE3, 0xFF, 0xE0, 0xFF, 0xF0, 0x7F, 0xF8, 0x7F, 0x9F, 0x9F, 0x9F, 0x9F,
    0x9F, 0x9F, 0x9F, 0x9F, 0x9F, 0x9F, 0x9F, 0x9F, 0x9F, 0x9F, 0x9F, 0x9F, 0x9F, 0x9F, 0x9F, 0x9F,
    0x9F, 0x9F, 0x9F, 0x9F, 0xFF, 0xFF, 0x0F, 0xFF, 0x07, 0xFF, 0xC3, 0xFF, 0xE3, 0xFF, 0xE3, 0xFF,
    0xE3, 0xFF, 0xE3, 0xFF, 0xC3, 0xFF, 0xC7, 0xFF, 0xE3, 0xFF, 0xE0, 0xFF, 0xF0, 0xFF, 0xF0, 0xFF,
    0xE3, 0xFF, 0xC7, 0xFF, 0xC7, 0xFF, 0xE3, 0xFF, 0xE3, 0xFF, 0xE3, 0xFF, 0xE3, 0xFF, 0xE3, 0xFF,
    0x83, 0xFF, 0x07, 0xFF, 0x0F, 0xFF, 0xF7, 0xFF, 0xC3, 0x9F, 0xC1, 0x1F, 0x88, 0x1F, 0x98, 0x3F,
    0x9C, 0x7F, 0x87, 0x87, 0x87, 0x87, 0xFF, 0xFF, 0xFF, 0xCF, 0xCF, 0xCF, 0xCF, 0xCF, 0xCF, 0xCF,
    0xCF, 0xCF, 0xCF, 0xCF, 0xF3, 0xFF, 0xF3, 0xFF, 0xF3, 0xFF, 0xC0, 0x3F, 0x80, 0x3F, 0x80, 0x3F,
    0x12, 0x3F, 0x12, 0x7F, 0x13, 0xFF, 0x13, 0xFF, 0x13, 0xFF, 0x12, 0x3F, 0x00, 0x3F, 0x80, 0x7F,
    0xC0, 0xFF, 0xE1, 0xFF, 0xF3, 0xFF, 0xF3, 0xFF, 0xFF, 0xFF, 0xE0, 0xFF, 0xE0, 0x7F, 0xC0, 0x7F,
    0xC4, 0x7F, 0xC7, 0xFF, 0xC7, 0xFF, 0xC7, 0xFF, 0xC7, 0xFF, 0x01, 0xFF, 0x01, 0xFF, 0xC7, 0xFF,
    0xC7, 0xFF, 0xC7, 0xFF, 0xC7, 0xFF, 0x8E, 0x3F, 0x86, 0x3F, 0x00, 0x3F, 0x00, 0x3F, 0xDF, 0xBF,
    0x80, 0x1F, 0xC0, 0x3F, 0xC6, 0x3F, 0xCF, 0x3F, 0xCF, 0x3F, 0xCF, 0x3F, 0xC6, 0x3F, 0xC0, 0x3F,
    0x80, 0x1F, 0xDF, 0xBF, 0x86, 0x1F, 0x86, 0x1F, 0x86, 0x1F, 0xC6, 0x3F, 0xC6, 0x3F, 0xE0, 0x7F,
    0xE0, 0x7F, 0xE0, 0x7F, 0xF0, 0xFF, 0xF0, 0xFF, 0x80, 0x1F, 0x80, 0x1F, 0xF9, 0xFF, 0x80, 0x1F,
    0x80, 0x1F, 0xF0, 0xFF, 0xE0, 0x7F, 0xE0, 0x7F, 0x9F, 0x9F, 0x9F, 0x9F, 0x9F, 0x9F, 0x9F, 0x9F,
    0x9F, 0x9F, 0x9F, 0xFF, 0xFF, 0x9F, 0x9F, 0x9F, 0x9F, 0x9F, 0x9F, 0x9F, 0x9F, 0x9F, 0x9F, 0x9F,
    0xE0, 0xFF, 0x80, 0x7F, 0x80, 0x7F, 0x8E, 0x3F, 0x1E, 0x3F, 0x1F, 0xFF, 0x8F, 0xFF, 0x83, 0xFF,
    0x80, 0xFF, 0x80, 0x7F, 0x8C, 0x7F, 0x1E, 0x3F, 0x1E, 0x3F, 0x8C, 0x7F, 0x80, 0x7F, 0xC0, 0x7F,
    0xF0, 0x7F, 0xFC, 0x7F, 0xFE, 0x3F, 0x1E, 0x3F, 0x1C, 0x7F, 0x80, 0x7F, 0x80, 0xFF, 0xC1, 0xFF,
    0xDE, 0xFF, 0x8C, 0x7F, 0x8C, 0x7F, 0x8C, 0x7F, 0xFF, 0xFF, 0xE0, 0x7F, 0xC6, 0x3F, 0x9F, 0x9F,
    0x9F, 0x9F, 0x90, 0x1F, 0x90, 0x1F, 0x86, 0x9F, 0x87, 0x9F, 0x87, 0x9F, 0x87, 0x9F, 0x87, 0x9F,
    0x86, 0x9F, 0x80, 0x1F, 0x90, 0x9F, 0x9F, 0x9F, 0x9F, 0x9F, 0xC6, 0x3F, 0xE0, 0x7F, 0xFF, 0xFF,
    0xC3, 0x81, 0x19, 0xF8, 0xC0, 0x80, 0x18, 0x00, 0x80, 0xFF, 0xFF, 0x81, 0x00, 0xFB, 0xBF, 0xF1,
    0x9F, 0xF3, 0x1F, 0xE3, 0x3F, 0xC6, 0x3F, 0x84, 0x7F, 0x88, 0xFF, 0x8C, 0x7F, 0xC6, 0x3F, 0xE2,
    0x3F, 0xF3, 0x1F, 0xF1, 0x9F, 0xFB, 0x9F, 0xFF, 0xFF, 0x00, 0x3F, 0x00, 0x3F, 0xFE, 0x3F, 0xFE,
    0x3F, 0xFE, 0x3F, 0xFE, 0x3F, 0xFF, 0xFF, 0xE0, 0x7F, 0xC6, 0x3F, 0x90, 0x9F, 0x30, 0xCF, 0x30,
    0xCF, 0x30, 0xCF, 0x30, 0xCF, 0x34, 0xCF, 0x92, 0x1F, 0xC6, 0x3F, 0xE0, 0x7F, 0xFF, 0xFF, 0x00,
    0x3F, 0x00, 0x3F, 0x87, 0x03, 0x33, 0x33, 0x03, 0x87, 0xF3, 0xFF, 0xF3, 0xFF, 0xF3, 0xFF, 0xF3,
    0xFF, 0x00, 0x3F, 0x00, 0x3F, 0xF3, 0xFF, 0xF3, 0xFF, 0xF3, 0xFF, 0xF3, 0xFF, 0xFF, 0xFF, 0x00,
    0x3F, 0x00, 0x3F, 0xC3, 0x81, 0x99, 0xB8, 0xF8, 0xF9, 0xF1, 0xC3, 0xC7, 0x8F, 0x9C, 0x80, 0x00,
    0xC3, 0x81, 0x99, 0xF8, 0xF9, 0xE1, 0xE1, 0xF9, 0xF8, 0xB8, 0x18, 0x81, 0xC3, 0xFF, 0xF3, 0xF1,
    0xE3, 0xC3, 0x87, 0x8F, 0xDF, 0x8E, 0x1F, 0x8E, 0x1F, 0x8E, 0x1F, 0x8F, 0x1F, 0x8F, 0x1F, 0x8F,
    0x1F, 0x8F, 0x1F, 0x8F, 0x1F, 0x8F, 0x1F, 0x86, 0x1F, 0x86, 0x1F, 0x80, 0x1F, 0x81, 0x1F, 0x8F,
    0xFF, 0x8F, 0xFF, 0x8F, 0xFF, 0x8F, 0xFF, 0x8F, 0xFF, 0xC0, 0x3F, 0x80, 0x3F, 0x81, 0x3F, 0x01,
    0x3F, 0x01, 0x3F, 0x01, 0x3F, 0x81, 0x3F, 0x81, 0x3F, 0x81, 0x3F, 0xE1, 0x3F, 0xF1, 0x3F, 0xF1,
    0x3F, 0xF1, 0x3F, 0xF1, 0x3F, 0xF1, 0x3F, 0xF1, 0x3F, 0xF1, 0x3F, 0xF1, 0x3F, 0xCF, 0x87, 0x87,
    0x87, 0x87, 0xFF, 0xCF, 0xC7, 0xF3, 0x03, 0x07, 0xC7, 0x87, 0x07, 0xA7, 0xE7, 0xE7, 0xE7, 0xE7,
    0xE7, 0xE7, 0xE7, 0x81, 0x81, 0xC3, 0x81, 0x18, 0x18, 0x18, 0x18, 0x18, 0x81, 0xC3, 0xFF, 0xFF,
    0x81, 0x00, 0xDD, 0xFF, 0x98, 0xFF, 0x8C, 0xFF, 0xCC, 0x7F, 0xC6, 0x3F, 0xE2, 0x1F, 0xF1, 0x1F,
    0xE3, 0x1F, 0xC6, 0x3F, 0xC4, 0x7F, 0x8C, 0xFF, 0x98, 0xFF, 0x9D, 0xFF, 0xF3, 0xFF, 0xE3, 0xFF,
    0xC3, 0xFF, 0xF3, 0xFF, 0xF3, 0xFF, 0xF3, 0xFF, 0xF3, 0xFF, 0xF3, 0xFF, 0xE1, 0xFF, 0xE1, 0xFF,
    0xFF, 0xFF, 0x80, 0x7F, 0x00, 0x3F, 0xFF, 0xFF, 0xFF, 0xFF, 0xF9, 0xFF, 0xF3, 0xFF, 0xF3, 0xFF,
    0xE7, 0xFF, 0xE5, 0xFF, 0xC9, 0xFF, 0xC0, 0xFF, 0xC0, 0xFF, 0xF8, 0xFF, 0xF8, 0xFF, 0xF3, 0xFF,
    0xE3, 0xFF, 0xC3, 0xFF, 0xF3, 0xFF, 0xF3, 0xFF, 0xF3, 0xFF, 0xF3, 0xFF, 0xF3, 0xFF, 0xE1, 0xFF,
    0xE1, 0xFF, 0xFF, 0xFF, 0x80, 0x7F, 0x00, 0x3F, 0xFF, 0xFF, 0xFF, 0xFF, 0xE1, 0xFF, 0xC0, 0xFF,
    0xCC, 0xFF, 0xFC, 0xFF, 0xF8, 0xFF, 0xF1, 0xFF, 0xE3, 0xFF, 0xC7, 0xFF, 0xC0, 0xFF, 0xC0, 0xFF,
    0xE1, 0xFF, 0xC0, 0xFF, 0xCC, 0xFF, 0xF8, 0xFF, 0xF1, 0xFF, 0xF0, 0xFF, 0xFC, 0xFF, 0xCC, 0xFF,
    0xC0, 0xFF, 0xE1, 0xFF, 0xFF, 0xFF, 0x80, 0x7F, 0x00, 0x3F, 0xFF, 0xFF, 0xFF, 0xFF, 0xF9, 0xFF,
    0xF3, 0xFF, 0xF3, 0xFF, 0xE7, 0xFF, 0xE5, 0xFF, 0xC9, 0xFF, 0xC0, 0xFF, 0xC0, 0xFF, 0xF8, 0xFF,
    0xF8, 0xFF, 0xE1, 0xFF, 0xE1, 0xFF, 0xE1, 0xFF, 0xE1, 0xFF, 0xFF, 0xFF, 0xFF, 0xFF, 0xF3, 0xFF,
    0xE3, 0xFF, 0xE3, 0xFF, 0xC3, 0xFF, 0x87, 0xFF, 0x8F, 0xFF, 0x8F, 0xFF, 0x1E, 0x7F, 0x1E, 0x3F,
    0x80, 0x7F, 0x80, 0x7F, 0xC0, 0xFF, 0xFF, 0xFF, 0xF7, 0xFF, 0xE3, 0xFF, 0xF1, 0xFF, 0xF8, 0xFF,
    0xFD, 0xFF, 0xFF, 0xFF, 0xF0, 0xFF, 0xF0, 0xFF, 0xF0, 0xFF, 0xF0, 0xFF, 0xE0, 0xFF, 0xE0, 0x7F,
    0xE0, 0x7F, 0xE0, 0x7F, 0xE6, 0x7F, 0xE6, 0x7F, 0xC0, 0x3F, 0xC0, 0x3F, 0xC6, 0x3F, 0xC6, 0x3F,
    0xC6, 0x3F, 0x86, 0x1F, 0x86, 0x1F, 0x86, 0x1F, 0xFF, 0xFF, 0xFE, 0xFF, 0xFC, 0x7F, 0xF8, 0xFF,
    0xF1, 0xFF, 0xFB, 0xFF, 0xFF, 0xFF, 0xF0, 0xFF, 0xF0, 0xFF, 0xF0, 0xFF, 0xF0, 0xFF, 0xE0, 0xFF,
    0xE0, 0x7F, 0xE0, 0x7F, 0xE0, 0x7F, 0xE6, 0x7F, 0xE6, 0x7F, 0xC0, 0x3F, 0xC0, 0x3F, 0xC6, 0x3F,
    0xC6, 0x3F, 0xC6, 0x3F, 0x86, 0x1F, 0x86, 0x1F, 0x86, 0x1F, 0xF0, 0xFF, 0xF0, 0xFF, 0xE6, 0x7F,
    0xE6, 0x7F, 0xFF, 0xFF, 0xFF, 0xFF, 0xF0, 0xFF, 0xF0, 0xFF, 0xF0, 0xFF, 0xF0, 0xFF, 0xE0, 0xFF,
    0xE0, 0x7F, 0xE0, 0x7F, 0xE0, 0x7F, 0xE6, 0x7F, 0xE6, 0x7F, 0xC0, 0x3F, 0xC0, 0x3F, 0xC6, 0x3F,
    0xC6, 0x3F, 0xC6, 0x3F, 0x86, 0x1F, 0x86, 0x1F, 0x86, 0x1F, 0xFF, 0xFF, 0xE3, 0x3F, 0xC1, 0x3F,
    0xC8, 0x3F, 0xCC, 0x7F, 0xFF, 0xFF, 0xFF, 0xFF, 0xF0, 0xFF, 0xF0, 0xFF, 0xF0, 0xFF, 0xF0, 0xFF,
    0xE0, 0xFF, 0xE0, 0x7F, 0xE0, 0x7F, 0xE0, 0x7F, 0xE6, 0x7F, 0xE6, 0x7F, 0xC0, 0x3F, 0xC0, 0x3F,
    0xC6, 0x3F, 0xC6, 0x3F, 0xC6, 0x3F, 0x86, 0x1F, 0x86, 0x1F, 0x86, 0x1F, 0xEF, 0x7F, 0xC6, 0x3F,
    0xC6, 0x3F, 0xC6, 0x3F, 0xFF, 0xFF, 0xFF, 0xFF, 0xF0, 0xFF, 0xF0, 0xFF, 0xF0, 0xFF, 0xF0, 0xFF,
    0xE0, 0xFF, 0xE0, 0x7F, 0xE0, 0x7F, 0xE0, 0x7F, 0xE6, 0x7F, 0xE6, 0x7F, 0xC0, 0x3F, 0xC0, 0x3F,
    0xC6, 0x3F, 0xC6, 0x3F, 0xC6, 0x3F, 0x86, 0x1F, 0x86, 0x1F, 0x86, 0x1F, 0xF0, 0xFF, 0xF0, 0xFF,
    0xF6, 0xFF, 0xF0, 0xFF, 0xF9, 0xFF, 0xFF, 0xFF, 0xF0, 0xFF, 0xF0, 0xFF, 0xF0, 0xFF, 0xF0, 0xFF,
    0xE0, 0xFF, 0xE0, 0x7F, 0xE0, 0x7F, 0xE0, 0x7F, 0xE6, 0x7F, 0xE6, 0x7F, 0xC0, 0x3F, 0xC0, 0x3F,
    0xC6, 0x3F, 0xC6, 0x3F, 0xC6, 0x3F, 0x86, 0x1F, 0x86, 0x1F, 0x86, 0x1F, 0xE0, 0x1F, 0xE0, 0x1F,
    0xF0, 0x9F, 0xE0, 0x9F, 0xE0, 0xFF, 0xE0, 0xFF, 0xE0, 0xFF, 0xE0, 0xFF, 0xC0, 0x1F, 0xC0, 0x1F,
    0xC0, 0xFF, 0xC8, 0xFF, 0xC0, 0xFF, 0x80, 0xFF, 0x88, 0x9F, 0x88, 0x9F, 0x08, 0x1F, 0x08, 0x1F,
    0xC2, 0x3F, 0x80, 0x3F, 0x80, 0x3F, 0x1E, 0x3F, 0x1E, 0x3F, 0x1F, 0xFF, 0x1F, 0xFF, 0x1F, 0xFF,
    0x1F, 0xFF, 0x1F, 0xFF, 0x1F, 0xFF, 0x1F, 0xFF, 0x1F, 0xFF, 0x1E, 0x7F, 0x1C, 0x3F, 0x80, 0x7F,
    0x80, 0x7F, 0xC1, 0xFF, 0xF3, 0xFF, 0xF1, 0xFF, 0xFC, 0xFF, 0xC0, 0xFF, 0xC1, 0xFF, 0xFF, 0xFF,
    0xF7, 0xFF, 0xE3, 0xFF, 0xF1, 0xFF, 0xF8, 0xFF, 0xFD, 0xFF, 0xFF, 0xFF, 0x80, 0x1F, 0x80, 0x1F,
    0x87, 0x1F, 0xC7, 0x1F, 0xC7, 0xFF, 0xC7, 0xFF, 0xC7, 0xFF, 0xC0, 0xFF, 0xC0, 0x7F, 0xC0, 0x7F,
    0xC7, 0xFF, 0xC7, 0xFF, 0xC7, 0xFF, 0xC7, 0xFF, 0xC7, 0x1F, 0x87, 0x1F, 0x80, 0x1F, 0x80, 0x1F,
    0xFF, 0xFF, 0xFE, 0xFF, 0xFC, 0x7F, 0xF8, 0xFF, 0xF1, 0xFF, 0xFB, 0xFF, 0xFF, 0xFF, 0x80, 0x1F,
    0x80, 0x1F, 0x87, 0x1F, 0xC7, 0x1F, 0xC7, 0xFF, 0xC7, 0xFF, 0xC7, 0xFF, 0xC0, 0xFF, 0xC0, 0x7F,
    0xC0, 0x7F, 0xC7, 0xFF, 0xC7, 0xFF, 0xC7, 0xFF, 0xC7, 0xFF, 0xC7, 0x1F, 0x87, 0x1F, 0x80, 0x1F,
    0x80, 0x1F, 0xF0, 0xFF, 0xF0, 0xFF, 0xE6, 0x7F, 0xE6, 0x7F, 0xFF, 0xFF, 0xFF, 0xFF, 0x80, 0x1F,
    0x80, 0x1F, 0x87, 0x1F, 0xC7, 0x1F, 0xC7, 0xFF, 0xC7, 0xFF, 0xC7, 0xFF, 0xC0, 0xFF, 0xC0, 0x7F,
    0xC0, 0x7F, 0xC7, 0xFF, 0xC7, 0xFF, 0xC7, 0xFF, 0xC7, 0xFF, 0xC7, 0x1F, 0x87, 0x1F, 0x80, 0x1F,
    0x80, 0x1F, 0xEF, 0x7F, 0xC6, 0x3F, 0xC6, 0x3F, 0xC6, 0x3F, 0xFF, 0xFF, 0xFF, 0xFF, 0x80, 0x1F,
    0x80, 0x1F, 0x87, 0x1F, 0xC7, 0x1F, 0xC7, 0xFF, 0xC7, 0xFF, 0xC7, 0xFF, 0xC0, 0xFF, 0xC0, 0x7F,
    0xC0, 0x7F, 0xC7, 0xFF, 0xC7, 0xFF, 0xC7, 0xFF, 0xC7, 0xFF, 0xC7, 0x1F, 0x87, 0x1F, 0x80, 0x1F,
    0x80, 0x1F, 0xFF, 0xFF, 0xEF, 0xFF, 0xC7, 0xFF, 0xE3, 0xFF, 0xF1, 0xFF, 0xFB, 0xFF, 0xFF, 0xFF,
    0x80, 0x7F, 0x80, 0x7F, 0xE1, 0xFF, 0xF3, 0xFF, 0xF3, 0xFF, 0xF3, 0xFF, 0xF3, 0xFF, 0xF3, 0xFF,
    0xF3, 0xFF, 0xF3, 0xFF, 0xF3, 0xFF, 0xF3, 0xFF, 0xF3, 0xFF, 0xF3, 0xFF, 0xF3, 0xFF, 0xE1, 0xFF,
    0x80, 0x7F, 0x80, 0x7F, 0xFF, 0xFF, 0xFD, 0xFF, 0xF8, 0xFF, 0xF1, 0xFF, 0xE3, 0xFF, 0xF7, 0xFF,
    0xFF, 0xFF, 0x80, 0x7F, 0x80, 0x7F, 0xE1, 0xFF, 0xF3, 0xFF, 0xF3, 0xFF, 0xF3, 0xFF, 0xF3, 0xFF,
    0xF3, 0xFF, 0xF3, 0xFF, 0xF3, 0xFF, 0xF3, 0xFF, 0xF3, 0xFF, 0xF3, 0xFF, 0xF3, 0xFF, 0xF3, 0xFF,
    0xE1, 0xFF, 0x80, 0x7F, 0x80, 0x7F, 0xE1, 0xFF, 0xE1, 0xFF, 0xCC, 0xFF, 0xCC, 0xFF, 0xFF, 0xFF,
    0xFF, 0xFF, 0x80, 0x7F, 0x80, 0x7F, 0xE1, 0xFF, 0xF3, 0xFF, 0xF3, 0xFF, 0xF3, 0xFF, 0xF3, 0xFF,
    0xF3, 0xFF, 0xF3, 0xFF, 0xF3, 0xFF, 0xF3, 0xFF, 0xF3, 0xFF, 0xF3, 0xFF, 0xF3, 0xFF, 0xF3, 0xFF,
    0xE1, 0xFF, 0x80, 0x7F, 0x80, 0x7F, 0xDE, 0xFF, 0x8C, 0x7F, 0x8C, 0x7F, 0x8C, 0x7F, 0xFF, 0xFF,
    0xFF, 0xFF, 0x80, 0x7F, 0x80, 0x7F, 0xE1, 0xFF, 0xF3, 0xFF, 0xF3, 0xFF, 0xF3, 0xFF, 0xF3, 0xFF,
    0xF3, 0xFF, 0xF3, 0xFF, 0xF3, 0xFF, 0xF3, 0xFF, 0xF3, 0xFF, 0xF3, 0xFF, 0xF3, 0xFF, 0xF3, 0xFF,
    0xE1, 0xFF, 0x80, 0x7F, 0x80, 0x7F, 0x80, 0xFF, 0x80, 0x7F, 0x80, 0x3F, 0x8E, 0x1F, 0x8F, 0x1F,
    0x8F, 0x1F, 0x8F, 0x1F, 0x8F, 0x1F, 0x03, 0x1F, 0x03, 0x1F, 0x8F, 0x1F, 0x8F, 0x1F, 0x8F, 0x1F,
    0x8F, 0x1F, 0x8E, 0x1F, 0x80, 0x3F, 0x80, 0x7F, 0x80, 0xFF, 0xFF, 0xFF, 0xE3, 0x3F, 0xC1, 0x3F,
    0xC8, 0x3F, 0xCC, 0x7F, 0xFF, 0xFF, 0xFF, 0xFF, 0x8E, 0x1F, 0x86, 0x1F, 0x86, 0x1F, 0x87, 0x1F,
    0x83, 0x1F, 0x83, 0x1F, 0x83, 0x1F, 0x81, 0x1F, 0x89, 0x1F, 0x89, 0x1F, 0x88, 0x1F, 0x8C, 0x1F,
    0x8C, 0x1F, 0x8C, 0x1F, 0x8E, 0x1F, 0x86, 0x1F, 0x86, 0x1F, 0x86, 0x1F, 0xEF, 0xFF, 0xC7, 0xFF,
    0xE3, 0xFF, 0xF1, 0xFF, 0xFB, 0xFF, 0xFF, 0xFF, 0xC0, 0xFF, 0x80, 0x7F, 0x80, 0x7F, 0x1E, 0x3F,
    0x1E, 0x3F, 0x1E, 0x3F, 0x1E, 0x3F, 0x1E, 0x3F, 0x1E, 0x3F, 0x1E, 0x3F, 0x1E, 0x3F, 0x1E, 0x3F,
    0x1E, 0x3F, 0x1E, 0x3F, 0x1E, 0x3F, 0x80, 0x7F, 0x80, 0x7F, 0xC0, 0xFF, 0xFD, 0xFF, 0xF8, 0xFF,
    0xF1, 0xFF, 0xE3, 0xFF, 0xF7, 0xFF, 0xFF, 0xFF, 0xC0, 0xFF, 0x80, 0x7F, 0x80, 0x7F, 0x1E, 0x3F,
    0x1E, 0x3F, 0x1E, 0x3F, 0x1E, 0x3F, 0x1E, 0x3F, 0x1E, 0x3F, 0x1E, 0x3F, 0x1E, 0x3F, 0x1E, 0x3F,
    0x1E, 0x3F, 0x1E, 0x3F, 0x1E, 0x3F, 0x80, 0x7F, 0x80, 0x7F, 0xC0, 0xFF, 0xF3, 0xFF, 0xE1, 0xFF,
    0xC0, 0xFF, 0xCC, 0xFF, 0xCC, 0xFF, 0xFF, 0xFF, 0xFF, 0xFF, 0xC0, 0xFF, 0x80, 0x7F, 0x80, 0x7F,
    0x1E, 0x3F, 0x1E, 0x3F, 0x1E, 0x3F, 0x1E, 0x3F, 0x1E, 0x3F, 0x1E, 0x3F, 0x1E, 0x3F, 0x1E, 0x3F,
    0x1E, 0x3F, 0x1E, 0x3F, 0x1E, 0x3F, 0x1E, 0x3F, 0x80, 0x7F, 0x80, 0x7F, 0xC0, 0xFF, 0xFF, 0xFF,
    0xC6, 0x7F, 0x82, 0x7F, 0x90, 0x7F, 0x98, 0xFF, 0xFF, 0xFF, 0xFF, 0xFF, 0xC0, 0xFF, 0x80, 0x7F,
    0x80, 0x7F, 0x1E, 0x3F, 0x1E, 0x3F, 0x1E, 0x3F, 0x1E, 0x3F, 0x1E, 0x3F, 0x1E, 0x3F, 0x1E, 0x3F,
    0x1E, 0x3F, 0x1E, 0x3F, 0x1E, 0x3F, 0x1E, 0x3F, 0x1E, 0x3F, 0x80, 0x7F, 0x80, 0x7F, 0xC0, 0xFF,
    0xDE, 0xFF, 0x8C, 0x7F, 0x8C, 0x7F, 0x8C, 0x7F, 0xFF, 0xFF, 0xFF, 0xFF, 0xC0, 0xFF, 0x80, 0x7F,
    0x80, 0x7F, 0x1E, 0x3F, 0x1E, 0x3F, 0x1E, 0x3F, 0x1E, 0x3F, 0x1E, 0x3F, 0x1E, 0x3F, 0x1E, 0x3F,
    0x1E, 0x3F, 0x1E, 0x3F, 0x1E, 0x3F, 0x1E, 0x3F, 0x1E, 0x3F, 0x80, 0x7F, 0x80, 0x7F, 0xC0, 0xFF,
    0xFF, 0xFF, 0x9F, 0x9F, 0x0F, 0x0F, 0x86, 0x1F, 0xC0, 0x3F, 0xE0, 0x7F, 0xF0, 0xFF, 0xE0, 0x7F,
    0xC0, 0x3F, 0x86, 0x1F, 0x8F, 0x1F, 0x9F, 0x9F, 0xFF, 0xFF, 0xFF, 0xFF, 0xFE, 0x7F, 0xC0, 0x3F,
    0x80, 0x7F, 0x80, 0x7F, 0x1C, 0x3F, 0x1C, 0x3F, 0x18, 0x3F, 0x18, 0x3F, 0x10, 0x3F, 0x12, 0x3F,
    0x12, 0x3F, 0x02, 0x3F, 0x06, 0x3F, 0x06, 0x3F, 0x0E, 0x3F, 0x0E, 0x3F, 0x80, 0x7F, 0x80, 0x7F,
    0x00, 0xFF, 0x9F, 0xFF, 0xFF, 0xFF, 0xFF, 0xFF, 0xF7, 0xFF, 0xE3, 0xFF, 0xF1, 0xFF, 0xF8, 0xFF,
    0xFD, 0xFF, 0xFF, 0xFF, 0x86, 0x1F, 0x86, 0x1F, 0x86, 0x1F, 0x8F, 0x1F, 0x8F, 0x1F, 0x8F, 0x1F,
    0x8F, 0x1F, 0x8F, 0x1F, 0x8F, 0x1F, 0x8F, 0x1F, 0x8F, 0x1F, 0x8F, 0x1F, 0x8F, 0x1F, 0x8F, 0x1F,
    0xC6, 0x3F, 0xC0, 0x3F, 0xC0, 0x3F, 0xF0, 0xFF, 0xFF, 0xFF, 0xFE, 0xFF, 0xFC, 0x7F, 0xF8, 0xFF,
    0xF1, 0xFF, 0xFB, 0xFF, 0xFF, 0xFF, 0x86, 0x1F, 0x86, 0x1F, 0x86, 0x1F, 0x8F, 0x1F, 0x8F, 0x1F,
    0x8F, 0x1F, 0x8F, 0x1F, 0x8F, 0x1F, 0x8F, 0x1F, 0x8F, 0x1F, 0x8F, 0x1F, 0x8F, 0x1F, 0x8F, 0x1F,
    0x8F, 0x1F, 0xC6, 0x3F, 0xC0, 0x3F, 0xC0, 0x3F, 0xF0, 0xFF, 0xF9, 0xFF, 0xF0, 0xFF, 0xE0, 0x7F,
    0xE6, 0x7F, 0xEF, 0x7F, 0xFF, 0xFF, 0xFF, 0xFF, 0x86, 0x1F, 0x86, 0x1F, 0x86, 0x1F, 0x8F, 0x1F,
    0x8F, 0x1F, 0x8F, 0x1F, 0x8F, 0x1F, 0x8F, 0x1F, 0x8F, 0x1F, 0x8F, 0x1F, 0x8F, 0x1F, 0x8F, 0x1F,
    0x8F, 0x1F, 0x8F, 0x1F, 0xC6, 0x3F, 0xC0, 0x3F, 0xC0, 0x3F, 0xF0, 0xFF, 0xEF, 0x7F, 0xC6, 0x3F,
    0xC6, 0x3F, 0xC6, 0x3F, 0xFF, 0xFF, 0xFF, 0xFF, 0x86, 0x1F, 0x86, 0x1F, 0x86, 0x1F, 0x8F, 0x1F,
    0x8F, 0x1F, 0x8F, 0x1F, 0x8F, 0x1F, 0x8F, 0x1F, 0x8F, 0x1F, 0x8F, 0x1F, 0x8F, 0x1F, 0x8F, 0x1F,
    0x8F, 0x1F, 0x8F, 0x1F, 0xC6, 0x3F, 0xC0, 0x3F, 0xC0, 0x3F, 0xF0, 0xFF, 0xFF, 0xFF, 0xFE, 0xFF,
    0xFC, 0x7F, 0xF8, 0xFF, 0xF1, 0xFF, 0xFB, 0xFF, 0xFF, 0xFF, 0x86, 0x1F, 0x86, 0x1F, 0x86, 0x1F,
    0xC6, 0x3F, 0xC6, 0x3F, 0xE0, 0x7F, 0xE0, 0x7F, 0xE0, 0x7F, 0xF0, 0xFF, 0xF0, 0xFF, 0xF0, 0xFF,
    0xF9, 0xFF, 0xF9, 0xFF, 0xF9, 0xFF, 0xF9, 0xFF, 0xF0, 0xFF, 0xE0, 0x7F, 0xE0, 0x7F, 0x07, 0xFF,
    0x07, 0xFF, 0x0F, 0xFF, 0x8F, 0xFF, 0x80, 0xFF, 0x80, 0x7F, 0x88, 0x7F, 0x8E, 0x3F, 0x8E, 0x3F,
    0x8E, 0x3F, 0x8C, 0x3F, 0x80, 0x7F, 0x80, 0xFF, 0x87, 0xFF, 0x8F, 0xFF, 0x0F, 0xFF, 0x07, 0xFF,
    0x07, 0xFF, 0xE0, 0xFF, 0xC0, 0x7F, 0xC0, 0x3F, 0xC6, 0x3F, 0x8E, 0x3F, 0x8E, 0x3F, 0x8E, 0x3F,
    0x88, 0x7F, 0x88, 0x7F, 0x88, 0x3F, 0x8E, 0x3F, 0x8F, 0x1F, 0x8F, 0x1F, 0x8F, 0x1F, 0x8E, 0x1F,
    0x88, 0x3F, 0x88, 0x7F, 0x88, 0xFF, 0xEF, 0xFF, 0xC7, 0xFF, 0xE3, 0xFF, 0xF1, 0xFF, 0xFB, 0xFF,
    0xFF, 0xFF, 0xC0, 0xFF, 0x80, 0x7F, 0x80, 0x7F, 0x1E, 0x3F, 0xFE, 0x3F, 0xE0, 0x3F, 0x80, 0x3F,
    0x80, 0x3F, 0x1E, 0x3F, 0x1C, 0x3F, 0x00, 0x3F, 0x80, 0x3F, 0xC2, 0x3F, 0xFD, 0xFF, 0xF8, 0xFF,
    0xF1, 0xFF, 0xE3, 0xFF, 0xF7, 0xFF, 0xFF, 0xFF, 0xC0, 0xFF, 0x80, 0x7F, 0x80, 0x7F, 0x1E, 0x3F,
    0xFE, 0x3F, 0xE0, 0x3F, 0x80, 0x3F, 0x80, 0x3F, 0x1E, 0x3F, 0x1C, 0x3F, 0x00, 0x3F, 0x80, 0x3F,
    0xC2, 0x3F, 0xE1, 0xFF, 0xE1, 0xFF, 0xCC, 0xFF, 0xCC, 0xFF, 0xFF, 0xFF, 0xFF, 0xFF, 0xC0, 0xFF,
    0x80, 0x7F, 0x80, 0x7F, 0x1E, 0x3F, 0xFE, 0x3F, 0xE0, 0x3F, 0x80, 0x3F, 0x80, 0x3F, 0x1E, 0x3F,
    0x1C, 0x3F, 0x00, 0x3F, 0x80, 0x3F, 0xC2, 0x3F, 0xFF, 0xFF, 0xC6, 0x7F, 0x82, 0x7F, 0x90, 0x7F,
    0x98, 0xFF, 0xFF, 0xFF, 0xFF, 0xFF, 0xC0, 0xFF, 0x80, 0x7F, 0x80, 0x7F, 0x1E, 0x3F, 0xFE, 0x3F,
    0xE0, 0x3F, 0x80, 0x3F, 0x80, 0x3F, 0x1E, 0x3F, 0x1C, 0x3F, 0x00, 0x3F, 0x80, 0x3F, 0xC2, 0x3F,
    0x8C, 0x7F, 0x8C, 0x7F, 0x8C, 0x7F, 0xDE, 0xFF, 0xFF, 0xFF, 0xC0, 0xFF, 0x80, 0x7F, 0x80, 0x7F,
    0x1E, 0x3F, 0xFE, 0x3F, 0xE0, 0x3F, 0x80, 0x3F, 0x80, 0x3F, 0x1E, 0x3F, 0x1C, 0x3F, 0x00, 0x3F,
    0x80, 0x3F, 0xC2, 0x3F, 0xE1, 0xFF, 0xE1, 0xFF, 0xE1, 0xFF, 0xE1, 0xFF, 0xFF, 0xFF, 0xC0, 0xFF,
    0x80, 0x7F, 0x80, 0x7F, 0x1E, 0x3F, 0xFE, 0x3F, 0xE0, 0x3F, 0x80, 0x3F, 0x80, 0x3F, 0x1E, 0x3F,
    0x1C, 0x3F, 0x00, 0x3F, 0x80, 0x3F, 0xC2, 0x3F, 0xC4, 0x3F, 0x80, 0x1F, 0x88, 0x9F, 0x99, 0x9F,
    0xF9, 0x9F, 0xC0, 0x1F, 0x80, 0x1F, 0x88, 0xFF, 0x99, 0xFF, 0x99, 0x9F, 0x80, 0x1F, 0x80, 0x1F,
    0xC4, 0x3F, 0xC2, 0x3F, 0x80, 0x3F, 0x80, 0x3F, 0x1E, 0x3F, 0x1E, 0x3F, 0x1F, 0xFF, 0x1F, 0xFF,
    0x1F, 0xFF, 0x1E, 0x3F, 0x1C, 0x3F, 0x80, 0x7F, 0x80, 0x7F, 0xC1, 0xFF, 0xF3, 0xFF, 0xF1, 0xFF,
    0xFC, 0xFF, 0xC0, 0xFF, 0xC1, 0xFF, 0xEF, 0xFF, 0xC7, 0xFF, 0xE3, 0xFF, 0xF1, 0xFF, 0xFB, 0xFF,
    0xFF, 0xFF, 0xC0, 0xFF, 0x80, 0x7F, 0x80, 0x7F, 0x1E, 0x3F, 0x1E, 0x3F, 0x00, 0x3F, 0x00, 0x3F,
    0x1F, 0xFF, 0x1F, 0xFF, 0x1E, 0x3F, 0x80, 0x7F, 0x80, 0x7F, 0xC0, 0xFF, 0xFD, 0xFF, 0xF8, 0xFF,
    0xF1, 0xFF, 0xE3, 0xFF, 0xF7, 0xFF, 0xFF, 0xFF, 0xC0, 0xFF, 0x80, 0x7F, 0x80, 0x7F, 0x1E, 0x3F,
    0x1E, 0x3F, 0x00, 0x3F, 0x00, 0x3F, 0x1F, 0xFF, 0x1F, 0xFF, 0x1E, 0x3F, 0x80, 0x7F, 0x80, 0x7F,
    0xC0, 0xFF, 0xE1, 0xFF, 0xE1, 0xFF, 0xCC, 0xFF, 0xCC, 0xFF, 0xFF, 0xFF, 0xFF, 0xFF, 0xC0, 0xFF,
    0x80, 0x7F, 0x80, 0x7F, 0x1E, 0x3F, 0x1E, 0x3F, 0x00, 0x3F, 0x00, 0x3F, 0x1F, 0xFF, 0x1F, 0xFF,
    0x1E, 0x3F, 0x80, 0x7F, 0x80, 0x7F, 0xC0, 0xFF, 0x8C, 0x7F, 0x8C, 0x7F, 0x8C, 0x7F, 0xDE, 0xFF,
    0xFF, 0xFF, 0xC0, 0xFF, 0x80, 0x7F, 0x80, 0x7F, 0x1E, 0x3F, 0x1E, 0x3F, 0x00, 0x3F, 0x00, 0x3F,
    0x1F, 0xFF, 0x1F, 0xFF, 0x1E, 0x3F, 0x80, 0x7F, 0x80, 0x7F, 0xC0, 0xFF, 0xFF, 0xFF, 0xE7, 0xFF,
    0xC7, 0xFF, 0xE3, 0xFF, 0xF1, 0xFF, 0xFB, 0xFF, 0xFF, 0xFF, 0x81, 0xFF, 0x81, 0xFF, 0xE1, 0xFF,
    0xF1, 0xFF, 0xF1, 0xFF, 0xF1, 0xFF, 0xF1, 0xFF, 0xF1, 0xFF, 0xF1, 0xFF, 0xF1, 0xFF, 0xE1, 0xFF,
    0x80, 0x7F, 0x80, 0x7F, 0xFF, 0xFF, 0xFD, 0xFF, 0xF8, 0xFF, 0xF1, 0xFF, 0xF3, 0xFF, 0xFF, 0xFF,
    0xFF, 0xFF, 0x81, 0xFF, 0x81, 0xFF, 0xE1, 0xFF, 0xF1, 0xFF, 0xF1, 0xFF, 0xF1, 0xFF, 0xF1, 0xFF,
    0xF1, 0xFF, 0xF1, 0xFF, 0xF1, 0xFF, 0xE1, 0xFF, 0x80, 0x7F, 0x80, 0x7F, 0xE1, 0xFF, 0xE0, 0xFF,
    0xC4, 0xFF, 0xCE, 0x7F, 0xFF, 0xFF, 0xFF, 0xFF, 0x81, 0xFF, 0x81, 0xFF, 0xE1, 0xFF, 0xF1, 0xFF,
    0xF1, 0xFF, 0xF1, 0xFF, 0xF1, 0xFF, 0xF1, 0xFF, 0xF1, 0xFF, 0xF1, 0xFF, 0xE1, 0xFF, 0x80, 0x7F,
    0x80, 0x7F, 0x8C, 0x7F, 0x8C, 0x7F, 0x8C, 0x7F, 0xDE, 0xFF, 0xFF, 0xFF, 0x81, 0xFF, 0x81, 0xFF,
    0xE1, 0xFF, 0xF1, 0xFF, 0xF1, 0xFF, 0xF1, 0xFF, 0xF1, 0xFF, 0xF1, 0xFF, 0xF1, 0xFF, 0xF1, 0xFF,
    0xE1, 0xFF, 0x80, 0x7F, 0x80, 0x7F, 0xFF, 0xFF, 0xE7, 0xFF, 0xC1, 0xFF, 0xE0, 0x7F, 0xE0, 0x7F,
    0x80, 0x7F, 0x8C, 0x7F, 0xE4, 0x7F, 0xC0, 0x7F, 0x80, 0x3F, 0x8C, 0x3F, 0x1E, 0x3F, 0x1E, 0x3F,
    0x1E, 0x3F, 0x1E, 0x3F, 0x0C, 0x3F, 0x80, 0x7F, 0x80, 0x7F, 0xE1, 0xFF, 0xFF, 0xFF, 0xE3, 0x3F,
    0xC1, 0x3F, 0xC8, 0x3F, 0xCC, 0x7F, 0xFF, 0xFF, 0xFF, 0xFF, 0x88, 0x7F, 0x80, 0x3F, 0x80, 0x3F,
    0x86, 0x3F, 0x8F, 0x1F, 0x8F, 0x1F, 0x8F, 0x1F, 0x8F, 0x1F, 0x8F, 0x1F, 0x8F, 0x1F, 0x86, 0x1F,
    0x86, 0x1F, 0x86, 0x1F, 0xEF, 0xFF, 0xC7, 0xFF, 0xE3, 0xFF, 0xF1, 0xFF, 0xFB, 0xFF, 0xFF, 0xFF,
    0xC0, 0xFF, 0x80, 0x7F, 0x80, 0x7F, 0x1E, 0x3F, 0x1E, 0x3F, 0x1E, 0x3F, 0x1E, 0x3F, 0x1E, 0x3F,
    0x1E, 0x3F, 0x1E, 0x3F, 0x80, 0x7F, 0x80, 0x7F, 0xC0, 0xFF, 0xFD, 0xFF, 0xF8, 0xFF, 0xF1, 0xFF,
    0xE3, 0xFF, 0xF7, 0xFF, 0xFF, 0xFF, 0xC0, 0xFF, 0x80, 0x7F, 0x80, 0x7F, 0x1E, 0x3F, 0x1E, 0x3F,
    0x1E, 0x3F, 0x1E, 0x3F, 0x1E, 0x3F, 0x1E, 0x3F, 0x1E, 0x3F, 0x80, 0x7F, 0x80, 0x7F, 0xC0, 0xFF,
    0xE1, 0xFF, 0xE1, 0xFF, 0xCC, 0xFF, 0xCC, 0xFF, 0xFF, 0xFF, 0xFF, 0xFF, 0xC0, 0xFF, 0x80, 0x7F,
    0x80, 0x7F, 0x1E, 0x3F, 0x1E, 0x3F, 0x1E, 0x3F, 0x1E, 0x3F, 0x1E, 0x3F, 0x1E, 0x3F, 0x1E, 0x3F,
    0x80, 0x7F, 0x80, 0x7F, 0xC0, 0xFF, 0xFF, 0xFF, 0xC6, 0x7F, 0x82, 0x7F, 0x90, 0x7F, 0x98, 0xFF,
    0xFF, 0xFF, 0xFF, 0xFF, 0xC0, 0xFF, 0x80, 0x7F, 0x80, 0x7F, 0x1E, 0x3F, 0x1E, 0x3F, 0x1E, 0x3F,
    0x1E, 0x3F, 0x1E, 0x3F, 0x1E, 0x3F, 0x1E, 0x3F, 0x80, 0x7F, 0x80, 0x7F, 0xC0, 0xFF, 0x8C, 0x7F,
    0x8C, 0x7F, 0x8C, 0x7F, 0xDE, 0xFF, 0xFF, 0xFF, 0xC0, 0xFF, 0x80, 0x7F, 0x80, 0x7F, 0x1E, 0x3F,
    0x1E, 0x3F, 0x1E, 0x3F, 0x1E, 0x3F, 0x1E, 0x3F, 0x1E, 0x3F, 0x1E, 0x3F, 0x80, 0x7F, 0x80, 0x7F,
    0xC0, 0xFF, 0xF3, 0xFF, 0xE1, 0xFF, 0xE1, 0xFF, 0xF3, 0xFF, 0xFF, 0xFF, 0x00, 0x3F, 0x00, 0x3F,
    0xFF, 0xFF, 0xFF, 0xFF, 0xF3, 0xFF, 0xE1, 0xFF, 0xE1, 0xFF, 0xF3, 0xFF, 0xFF, 0x7F, 0xC0, 0x3F,
    0x80, 0x7F, 0x80, 0x7F, 0x18, 0x3F, 0x18, 0x3F, 0x10, 0x3F, 0x12, 0x3F, 0x02, 0x3F, 0x06, 0x3F,
    0x06, 0x3F, 0x80, 0x7F, 0x80, 0x7F, 0x00, 0xFF, 0xBF, 0xFF, 0xFF, 0xFF, 0xF7, 0xFF, 0xE3, 0xFF,
    0xF1, 0xFF, 0xF8, 0xFF, 0xFF, 0xFF, 0xFF, 0xFF, 0x8E, 0x1F, 0x8E, 0x1F, 0x8E, 0x1F, 0x8F, 0x1F,
    0x8F, 0x1F, 0x8F, 0x1F, 0x8F, 0x1F, 0x8F, 0x1F, 0x8F, 0x1F, 0xC6, 0x1F, 0xC6, 0x1F, 0xC0, 0x1F,
    0xE1, 0x1F, 0xFF, 0xFF, 0xFE, 0xFF, 0xFC, 0x7F, 0xF8, 0xFF, 0xF1, 0xFF, 0xFF, 0xFF, 0xFF, 0xFF,
    0x8E, 0x1F, 0x8E, 0x1F, 0x8E, 0x1F, 0x8F, 0x1F, 0x8F, 0x1F, 0x8F, 0x1F, 0x8F, 0x1F, 0x8F, 0x1F,
    0x8F, 0x1F, 0xC6, 0x1F, 0xC6, 0x1F, 0xC0, 0x1F, 0xE1, 0x1F, 0xF0, 0xFF, 0xF0, 0xFF, 0xE6, 0x7F,
    0xE6, 0x7F, 0xFF, 0xFF, 0xFF, 0xFF, 0x8E, 0x1F, 0x8E, 0x1F, 0x8E, 0x1F, 0x8F, 0x1F, 0x8F, 0x1F,
    0x8F, 0x1F, 0x8F, 0x1F, 0x8F, 0x1F, 0x8F, 0x1F, 0xC6, 0x1F, 0xC6, 0x1F, 0xC0, 0x1F, 0xE1, 0x1F,
    0xC6, 0x3F, 0xC6, 0x3F, 0xC6, 0x3F, 0xEF, 0x7F, 0xFF, 0xFF, 0x8E, 0x1F, 0x8E, 0x1F, 0x8E, 0x1F,
    0x8F, 0x1F, 0x8F, 0x1F, 0x8F, 0x1F, 0x8F, 0x1F, 0x8F, 0x1F, 0x8F, 0x1F, 0xC6, 0x1F, 0xC6, 0x1F,
    0xC0, 0x1F, 0xE1, 0x1F, 0xFF, 0xFF, 0xFE, 0xFF, 0xFC, 0x7F, 0xF8, 0xFF, 0xF1, 0xFF, 0xFF, 0xFF,
    0xFF, 0xFF, 0x86, 0x1F, 0x86, 0x1F, 0x86, 0x1F, 0xC6, 0x3F, 0xC6, 0x3F, 0xE6, 0x7F, 0xE2, 0x7F,
    0xE0, 0x7F, 0xE0, 0x7F, 0xF0, 0xFF, 0xF0, 0xFF, 0xF0, 0xFF, 0xF0, 0xFF, 0xF1, 0xFF, 0xF1, 0xFF,
    0xE1, 0xFF, 0x83, 0xFF, 0x83, 0xFF, 0x8F, 0xFF, 0x8F, 0xFF, 0x8F, 0xFF, 0x8F, 0xFF, 0x8F, 0xFF,
    0x88, 0x7F, 0x80, 0x3F, 0x80, 0x3F, 0x87, 0x1F, 0x8F, 0x1F, 0x8F, 0x1F, 0x8F, 0x1F, 0x8F, 0x1F,
    0x8F, 0x1F, 0x87, 0x1F, 0x80, 0x3F, 0x80, 0x3F, 0x88, 0x7F, 0x8F, 0xFF, 0x8F, 0xFF, 0x87, 0xFF,
    0x83, 0xFF, 0x83, 0xFF, 0xC6, 0x3F, 0xC6, 0x3F, 0xC6, 0x3F, 0xEF, 0x7F, 0xFF, 0xFF, 0x86, 0x1F,
    0x86, 0x1F, 0x86, 0x1F, 0xC6, 0x3F, 0xC6, 0x3F, 0xE6, 0x7F, 0xE2, 0x7F, 0xE0, 0x7F, 0xE0, 0x7F,
    0xF0, 0xFF, 0xF0, 0xFF, 0xF0, 0xFF, 0xF0, 0xFF, 0xF1, 0xFF, 0xF1, 0xFF, 0xE1, 0xFF, 0x83, 0xFF,
    0x83, 0xFF, 0xC0, 0x3F, 0xC0, 0x3F, 0xFF, 0xFF, 0xFF, 0xFF, 0xFF, 0xFF, 0xF0, 0xFF, 0xF0, 0xFF,
    0xF0, 0xFF, 0xF0, 0xFF, 0xE0, 0xFF, 0xE0, 0x7F, 0xE0, 0x7F, 0xE0, 0x7F, 0xE6, 0x7F, 0xE6, 0x7F,
    0xC0, 0x3F, 0xC0, 0x3F, 0xC6, 0x3F, 0xC6, 0x3F, 0xC6, 0x3F, 0x86, 0x1F, 0x86, 0x1F, 0x86, 0x1F,
    0x80, 0x7F, 0x80, 0x7F, 0xFF, 0xFF, 0xFF, 0xFF, 0xC0, 0xFF, 0x80, 0x7F, 0x80, 0x7F, 0x1E, 0x3F,
    0xFE, 0x3F, 0xE0, 0x3F, 0x80, 0x3F, 0x80, 0x3F, 0x1E, 0x3F, 0x1C, 0x3F, 0x00, 0x3F, 0x80, 0x3F,
    0xC2, 0x3F, 0xEF, 0x7F, 0xE6, 0x7F, 0xE0, 0x7F, 0xF0, 0xFF, 0xFF, 0xFF, 0xFF, 0xFF, 0xF0, 0xFF,
    0xF0, 0xFF, 0xF0, 0xFF, 0xF0, 0xFF, 0xE0, 0xFF, 0xE0, 0x7F, 0xE0, 0x7F, 0xE0, 0x7F, 0xE6, 0x7F,
    0xE6, 0x7F, 0xC0, 0x3F, 0xC0, 0x3F, 0xC6, 0x3F, 0xC6, 0x3F, 0xC6, 0x3F, 0x86, 0x1F, 0x86, 0x1F,
    0x86, 0x1F, 0xCC, 0xFF, 0xC0, 0xFF, 0xE1, 0xFF, 0xFF, 0xFF, 0xFF, 0xFF, 0xC0, 0xFF, 0x80, 0x7F,
    0x80, 0x7F, 0x1E, 0x3F, 0xFE, 0x3F, 0xE0, 0x3F, 0x80, 0x3F, 0x80, 0x3F, 0x1E, 0x3F, 0x1C, 0x3F,
    0x00, 0x3F, 0x80, 0x3F, 0xC2, 0x3F, 0xF0, 0xFF, 0xF0, 0xFF, 0xF0, 0xFF, 0xF0, 0xFF, 0xE0, 0xFF,
    0xE0, 0x7F, 0xE0, 0x7F, 0xE0, 0x7F, 0xE6, 0x7F, 0xE6, 0x7F, 0xC0, 0x3F, 0xC0, 0x3F, 0xC6, 0x3F,
    0xC6, 0x3F, 0xC6, 0x3F, 0x86, 0x1F, 0x86, 0x1F, 0x86, 0x1F, 0xFF, 0x3F, 0xFE, 0x7F, 0xFE, 0x7F,
    0xFE, 0x7F, 0xFE, 0x1F, 0xFF, 0x1F, 0xC0, 0xFF, 0x80, 0x7F, 0x80, 0x7F, 0x1E, 0x3F, 0xFE, 0x3F,
    0xE0, 0x3F, 0x80, 0x3F, 0x80, 0x3F, 0x1E, 0x3F, 0x1C, 0x3F, 0x00, 0x3F, 0x80, 0x3F, 0xC2, 0x1F,
    0xFF, 0x3F, 0xFE, 0x7F, 0xFE, 0x7F, 0xFE, 0x7F, 0xFE, 0x1F, 0xFF, 0x1F, 0xFD, 0xFF, 0xF8, 0xFF,
    0xF1, 0xFF, 0xE3, 0xFF, 0xF7, 0xFF, 0xFF, 0xFF, 0xC2, 0x3F, 0x80, 0x3F, 0x80, 0x3F, 0x1E, 0x3F,
    0x1E, 0x3F, 0x1F, 0xFF, 0x1F, 0xFF, 0x1F, 0xFF, 0x1F, 0xFF, 0x1F, 0xFF, 0x1F, 0xFF, 0x1F, 0xFF,
    0x1F, 0xFF, 0x1E, 0x7F, 0x1C, 0x3F, 0x80, 0x7F, 0x80, 0x7F, 0xC1, 0xFF, 0xFD, 0xFF, 0xF8, 0xFF,
    0xF1, 0xFF, 0xE3, 0xFF, 0xF7, 0xFF, 0xFF, 0xFF, 0xC2, 0x3F, 0x80, 0x3F, 0x80, 0x3F, 0x1E, 0x3F,
    0x1E, 0x3F, 0x1F, 0xFF, 0x1F, 0xFF, 0x1F, 0xFF, 0x1E, 0x3F, 0x1C, 0x3F, 0x80, 0x7F, 0x80, 0x7F,
    0xC1, 0xFF, 0xFF, 0xFF, 0xE1, 0xFF, 0xC0, 0xFF, 0xCC, 0xFF, 0xCC, 0xFF, 0xFF, 0xFF, 0xFF, 0xFF,
    0xC2, 0x3F, 0x80, 0x3F, 0x8C, 0x3F, 0x1E, 0x3F, 0x1E, 0x3F, 0x1F, 0xFF, 0x1F, 0xFF, 0x1F, 0xFF,
    0x1F, 0xFF, 0x1F, 0xFF, 0x1F, 0xFF, 0x1F, 0xFF, 0x1F, 0xFF, 0x1E, 0x7F, 0x1C, 0x3F, 0x80, 0x7F,
    0x80, 0x7F, 0xC1, 0xFF, 0xE1, 0xFF, 0xE1, 0xFF, 0xCC, 0xFF, 0xCC, 0xFF, 0xFF, 0xFF, 0xFF, 0xFF,
    0xC2, 0x3F, 0x80, 0x3F, 0x8C, 0x3F, 0x1E, 0x3F, 0x1E, 0x3F, 0x1F, 0xFF, 0x1F, 0xFF, 0x1F, 0xFF,
    0x1E, 0x3F, 0x1C, 0x3F, 0x80, 0x7F, 0x80, 0x7F, 0xC1, 0xFF, 0xF3, 0xFF, 0xE1, 0xFF, 0xE1, 0xFF,
    0xF3, 0xFF, 0xFF, 0xFF, 0xFF, 0xFF, 0xC2, 0x3F, 0x80, 0x3F, 0x80, 0x3F, 0x1E, 0x3F, 0x1E, 0x3F,
    0x1F, 0xFF, 0x1F, 0xFF, 0x1F, 0xFF, 0x1F, 0xFF, 0x1F, 0xFF, 0x1F, 0xFF, 0x1F, 0xFF, 0x1F, 0xFF,
    0x1E, 0x7F, 0x1C, 0x3F, 0x80, 0x7F, 0x80, 0x7F, 0xC1, 0xFF, 0xF3, 0xFF, 0xE1, 0xFF, 0xE1, 0xFF,
    0xF3, 0xFF, 0xFF, 0xFF, 0xC2, 0x3F, 0x80, 0x3F, 0x80, 0x3F, 0x1E, 0x3F, 0x1E, 0x3F, 0x1F, 0xFF,
    0x1F, 0xFF, 0x1F, 0xFF, 0x1E, 0x3F, 0x1C, 0x3F, 0x80, 0x7F, 0x80, 0x7F, 0xC1, 0xFF, 0xDE, 0xFF,
    0xCC, 0xFF, 0xC0, 0xFF, 0xE1, 0xFF, 0xF3, 0xFF, 0xFF, 0xFF, 0xFF, 0xFF, 0xC2, 0x3F, 0x80, 0x3F,
    0x80, 0x3F, 0x1E, 0x3F, 0x1E, 0x3F, 0x1F, 0xFF, 0x1F, 0xFF, 0x1F, 0xFF, 0x1F, 0xFF, 0x1F, 0xFF,
    0x1F, 0xFF, 0x1F, 0xFF, 0x1F, 0xFF, 0x1E, 0x7F, 0x1C, 0x3F, 0x80, 0x7F, 0x80, 0x7F, 0xC1, 0xFF,
    0xFF, 0xFF, 0xCC, 0xFF, 0xCC, 0xFF, 0xE1, 0xFF, 0xE1, 0xFF, 0xFF, 0xFF, 0xFF, 0xFF, 0xC2, 0x3F,
    0x80, 0x3F, 0x80, 0x3F, 0x1E, 0x3F, 0x1E, 0x3F, 0x1F, 0xFF, 0x1F, 0xFF, 0x1F, 0xFF, 0x1E, 0x3F,
    0x1C, 0x3F, 0x80, 0x7F, 0x80, 0x7F, 0xC1, 0xFF, 0xFF, 0xFF, 0xE6, 0x7F, 0xE6, 0x7F, 0xF0, 0xFF,
    0xF0, 0xFF, 0xFF, 0xFF, 0xFF, 0xFF, 0x80, 0xFF, 0x80, 0x7F, 0x80, 0x3F, 0x8E, 0x1F, 0x8F, 0x1F,
    0x8F, 0x1F, 0x8F, 0x1F, 0x8F, 0x1F, 0x8F, 0x1F, 0x8F, 0x1F, 0x8F, 0x1F, 0x8F, 0x1F, 0x8F, 0x1F,
    0x8F, 0x1F, 0x8E, 0x1F, 0x80, 0x3F, 0x80, 0x7F, 0x80, 0xFF, 0xFF, 0xCF, 0xF8, 0x0F, 0xF8, 0x4F,
    0xFC, 0x4F, 0xFC, 0x5F, 0xFC, 0x7F, 0xC4, 0x7F, 0x80, 0x7F, 0x00, 0x7F, 0x1C, 0x7F, 0x1C, 0x7F,
    0x1C, 0x7F, 0x1C, 0x7F, 0x1C, 0x7F, 0x1C, 0x7F, 0x1C, 0x7F, 0x00, 0x7F, 0x80, 0x3F, 0xC4, 0x3F,
    0xFC, 0x3F, 0xFC, 0x3F, 0xFC, 0x3F, 0xF0, 0x1F, 0xF8, 0x1F, 0xC2, 0x3F, 0x80, 0x3F, 0x80, 0x3F,
    0x1C, 0x3F, 0x1E, 0x3F, 0x1E, 0x3F, 0x1E, 0x3F, 0x1E, 0x3F, 0x1E, 0x3F, 0x1C, 0x3F, 0x80, 0x3F,
    0x80, 0x3F, 0xC2, 0x3F, 0xC0, 0x3F, 0xC0, 0x3F, 0xFF, 0xFF, 0xFF, 0xFF, 0xFF, 0xFF, 0x80, 0x1F,
    0x80, 0x1F, 0x87, 0x1F, 0xC7, 0x1F, 0xC7, 0xFF, 0xC7, 0xFF, 0xC7, 0xFF, 0xC0, 0xFF, 0xC0, 0x7F,
    0xC0, 0x7F, 0xC7, 0xFF, 0xC7, 0xFF, 0xC7, 0xFF, 0xC7, 0xFF, 0xC7, 0x1F, 0x87, 0x1F, 0x80, 0x1F,
    0x80, 0x1F, 0x80, 0x7F, 0x80, 0x7F, 0xFF, 0xFF, 0xFF, 0xFF, 0xFF, 0xFF, 0xC0, 0xFF, 0x80, 0x7F,
    0x80, 0x7F, 0x1E, 0x3F, 0x1E, 0x3F, 0x00, 0x3F, 0x00, 0x3F, 0x1F, 0xFF, 0x1F, 0xFF, 0x1E, 0x3F,
    0x80, 0x7F, 0x80, 0x7F, 0xC0, 0xFF, 0xEF, 0x7F, 0xE6, 0x7F, 0xE0, 0x7F, 0xF0, 0xFF, 0xFF, 0xFF,
    0xFF, 0xFF, 0x80, 0x1F, 0x80, 0x1F, 0x87, 0x1F, 0xC7, 0x1F, 0xC7, 0xFF, 0xC7, 0xFF, 0xC7, 0xFF,
    0xC0, 0xFF, 0xC0, 0x7F, 0xC0, 0x7F, 0xC7, 0xFF, 0xC7, 0xFF, 0xC7, 0xFF, 0xC7, 0xFF, 0xC7, 0x1F,
    0x87, 0x1F, 0x80, 0x1F, 0x80, 0x1F, 0xCC, 0xFF, 0xC0, 0xFF, 0xE1, 0xFF, 0xFF, 0xFF, 0xFF, 0xFF,
    0xC0, 0xFF, 0x80, 0x7F, 0x80, 0x7F, 0x1E, 0x3F, 0x1E, 0x3F, 0x00, 0x3F, 0x00, 0x3F, 0x1F, 0xFF,
    0x1F, 0xFF, 0x1E, 0x3F, 0x80, 0x7F, 0x80, 0x7F, 0xC0, 0xFF, 0xF9, 0xFF, 0xF0, 0xFF, 0xF0, 0xFF,
    0xF9, 0xFF, 0xFF, 0xFF, 0xFF, 0xFF, 0x80, 0x1F, 0x80, 0x1F, 0x87, 0x1F, 0xC7, 0x1F, 0xC7, 0xFF,
    0xC7, 0xFF, 0xC7, 0xFF, 0xC0, 0xFF, 0xC0, 0x7F, 0xC0, 0x7F, 0xC7, 0xFF, 0xC7, 0xFF, 0xC7, 0xFF,
    0xC7, 0xFF, 0xC7, 0x1F, 0x87, 0x1F, 0x80, 0x1F, 0x80, 0x1F, 0xF3, 0xFF, 0xE1, 0xFF, 0xE1, 0xFF,
    0xF3, 0xFF, 0xFF, 0xFF, 0xC0, 0xFF, 0x80, 0x7F, 0x80, 0x7F, 0x1E, 0x3F, 0x1E, 0x3F, 0x00, 0x3F,
    0x00, 0x3F, 0x1F, 0xFF, 0x1F, 0xFF, 0x1E, 0x3F, 0x80, 0x7F, 0x80, 0x7F, 0xC0, 0xFF, 0x80, 0x1F,
    0x80, 0x1F, 0x87, 0x1F, 0xC7, 0x1F, 0xC7, 0xFF, 0xC7, 0xFF, 0xC7, 0xFF, 0xC0, 0xFF, 0xC0, 0x7F,
    0xC0, 0x7F, 0xC7, 0xFF, 0xC7, 0xFF, 0xC7, 0xFF, 0xC7, 0xFF, 0xC7, 0x1F, 0x87, 0x1F, 0x80, 0x1F,
    0x80, 0x1F, 0xFF, 0x3F, 0xFE, 0x7F, 0xFE, 0x7F, 0xFE, 0x7F, 0xFE, 0x1F, 0xFF, 0x1F, 0xC0, 0xFF,
    0x80, 0x7F, 0x80, 0x7F, 0x1E, 0x3F, 0x1E, 0x3F, 0x00, 0x3F, 0x00, 0x3F, 0x1F, 0xFF, 0x1F, 0xFF,
    0x1E, 0x3F, 0x80, 0x3F, 0x80, 0x7F, 0xC0, 0x7F, 0xFC, 0x7F, 0xFC, 0xFF, 0xFC, 0xFF, 0xFC, 0x3F,
    0xFC, 0x3F, 0xFF, 0xFF, 0xFF, 0xFF, 0xE6, 0x7F, 0xE6, 0x7F, 0xF0, 0xFF, 0xF0, 0xFF, 0xFF, 0xFF,
    0xFF, 0xFF, 0x80, 0x1F, 0x80, 0x1F, 0x87, 0x1F, 0xC7, 0x1F, 0xC7, 0xFF, 0xC7, 0xFF, 0xC7, 0xFF,
    0xC0, 0xFF, 0xC0, 0x7F, 0xC0, 0x7F, 0xC7, 0xFF, 0xC7, 0xFF, 0xC7, 0xFF, 0xC7, 0xFF, 0xC7, 0x1F,
    0x87, 0x1F, 0x80, 0x1F, 0x80, 0x1F, 0xFF, 0xFF, 0xCC, 0xFF, 0xCC, 0xFF, 0xE1, 0xFF, 0xE1, 0xFF,
    0xFF, 0xFF, 0xFF, 0xFF, 0xC0, 0xFF, 0x80, 0x7F, 0x80, 0x7F, 0x1E, 0x3F, 0x1E, 0x3F, 0x00, 0x3F,
    0x00, 0x3F, 0x1F, 0xFF, 0x1F, 0xFF, 0x1E, 0x3F, 0x80, 0x7F, 0x80, 0x7F, 0xC0, 0xFF, 0xFF, 0xFF,
    0xE1, 0xFF, 0xC0, 0xFF, 0xCC, 0xFF, 0xCC, 0xFF, 0xFF, 0xFF, 0xFF, 0xFF, 0xC2, 0x3F, 0x80, 0x3F,
    0x8C, 0x3F, 0x1E, 0x3F, 0x1E, 0x3F, 0x1F, 0xFF, 0x1F, 0xFF, 0x1F, 0xFF, 0x18, 0x3F, 0x18, 0x3F,
    0x18, 0x3F, 0x1E, 0x3F, 0x1E, 0x3F, 0x1E, 0x3F, 0x1C, 0x3F, 0x8C, 0x3F, 0x80, 0x3F, 0xC2, 0x3F,
    0xE1, 0xFF, 0xE1, 0xFF, 0xC0, 0xFF, 0xCC, 0xFF, 0xFF, 0xFF, 0xFF, 0xFF, 0xC2, 0x3F, 0x80, 0x3F,
    0x80, 0x3F, 0x0C, 0x3F, 0x1E, 0x3F, 0x1E, 0x3F, 0x1E, 0x3F, 0x1E, 0x3F, 0x1E, 0x3F, 0x1C, 0x3F,
    0x80, 0x3F, 0x80, 0x3F, 0xC2, 0x3F, 0xFE, 0x3F, 0x9C, 0x7F, 0x80, 0x7F, 0x80, 0x7F, 0xC1, 0xFF,
    0xDE, 0xFF, 0xCC, 0xFF, 0xC0, 0xFF, 0xE1, 0xFF, 0xFF, 0xFF, 0xFF, 0xFF, 0xC2, 0x3F, 0x80, 0x3F,
    0x80, 0x3F, 0x1E, 0x3F, 0x1E, 0x3F, 0x1F, 0xFF, 0x1F, 0xFF, 0x1F, 0xFF, 0x18, 0x3F, 0x18, 0x3F,
    0x18, 0x3F, 0x1E, 0x3F, 0x1E, 0x3F, 0x1E, 0x3F, 0x1C, 0x3F, 0x8C, 0x3F, 0x80, 0x3F, 0xC2, 0x3F,
    0xCC, 0xFF, 0xC0, 0xFF, 0xE1, 0xFF, 0xFF, 0xFF, 0xFF, 0xFF, 0xC2, 0x3F, 0x80, 0x3F, 0x80, 0x3F,
    0x0C, 0x3F, 0x1E, 0x3F, 0x1E, 0x3F, 0x1E, 0x3F, 0x1E, 0x3F, 0x1E, 0x3F, 0x1C, 0x3F, 0x80, 0x3F,
    0x80, 0x3F, 0xC2, 0x3F, 0xFE, 0x3F, 0x9C, 0x7F, 0x80, 0x7F, 0x80, 0x7F, 0xC1, 0xFF, 0xF3, 0xFF,
    0xE1, 0xFF, 0xE1, 0xFF, 0xF3, 0xFF, 0xFF, 0xFF, 0xFF, 0xFF, 0xC2, 0x3F, 0x80, 0x3F, 0x80, 0x3F,
    0x1E, 0x3F, 0x1E, 0x3F, 0x1F, 0xFF, 0x1F, 0xFF, 0x1F, 0xFF, 0x18, 0x3F, 0x18, 0x3F, 0x18, 0x3F,
    0x1E, 0x3F, 0x1E, 0x3F, 0x1E, 0x3F, 0x1C, 0x3F, 0x8C, 0x3F, 0x80, 0x3F, 0xC2, 0x3F, 0xF3, 0xFF,
    0xE1, 0xFF, 0xE1, 0xFF, 0xF3, 0xFF, 0xFF, 0xFF, 0xC2, 0x3F, 0x80, 0x3F, 0x80, 0x3F, 0x0C, 0x3F,
    0x1E, 0x3F, 0x1E, 0x3F, 0x1E, 0x3F, 0x1E, 0x3F, 0x1E, 0x3F, 0x1C, 0x3F, 0x80, 0x3F, 0x80, 0x3F,
    0xC2, 0x3F, 0xFE, 0x3F, 0x9C, 0x7F, 0x80, 0x7F, 0x80, 0x7F, 0xC1, 0xFF, 0xC2, 0x3F, 0x80, 0x3F,
    0x80, 0x3F, 0x1E, 0x3F, 0x1E, 0x3F, 0x1F, 0xFF, 0x1F, 0xFF, 0x1F, 0xFF, 0x18, 0x3F, 0x18, 0x3F,
    0x18, 0x3F, 0x1E, 0x3F, 0x1E, 0x3F, 0x1E, 0x3F, 0x1C, 0x3F, 0x8C, 0x3F, 0x80, 0x3F, 0xC2, 0x3F,
    0xFF, 0xFF, 0xF3, 0xFF, 0xF3, 0xFF, 0xF3, 0xFF, 0xF3, 0xFF, 0xF7, 0xFF, 0xFF, 0xFF, 0xFF, 0xFF,
    0xF3, 0xFF, 0xF3, 0xFF, 0xF3, 0xFF, 0xF3, 0xFF, 0xF3, 0xFF, 0xFF, 0xFF, 0xC2, 0x3F, 0x80, 0x3F,
    0x80, 0x3F, 0x0C, 0x3F, 0x1E, 0x3F, 0x1E, 0x3F, 0x1E, 0x3F, 0x1E, 0x3F, 0x1E, 0x3F, 0x1C, 0x3F,
    0x80, 0x3F, 0x80, 0x3F, 0xC2, 0x3F, 0xFE, 0x3F, 0x9C, 0x7F, 0x80, 0x7F, 0x80, 0x7F, 0xC1, 0xFF,
    0xF0, 0xFF, 0xF0, 0xFF, 0xE6, 0x7F, 0xE6, 0x7F, 0xFF, 0xFF, 0xFF, 0xFF, 0x86, 0x1F, 0x86, 0x1F,
    0x86, 0x1F, 0x8F, 0x1F, 0x8F, 0x1F, 0x8F, 0x1F, 0x8F, 0x1F, 0x80, 0x1F, 0x80, 0x1F, 0x80, 0x1F,
    0x8F, 0x1F, 0x8F, 0x1F, 0x8F, 0x1F, 0x8F, 0x1F, 0x8F, 0x1F, 0x86, 0x1F, 0x86, 0x1F, 0x86, 0x1F,
    0xC3, 0xFF, 0x83, 0xFF, 0x91, 0xFF, 0x39, 0xFF, 0xFF, 0xFF, 0xFF, 0xFF, 0xC7, 0xFF, 0xC7, 0xFF,
    0xC7, 0xFF, 0xC7, 0xFF, 0xC7, 0xFF, 0xC4, 0x3F, 0xC0, 0x1F, 0xC0, 0x1F, 0xC3, 0x1F, 0xC7, 0x8F,
    0xC7, 0x8F, 0xC7, 0x8F, 0xC7, 0x8F, 0xC7, 0x8F, 0xC7, 0x8F, 0xC3, 0x0F, 0xC3, 0x0F, 0xC3, 0x0F,
    0x86, 0x1F, 0x86, 0x1F, 0x86, 0x1F, 0x8F, 0x1F, 0x00, 0x0F, 0x00, 0x0F, 0x8F, 0x1F, 0x80, 0x1F,
    0x80, 0x1F, 0x80, 0x1F, 0x8F, 0x1F, 0x8F, 0x1F, 0x8F, 0x1F, 0x8F, 0x1F, 0x8F, 0x1F, 0x86, 0x1F,
    0x86, 0x1F, 0x86, 0x1F, 0x8F, 0xFF, 0x8F, 0xFF, 0x8F, 0xFF, 0x03, 0xFF, 0x03, 0xFF, 0x88, 0x7F,
    0x80, 0x3F, 0x80, 0x3F, 0x86, 0x3F, 0x8F, 0x1F, 0x8F, 0x1F, 0x8F, 0x1F, 0x8F, 0x1F, 0x8F, 0x1F,
    0x8F, 0x1F, 0x86, 0x1F, 0x86, 0x1F, 0x86, 0x1F, 0xFF, 0xFF, 0xC6, 0x7F, 0x82, 0x7F, 0x90, 0x7F,
    0x98, 0xFF, 0xFF, 0xFF, 0xFF, 0xFF, 0x80, 0x7F, 0x80, 0x7F, 0xE1, 0xFF, 0xF3, 0xFF, 0xF3, 0xFF,
    0xF3, 0xFF, 0xF3, 0xFF, 0xF3, 0xFF, 0xF3, 0xFF, 0xF3, 0xFF, 0xF3, 0xFF, 0xF3, 0xFF, 0xF3, 0xFF,
    0xF3, 0xFF, 0xF3, 0xFF, 0xE1, 0xFF, 0x80, 0x7F, 0x80, 0x7F, 0xFF, 0xFF, 0xC6, 0x7F, 0x82, 0x7F,
    0x90, 0x7F, 0x98, 0xFF, 0xFF, 0xFF, 0xFF, 0xFF, 0x81, 0xFF, 0x81, 0xFF, 0xE1, 0xFF, 0xF1, 0xFF,
    0xF1, 0xFF, 0xF1, 0xFF, 0xF1, 0xFF, 0xF1, 0xFF, 0xF1, 0xFF, 0xF1, 0xFF, 0xE1, 0xFF, 0x80, 0x7F,
    0x80, 0x7F, 0x80, 0x7F, 0x80, 0x7F, 0xFF, 0xFF, 0xFF, 0xFF, 0xFF, 0xFF, 0x80, 0x7F, 0x80, 0x7F,
    0xE1, 0xFF, 0xF3, 0xFF, 0xF3, 0xFF, 0xF3, 0xFF, 0xF3, 0xFF, 0xF3, 0xFF, 0xF3, 0xFF, 0xF3, 0xFF,
    0xF3, 0xFF, 0xF3, 0xFF, 0xF3, 0xFF, 0xF3, 0xFF, 0xF3, 0xFF, 0xE1, 0xFF, 0x80, 0x7F, 0x80, 0x7F,
    0x80, 0x7F, 0x80, 0x7F, 0xFF, 0xFF, 0xFF, 0xFF, 0x81, 0xFF, 0x81, 0xFF, 0xE1, 0xFF, 0xF1, 0xFF,
    0xF1, 0xFF, 0xF1, 0xFF, 0xF1, 0xFF, 0xF1, 0xFF, 0xF1, 0xFF, 0xF1, 0xFF, 0xE1, 0xFF, 0x80, 0x7F,
    0x80, 0x7F, 0xDE, 0xFF, 0xCC, 0xFF, 0xC0, 0xFF, 0xE1, 0xFF, 0xFF, 0xFF, 0xFF, 0xFF, 0x80, 0x7F,
    0x80, 0x7F, 0xE1, 0xFF, 0xF3, 0xFF, 0xF3, 0xFF, 0xF3, 0xFF, 0xF3, 0xFF, 0xF3, 0xFF, 0xF3, 0xFF,
    0xF3, 0xFF, 0xF3, 0xFF, 0xF3, 0xFF, 0xF3, 0xFF, 0xF3, 0xFF, 0xF3, 0xFF, 0xE1, 0xFF, 0x80, 0x7F,
    0x80, 0x7F, 0xCC, 0x7F, 0xC0, 0xFF, 0xE1, 0xFF, 0xFF, 0xFF, 0xFF, 0xFF, 0x81, 0xFF, 0x81, 0xFF,
    0xE1, 0xFF, 0xF1, 0xFF, 0xF1, 0xFF, 0xF1, 0xFF, 0xF1, 0xFF, 0xF1, 0xFF, 0xF1, 0xFF, 0xF1, 0xFF,
    0xE1, 0xFF, 0x80, 0x7F, 0x80, 0x7F, 0x80, 0x7F, 0x80, 0x7F, 0xE1, 0xFF, 0xF3, 0xFF, 0xF3, 0xFF,
    0xF3, 0xFF, 0xF3, 0xFF, 0xF3, 0xFF, 0xF3, 0xFF, 0xF3, 0xFF, 0xF3, 0xFF, 0xF3, 0xFF, 0xF3, 0xFF,
    0xF3, 0xFF, 0xF3, 0xFF, 0xE1, 0xFF, 0x80, 0x7F, 0x80, 0x7F, 0xFE, 0x7F, 0xFC, 0xFF, 0xF8, 0xFF,
    0xF8, 0xFF, 0xFC, 0x3F, 0xFE, 0x3F, 0xF1, 0xFF, 0xE1, 0xFF, 0xE1, 0xFF, 0xF1, 0xFF, 0xFF, 0xFF,
    0x81, 0xFF, 0x81, 0xFF, 0xE1, 0xFF, 0xF1, 0xFF, 0xF1, 0xFF, 0xF1, 0xFF, 0xF1, 0xFF, 0xF1, 0xFF,
    0xF1, 0xFF, 0xF1, 0xFF, 0xE1, 0xFF, 0x80, 0x7F, 0x80, 0x7F, 0xFE, 0x7F, 0xFC, 0xFF, 0xF8, 0xFF,
    0xF8, 0xFF, 0xFC, 0x3F, 0xFE, 0x3F, 0xF3, 0xFF, 0xE1, 0xFF, 0xE1, 0xFF, 0xF3, 0xFF, 0xFF, 0xFF,
    0xFF, 0xFF, 0x80, 0x7F, 0x80, 0x7F, 0xE1, 0xFF, 0xF3, 0xFF, 0xF3, 0xFF, 0xF3, 0xFF, 0xF3, 0xFF,
    0xF3, 0xFF, 0xF3, 0xFF, 0xF3, 0xFF, 0xF3, 0xFF, 0xF3, 0xFF, 0xF3, 0xFF, 0xF3, 0xFF, 0xF3, 0xFF,
    0xE1, 0xFF, 0x80, 0x7F, 0x80, 0x7F, 0x81, 0xFF, 0x81, 0xFF, 0xE1, 0xFF, 0xF1, 0xFF, 0xF1, 0xFF,
    0xF1, 0xFF, 0xF1, 0xFF, 0xF1, 0xFF, 0xF1, 0xFF, 0xF1, 0xFF, 0xE1, 0xFF, 0x80, 0x7F, 0x80, 0x7F,
    0x02, 0x1F, 0x02, 0x1F, 0x87, 0x1F, 0xC7, 0x9F, 0xC7, 0x9F, 0xC7, 0x9F, 0xC7, 0x9F, 0xC7, 0x9F,
    0xC7, 0x9F, 0xC7, 0x9F, 0xC7, 0x9F, 0xC7, 0x9F, 0xC7, 0x9F, 0xC4, 0x9F, 0xC4, 0x9F, 0x84, 0x1F,
    0x00, 0x3F, 0x02, 0x3F, 0xC7, 0x9F, 0x87, 0x0F, 0x87, 0x0F, 0xC7, 0x9F, 0xFF, 0xFF, 0x06, 0x0F,
    0x06, 0x0F, 0xC7, 0x8F, 0xC7, 0x8F, 0xC7, 0x8F, 0xC7, 0x8F, 0xC7, 0x8F, 0xC7, 0x8F, 0xC7, 0x8F,
    0xC7, 0x8F, 0xC7, 0x8F, 0x03, 0x8F, 0x03, 0x8F, 0xFF, 0x8F, 0xF8, 0x9F, 0xF8, 0x1F, 0xF8, 0x1F,
    0xFC, 0x3F, 0xF8, 0xFF, 0xF8, 0x7F, 0xF0, 0x7F, 0xE3, 0x3F, 0xE7, 0x3F, 0xFF, 0xFF, 0xFF, 0xFF,
    0xE0, 0x7F, 0xE0, 0x7F, 0xFC, 0x7F, 0xFC, 0x7F, 0xFC, 0x7F, 0xFC, 0x7F, 0xFC, 0x7F, 0xFC, 0x7F,
    0xFC, 0x7F, 0xFC, 0x7F, 0xFC, 0x7F, 0xFC, 0x7F, 0xFC, 0x7F, 0x1C, 0x7F, 0x1C, 0x7F, 0x00, 0xFF,
    0x80, 0xFF, 0xC1, 0xFF, 0xFC, 0x7F, 0xF8, 0x7F, 0xF8, 0x3F, 0xF3, 0x1F, 0xF3, 0x9F, 0xFF, 0xFF,
    0xFF, 0xFF, 0xE0, 0x7F, 0xE0, 0x7F, 0xFC, 0x7F, 0xFC, 0x7F, 0xFC, 0x7F, 0xFC, 0x7F, 0xFC, 0x7F,
    0xFC, 0x7F, 0xFC, 0x7F, 0xFC, 0x7F, 0xFC, 0x7F, 0xFC, 0x7F, 0xFC, 0x7F, 0xFC, 0x7F, 0x1C, 0x7F,
    0x00, 0x7F, 0x80, 0xFF, 0xC1, 0xFF, 0x06, 0x3F, 0x04, 0x3F, 0x0C, 0x7F, 0x88, 0xFF, 0x88, 0xFF,
    0x81, 0xFF, 0x81, 0xFF, 0x83, 0xFF, 0x83, 0xFF, 0x83, 0xFF, 0x81, 0xFF, 0x81, 0xFF, 0x88, 0xFF,
    0x88, 0xFF, 0x8C, 0x7F, 0x0C, 0x7F, 0x04, 0x3F, 0x06, 0x3F, 0xFF, 0xFF, 0xF3, 0xFF, 0xF3, 0xFF,
    0xF3, 0xFF, 0xF3, 0xFF, 0xF7, 0xFF, 0xFF, 0xFF, 0x0F, 0xFF, 0x0F, 0xFF, 0x0F, 0xFF, 0x8F, 0xFF,
    0x8F, 0xFF, 0x8E, 0x3F, 0x8C, 0x3F, 0x88, 0x7F, 0x88, 0xFF, 0x81, 0xFF, 0x83, 0xFF, 0x83, 0xFF,
    0x81, 0xFF, 0x80, 0xFF, 0x88, 0xFF, 0x0C, 0x7F, 0x04, 0x3F, 0x06, 0x3F, 0xFF, 0xFF, 0xF3, 0xFF,
    0xF3, 0xFF, 0xF3, 0xFF, 0xF3, 0xFF, 0xF7, 0xFF, 0xFF, 0xFF, 0x0E, 0x3F, 0x0C, 0x3F, 0x08, 0x7F,
    0x88, 0xFF, 0x81, 0xFF, 0x83, 0xFF, 0x83, 0xFF, 0x81, 0xFF, 0x80, 0xFF, 0x88, 0xFF, 0x0C, 0x7F,
    0x04, 0x3F, 0x06, 0x3F, 0xFF, 0xFF, 0xE7, 0xFF, 0xC7, 0xFF, 0x87, 0xFF, 0x8F, 0xFF, 0xFF, 0xFF,
    0xFF, 0xFF, 0x03, 0xFF, 0x03, 0xFF, 0x8F, 0xFF, 0x8F, 0xFF, 0x8F, 0xFF, 0x8F, 0xFF, 0x8F, 0xFF,
    0x8F, 0xFF, 0x8F, 0xFF, 0x8F, 0xFF, 0x8F, 0xFF, 0x8F, 0xFF, 0x8F, 0xFF, 0x8F, 0xFF, 0x8E, 0x3F,
    0x8E, 0x3F, 0x00, 0x3F, 0x00, 0x3F, 0xFF, 0xFF, 0xFD, 0xFF, 0xF8, 0xFF, 0xF1, 0xFF, 0xF3, 0xFF,
    0xFF, 0xFF, 0xFF, 0xFF, 0x81, 0xFF, 0x81, 0xFF, 0xE1, 0xFF, 0xF1, 0xFF, 0xF1, 0xFF, 0xF1, 0xFF,
    0xF1, 0xFF, 0xF1, 0xFF, 0xF1, 0xFF, 0xF1, 0xFF, 0xF1, 0xFF, 0xF1, 0xFF, 0xF1, 0xFF, 0xF1, 0xFF,
    0xF1, 0xFF, 0xE1, 0xFF, 0x80, 0x7F, 0x80, 0x7F, 0x03, 0xFF, 0x03, 0xFF, 0x8F, 0xFF, 0x8F, 0xFF,
    0x8F, 0xFF, 0x8F, 0xFF, 0x8F, 0xFF, 0x8F, 0xFF, 0x8F, 0xFF, 0x8F, 0xFF, 0x8F, 0xFF, 0x8F, 0xFF,
    0x8F, 0xFF, 0x8F, 0xFF, 0x8E, 0x3F, 0x8E, 0x3F, 0x00, 0x3F, 0x00, 0x3F, 0xFF, 0xFF, 0xF3, 0xFF,
    0xF3, 0xFF, 0xF3, 0xFF, 0xF3, 0xFF, 0xF7, 0xFF, 0xFF, 0xFF, 0x81, 0xFF, 0x81, 0xFF, 0xE1, 0xFF,
    0xF1, 0xFF, 0xF1, 0xFF, 0xF1, 0xFF, 0xF1, 0xFF, 0xF1, 0xFF, 0xF1, 0xFF, 0xF1, 0xFF, 0xF1, 0xFF,
    0xF1, 0xFF, 0xF1, 0xFF, 0xF1, 0xFF, 0xF1, 0xFF, 0xE1, 0xFF, 0x80, 0x7F, 0x80, 0x7F, 0xFF, 0xFF,
    0xF3, 0xFF, 0xF1, 0xFF, 0xF1, 0xFF, 0xF3, 0xFF, 0xF3, 0xFF, 0xFF, 0xFF, 0xFE, 0x7F, 0x02, 0x3F,
    0x02, 0x3F, 0x8E, 0x7F, 0x8E, 0x7F, 0x8F, 0xFF, 0x8F, 0xFF, 0x8F, 0xFF, 0x8F, 0xFF, 0x8F, 0xFF,
    0x8F, 0xFF, 0x8F, 0xFF, 0x8F, 0xFF, 0x8F, 0xFF, 0x8F, 0xFF, 0x8E, 0x3F, 0x8E, 0x3F, 0x00, 0x3F,
    0x00, 0x3F, 0xFF, 0x3F, 0x80, 0x3F, 0x81, 0x3F, 0xE1, 0x3F, 0xF1, 0x7F, 0xF1, 0xFF, 0xF1, 0xFF,
    0xF1, 0xFF, 0xF1, 0xFF, 0xF1, 0xFF, 0xF1, 0xFF, 0xF1, 0xFF, 0xF1, 0xFF, 0xF1, 0xFF, 0xF1, 0xFF,
    0xF1, 0xFF, 0xE1, 0xFF, 0x80, 0x7F, 0x80, 0x7F, 0x03, 0xFF, 0x03, 0xFF, 0x8F, 0xFF, 0x8F, 0xFF,
    0x8F, 0xFF, 0x88, 0x7F, 0x88, 0x7F, 0x88, 0x7F, 0x88, 0x7F, 0x8F, 0xFF, 0x8F, 0xFF, 0x8F, 0xFF,
    0x8F, 0xFF, 0x8F, 0x7F, 0x8E, 0x3F, 0x8E, 0x3F, 0x00, 0x3F, 0x00, 0x3F, 0x81, 0xFF, 0x81, 0xFF,
    0xE1, 0xFF, 0xF1, 0xFF, 0xF1, 0xFF, 0xF1, 0x1F, 0xF0, 0x1F, 0xF0, 0x1F, 0xF0, 0x1F, 0xF1, 0xFF,
    0xF1, 0xFF, 0xF1, 0xFF, 0xF1, 0xFF, 0xF1, 0xFF, 0xF1, 0xFF, 0xE1, 0xFF, 0x80, 0x7F, 0x80, 0x7F,
    0x81, 0xFF, 0x81, 0xFF, 0xC7, 0xFF, 0xC7, 0xFF, 0xC7, 0xFF, 0xC7, 0xFF, 0xC7, 0xFF, 0xC0, 0xFF,
    0xC1, 0xFF, 0x87, 0xFF, 0x87, 0xFF, 0xC7, 0xFF, 0xC7, 0xFF, 0xC7, 0xFF, 0xC7, 0x1F, 0xC7, 0x1F,
    0x80, 0x1F, 0x80, 0x1F, 0x81, 0xFF, 0x81, 0xFF, 0xE1, 0xFF, 0xF1, 0xFF, 0xF1, 0xFF, 0xF1, 0xFF,
    0xF0, 0xFF, 0xF0, 0x7F, 0xE0, 0xFF, 0xC1, 0xFF, 0xC1, 0xFF, 0xF1, 0xFF, 0xF1, 0xFF, 0xF1, 0xFF,
    0xF1, 0xFF, 0xE1, 0xFF, 0x80, 0x7F, 0x80, 0x7F, 0xFF, 0xFF, 0xFE, 0xFF, 0xFC, 0x7F, 0xF8, 0xFF,
    0xF1, 0xFF, 0xFB, 0xFF, 0xFF, 0xFF, 0x8E, 0x1F, 0x86, 0x1F, 0x86, 0x1F, 0x87, 0x1F, 0x83, 0x1F,
    0x83, 0x1F, 0x83, 0x1F, 0x81, 0x1F, 0x89, 0x1F, 0x89, 0x1F, 0x88, 0x1F, 0x8C, 0x1F, 0x8C, 0x1F,
    0x8C, 0x1F, 0x8E, 0x1F, 0x86, 0x1F, 0x86, 0x1F, 0x86, 0x1F, 0xFF, 0xFF, 0xFE, 0xFF, 0xFC, 0x7F,
    0xF8, 0xFF, 0xF1, 0xFF, 0xFF, 0xFF, 0xFF, 0xFF, 0x88, 0x7F, 0x80, 0x3F, 0x80, 0x3F, 0x86, 0x3F,
    0x8F, 0x1F, 0x8F, 0x1F, 0x8F, 0x1F, 0x8F, 0x1F, 0x8F, 0x1F, 0x8F, 0x1F, 0x86, 0x1F, 0x86, 0x1F,
    0x86, 0x1F, 0x8E, 0x1F, 0x86, 0x1F, 0x86, 0x1F, 0x87, 0x1F, 0x83, 0x1F, 0x83, 0x1F, 0x83, 0x1F,
    0x81, 0x1F, 0x89, 0x1F, 0x89, 0x1F, 0x88, 0x1F, 0x8C, 0x1F, 0x8C, 0x1F, 0x8C, 0x1F, 0x8E, 0x1F,
    0x86, 0x1F, 0x86, 0x1F, 0x86, 0x1F, 0xFF, 0xFF, 0xF9, 0xFF, 0xF9, 0xFF, 0xF9, 0xFF, 0xF9, 0xFF,
    0xFB, 0xFF, 0xFF, 0xFF, 0x88, 0x7F, 0x80, 0x3F, 0x80, 0x3F, 0x86, 0x3F, 0x8F, 0x1F, 0x8F, 0x1F,
    0x8F, 0x1F, 0x8F, 0x1F, 0x8F, 0x1F, 0x8F, 0x1F, 0x86, 0x1F, 0x86, 0x1F, 0x86, 0x1F, 0xFF, 0xFF,
    0xF9, 0xFF, 0xF9, 0xFF, 0xF9, 0xFF, 0xF9, 0xFF, 0xFB, 0xFF, 0xFF, 0xFF, 0xFF, 0xFF, 0xE6, 0x7F,
    0xE6, 0x7F, 0xF0, 0xFF, 0xF0, 0xFF, 0xFF, 0xFF, 0xFF, 0xFF, 0x8E, 0x1F, 0x86, 0x1F, 0x86, 0x1F,
    0x87, 0x1F, 0x83, 0x1F, 0x83, 0x1F, 0x83, 0x1F, 0x81, 0x1F, 0x89, 0x1F, 0x89, 0x1F, 0x88, 0x1F,
    0x8C, 0x1F, 0x8C, 0x1F, 0x8C, 0x1F, 0x8E, 0x1F, 0x86, 0x1F, 0x86, 0x1F, 0x86, 0x1F, 0xFF, 0xFF,
    0xE6, 0x7F, 0xE6, 0x7F, 0xF0, 0xFF, 0xF0, 0xFF, 0xFF, 0xFF, 0xFF, 0xFF, 0x88, 0x7F, 0x80, 0x3F,
    0x80, 0x3F, 0x86, 0x3F, 0x8F, 0x1F, 0x8F, 0x1F, 0x8F, 0x1F, 0x8F, 0x1F, 0x8F, 0x1F, 0x8F, 0x1F,
    0x86, 0x1F, 0x86, 0x1F, 0x86, 0x1F, 0x1F, 0xFF, 0x1F, 0xFF, 0x9F, 0xFF, 0x9F, 0xFF, 0xBF, 0xFF,
    0xFF, 0xFF, 0xE2, 0x1F, 0xE0, 0x0F, 0xE0, 0x0F, 0xE1, 0x8F, 0xE3, 0xC7, 0xE3, 0xC7, 0xE3, 0xC7,
    0xE3, 0xC7, 0xE3, 0xC7, 0xE3, 0xC7, 0xE1, 0x87, 0xE1, 0x87, 0xE1, 0x87, 0x88, 0x7F, 0x80, 0x3F,
    0x80, 0x3F, 0x86, 0x3F, 0x8F, 0x1F, 0x8F, 0x1F, 0x8F, 0x1F, 0x8F, 0x1F, 0x8F, 0x1F, 0x8F, 0x1F,
    0x8F, 0x1F, 0x8F, 0x1F, 0x8F, 0x1F, 0x8F, 0x1F, 0x8E, 0x1F, 0x86, 0x3F, 0x86, 0x3F, 0x86, 0x7F,
    0x88, 0x7F, 0x80, 0x3F, 0x80, 0x3F, 0x86, 0x1F, 0x8F, 0x1F, 0x8F, 0x1F, 0x8F, 0x1F, 0x8F, 0x1F,
    0x8F, 0x1F, 0x8F, 0x1F, 0x87, 0x1F, 0x87, 0x1F, 0x87, 0x1F, 0xFF, 0x1F, 0xFE, 0x3F, 0xFC, 0x3F,
    0xF8, 0x7F, 0xF8, 0xFF, 0x80, 0x7F, 0x80, 0x7F, 0xFF, 0xFF, 0xFF, 0xFF, 0xFF, 0xFF, 0xC0, 0xFF,
    0x80, 0x7F, 0x80, 0x7F, 0x1E, 0x3F, 0x1E, 0x3F, 0x1E, 0x3F, 0x1E, 0x3F, 0x1E, 0x3F, 0x1E, 0x3F,
    0x1E, 0x3F, 0x1E, 0x3F, 0x1E, 0x3F, 0x1E, 0x3F, 0x1E, 0x3F, 0x1E, 0x3F, 0x80, 0x7F, 0x80, 0x7F,
    0xC0, 0xFF, 0x80, 0x7F, 0x80, 0x7F, 0xFF, 0xFF, 0xFF, 0xFF, 0xFF, 0xFF, 0xC0, 0xFF, 0x80, 0x7F,
    0x80, 0x7F, 0x1E, 0x3F, 0x1E, 0x3F, 0x1E, 0x3F, 0x1E, 0x3F, 0x1E, 0x3F, 0x1E, 0x3F, 0x1E, 0x3F,
    0x80, 0x7F, 0x80, 0x7F, 0xC0, 0xFF, 0xDE, 0xFF, 0xCC, 0xFF, 0xC0, 0xFF, 0xE1, 0xFF, 0xFF, 0xFF,
    0xFF, 0xFF, 0xC0, 0xFF, 0x80, 0x7F, 0x80, 0x7F, 0x1E, 0x3F, 0x1E, 0x3F, 0x1E, 0x3F, 0x1E, 0x3F,
    0x1E, 0x3F, 0x1E, 0x3F, 0x1E, 0x3F, 0x1E, 0x3F, 0x1E, 0x3F, 0x1E, 0x3F, 0x1E, 0x3F, 0x1E, 0x3F,
    0x80, 0x7F, 0x80, 0x7F, 0xC0, 0xFF, 0xCC, 0xFF, 0xC0, 0xFF, 0xE1, 0xFF, 0xFF, 0xFF, 0xFF, 0xFF,
    0xC0, 0xFF, 0x80, 0x7F, 0x80, 0x7F, 0x1E, 0x3F, 0x1E, 0x3F, 0x1E, 0x3F, 0x1E, 0x3F, 0x1E, 0x3F,
    0x1E, 0x3F, 0x1E, 0x3F, 0x80, 0x7F, 0x80, 0x7F, 0xC0, 0xFF, 0xF7, 0x7F, 0xE2, 0x3F, 0xC4, 0x7F,
    0x88, 0xFF, 0xDD, 0xFF, 0xFF, 0xFF, 0xC0, 0xFF, 0x80, 0x7F, 0x80, 0x7F, 0x1E, 0x3F, 0x1E, 0x3F,
    0x1E, 0x3F, 0x1E, 0x3F, 0x1E, 0x3F, 0x1E, 0x3F, 0x1E, 0x3F, 0x1E, 0x3F, 0x1E, 0x3F, 0x1E, 0x3F,
    0x1E, 0x3F, 0x1E, 0x3F, 0x80, 0x7F, 0x80, 0x7F, 0xC0, 0xFF, 0xF7, 0x7F, 0xE2, 0x3F, 0xC4, 0x7F,
    0x88, 0xFF, 0xDD, 0xFF, 0xFF, 0xFF, 0xC0, 0xFF, 0x80, 0x7F, 0x80, 0x7F, 0x1E, 0x3F, 0x1E, 0x3F,
    0x1E, 0x3F, 0x1E, 0x3F, 0x1E, 0x3F, 0x1E, 0x3F, 0x1E, 0x3F, 0x80, 0x7F, 0x80, 0x7F, 0xC0, 0xFF,
    0xC0, 0x1F, 0x80, 0x1F, 0x88, 0x9F, 0x98, 0x9F, 0x98, 0x9F, 0x98, 0xFF, 0x98, 0xFF, 0x98, 0xFF,
    0x98, 0x1F, 0x98, 0x1F, 0x98, 0xFF, 0x98, 0xFF, 0x98, 0xFF, 0x98, 0xFF, 0x98, 0x9F, 0x88, 0x9F,
    0x80, 0x1F, 0xC0, 0x1F, 0xC4, 0x3F, 0x80, 0x1F, 0x80, 0x9F, 0x99, 0x9F, 0x99, 0x9F, 0x98, 0x1F,
    0x98, 0x1F, 0x99, 0xFF, 0x99, 0xFF, 0x99, 0x9F, 0x80, 0x1F, 0x80, 0x1F, 0xC4, 0x3F, 0xFF, 0xFF,
    0xFE, 0xFF, 0xFC, 0x7F, 0xF8, 0xFF, 0xF1, 0xFF, 0xFB, 0xFF, 0xFF, 0xFF, 0x80, 0xFF, 0x80, 0x3F,
    0x84, 0x3F, 0x8F, 0x1F, 0x8F, 0x1F, 0x8F, 0x1F, 0x8F, 0x1F, 0x8F, 0x1F, 0x80, 0x3F, 0x80, 0x3F,
    0x80, 0x7F, 0x88, 0x7F, 0x8C, 0x7F, 0x8C, 0x7F, 0x8E, 0x3F, 0x86, 0x3F, 0x86, 0x0F, 0x87, 0x0F,
    0xFF, 0xFF, 0xFD, 0xFF, 0xF8, 0xFF, 0xF1, 0xFF, 0xE3, 0xFF, 0xF7, 0xFF, 0xFF, 0xFF, 0x04, 0x7F,
    0x00, 0x3F, 0xC0, 0x3F, 0xC7, 0x3F, 0xC7, 0xFF, 0xC7, 0xFF, 0xC7, 0xFF, 0xC7, 0xFF, 0xC7, 0xFF,
    0xC7, 0xFF, 0xC7, 0xFF, 0x01, 0xFF, 0x01, 0xFF, 0x80, 0xFF, 0x80, 0x3F, 0x84, 0x3F, 0x8F, 0x1F,
    0x8F, 0x1F, 0x8F, 0x1F, 0x8F, 0x1F, 0x8F, 0x1F, 0x80, 0x3F, 0x80, 0x3F, 0x80, 0x7F, 0x88, 0x7F,
    0x8C, 0x7F, 0x8C, 0x7F, 0x8E, 0x3F, 0x86, 0x3F, 0x86, 0x0F, 0x87, 0x0F, 0xFF, 0xFF, 0xF9, 0xFF,
    0xF9, 0xFF, 0xF9, 0xFF, 0xF9, 0xFF, 0xFB, 0xFF, 0xFF, 0xFF, 0x04, 0x7F, 0x00, 0x3F, 0xC0, 0x3F,
    0xC7, 0x3F, 0xC7, 0xFF, 0xC7, 0xFF, 0xC7, 0xFF, 0xC7, 0xFF, 0xC7, 0xFF, 0xC7, 0xFF, 0xC7, 0xFF,
    0x01, 0xFF, 0x01, 0xFF, 0xFF, 0xFF, 0xE7, 0xFF, 0xC7, 0xFF, 0xE7, 0xFF, 0xE7, 0xFF, 0xEF, 0xFF,
    0xFF, 0xFF, 0xFF, 0xFF, 0xE6, 0x7F, 0xE6, 0x7F, 0xF0, 0xFF, 0xF0, 0xFF, 0xFF, 0xFF, 0xFF, 0xFF,
    0x80, 0xFF, 0x80, 0x3F, 0x84, 0x3F, 0x8F, 0x1F, 0x8F, 0x1F, 0x8F, 0x1F, 0x8F, 0x1F, 0x8F, 0x1F,
    0x80, 0x3F, 0x80, 0x3F, 0x80, 0x7F, 0x88, 0x7F, 0x8C, 0x7F, 0x8C, 0x7F, 0x8E, 0x3F, 0x86, 0x3F,
    0x86, 0x0F, 0x87, 0x0F, 0xFF, 0xFF, 0xCC, 0xFF, 0xCC, 0xFF, 0xC1, 0xFF, 0xE1, 0xFF, 0xFF, 0xFF,
    0xFF, 0xFF, 0x04, 0x7F, 0x00, 0x3F, 0xC0, 0x3F, 0xC7, 0x3F, 0xC7, 0xFF, 0xC7, 0xFF, 0xC7, 0xFF,
    0xC7, 0xFF, 0xC7, 0xFF, 0xC7, 0xFF, 0xC7, 0xFF, 0x01, 0xFF, 0x01, 0xFF, 0xFD, 0xFF, 0xF8, 0xFF,
    0xF1, 0xFF, 0xE3, 0xFF, 0xF7, 0xFF, 0xFF, 0xFF, 0xC2, 0x3F, 0x80, 0x3F, 0x80, 0x3F, 0x0E, 0x3F,
    0x1E, 0x3F, 0x1F, 0xFF, 0x8F, 0xFF, 0x87, 0xFF, 0xC1, 0xFF, 0xE0, 0xFF, 0xF8, 0x7F, 0xFC, 0x7F,
    0xFE, 0x3F, 0x1E, 0x3F, 0x1E, 0x3F, 0x00, 0x7F, 0x00, 0x7F, 0x10, 0xFF, 0xFD, 0xFF, 0xF8, 0xFF,
    0xF1, 0xFF, 0xE3, 0xFF, 0xF7, 0xFF, 0xFF, 0xFF, 0xC2, 0x3F, 0x80, 0x3F, 0x80, 0x3F, 0x8E, 0x3F,
    0x8E, 0x3F, 0x83, 0xFF, 0xC0, 0xFF, 0xF0, 0x7F, 0x1C, 0x7F, 0x1E, 0x3F, 0x00, 0x7F, 0x00, 0x7F,
    0x10, 0xFF, 0xFF, 0xFF, 0xE1, 0xFF, 0xC0, 0xFF, 0xCC, 0xFF, 0xCC, 0xFF, 0xFF, 0xFF, 0xFF, 0xFF,
    0xC2, 0x3F, 0x80, 0x3F, 0x8C, 0x3F, 0x1E, 0x3F, 0x1E, 0x3F, 0x0F, 0xFF, 0x8F, 0xFF, 0x83, 0xFF,
    0xC1, 0xFF, 0xE0, 0xFF, 0xF8, 0x7F, 0xFC, 0x7F, 0xFE, 0x3F, 0x1E, 0x3F, 0x1E, 0x3F, 0x00, 0x7F,
    0x00, 0x7F, 0x10, 0xFF, 0xE1, 0xFF, 0xE1, 0xFF, 0xCC, 0xFF, 0xCC, 0xFF, 0xFF, 0xFF, 0xFF, 0xFF,
    0xC0, 0x3F, 0x80, 0x3F, 0x8C, 0x3F, 0x8E, 0x3F, 0x8E, 0x3F, 0x81, 0xFF, 0xC0, 0xFF, 0xF0, 0x7F,
    0x1C, 0x7F, 0x1E, 0x3F, 0x00, 0x7F, 0x00, 0x7F, 0x10, 0xFF, 0xC2, 0x3F, 0x80, 0x3F, 0x80, 0x3F,
    0x0E, 0x3F, 0x1E, 0x3F, 0x1F, 0xFF, 0x8F, 0xFF, 0x87, 0xFF, 0xC1, 0xFF, 0xE0, 0xFF, 0xF8, 0x7F,
    0xFC, 0x7F, 0xFE, 0x3F, 0x1E, 0x3F, 0x1E, 0x3F, 0x00, 0x7F, 0x00, 0x7F, 0x10, 0xFF, 0xF3, 0xFF,
    0xF1, 0xFF, 0xFC, 0xFF, 0xC0, 0xFF, 0xC1, 0xFF, 0xC2, 0x3F, 0x80, 0x3F, 0x80, 0x3F, 0x8E, 0x3F,
    0x8E, 0x3F, 0x83, 0xFF, 0xC0, 0xFF, 0xF0, 0x7F, 0x1C, 0x7F, 0x1E, 0x3F, 0x00, 0x7F, 0x00, 0x7F,
    0x00, 0xFF, 0xF3, 0xFF, 0xF1, 0xFF, 0xFC, 0xFF, 0xC0, 0xFF, 0xC1, 0xFF, 0xDE, 0xFF, 0xCC, 0xFF,
    0xC0, 0xFF, 0xE1, 0xFF, 0xF3, 0xFF, 0xFF, 0xFF, 0xFF, 0xFF, 0xC2, 0x3F, 0x80, 0x3F, 0x80, 0x3F,
    0x0E, 0x3F, 0x1E, 0x3F, 0x1F, 0xFF, 0x8F, 0xFF, 0x87, 0xFF, 0xC1, 0xFF, 0xE0, 0xFF, 0xF8, 0x7F,
    0xFC, 0x7F, 0xFE, 0x3F, 0x1E, 0x3F, 0x1E, 0x3F, 0x00, 0x7F, 0x00, 0x7F, 0x10, 0xFF, 0xFF, 0xFF,
    0xCC, 0xFF, 0xCC, 0xFF, 0xE1, 0xFF, 0xE1, 0xFF, 0xFF, 0xFF, 0xFF, 0xFF, 0xC2, 0x3F, 0x80, 0x3F,
    0x80, 0x3F, 0x8E, 0x3F, 0x8E, 0x3F, 0x83, 0xFF, 0xC0, 0xFF, 0xF0, 0x7F, 0x1C, 0x7F, 0x1E, 0x3F,
    0x00, 0x7F, 0x00, 0x7F, 0x10, 0xFF, 0x00, 0x3F, 0x00, 0x3F, 0x00, 0x3F, 0x12, 0x3F, 0xF3, 0xFF,
    0xF3, 0xFF, 0xF3, 0xFF, 0xF3, 0xFF, 0xF3, 0xFF, 0xF3, 0xFF, 0xF3, 0xFF, 0xF3, 0xFF, 0xF3, 0xFF,
    0xF3, 0xFF, 0xF3, 0xFF, 0xE1, 0xFF, 0xC0, 0xFF, 0xC0, 0xFF, 0xF3, 0xFF, 0xF1, 0xFF, 0xF8, 0xFF,
    0xC0, 0xFF, 0xC1, 0xFF, 0xC7, 0xFF, 0xC7, 0xFF, 0xC7, 0xFF, 0xC7, 0xFF, 0xC7, 0xFF, 0x80, 0x7F,
    0x80, 0x7F, 0xC3, 0xFF, 0xC7, 0xFF, 0xC7, 0xFF, 0xC7, 0xFF, 0xC7, 0xFF, 0xC7, 0xFF, 0xC6, 0x3F,
    0xE2, 0x3F, 0xE0, 0x3F, 0xE0, 0x7F, 0xF0, 0xFF, 0xF9, 0xFF, 0xF8, 0xFF, 0xFC, 0x7F, 0xE0, 0xFF,
    0xE0, 0xFF, 0xFF, 0xFF, 0xCC, 0xFF, 0xCC, 0xFF, 0xE1, 0xFF, 0xE1, 0xFF, 0xFF, 0xFF, 0xFF, 0xFF,
    0x00, 0x3F, 0x00, 0x3F, 0x00, 0x3F, 0x12, 0x3F, 0xF3, 0xFF, 0xF3, 0xFF, 0xF3, 0xFF, 0xF3, 0xFF,
    0xF3, 0xFF, 0xF3, 0xFF, 0xF3, 0xFF, 0xF3, 0xFF, 0xF3, 0xFF, 0xF3, 0xFF, 0xF3, 0xFF, 0xE1, 0xFF,
    0xC0, 0xFF, 0xC0, 0xFF, 0xFF, 0x3F, 0xC6, 0x3F, 0xC7, 0x3F, 0xC7, 0x3F, 0xC7, 0x7F, 0xC7, 0xFF,
    0x80, 0x7F, 0x80, 0x7F, 0xC3, 0xFF, 0xC7, 0xFF, 0xC7, 0xFF, 0xC7, 0xFF, 0xC7, 0xFF, 0xC7, 0xFF,
    0xC6, 0x3F, 0xE2, 0x3F, 0xE0, 0x3F, 0xE0, 0x7F, 0xF0, 0xFF, 0x00, 0x3F, 0x00, 0x3F, 0x00, 0x3F,
    0x12, 0x3F, 0xF3, 0xFF, 0xF3, 0xFF, 0xF3, 0xFF, 0xF3, 0xFF, 0xF3, 0xFF, 0xC0, 0xFF, 0xC0, 0xFF,
    0xF3, 0xFF, 0xF3, 0xFF, 0xF3, 0xFF, 0xF3, 0xFF, 0xE1, 0xFF, 0xC0, 0xFF, 0xC0, 0xFF, 0xC7, 0xFF,
    0xC7, 0xFF, 0xC7, 0xFF, 0xC7, 0xFF, 0xC7, 0xFF, 0x80, 0x7F, 0x80, 0x7F, 0xC3, 0xFF, 0xC7, 0xFF,
    0x81, 0xFF, 0x80, 0xFF, 0xC7, 0xFF, 0xC7, 0xFF, 0xC6, 0x3F, 0xE2, 0x3F, 0xE0, 0x3F, 0xE0, 0x7F,
    0xF0, 0xFF, 0xFF, 0xFF, 0xE3, 0x3F, 0xC1, 0x3F, 0xC8, 0x3F, 0xCC, 0x7F, 0xFF, 0xFF, 0xFF, 0xFF,
    0x86, 0x1F, 0x86, 0x1F, 0x86, 0x1F, 0x8F, 0x1F, 0x8F, 0x1F, 0x8F, 0x1F, 0x8F, 0x1F, 0x8F, 0x1F,
    0x8F, 0x1F, 0x8F, 0x1F, 0x8F, 0x1F, 0x8F, 0x1F, 0x8F, 0x1F, 0x8F, 0x1F, 0xC6, 0x3F, 0xC0, 0x3F,
    0xC0, 0x3F, 0xF0, 0xFF, 0xFF, 0xFF, 0xE3, 0x3F, 0xC1, 0x3F, 0xC8, 0x3F, 0xCC, 0x7F, 0xFF, 0xFF,
    0xFF, 0xFF, 0x8E, 0x1F, 0x8E, 0x1F, 0x8E, 0x1F, 0x8F, 0x1F, 0x8F, 0x1F, 0x8F, 0x1F, 0x8F, 0x1F,
    0x8F, 0x1F, 0x8F, 0x1F, 0xC6, 0x1F, 0xC6, 0x1F, 0xC0, 0x1F, 0xE1, 0x1F, 0xC0, 0x3F, 0xC0, 0x3F,
    0xFF, 0xFF, 0xFF, 0xFF, 0xFF, 0xFF, 0x86, 0x1F, 0x86, 0x1F, 0x86, 0x1F, 0x8F, 0x1F, 0x8F, 0x1F,
    0x8F, 0x1F, 0x8F, 0x1F, 0x8F, 0x1F, 0x8F, 0x1F, 0x8F, 0x1F, 0x8F, 0x1F, 0x8F, 0x1F, 0x8F, 0x1F,
    0x8F, 0x1F, 0xC6, 0x3F, 0xC0, 0x3F, 0xC0, 0x3F, 0xF0, 0xFF, 0xC0, 0x3F, 0xC0, 0x3F, 0xFF, 0xFF,
    0xFF, 0xFF, 0x8E, 0x1F, 0x8E, 0x1F, 0x8E, 0x1F, 0x8F, 0x1F, 0x8F, 0x1F, 0x8F, 0x1F, 0x8F, 0x1F,
    0x8F, 0x1F, 0x8F, 0x1F, 0xC6, 0x1F, 0xC6, 0x1F, 0xC0, 0x1F, 0xE1, 0x1F, 0xEF, 0x7F, 0xE6, 0x7F,
    0xE0, 0x7F, 0xF0, 0xFF, 0xFF, 0xFF, 0xFF, 0xFF, 0x86, 0x1F, 0x86, 0x1F, 0x86, 0x1F, 0x8F, 0x1F,
    0x8F, 0x1F, 0x8F, 0x1F, 0x8F, 0x1F, 0x8F, 0x1F, 0x8F, 0x1F, 0x8F, 0x1F, 0x8F, 0x1F, 0x8F, 0x1F,
    0x8F, 0x1F, 0x8F, 0x1F, 0xC6, 0x3F, 0xC0, 0x3F, 0xC0, 0x3F, 0xF0, 0xFF, 0xE6, 0x7F, 0xE0, 0x7F,
    0xF0, 0xFF, 0xFF, 0xFF, 0xFF, 0xFF, 0x8E, 0x1F, 0x8E, 0x1F, 0x8E, 0x1F, 0x8F, 0x1F, 0x8F, 0x1F,
    0x8F, 0x1F, 0x8F, 0x1F, 0x8F, 0x1F, 0x8F, 0x1F, 0xC6, 0x1F, 0xC6, 0x1F, 0xC0, 0x1F, 0xE1, 0x1F,
    0xF9, 0xFF, 0xF0, 0xFF, 0xF6, 0xFF, 0xF6, 0xFF, 0xF0, 0xFF, 0xF9, 0xFF, 0xFF, 0xFF, 0x86, 0x1F,
    0x86, 0x1F, 0x86, 0x1F, 0x8F, 0x1F, 0x8F, 0x1F, 0x8F, 0x1F, 0x8F, 0x1F, 0x8F, 0x1F, 0x8F, 0x1F,
    0x8F, 0x1F, 0x8F, 0x1F, 0x8F, 0x1F, 0x8F, 0x1F, 0x8F, 0x1F, 0xC6, 0x3F, 0xC0, 0x3F, 0xC0, 0x3F,
    0xF0, 0xFF, 0xF0, 0xFF, 0xF0, 0xFF, 0xF0, 0xFF, 0xF0, 0xFF, 0xFF, 0xFF, 0x8E, 0x1F, 0x8E, 0x1F,
    0x8E, 0x1F, 0x8F, 0x1F, 0x8F, 0x1F, 0x8F, 0x1F, 0x8F, 0x1F, 0x8F, 0x1F, 0x8F, 0x1F, 0xC6, 0x1F,
    0xC6, 0x1F, 0xC0, 0x1F, 0xE1, 0x1F, 0xFF, 0xFF, 0xFB, 0xBF, 0xF1, 0x1F, 0xE2, 0x3F, 0xC4, 0x7F,
    0xEE, 0xFF, 0xFF, 0xFF, 0x86, 0x1F, 0x86, 0x1F, 0x86, 0x1F, 0x8F, 0x1F, 0x8F, 0x1F, 0x8F, 0x1F,
    0x8F, 0x1F, 0x8F, 0x1F, 0x8F, 0x1F, 0x8F, 0x1F, 0x8F, 0x1F, 0x8F, 0x1F, 0x8F, 0x1F, 0x8F, 0x1F,
    0xC6, 0x3F, 0xC0, 0x3F, 0xC0, 0x3F, 0xF0, 0xFF, 0xFF, 0xFF, 0xFB, 0xBF, 0xF1, 0x1F, 0xE2, 0x3F,
    0xC4, 0x7F, 0xEE, 0xFF, 0xFF, 0xFF, 0x8E, 0x1F, 0x8E, 0x1F, 0x8E, 0x1F, 0x8F, 0x1F, 0x8F, 0x1F,
    0x8F, 0x1F, 0x8F, 0x1F, 0x8F, 0x1F, 0x8F, 0x1F, 0xC6, 0x1F, 0xC6, 0x1F, 0xC0, 0x1F, 0xE1, 0x1F,
    0x86, 0x1F, 0x86, 0x1F, 0x86, 0x1F, 0x8F, 0x1F, 0x8F, 0x1F, 0x8F, 0x1F, 0x8F, 0x1F, 0x8F, 0x1F,
    0x8F, 0x1F, 0x8F, 0x1F, 0x8F, 0x1F, 0x8F, 0x1F, 0x8F, 0x1F, 0x8F, 0x1F, 0xC6, 0x3F, 0xC0, 0x3F,
    0xC0, 0x3F, 0xF0, 0xFF, 0xF3, 0xFF, 0xF3, 0xFF, 0xE3, 0xFF, 0xF0, 0xFF, 0xF0, 0xFF, 0x8E, 0x1F,
    0x8E, 0x1F, 0x8E, 0x1F, 0x8F, 0x1F, 0x8F, 0x1F, 0x8F, 0x1F, 0x8F, 0x1F, 0x8F, 0x1F, 0x8F, 0x1F,
    0xC6, 0x1F, 0xC6, 0x1F, 0xC0, 0x1F, 0xE1, 0x0F, 0xFF, 0x9F, 0xFF, 0x3F, 0xFF, 0x3F, 0xFF, 0x3F,
    0xFF, 0x0F, 0xFF, 0x8F, 0xF0, 0xFF, 0xF0, 0xFF, 0xE6, 0x7F, 0xE6, 0x7F, 0xFF, 0xFF, 0xFF, 0xFF,
    0x0F, 0x0F, 0x0F, 0x0F, 0x8F, 0x1F, 0x9F, 0x9F, 0x8F, 0x1F, 0x89, 0x1F, 0x89, 0x1F, 0x80, 0x1F,
    0x80, 0x1F, 0xC0, 0x3F, 0xC0, 0x3F, 0xC0, 0x3F, 0xC0, 0x3F, 0xC0, 0x3F, 0xC6, 0x3F, 0xC6, 0x3F,
    0xC6, 0x3F, 0xC6, 0x3F, 0xF0, 0xFF, 0xF0, 0xFF, 0xE6, 0x7F, 0xE6, 0x7F, 0xFF, 0xFF, 0xFF, 0xFF,
    0x0F, 0x0F, 0x0F, 0x0F, 0x8F, 0x1F, 0x89, 0x1F, 0x89, 0x1F, 0x80, 0x1F, 0xC0, 0x3F, 0xC0, 0x3F,
    0xC0, 0x3F, 0xC0, 0x3F, 0xC6, 0x3F, 0xC6, 0x3F, 0xC6, 0x3F, 0xF0, 0xFF, 0xF0, 0xFF, 0xE6, 0x7F,
    0xE6, 0x7F, 0xFF, 0xFF, 0xFF, 0xFF, 0x86, 0x1F, 0x86, 0x1F, 0x86, 0x1F, 0xC6, 0x3F, 0xC6, 0x3F,
    0xE0, 0x7F, 0xE0, 0x7F, 0xE0, 0x7F, 0xF0, 0xFF, 0xF0, 0xFF, 0xF0, 0xFF, 0xF9, 0xFF, 0xF9, 0xFF,
    0xF9, 0xFF, 0xF9, 0xFF, 0xF0, 0xFF, 0xE0, 0x7F, 0xE0, 0x7F, 0xF0, 0xFF, 0xF0, 0xFF, 0xE6, 0x7F,
    0xE6, 0x7F, 0xFF, 0xFF, 0xFF, 0xFF, 0x86, 0x1F, 0x86, 0x1F, 0x86, 0x1F, 0xC6, 0x3F, 0xC6, 0x3F,
    0xE6, 0x7F, 0xE2, 0x7F, 0xE0, 0x7F, 0xE0, 0x7F, 0xF0, 0xFF, 0xF0, 0xFF, 0xF0, 0xFF, 0xF0, 0xFF,
    0xF1, 0xFF, 0xF1, 0xFF, 0xE1, 0xFF, 0x83, 0xFF, 0x83, 0xFF, 0xEF, 0x7F, 0xC6, 0x3F, 0xC6, 0x3F,
    0xC6, 0x3F, 0xFF, 0xFF, 0xFF, 0xFF, 0x86, 0x1F, 0x86, 0x1F, 0x86, 0x1F, 0xC6, 0x3F, 0xC6, 0x3F,
    0xE0, 0x7F, 0xE0, 0x7F, 0xE0, 0x7F, 0xF0, 0xFF, 0xF0, 0xFF, 0xF0, 0xFF, 0xF9, 0xFF, 0xF9, 0xFF,
    0xF9, 0xFF, 0xF9, 0xFF, 0xF0, 0xFF, 0xE0, 0x7F, 0xE0, 0x7F, 0xFF, 0xFF, 0xFD, 0xFF, 0xF8, 0xFF,
    0xF1, 0xFF, 0xE3, 0xFF, 0xF7, 0xFF, 0xFF, 0xFF, 0x00, 0x3F, 0x00, 0x3F, 0x1C, 0x3F, 0x1C, 0x7F,
    0xF8, 0x7F, 0xF8, 0xFF, 0xF0, 0xFF, 0xF1, 0xFF, 0xF1, 0xFF, 0xE3, 0xFF, 0xE3, 0xFF, 0xC3, 0xFF,
    0xC7, 0xFF, 0x87, 0xFF, 0x8E, 0x3F, 0x0E, 0x3F, 0x00, 0x3F, 0x00, 0x3F, 0xFF, 0xFF, 0xFD, 0xFF,
    0xF8, 0xFF, 0xF1, 0xFF, 0xE3, 0xFF, 0xFF, 0xFF, 0xFF, 0xFF, 0x00, 0x3F, 0x00, 0x3F, 0x1C, 0x7F,
    0x1C, 0x7F, 0xF8, 0xFF, 0xF1, 0xFF, 0xE1, 0xFF, 0xE3, 0xFF, 0xC7, 0xFF, 0x8E, 0x3F, 0x8E, 0x3F,
    0x00, 0x3F, 0x00, 0x3F, 0xF3, 0xFF, 0xE1, 0xFF, 0xE1, 0xFF, 0xF3, 0xFF, 0xFF, 0xFF, 0xFF, 0xFF,
    0x00, 0x3F, 0x00, 0x3F, 0x1C, 0x3F, 0x1C, 0x7F, 0xF8, 0x7F, 0xF8, 0xFF, 0xF0, 0xFF, 0xF1, 0xFF,
    0xF1, 0xFF, 0xE3, 0xFF, 0xE3, 0xFF, 0xC3, 0xFF, 0xC7, 0xFF, 0x87, 0xFF, 0x8E, 0x3F, 0x0E, 0x3F,
    0x00, 0x3F, 0x00, 0x3F, 0xF3, 0xFF, 0xE1, 0xFF, 0xE1, 0xFF, 0xF3, 0xFF, 0xFF, 0xFF, 0x00, 0x3F,
    0x00, 0x3F, 0x1C, 0x7F, 0x1C, 0x7F, 0xF8, 0xFF, 0xF1, 0xFF, 0xE1, 0xFF, 0xE3, 0xFF, 0xC7, 0xFF,
    0x8E, 0x3F, 0x8E, 0x3F, 0x00, 0x3F, 0x00, 0x3F, 0xFF, 0xFF, 0xCC, 0xFF, 0xCC, 0xFF, 0xE1, 0xFF,
    0xE1, 0xFF, 0xFF, 0xFF, 0xFF, 0xFF, 0x00, 0x3F, 0x00, 0x3F, 0x1C, 0x3F, 0x1C, 0x7F, 0xF8, 0x7F,
    0xF8, 0xFF, 0xF0, 0xFF, 0xF1, 0xFF, 0xF1, 0xFF, 0xE3, 0xFF, 0xE3, 0xFF, 0xC3, 0xFF, 0xC7, 0xFF,
    0x87, 0xFF, 0x8E, 0x3F, 0x0E, 0x3F, 0x00, 0x3F, 0x00, 0x3F, 0xFF, 0xFF, 0xCC, 0xFF, 0xCC, 0xFF,
    0xE1, 0xFF, 0xE1, 0xFF, 0xFF, 0xFF, 0xFF, 0xFF, 0x00, 0x3F, 0x00, 0x3F, 0x1C, 0x7F, 0x1C, 0x7F,
    0xF8, 0xFF, 0xF1, 0xFF, 0xE1, 0xFF, 0xE3, 0xFF, 0xC7, 0xFF, 0x8E, 0x3F, 0x8E, 0x3F, 0x00, 0x3F,
    0x00, 0x3F, 0xF0, 0xFF, 0xE0, 0x7F, 0xC0, 0x3F, 0xC6, 0x3F, 0xC6, 0x3F, 0xC7, 0xFF, 0xC7, 0xFF,
    0xC7, 0xFF, 0xC7, 0xFF, 0xC7, 0xFF, 0xC7, 0xFF, 0xC7, 0xFF, 0xC7, 0xFF, 0xC7, 0xFF, 0xC7, 0xFF,
    0xC7, 0xFF, 0x81, 0xFF, 0x81, 0xFF, 0xFF, 0xE7, 0xC3, 0x99, 0x3C, 0x99, 0xC3, 0xE7, 0xE7, 0xE7,
    0xE7, 0xE7, 0xE7, 0xE7, 0xE7, 0xE7, 0xE7, 0xE7, 0xE7, 0xE7, 0xE7, 0xE7, 0xE7, 0xE7, 0xE7, 0xE7,
    0xE7, 0xE7, 0xE7, 0xE7, 0xE7, 0xFF, 0x99, 0xC3, 0xE7, 0xC3, 0x81, 0x99, 0xE7, 0xE7, 0xE7, 0xE7,
    0xE7, 0xE7, 0xE7, 0xE7, 0xE7, 0xE7, 0xE7, 0xE7, 0xE7, 0xE7, 0xE7, 0xE7, 0xE7, 0xE7, 0xE7, 0xE7,
    0xE7, 0xE7, 0xE7, 0xFF, 0xFF, 0x80, 0x1F, 0x80, 0x1F, 0xFF, 0xFF, 0xFF, 0x00, 0x00, 0x00, 0x00,
    0x00, 0x00, 0x99, 0x99, 0x99, 0x99, 0x99, 0x99, 0x99, 0x99, 0x99, 0x99, 0x99, 0x99, 0x99, 0x99,
    0x99, 0x99, 0x99, 0x99, 0x99, 0x99, 0x99, 0x99, 0x99, 0x99, 0xFF, 0xFF, 0x00, 0x3F, 0x00, 0x3F,
    0xFF, 0xFF, 0x00, 0x3F, 0x00, 0x3F, 0xFF, 0xE7, 0xC7, 0xCF, 0x8F, 0x87, 0x87, 0x87, 0x87, 0xFF,
    0x87, 0x87, 0x87, 0x87, 0xC7, 0xCF, 0x8F, 0x9F, 0xFF, 0xFF, 0x87, 0x87, 0x87, 0x87, 0xC7, 0xCF,
    0x8F, 0x9F, 0xFF, 0xFF, 0x87, 0x87, 0x87, 0x87, 0x8F, 0xCF, 0xC7, 0xE7, 0xFF, 0xEF, 0x7F, 0xC7,
    0x3F, 0x8E, 0x7F, 0x9C, 0x7F, 0x9C, 0xFF, 0x0C, 0x7F, 0x0C, 0x3F, 0x0C, 0x3F, 0x8C, 0x7F, 0xFF,
    0xFF, 0xC6, 0x1F, 0x86, 0x1F, 0x86, 0x1F, 0xC6, 0x1F, 0xE7, 0x3F, 0xC7, 0x3F, 0x8E, 0x7F, 0x9E,
    0x7F, 0xFF, 0xFF, 0xFF, 0xFF, 0xC6, 0x3F, 0x86, 0x1F, 0x86, 0x1F, 0xC6, 0x1F, 0xE7, 0x3F, 0xC7,
    0x3F, 0x8E, 0x7F, 0x9E, 0x7F, 0xFF, 0xFF, 0xFF, 0xFF, 0x8C, 0x7F, 0x0C, 0x3F, 0x0C, 0x3F, 0x0C,
    0x7F, 0x9C, 0xFF, 0x9C, 0x7F, 0xCE, 0x3F, 0xC7, 0x3F, 0xFF, 0xFF, 0xF3, 0xFF, 0xF3, 0xFF, 0xF3,
    0xFF, 0xF3, 0xFF, 0xF3, 0xFF, 0xF3, 0xFF, 0xF3, 0xFF, 0x00, 0x3F, 0x00, 0x3F, 0xE1, 0xFF, 0xF3,
    0xFF, 0xF3, 0xFF, 0xF3, 0xFF, 0xF3, 0xFF, 0xF3, 0xFF, 0xF3, 0xFF, 0xF3, 0xFF, 0xF3, 0xFF, 0xF3,
    0xFF, 0xF3, 0xFF, 0xF3, 0xFF, 0xF3, 0xFF, 0xF3, 0xFF, 0xF3, 0xFF, 0xF3, 0xFF, 0xF3, 0xFF, 0xF3,
    0xFF, 0xF3, 0xFF, 0xF3, 0xFF, 0xF3, 0xFF, 0xF3, 0xFF, 0x00, 0x3F, 0x00, 0x3F, 0xE1, 0xFF, 0xF3,
    0xFF, 0xF3, 0xFF, 0xF3, 0xFF, 0xF3, 0xFF, 0xF3, 0xFF, 0x00, 0x3F, 0x00, 0x3F, 0xE1, 0xFF, 0xF3,
    0xFF, 0xF3, 0xFF, 0xF3, 0xFF, 0xF3, 0xFF, 0xF3, 0xFF, 0xF3, 0xFF, 0xE7, 0x81, 0x81, 0x00, 0x00,
    0x00, 0x81, 0xC3, 0xBF, 0xFF, 0x1F, 0xFF, 0x07, 0xFF, 0x01, 0xFF, 0x00, 0xFF, 0x01, 0xFF, 0x07,
    0xFF, 0x0F, 0xFF, 0x3F, 0xFF, 0xFF, 0xFF, 0xCF, 0xFC, 0xFF, 0x87, 0xF8, 0x7F, 0x87, 0xF8, 0x7F,
    0x87, 0xF8, 0x7F, 0x87, 0xF8, 0x7F, 0xCF, 0xCF, 0xCF, 0x87, 0x87, 0x87, 0x87, 0x87, 0x87, 0x87,
    0x87, 0x87, 0x87, 0x87, 0x87, 0x8F, 0x1F, 0xFF, 0x07, 0x3F, 0xFF, 0x26, 0x3F, 0xFF, 0x26, 0x7F,
    0xFF, 0x24, 0x7F, 0xFF, 0x24, 0xFF, 0xFF, 0x20, 0xFF, 0xFF, 0x01, 0xFF, 0xFF, 0x81, 0xFF, 0xFF,
    0xF0, 0x38, 0xFF, 0xF0, 0x10, 0x7F, 0xE0, 0x90, 0x7F, 0xE4, 0x92, 0x7F, 0xC4, 0x92, 0x7F, 0xCC,
    0x92, 0x7F, 0x8C, 0x92, 0x7F, 0x9C, 0x10, 0x7F, 0x1E, 0x38, 0xFF, 0x8F, 0x1F, 0xFF, 0x07, 0x3F,
    0xFF, 0x26, 0x3F, 0xFF, 0x26, 0x7F, 0xFF, 0x24, 0x7F, 0xFF, 0x24, 0xFF, 0xFF, 0x20, 0xFF, 0xFF,
    0x01, 0xFF, 0xFF, 0x89, 0xFF, 0xFF, 0xF0, 0x38, 0xE3, 0xF0, 0x10, 0x43, 0xE0, 0x92, 0x41, 0xE4,
    0x92, 0x01, 0xC4, 0x92, 0x01, 0xCC, 0x92, 0x01, 0x8C, 0x92, 0x41, 0x9C, 0x10, 0x41, 0x1E, 0x38,
    0xC3, 0xFF, 0xC3, 0xC7, 0xC7, 0xC7, 0x8F, 0x8F, 0x8F, 0x1F, 0xFF, 0xFF, 0xC6, 0x3F, 0xC4, 0x3F,
    0xC4, 0x7F, 0x84, 0x7F, 0x8C, 0x7F, 0x88, 0xFF, 0x08, 0xFF, 0x18, 0xFF, 0xFF, 0xFF, 0xC4, 0x8F,
    0xC8, 0x8F, 0x88, 0x9F, 0x89, 0x1F, 0x89, 0x1F, 0x91, 0x3F, 0x13, 0x3F, 0x12, 0x3F, 0xFF, 0x0F,
    0x8F, 0x8F, 0x8F, 0xC7, 0xC7, 0xC7, 0xE3, 0xFF, 0xFF, 0x8C, 0x7F, 0x84, 0x7F, 0xC4, 0x7F, 0xC6,
    0x3F, 0xC2, 0x3F, 0xE2, 0x3F, 0xE2, 0x1F, 0xE3, 0x1F, 0xFF, 0xFF, 0x89, 0x1F, 0x88, 0x9F, 0xC8,
    0x8F, 0xC4, 0x8F, 0xC4, 0x8F, 0xE4, 0x4F, 0xE6, 0x47, 0xE2, 0x47, 0xF7, 0xE3, 0xE7, 0xC7, 0xCF,
    0x8F, 0x1F, 0x0F, 0x8F, 0xC7, 0xE7, 0xE3, 0xF3, 0xBF, 0x1F, 0x9F, 0x8F, 0xCF, 0xC7, 0xE3, 0xC3,
    0xC7, 0x8F, 0x9F, 0x1F, 0x3F, 0xDF, 0xE7, 0xFB, 0x8F, 0xC3, 0xF1, 0xC7, 0xE7, 0xE3, 0xE3, 0xFF,
    0xC7, 0xF1, 0xFF, 0x8F, 0xF8, 0xFF, 0x1F, 0xFC, 0x7E, 0x3F, 0xFE, 0x3C, 0x7F, 0xFF, 0x18, 0xFF,
    0xFF, 0x81, 0xFF, 0x9F, 0xC3, 0xF9, 0x8F, 0xC3, 0xF1, 0x9F, 0xC1, 0xF9, 0xFF, 0x99, 0xFF, 0xFF,
    0x38, 0xFF, 0xFE, 0x3C, 0x7F, 0xFC, 0x7E, 0x3F, 0xF8, 0xFF, 0x1F, 0xF1, 0xFF, 0x8F, 0xE3, 0xFF,
    0xC7, 0xC7, 0xE7, 0xE3, 0x8F, 0xC3, 0xF1, 0xDF, 0xE7, 0xFB, 0x8C, 0x7F, 0x8C, 0x7F, 0x8C, 0x7F,
    0x8C, 0x7F, 0x8C, 0x7F, 0x8C, 0x7F, 0x8C, 0x7F, 0x8C, 0x7F, 0x8C, 0x7F, 0x8C, 0x7F, 0x8C, 0x7F,
    0xFF, 0xFF, 0xFF, 0xFF, 0xFF, 0xFF, 0x8C, 0x7F, 0x8C, 0x7F, 0x8C, 0x7F, 0x8C, 0x7F, 0x8C, 0x1F,
    0x88, 0x0F, 0x88, 0x0F, 0x80, 0xC7, 0xC5, 0xC7, 0xC7, 0x8F, 0xC7, 0x8F, 0xC7, 0x0F, 0xE2, 0x1F,
    0xE0, 0x3F, 0xE0, 0x7F, 0xE0, 0x7F, 0xFF, 0xFF, 0xFF, 0xFF, 0xF0, 0xFF, 0xF0, 0xFF, 0xF0, 0xFF,
    0xF0, 0xFF, 0xFF, 0xFF, 0x8C, 0x7F, 0x80, 0x7F, 0xC0, 0xFF, 0xFF, 0xFF, 0xC0, 0xFF, 0x80, 0x7F,
    0x9E, 0x7F, 0xFF, 0xFF, 0xFF, 0xBF, 0xFF, 0x1F, 0xFE, 0x1F, 0xFC, 0x3F, 0xFC, 0x7F, 0xF8, 0xFF,
    0xF0, 0xFF, 0xE0, 0x7F, 0xC0, 0x3F, 0x86, 0x1F, 0x8F, 0x1F, 0xDF, 0xBF, 0xFF, 0xE7, 0xFF, 0xFF,
    0xE7, 0xFF, 0xFF, 0xE7, 0xFF, 0xFE, 0x00, 0x7F, 0xFE, 0x00, 0x7F, 0xFF, 0x81, 0xFF, 0xFF, 0xC3,
    0xFF, 0xFF, 0x81, 0xFF, 0xFF, 0x18, 0xFF, 0xFF, 0x99, 0xFF, 0xFF, 0xFF, 0xFF, 0xF9, 0xFF, 0x9F,
    0xF9, 0xFF, 0x9F, 0xF9, 0xFF, 0x9F, 0x80, 0x18, 0x01, 0x80, 0x18, 0x01, 0xE0, 0x7E, 0x07, 0xF0,
    0xFF, 0x0F, 0xE0, 0x7E, 0x07, 0xC6, 0x3C, 0x63, 0xE6, 0x7E, 0x67, 0xFF, 0xFF, 0xFF, 0x80, 0x80,
    0x8F, 0x8F, 0x8F, 0x8F, 0x8F, 0x8F, 0x8F, 0x8F, 0x8F, 0x80, 0x80, 0x8F, 0x8F, 0x8F, 0x8F, 0x8F,
    0x8F, 0x8F, 0x8F, 0x8F, 0x80, 0x80, 0x01, 0x01, 0xF1, 0xF1, 0xF1, 0xF1, 0xF1, 0xF1, 0xF1, 0xF1,
    0xF1, 0x01, 0x01, 0xF1, 0xF1, 0xF1, 0xF1, 0xF1, 0xF1, 0xF1, 0xF1, 0xF1, 0x01, 0x01, 0xC6, 0x3F,
    0x80, 0x1F, 0x80, 0x1F, 0x10, 0x8F, 0x10, 0x8F, 0xF3, 0x8F, 0xF3, 0x9F, 0xE3, 0x1F, 0xE3, 0x1F,
    0xC7, 0x3F, 0xC6, 0x3F, 0xC6, 0x3F, 0xFF, 0xFF, 0xFF, 0xFF, 0xC6, 0x3F, 0xC6, 0x3F, 0xC6, 0x3F,
    0xC6, 0x3F, 0xC6, 0x3F, 0x82, 0x3F, 0x82, 0x3F, 0x12, 0x3F, 0x10, 0x3F, 0xF2, 0x3F, 0xF2, 0x3F,
    0xE2, 0x3F, 0xE2, 0x3F, 0xC6, 0x3F, 0xC6, 0x3F, 0xC7, 0xFF, 0xFF, 0xFF, 0xFF, 0xFF, 0xC6, 0x3F,
    0xC6, 0x3F, 0xC6, 0x3F, 0xC6, 0x3F, 0x8C, 0x7F, 0x88, 0x3F, 0x88, 0x3F, 0x89, 0x1F, 0x89, 0x1F,
    0x8F, 0x1F, 0x8F, 0x3F, 0x8E, 0x3F, 0x8E, 0x3F, 0x8E, 0x7F, 0x8C, 0x7F, 0xFC, 0x7F, 0xFF, 0xFF,
    0xFF, 0xFF, 0x8C, 0x7F, 0x8C, 0x7F, 0x8C, 0x7F, 0x8C, 0x7F, 0xFF, 0xFF, 0x00, 0x3F, 0x00, 0x3F,
    0xFC, 0x7F, 0xFC, 0x7F, 0xFC, 0x7F, 0xF8, 0xFF, 0xF8, 0xFF, 0xF1, 0xFF, 0xF1, 0xFF, 0xF1, 0xFF,
    0xE3, 0xFF, 0xE3, 0xFF, 0xF3, 0xFF, 0x00, 0xFF, 0x00, 0x7F, 0x20, 0x7F, 0x20, 0x3F, 0x20, 0x3F,
    0x20, 0x3F, 0x20, 0x7F, 0x20, 0x7F, 0x20, 0x7F, 0x21, 0xFF, 0x23, 0xFF, 0x23, 0xFF, 0x23, 0xFF,
    0x23, 0xFF, 0x23, 0xFF, 0x23, 0xFF, 0x23, 0xFF, 0x23, 0xFF, 0xC0, 0x3F, 0x80, 0x3F, 0x81, 0x3F,
    0x01, 0x3F, 0x01, 0x3F, 0x01, 0x3F, 0x81, 0x3F, 0x81, 0x3F, 0xC0, 0x3F, 0xE0, 0x7F, 0x00, 0xFF,
    0x00, 0x7F, 0x20, 0x7F, 0x20, 0x3F, 0x20, 0x3F, 0x20, 0x3F, 0x20, 0x7F, 0x20, 0x7F, 0x00, 0xFF,
    0x81, 0xFF, 0x87, 0x87, 0x87, 0x87, 0xCF, 0xFF, 0xFF, 0xFF, 0xCF, 0x87, 0x87, 0x87, 0x87, 0x8F,
    0x8F, 0xC7, 0xE3, 0xE7, 0xFF, 0xC0, 0xFF, 0x80, 0x7F, 0x8C, 0x7F, 0xFF, 0xFF, 0xFF, 0xFF, 0xFF,
    0xFF, 0xFF, 0xFF, 0xFF, 0xFF, 0xFF, 0xFF, 0xFF, 0xFF, 0xFF, 0xFF, 0xFF, 0xFF, 0xFF, 0xFF, 0xFF,
    0xFF, 0xFF, 0xFF, 0xFF, 0xFF, 0xFF, 0xFF, 0xFF, 0xFF, 0xFF, 0xFF, 0x8C, 0x7F, 0x80, 0x7F, 0xC0,
    0xFF, 0xF9, 0xFF, 0xF9, 0xFF, 0xF9, 0xFF, 0x80, 0x1F, 0x80, 0x1F, 0xE0, 0x7F, 0xF0, 0xFF, 0xE0,
    0x7F, 0xC6, 0x3F, 0xE6, 0x7F, 0xFF, 0xFF, 0xF9, 0xFF, 0xF9, 0xFF, 0xF9, 0xFF, 0x80, 0x1F, 0x80,
    0x1F, 0xE0, 0x7F, 0xF0, 0xFF, 0xE0, 0x7F, 0xC6, 0x3F, 0xE6, 0x7F, 0xFF, 0xFF, 0x8E, 0x7F, 0x06,
    0x7F, 0x04, 0x7F, 0x04, 0xFF, 0x88, 0xFF, 0xF8, 0xFF, 0xF9, 0xFF, 0xF1, 0xFF, 0xF3, 0xFF, 0xF3,
    0xFF, 0xE3, 0xFF, 0xE7, 0xFF, 0xC7, 0xFF, 0xC4, 0xFF, 0xC8, 0x3F, 0x88, 0x3F, 0x98, 0x3F, 0x9C,
    0x7F, 0xF8, 0x3F, 0xFB, 0xF0, 0x0F, 0xF9, 0xE1, 0x87, 0xF1, 0xC7, 0xC3, 0xE3, 0x8F, 0xE1, 0x87,
    0x8F, 0xF0, 0x0F, 0xDF, 0xFC, 0x1F, 0xFF, 0xFF, 0xF9, 0xFF, 0xC9, 0x3F, 0xC0, 0x3F, 0xE0, 0x7F,
    0x80, 0x1F, 0x80, 0x1F, 0xE0, 0x7F, 0xC0, 0x3F, 0xC9, 0x3F, 0xF9, 0xFF, 0xFC, 0x7F, 0xF8, 0x3F,
    0xF8, 0x3F, 0xFC, 0x7F, 0x8F, 0xFF, 0x07, 0xFF, 0x07, 0xFF, 0x8F, 0xFF, 0xFF, 0xFF, 0xFC, 0x7F,
    0xF8, 0x3F, 0xF8, 0x3F, 0xFC, 0x7F, 0xFF, 0xFF, 0xE4, 0x09, 0xC4, 0x81, 0xC4, 0x91, 0xC8, 0x93,
    0xC9, 0x13, 0x89, 0x23, 0x91, 0x27, 0x92, 0x27, 0xF0, 0xFF, 0xF0, 0xFF, 0xF0, 0xFF, 0xF0, 0xFF,
    0x8F, 0x1F, 0x86, 0x1F, 0x06, 0x0F, 0x86, 0x1F, 0xFF, 0xFF, 0xF0, 0xFF, 0xF0, 0xFF, 0xF0, 0xFF,
    0xF0, 0xFF, 0x8F, 0x1F, 0x86, 0x1F, 0x06, 0x0F, 0x86, 0x1F, 0xF0, 0xFF, 0xF0, 0xFF, 0xF0, 0xFF,
    0xF0, 0xFF, 0xFF, 0xFF, 0x86, 0x1F, 0x06, 0x0F, 0x86, 0x1F, 0x8F, 0x1F, 0x87, 0x87, 0x87, 0x87,
    0xCF, 0xFF, 0xFF, 0xFF, 0xFF, 0xFF, 0xFF, 0xFF, 0xFF, 0xCF, 0x87, 0x87, 0x87, 0x87, 0xF0, 0xFF,
    0xF0, 0xFF, 0xF0, 0xFF, 0xF0, 0xFF, 0xFF, 0xFF, 0xFF, 0xFF, 0xFF, 0xFF, 0x86, 0x1F, 0x06, 0x0F,
    0x86, 0x1F, 0x8F, 0x1F, 0xFF, 0xFF, 0xFF, 0xFF, 0xFF, 0xFF, 0xF0, 0xFF, 0xF0, 0xFF, 0xF0, 0xFF,
    0xF0, 0xFF, 0xF9, 0xFF, 0xF9, 0xFF, 0xC9, 0x3F, 0x89, 0x1F, 0xC9, 0x3F, 0xF9, 0xFF, 0x80, 0x1F,
    0x80, 0x1F, 0xC9, 0x3F, 0x89, 0x1F, 0xC9, 0x3F, 0xF9, 0xFF, 0xF9, 0xFF, 0x9F, 0x0F, 0x0F, 0x9F,
    0x9F, 0x0F, 0x0F, 0x9F, 0xFF, 0x9F, 0x0F, 0x0F, 0x9F, 0x9F, 0x0F, 0x0F, 0x9F, 0xFF, 0x9F, 0x0F,
    0x0F, 0x9F, 0xFF, 0x9F, 0x0F, 0x0F, 0x9F, 0x9F, 0x0F, 0x0F, 0x9F, 0xC3, 0x81, 0x18, 0x18, 0x18,
    0x10, 0x00, 0x08, 0x18, 0x18, 0x18, 0x81, 0xC3, 0xFF, 0xCF, 0x87, 0xCF, 0xFF, 0x0F, 0x0F, 0xCF,
    0xCF, 0xCF, 0xCF, 0xCF, 0x03, 0x03, 0xF3, 0xF3, 0xE7, 0xE7, 0xCF, 0xCB, 0x99, 0x99, 0x01, 0x00,
    0xF9, 0xF1, 0xF1, 0x81, 0x81, 0x99, 0x9F, 0x9F, 0x83, 0x81, 0x99, 0xF8, 0xF8, 0x99, 0x81, 0xC3,
    0xE3, 0xE7, 0xC7, 0xCF, 0x8F, 0x81, 0x81, 0x18, 0x18, 0x18, 0x99, 0x81, 0xC3, 0x00, 0x00, 0x39,
    0xF9, 0xF1, 0xF3, 0xF3, 0xE3, 0xE3, 0xE7, 0xE7, 0xC7, 0xCF, 0xC3, 0x81, 0x99, 0x99, 0x81, 0xC3,
    0xC3, 0x81, 0x99, 0x18, 0x18, 0x81, 0xC3, 0xC3, 0x81, 0x99, 0x18, 0x18, 0x18, 0x81, 0x81, 0xF1,
    0xF3, 0xE3, 0xE7, 0xC7, 0xFF, 0xE7, 0xE7, 0x81, 0x00, 0xE7, 0xE7, 0xE7, 0x81, 0x00, 0x00, 0x81,
    0xFF, 0x81, 0x00, 0xFF, 0xF3, 0xE3, 0xC7, 0x8F, 0x9F, 0x9F, 0x1F, 0x1F, 0x1F, 0x1F, 0x1F, 0x9F,
    0x8F, 0x8F, 0xC7, 0xE3, 0xF7, 0xFF, 0x3F, 0x1F, 0x8F, 0xC7, 0xE7, 0xE7, 0xE3, 0xE3, 0xE3, 0xE3,
    0xE3, 0xE7, 0xC7, 0xC7, 0x8F, 0x1F, 0xBF, 0x03, 0x01, 0x19, 0x18, 0x18, 0x18, 0x18, 0x18, 0x18,
    0xC3, 0x81, 0x18, 0x18, 0x10, 0x00, 0x08, 0x18, 0x18, 0x81, 0xC3, 0xC7, 0x87, 0xA7, 0xE7, 0xE7,
    0xE7, 0xE7, 0xE7, 0xE7, 0x81, 0x81, 0xC3, 0x81, 0x18, 0xF8, 0xF9, 0xF1, 0xC7, 0x8F, 0x9D, 0x80,
    0x00, 0xC3, 0x81, 0x98, 0xF9, 0xE1, 0xE1, 0xF8, 0xF8, 0x18, 0x81, 0xC3, 0xF3, 0xE3, 0xE7, 0xC7,
    0xCF, 0x89, 0x99, 0x00, 0x01, 0xF1, 0xF1, 0x81, 0x81, 0x99, 0x83, 0x81, 0x99, 0xF8, 0xF8, 0x98,
    0x81, 0xC3, 0xE3, 0xE7, 0xC7, 0xCF, 0x83, 0x81, 0x18, 0x18, 0x18, 0x81, 0xC3, 0x00, 0x00, 0xB9,
    0xF1, 0xF1, 0xF3, 0xE3, 0xE7, 0xE7, 0xC7, 0xCF, 0xC3, 0x81, 0x99, 0x99, 0x81, 0xC3, 0x81, 0x18,
    0x18, 0x81, 0xC3, 0xC3, 0x81, 0x18, 0x18, 0x18, 0x81, 0xC1, 0xF3, 0xE3, 0xE7, 0xC7, 0xE7, 0xE7,
    0x81, 0x00, 0xE7, 0xE7, 0xE7, 0x81, 0x00, 0x81, 0x00, 0xFF, 0x81, 0x00, 0xFF, 0xF7, 0xE3, 0xC7,
    0x8F, 0x9F, 0x9F, 0x1F, 0x1F, 0x1F, 0x1F, 0x9F, 0x9F, 0x8F, 0xC7, 0xE3, 0xF7, 0xFF, 0xFF, 0xBF,
    0x1F, 0x8F, 0xC7, 0xE7, 0xE7, 0xE3, 0xE3, 0xE3, 0xE3, 0xE7, 0xE7, 0xC7, 0x8F, 0x1F, 0xBF, 0xFF,
    0xC3, 0x81, 0xB8, 0xC0, 0x80, 0x18, 0x00, 0x80, 0xC3, 0x81, 0x18, 0x00, 0x00, 0x1D, 0x81, 0xC3,
    0xC3, 0x81, 0x18, 0x18, 0x18, 0x18, 0x81, 0xC3, 0x18, 0x00, 0xC3, 0xE7, 0xE7, 0xC3, 0x00, 0x18,
    0x01, 0x01, 0xB8, 0x00, 0x00, 0x18, 0x81, 0xC3, 0x1F, 0x1F, 0x1F, 0x01, 0x01, 0x19, 0x18, 0x18,
    0x18, 0x18, 0x18, 0x1F, 0x1F, 0x9F, 0x98, 0x90, 0x93, 0x87, 0x83, 0x83, 0x18, 0x08, 0x0F, 0x0F,
    0xCF, 0xCF, 0xCF, 0xCF, 0xCF, 0xCF, 0xCF, 0x03, 0x03, 0x80, 0xFF, 0x80, 0x7F, 0x92, 0x7F, 0x92,
    0x7F, 0x92, 0x7F, 0x92, 0x7F, 0x92, 0x7F, 0x92, 0x7F, 0x01, 0x01, 0x19, 0x18, 0x18, 0x18, 0x18,
    0x18, 0x01, 0x01, 0x18, 0x18, 0x18, 0x18, 0x01, 0x01, 0x1F, 0x1F, 0x0F, 0x0F, 0x80, 0x80, 0x98,
    0x83, 0xC1, 0x19, 0x01, 0x01, 0xCF, 0xCF, 0xCF, 0x81, 0x81, 0xCF, 0xCF, 0xCF, 0xC4, 0xC0, 0xE1,
    0xFF, 0xFF, 0xFE, 0x5F, 0xFE, 0x1F, 0xE0, 0x1F, 0xC0, 0x1F, 0xC0, 0x1F, 0x8D, 0x1F, 0x89, 0x1F,
    0x88, 0x7F, 0x8A, 0x7F, 0x8A, 0xFF, 0x80, 0xFF, 0x80, 0xFF, 0x85, 0xFF, 0x85, 0xFF, 0x81, 0xFF,
    0x89, 0x3F, 0x82, 0x1F, 0xC0, 0x3F, 0xC0, 0x3F, 0x80, 0xFF, 0x87, 0xFF, 0xA7, 0xFF, 0xFF, 0xFF,
    0x80, 0x1F, 0x80, 0x1F, 0xC7, 0x1F, 0xC7, 0x1F, 0xC7, 0xFF, 0xC7, 0xFF, 0xC7, 0xFF, 0x81, 0xFF,
    0x81, 0xFF, 0xC7, 0xFF, 0x81, 0xFF, 0x81, 0xFF, 0xC7, 0xFF, 0xC7, 0xFF, 0xC7, 0xFF, 0xC7, 0xFF,
    0x81, 0xFF, 0x81, 0xFF, 0xE0, 0xFF, 0xE0, 0x7F, 0xC0, 0x7F, 0xC4, 0x7F, 0xC7, 0xFF, 0xC7, 0xFF,
    0xC7, 0xFF, 0x01, 0xFF, 0x01, 0xFF, 0xC7, 0xFF, 0x01, 0xFF, 0x01, 0xFF, 0xC7, 0xFF, 0xC7, 0x7F,
    0x8E, 0x3F, 0x86, 0x3F, 0x00, 0x3F, 0x00, 0x3F, 0xFF, 0xFF, 0xFF, 0x3F, 0x02, 0x3F, 0x00, 0x1F,
    0x80, 0x1F, 0x98, 0x1F, 0x98, 0x9F, 0x99, 0x9F, 0x99, 0x9F, 0x99, 0x9F, 0x91, 0x9F, 0x81, 0x9F,
    0x81, 0x9F, 0x01, 0x8F, 0x01, 0x8F, 0xCF, 0xFF, 0xFF, 0xFF, 0x86, 0x1F, 0x86, 0x1F, 0xC7, 0x3F,
    0xC3, 0x3F, 0xC3, 0x3F, 0xC3, 0x3F, 0x80, 0x1F, 0x80, 0x1F, 0xC9, 0x3F, 0xC9, 0x3F, 0x80, 0x1F,
    0x80, 0x1F, 0xCC, 0x3F, 0xCC, 0x3F, 0xCC, 0x3F, 0xCE, 0x3F, 0x86, 0x3F, 0x86, 0x3F, 0x0E, 0x7F,
    0x06, 0x7F, 0x06, 0x7F, 0x02, 0x7F, 0x12, 0x7F, 0x10, 0x0F, 0x10, 0x0F, 0x02, 0x3F, 0x06, 0x7F,
    0x06, 0x7F, 0x0E, 0x7F, 0x1E, 0x7F, 0x1E, 0x7F, 0x1E, 0x4F, 0x1E, 0x0F, 0x1E, 0x0F, 0x1F, 0x1F,
    0x1F, 0x1F, 0x87, 0xFF, 0x83, 0xFF, 0x83, 0xFF, 0x91, 0xFF, 0x99, 0xFF, 0x99, 0x07, 0x99, 0x07,
    0x91, 0x07, 0x83, 0x27, 0x83, 0x27, 0x87, 0x1F, 0x83, 0x8F, 0x93, 0x8F, 0x93, 0x47, 0x92, 0x67,
    0x90, 0x07, 0x88, 0x07, 0x88, 0x0F, 0x0F, 0x0F, 0x0F, 0x0F, 0x8F, 0x1F, 0x9F, 0x9F, 0x8F, 0x1F,
    0x89, 0x1F, 0x00, 0x0F, 0x00, 0x0F, 0x80, 0x1F, 0xC0, 0x3F, 0x80, 0x1F, 0x00, 0x0F, 0x00, 0x0F,
    0xC0, 0x3F, 0xC6, 0x3F, 0xC6, 0x3F, 0xC6, 0x3F, 0xC6, 0x3F, 0x81, 0x9F, 0x80, 0x9F, 0x9C, 0x9F,
    0x94, 0x1F, 0x80, 0x1F, 0x80, 0x1F, 0x80, 0x1F, 0x80, 0x1F, 0x80, 0x1F, 0x82, 0x9F, 0x83, 0x9F,
    0x80, 0x1F, 0x80, 0x3F, 0xFC, 0x3F, 0xFC, 0x3F, 0xFC, 0x3F, 0xF0, 0x1F, 0xF8, 0x1F, 0xC2, 0x3F,
    0x80, 0x3F, 0x80, 0x3F, 0x1C, 0x3F, 0x1E, 0x3F, 0x1E, 0x3F, 0x1E, 0x3F, 0x1E, 0x3F, 0x1E, 0x3F,
    0x1C, 0x3F, 0x80, 0x3F, 0x80, 0x3F, 0xC2, 0x3F, 0xFF, 0xFF, 0xFF, 0xFF, 0xFF, 0xFF, 0x00, 0x3F,
    0x00, 0x3F, 0xE1, 0x1F, 0xC0, 0x1F, 0xC0, 0x1F, 0x8F, 0x1F, 0x8F, 0x1F, 0x8F, 0xFF, 0x01, 0xFF,
    0x03, 0xFF, 0x8F, 0xFF, 0x8F, 0xFF, 0x01, 0xFF, 0x01, 0xFF, 0x8F, 0xFF, 0x8F, 0x3F, 0x8F, 0x1F,
    0xC0, 0x3F, 0xC0, 0x3F, 0xE0, 0x7F, 0x83, 0x1F, 0x82, 0x1F, 0x86, 0x3F, 0xC4, 0x7F, 0xC4, 0x7F,
    0xC0, 0xFF, 0xC0, 0xFF, 0xC1, 0xFF, 0x80, 0x1F, 0x80, 0x1F, 0xC0, 0xFF, 0xC0, 0xFF, 0xC4, 0x7F,
    0xC4, 0x7F, 0xC6, 0x3F, 0x86, 0x3F, 0x82, 0x1F, 0x83, 0x1F, 0x00, 0x3F, 0x00, 0x3F, 0x00, 0x3F,
    0x12, 0x3F, 0xF3, 0xFF, 0xF0, 0xFF, 0xF0, 0xFF, 0xC0, 0xFF, 0xC3, 0xFF, 0xC0, 0xFF, 0xE0, 0xFF,
    0xC1, 0xFF, 0xC3, 0xFF, 0xF3, 0xFF, 0xF3, 0xFF, 0xE1, 0xFF, 0xC0, 0xFF, 0xC0, 0xFF, 0x87, 0xFF,
    0x83, 0xFF, 0x83, 0xFF, 0x91, 0xFF, 0x91, 0xFF, 0x99, 0x8F, 0x99, 0x0F, 0x99, 0x07, 0x99, 0x27,
    0x98, 0x27, 0x98, 0x27, 0x98, 0x27, 0x98, 0x27, 0x90, 0x27, 0x90, 0x27, 0x82, 0x07, 0x82, 0x07,
    0x86, 0x0F, 0xFE, 0x3F, 0xFE, 0x3F, 0xFE, 0x3F, 0xFE, 0x3F, 0xFE, 0x3F, 0x80, 0x7F, 0x80, 0x3F,
    0x84, 0x3F, 0xC7, 0x1F, 0x80, 0x0F, 0xC7, 0x1F, 0x80, 0x0F, 0xC7, 0x1F, 0xC0, 0x3F, 0xC0, 0x3F,
    0xC0, 0x7F, 0xC7, 0xFF, 0xC7, 0xFF, 0xC7, 0xFF, 0xC7, 0xFF, 0x87, 0xFF, 0x83, 0xFF, 0x83, 0xFF,
    0xF3, 0xFF, 0xF3, 0xFF, 0xC2, 0x3F, 0x80, 0x3F, 0x80, 0x3F, 0x12, 0x3F, 0x12, 0x3F, 0x13, 0xFF,
    0x13, 0xFF, 0x13, 0xFF, 0x10, 0x3F, 0x10, 0x3F, 0x10, 0x3F, 0x12, 0x3F, 0x12, 0x3F, 0x12, 0x3F,
    0x10, 0x3F, 0x80, 0x3F, 0x80, 0x3F, 0xC2, 0x3F, 0xF3, 0xFF, 0xF3, 0xFF, 0xF0, 0xFF, 0xF0, 0xFF,
    0xF0, 0xFF, 0xF0, 0xFF, 0xF0, 0xFF, 0xE0, 0x7F, 0xE0, 0x7F, 0x80, 0x1F, 0x80, 0x1F, 0x80, 0x1F,
    0x80, 0x1F, 0xC6, 0x3F, 0xC6, 0x3F, 0xC6, 0x3F, 0xCF, 0x3F, 0x86, 0x1F, 0x86, 0x1F, 0x86, 0x1F,
    0x88, 0x7F, 0x80, 0x3F, 0x86, 0x3F, 0x8F, 0x1F, 0xCF, 0x1F, 0xFE, 0x1F, 0x80, 0x1F, 0x80, 0x1F,
    0xF0, 0x7F, 0xE0, 0xFF, 0x80, 0x1F, 0x80, 0x1F, 0x8F, 0xFF, 0x8F, 0x3F, 0x8F, 0x1F, 0xC6, 0x1F,
    0xC0, 0x1F, 0xE1, 0x1F, 0xF3, 0xFF, 0xF3, 0xFF, 0xC2, 0x3F, 0x80, 0x3F, 0x80, 0x3F, 0x12, 0x3F,
    0x12, 0x3F, 0x13, 0xFF, 0x13, 0xFF, 0x13, 0xFF, 0x13, 0xFF, 0x13, 0xFF, 0x13, 0xFF, 0x13, 0xFF,
    0x13, 0xFF, 0x12, 0x7F, 0x10, 0x3F, 0x80, 0x7F, 0x80, 0x7F, 0xC1, 0xFF, 0xF3, 0xFF, 0xFF, 0xFF,
    0x00, 0x3F, 0x00, 0x3F, 0xFF, 0xFF, 0x80, 0x7F, 0x00, 0x3F, 0x00, 0x3F, 0x12, 0x3F, 0x12, 0x3F,
    0xF3, 0xFF, 0xF3, 0xFF, 0xF3, 0xFF, 0xF3, 0xFF, 0xF3, 0xFF, 0xF3, 0xFF, 0xF3, 0xFF, 0xE1, 0xFF,
    0xC0, 0xFF, 0xC0, 0xFF, 0x80, 0x7F, 0x00, 0x3F, 0x80, 0x7F, 0xF8, 0xFF, 0x80, 0x7F, 0x00, 0x3F,
    0x00, 0x3F, 0xF8, 0xFF, 0xF0, 0xFF, 0x01, 0xFF, 0x03, 0xFF, 0xE3, 0xFF, 0xF1, 0xFF, 0xF0, 0xFF,
    0xF8, 0xFF, 0xFC, 0x7F, 0xFC, 0x1F, 0xFE, 0x1F, 0x81, 0xFF, 0x81, 0xFF, 0xC7, 0xFF, 0xC7, 0xFF,
    0xC7, 0xFF, 0xC7, 0xFF, 0xC1, 0xFF, 0xC1, 0xFF, 0x87, 0xFF, 0x85, 0xFF, 0xC1, 0xFF, 0x83, 0xFF,
    0x87, 0xFF, 0xC7, 0x1F, 0xC7, 0x1F, 0xC4, 0x3F, 0x80, 0x3F, 0x80, 0x7F, 0xF9, 0xFF, 0xF9, 0xFF,
    0xF9, 0xFF, 0xF9, 0xFF, 0xE0, 0x7F, 0xC0, 0x3F, 0x80, 0x1F, 0x89, 0x1F, 0x99, 0x9F, 0x99, 0x9F,
    0x99, 0x9F, 0x99, 0x9F, 0x99, 0x9F, 0x99, 0x9F, 0x99, 0x9F, 0x0F, 0x0F, 0x0F, 0x0F, 0x80, 0x7F,
    0x80, 0x3F, 0x84, 0x3F, 0xC7, 0x1F, 0xC7, 0x1F, 0xC7, 0x1F, 0xC7, 0x1F, 0xC7, 0x1F, 0x80, 0x3F,
    0x80, 0x3F, 0x80, 0x7F, 0xC7, 0xFF, 0x80, 0x7F, 0x80, 0x7F, 0xC7, 0xFF, 0x87, 0xFF, 0x83, 0xFF,
    0x83, 0xFF, 0xF0, 0xFF, 0xF0, 0xFF, 0xF0, 0xFF, 0xE0, 0x7F, 0xC0, 0x3F, 0x80, 0x1F, 0x80, 0x9F,
    0x90, 0x9F, 0x90, 0xFF, 0x90, 0xFF, 0x9F, 0xFF, 0x9F, 0xFF, 0x9F, 0xFF, 0x9F, 0xFF, 0x9F, 0xFF,
    0x9F, 0xFF, 0x9F, 0xFF, 0x8F, 0xFF, 0xC7, 0xFF, 0x80, 0x1F, 0x80, 0x1F, 0xE6, 0xFF, 0xE6, 0xFF,
    0xE6, 0xFF, 0x80, 0x7F, 0x80, 0x7F, 0x8E, 0x3F, 0x8F, 0x3F, 0x8F, 0x3F, 0x8F, 0x3F, 0x8F, 0x3F,
    0x8E, 0x3F, 0x80, 0x7F, 0x80, 0x7F, 0x8E, 0x3F, 0x8F, 0x1F, 0x8F, 0x9F, 0x8F, 0x9F, 0x8F, 0x1F,
    0x8E, 0x3F, 0x80, 0x3F, 0x80, 0x7F, 0xE6, 0xFF, 0xE6, 0xFF, 0xF6, 0xFF, 0xC2, 0x3F, 0x80, 0x3F,
    0x80, 0x3F, 0x1E, 0x3F, 0x1E, 0x3F, 0x1F, 0xFF, 0x1F, 0xFF, 0x1F, 0xFF, 0x1E, 0x3F, 0x1C, 0x3F,
    0x80, 0x7F, 0x80, 0x7F, 0xC1, 0xFF, 0xFF, 0xFF, 0xFF, 0xFF, 0x00, 0x3F, 0x00, 0x3F, 0x48, 0x48,
    0x48, 0x48, 0x48, 0x48, 0x48, 0x48, 0x48, 0x48, 0x48, 0x00, 0x00, 0x30, 0x48, 0x00, 0x00, 0x00,
    0x66, 0x81, 0x81, 0x81, 0x81, 0x81, 0x81, 0x81, 0x81, 0x29, 0x40, 0x29, 0x40, 0x29, 0x40, 0x29,
    0x40, 0xA9, 0x50, 0x00, 0x00, 0x00, 0x00, 0x29, 0x40, 0x29, 0x40, 0x29, 0x40, 0x29, 0x40, 0xEF,
    0x70, 0x00, 0x00, 0x00, 0x00, 0x29, 0x40, 0x29, 0x40, 0x29, 0x40, 0x29, 0x40, 0x00, 0x00, 0x12,
    0x00, 0x12, 0x00, 0x12, 0x00, 0x23, 0x00, 0x40, 0x00, 0x82, 0x00, 0x1C, 0x00, 0x1D, 0x80, 0x8C,
    0x00, 0x04, 0x00, 0x42, 0x00, 0x21, 0x00, 0x00, 0x80, 0x08, 0x40, 0x0E, 0x00, 0x0C, 0x40, 0x1E,
    0x00, 0x00, 0x40, 0x10, 0x80, 0x72, 0x00, 0x12, 0x00, 0x12, 0x00, 0x12, 0x00, 0x0C, 0x00, 0x80,
    0xA0, 0x22, 0x00, 0x23, 0x20, 0x23, 0x00, 0x22, 0x40, 0x23, 0x00, 0x81, 0x80, 0x7C, 0x00, 0x03,
    0x00, 0x18, 0x10, 0x0C, 0x40, 0x24, 0x40, 0x0C, 0x40, 0x44, 0x40, 0x04, 0x40, 0x50, 0x10, 0x03,
    0x00, 0x30, 0x00, 0x41, 0x00, 0x4C, 0x80, 0x04, 0x80, 0x04, 0x80, 0x50, 0x80, 0x01, 0x00, 0x01,
    0x00, 0x02, 0x00, 0x40, 0x00, 0x00, 0x80, 0x18, 0x20, 0x88, 0x40, 0xA0, 0x00, 0x00, 0x00, 0x84,
    0x40, 0x40, 0x40, 0x06, 0x00, 0x60, 0x00, 0x00, 0x00, 0x00, 0x00, 0x90, 0x90, 0x90, 0x00, 0x00,
    0x0C, 0x00, 0x11, 0x00, 0x10, 0x00, 0x04, 0x00, 0x00, 0x00, 0x00, 0x00, 0x40, 0x00, 0x10, 0x00,
    0x80, 0x00, 0x80, 0x00, 0x10, 0x00, 0x10, 0x00, 0x10, 0x00, 0x90, 0x00, 0x80, 0x00, 0x10, 0x00,
    0x40, 0x00, 0x08, 0x00, 0x48, 0x00, 0x20, 0x00, 0x02, 0x00, 0x10, 0x00, 0x09, 0x00, 0x06, 0x00,
    0x00, 0x00, 0x18, 0x00, 0x44, 0x00, 0x04, 0x00, 0x10, 0x00, 0x00, 0x00, 0x00, 0x00, 0x01, 0x00,
    0x04, 0x00, 0x00, 0x80, 0x00, 0x80, 0x04, 0x00, 0x04, 0x00, 0x04, 0x00, 0x04, 0x80, 0x00, 0x80,
    0x04, 0x00, 0x01, 0x00, 0x08, 0x00, 0x09, 0x00, 0x02, 0x00, 0x20, 0x00, 0x04, 0x00, 0x48, 0x00,
    0x30, 0x00, 0x09, 0x00, 0x09, 0x00, 0x69, 0x60, 0x50, 0xA0, 0x00, 0x00, 0x20, 0x40, 0x10, 0x80,
    0x26, 0x40, 0x26, 0x40, 0x10, 0x80, 0x00, 0x00, 0x12, 0x00, 0x12, 0x00, 0x12, 0x00, 0x73, 0x80,
    0x00, 0x00, 0x00, 0x00, 0x12, 0x00, 0x12, 0x00, 0x12, 0x00, 0x00, 0x00, 0x78, 0x80, 0x84, 0x84,
    0x00, 0x08, 0x00, 0x50, 0x10, 0x40, 0x00, 0xFF, 0xC0, 0x00, 0x00, 0x00, 0x00, 0x78, 0x84, 0x84,
    0x84, 0x00, 0x02, 0x00, 0x00, 0x40, 0x02, 0x00, 0x00, 0x80, 0x04, 0x00, 0x00, 0x80, 0x04, 0x00,
    0x00, 0x00, 0x01, 0x00, 0x08, 0x00, 0x02, 0x00, 0x10, 0x00, 0x02, 0x00, 0x10, 0x00, 0x04, 0x00,
    0x20, 0x00, 0x00, 0x00, 0x08, 0x00, 0x40, 0x00, 0x08, 0x00, 0x40, 0x00, 0x10, 0x00, 0x80, 0x00,
    0x10, 0x00, 0x12, 0x00, 0x00, 0x00, 0x80, 0x40, 0x12, 0x00, 0x80, 0x40, 0x80, 0x40, 0x82, 0x40,
    0x80, 0x40, 0x88, 0x40, 0x84, 0x40, 0x80, 0x40, 0x90, 0x40, 0x80, 0x40, 0x80, 0x40, 0x12, 0x00,
    0x80, 0x40, 0x00, 0x00, 0x12, 0x00, 0x08, 0x00, 0x10, 0x00, 0x20, 0x00, 0x58, 0x00, 0x28, 0x00,
    0x08, 0x00, 0x08, 0x00, 0x08, 0x00, 0x08, 0x00, 0x08, 0x00, 0x08, 0x00, 0x08, 0x00, 0x08, 0x00,
    0x08, 0x00, 0x08, 0x00, 0x31, 0xC0, 0x40, 0x20, 0x40, 0x20, 0x33, 0x00, 0x00, 0x00, 0x00, 0x00,
    0x00, 0x00, 0x72, 0x00, 0x00, 0x00, 0x02, 0x00, 0x02, 0x00, 0x04, 0x00, 0x09, 0x00, 0x12, 0x00,
    0x20, 0x00, 0x08, 0x00, 0x49, 0x80, 0x91, 0x00, 0x9F, 0x00, 0x00, 0x00, 0x00, 0x00, 0x33, 0x00,
    0x40, 0x00, 0x00, 0x00, 0x80, 0x40, 0xF2, 0x00, 0x02, 0x00, 0x00, 0x40, 0x0C, 0x80, 0x01, 0x00,
    0x00, 0x80, 0x06, 0x40, 0x02, 0x40, 0x01, 0x40, 0x61, 0x40, 0x12, 0x40, 0x80, 0x40, 0x00, 0x80,
    0x12, 0x00, 0x00, 0x00, 0x00, 0x00, 0x01, 0x00, 0x0A, 0x00, 0x12, 0x00, 0x14, 0x00, 0x24, 0x00,
    0x20, 0x00, 0x40, 0x00, 0x00, 0x00, 0x00, 0x00, 0x10, 0x00, 0x80, 0x00, 0x80, 0x00, 0x80, 0xC0,
    0x0C, 0xC0, 0x00, 0x00, 0x00, 0x00, 0x80, 0x00, 0x80, 0x00, 0x8C, 0x00, 0x80, 0x00, 0x80, 0x00,
    0x80, 0x00, 0x83, 0x00, 0x80, 0x00, 0x80, 0x00, 0x80, 0x00, 0x00, 0x00, 0x00, 0x40, 0x00, 0x40,
    0x82, 0x00, 0x00, 0x00, 0x00, 0x00, 0x00, 0x00, 0x33, 0x00, 0x09, 0x00, 0x12, 0x00, 0x12, 0x00,
    0x24, 0x00, 0x04, 0x00, 0x08, 0x00, 0x06, 0x00, 0x48, 0x80, 0x80, 0x80, 0x1E, 0x40, 0x12, 0x00,
    0x80, 0x40, 0x80, 0x40, 0x00, 0x00, 0x00, 0x00, 0x00, 0x00, 0x00, 0x00, 0x33, 0x00, 0x00, 0x00,
    0x00, 0x00, 0x3C, 0x00, 0x20, 0x40, 0x60, 0x00, 0x04, 0x00, 0x00, 0x80, 0x04, 0x00, 0x01, 0x00,
    0x08, 0x00, 0x01, 0x00, 0x00, 0x00, 0x10, 0x00, 0x02, 0x00, 0x10, 0x00, 0x04, 0x00, 0x20, 0x00,
    0x04, 0x00, 0x33, 0x00, 0x00, 0x00, 0x00, 0x00, 0x80, 0x40, 0x80, 0x40, 0x80, 0x40, 0x4C, 0x80,
    0x40, 0x80, 0x21, 0x00, 0x21, 0x00, 0x0C, 0x00, 0x92, 0x40, 0x12, 0x00, 0x80, 0x40, 0x12, 0x00,
    0x80, 0x40, 0x40, 0x80, 0x12, 0x00, 0x33, 0x00, 0x00, 0x00, 0x00, 0x00, 0x00, 0x00, 0x00, 0x00,
    0x80, 0x40, 0x80, 0x40, 0x12, 0x00, 0x9E, 0x00, 0x40, 0x40, 0x44, 0x80, 0x18, 0x00, 0x04, 0x00,
    0x08, 0x00, 0x09, 0x00, 0x12, 0x00, 0x12, 0x00, 0x24, 0x00, 0x00, 0x84, 0x84, 0x00, 0x78, 0x00,
    0x00, 0x00, 0x78, 0x84, 0x84, 0x84, 0x00, 0x00, 0x84, 0x84, 0x00, 0x78, 0x00, 0x00, 0x00, 0x78,
    0x80, 0x84, 0x84, 0x00, 0x08, 0x00, 0x50, 0x10, 0x40, 0x00, 0x00, 0xC0, 0x00, 0x40, 0x0C, 0xC0,
    0x00, 0x00, 0x66, 0x00, 0x00, 0x00, 0x20, 0x00, 0x18, 0x00, 0x00, 0x00, 0x33, 0x00, 0x00, 0x80,
    0x02, 0x40, 0x01, 0x40, 0x00, 0x00, 0x00, 0x00, 0x00, 0x00, 0x00, 0x00, 0x00, 0x00, 0x7F, 0x80,
    0x00, 0x00, 0x00, 0x00, 0x60, 0x00, 0x40, 0x00, 0x66, 0x00, 0x00, 0x00, 0x0C, 0xC0, 0x00, 0x00,
    0x00, 0x80, 0x03, 0x00, 0x00, 0x00, 0x19, 0x80, 0x20, 0x00, 0x48, 0x00, 0x50, 0x00, 0x00, 0x00,
    0x12, 0x00, 0x00, 0x00, 0x80, 0x40, 0x12, 0x00, 0xE2, 0x00, 0x00, 0x40, 0x00, 0x00, 0x04, 0x00,
    0x01, 0x00, 0x01, 0x00, 0x10, 0x00, 0x12, 0x00, 0x00, 0x00, 0x0C, 0x00, 0x12, 0x00, 0x00, 0x00,
    0x00, 0x00, 0x00, 0x00, 0x33, 0x00, 0x00, 0x80, 0x12, 0x00, 0x80, 0x40, 0x21, 0x00, 0x24, 0x00,
    0x20, 0x00, 0x23, 0x00, 0x21, 0x00, 0x21, 0x00, 0x21, 0x00, 0x21, 0x00, 0x21, 0x00, 0x21, 0x00,
    0x23, 0x40, 0x20, 0x00, 0x23, 0x80, 0x80, 0x00, 0x40, 0x80, 0x20, 0x80, 0x1F, 0x80, 0x08, 0x00,
    0x09, 0x00, 0x00, 0x00, 0x10, 0x80, 0x00, 0x80, 0x06, 0x00, 0x16, 0x80, 0x00, 0x00, 0x26, 0x00,
    0x26, 0x40, 0x00, 0x00, 0x20, 0x40, 0x0F, 0x40, 0x00, 0x00, 0x40, 0x20, 0x80, 0x10, 0x80, 0x10,
    0x80, 0x10, 0x81, 0x80, 0x80, 0x40, 0xC6, 0x40, 0x09, 0x00, 0x08, 0x20, 0x08, 0x20, 0x09, 0x00,
    0x06, 0x00, 0x00, 0x80, 0x00, 0x00, 0x0B, 0x20, 0x08, 0x20, 0x08, 0xA0, 0x08, 0x20, 0x09, 0x20,
    0xC4, 0x20, 0x80, 0x00, 0x81, 0x80, 0x07, 0x00, 0x40, 0x00, 0x82, 0x00, 0x12, 0x00, 0x81, 0x80,
    0x80, 0x00, 0x80, 0x00, 0x80, 0x00, 0x80, 0x00, 0x80, 0x00, 0x80, 0x00, 0x80, 0x00, 0x80, 0x00,
    0x81, 0xC0, 0x10, 0x00, 0x80, 0x40, 0x00, 0x00, 0x13, 0x00, 0x82, 0x80, 0x80, 0x40, 0xC2, 0x00,
    0x08, 0x00, 0x08, 0x00, 0x08, 0x20, 0x08, 0x20, 0x08, 0x20, 0x08, 0x20, 0x08, 0x20, 0x08, 0x20,
    0x08, 0x20, 0x08, 0x20, 0x08, 0x00, 0x08, 0x00, 0xC2, 0x00, 0x80, 0x40, 0x82, 0x80, 0x80, 0x00,
    0x80, 0x00, 0x07, 0x80, 0x40, 0x80, 0x40, 0xE0, 0x40, 0x00, 0x40, 0x00, 0x40, 0x80, 0x40, 0x00,
    0x40, 0x00, 0x40, 0x00, 0x40, 0x00, 0x40, 0x00, 0x40, 0x40, 0x40, 0x80, 0x07, 0x80, 0x80, 0x00,
    0x80, 0x00, 0x00, 0x00, 0x00, 0x00, 0xCF, 0x00, 0x41, 0x00, 0x41, 0xC0, 0x40, 0x00, 0x40, 0x00,
    0x41, 0x00, 0x40, 0x00, 0x40, 0x00, 0x40, 0x00, 0x40, 0x00, 0x40, 0x00, 0x40, 0x00, 0x40, 0x00,
    0xCC, 0x00, 0x00, 0x00, 0x00, 0x00, 0x07, 0x00, 0x40, 0x00, 0x82, 0x00, 0x12, 0x00, 0x81, 0x80,
    0x80, 0x00, 0x80, 0x00, 0x80, 0x00, 0x80, 0x00, 0x80, 0x00, 0x80, 0x00, 0x82, 0x00, 0x82, 0x00,
    0x82, 0x00, 0x10, 0x00, 0x9E, 0x00, 0x40, 0x00, 0x20, 0x00, 0x80, 0x10, 0x80, 0x10, 0xC0, 0x30,
    0x09, 0x00, 0x09, 0x00, 0x09, 0x00, 0x09, 0x00, 0x00, 0x00, 0x00, 0x00, 0x00, 0x00, 0x09, 0x00,
    0x09, 0x00, 0x09, 0x00, 0x09, 0x00, 0x09, 0x00, 0xC0, 0x30, 0x80, 0x10, 0x80, 0x10, 0x80, 0x40,
    0x80, 0x40, 0x61, 0x80, 0x12, 0x00, 0x12, 0x00, 0x12, 0x00, 0x12, 0x00, 0x12, 0x00, 0x12, 0x00,
    0x12, 0x00, 0x12, 0x00, 0x12, 0x00, 0x12, 0x00, 0x12, 0x00, 0x12, 0x00, 0x61, 0x80, 0x80, 0x40,
    0x80, 0x40, 0x10, 0x80, 0x10, 0x80, 0x1C, 0x80, 0x00, 0x80, 0x00, 0x80, 0x00, 0x80, 0x00, 0x80,
    0x00, 0x80, 0x00, 0x80, 0x00, 0x80, 0x00, 0x80, 0x00, 0x80, 0x00, 0x80, 0xC0, 0x80, 0x84, 0x00,
    0x14, 0x80, 0x41, 0x00, 0x00, 0x00, 0x02, 0x20, 0x00, 0x20, 0x18, 0xE0, 0x00, 0x80, 0x00, 0x00,
    0x00, 0x00, 0x10, 0x00, 0x00, 0x00, 0x04, 0x00, 0x02, 0x00, 0x02, 0x00, 0x11, 0x00, 0x00, 0x00,
    0x04, 0x00, 0x04, 0x00, 0x1A, 0x60, 0x00, 0x20, 0x00, 0x20, 0x00, 0x00, 0x00, 0x00, 0xCC, 0x00,
    0x40, 0x00, 0x40, 0x00, 0x40, 0x00, 0x40, 0x00, 0x40, 0x00, 0x40, 0x00, 0x40, 0x00, 0x40, 0x00,
    0x40, 0x00, 0x40, 0x00, 0x41, 0xC0, 0x40, 0x40, 0xCF, 0x40, 0x00, 0x40, 0x00, 0x40, 0x80, 0x10,
    0x89, 0x10, 0x80, 0x10, 0x09, 0x00, 0x00, 0x00, 0x16, 0x80, 0x00, 0x00, 0x06, 0x00, 0x10, 0x80,
    0x09, 0x00, 0x00, 0x00, 0x09, 0x00, 0x00, 0x00, 0x00, 0x00, 0x00, 0x00, 0x80, 0x10, 0x89, 0x10,
    0x89, 0x10, 0x88, 0x10, 0x88, 0x10, 0xC0, 0x30, 0x05, 0x00, 0x01, 0x00, 0x01, 0x00, 0x0B, 0x00,
    0x01, 0x00, 0x0B, 0x00, 0x0D, 0x00, 0x08, 0x00, 0x0D, 0x00, 0x08, 0x00, 0x08, 0x00, 0x0A, 0x00,
    0xC0, 0x00, 0x81, 0x00, 0x80, 0x00, 0x12, 0x00, 0x00, 0x00, 0x80, 0x40, 0x12, 0x00, 0x80, 0x40,
    0x80, 0x40, 0x80, 0x40, 0x80, 0x40, 0x80, 0x40, 0x80, 0x40, 0x80, 0x40, 0x80, 0x40, 0x80, 0x40,
    0x80, 0x40, 0x12, 0x00, 0x80, 0x40, 0x00, 0x00, 0x12, 0x00, 0x02, 0x00, 0x00, 0x80, 0x18, 0x40,
    0x02, 0x40, 0x00, 0x40, 0x01, 0x40, 0x00, 0x40, 0x02, 0x40, 0x10, 0x40, 0x00, 0x00, 0x02, 0x00,
    0x00, 0x00, 0x00, 0x00, 0x00, 0x00, 0x00, 0x00, 0x18, 0x00, 0x00, 0x00, 0x00, 0x00, 0x33, 0x00,
    0x00, 0x00, 0x80, 0x40, 0x12, 0x00, 0x80, 0x40, 0x80, 0x40, 0x80, 0x40, 0x80, 0x40, 0x80, 0x40,
    0x80, 0x40, 0x80, 0x40, 0x80, 0x40, 0x80, 0x40, 0x80, 0x40, 0x12, 0x00, 0x92, 0x40, 0x40, 0x00,
    0x40, 0x80, 0x02, 0x00, 0x02, 0x00, 0x09, 0x80, 0x08, 0x00, 0x06, 0x00, 0x81, 0x80, 0x80, 0x00,
    0xC4, 0x20, 0x09, 0x00, 0x08, 0x00, 0x08, 0x20, 0x08, 0x00, 0x09, 0x00, 0x00, 0x00, 0x00, 0x00,
    0x00, 0x00, 0x08, 0x00, 0x08, 0x80, 0x08, 0x40, 0x0A, 0x00, 0xC1, 0x30, 0x80, 0x00, 0x80, 0x00,
    0x07, 0x00, 0x40, 0x00, 0x82, 0x00, 0x02, 0x00, 0x11, 0x80, 0x10, 0x00, 0x10, 0x00, 0x0C, 0x00,
    0x22, 0x00, 0x01, 0x00, 0x0C, 0x80, 0x02, 0x40, 0x02, 0x00, 0x60, 0x40, 0x12, 0x00, 0x10, 0x40,
    0x00, 0x80, 0x39, 0x00, 0x80, 0x40, 0x80, 0x40, 0xA1, 0x40, 0x92, 0x40, 0xD2, 0xC0, 0x12, 0x00,
    0x12, 0x00, 0x12, 0x00, 0x12, 0x00, 0x12, 0x00, 0x12, 0x00, 0x12, 0x00, 0x12, 0x00, 0x12, 0x00,
    0x12, 0x00, 0x21, 0x00, 0x00, 0x00, 0x00, 0x00, 0x80, 0x10, 0x80, 0x10, 0xC0, 0x30, 0x09, 0x00,
    0x09, 0x00, 0x09, 0x00, 0x09, 0x00, 0x09, 0x00, 0x09, 0x00, 0x09, 0x00, 0x09, 0x00, 0x09, 0x00,
    0x09, 0x00, 0x09, 0x00, 0x40, 0x20, 0x00, 0x00, 0x00, 0x00, 0x19, 0x80, 0x00, 0x00, 0x00, 0x00,
    0x80, 0x10, 0x40, 0x20, 0x00, 0x00, 0x09, 0x00, 0x29, 0x40, 0x00, 0x00, 0x26, 0x40, 0x26, 0x40,
    0x00, 0x00, 0x16, 0x80, 0x06, 0x00, 0x00, 0x00, 0x10, 0x80, 0x00, 0x00, 0x09, 0x00, 0x09, 0x00,
    0x80, 0x10, 0x80, 0x10, 0x80, 0x10, 0x10, 0x80, 0x40, 0x20, 0x49, 0x20, 0x49, 0x20, 0x00, 0x00,
    0x10, 0x80, 0x59, 0xA0, 0x5F, 0xA0, 0x16, 0x80, 0x00, 0x00, 0x20, 0x40, 0x26, 0x40, 0x26, 0x40,
    0x00, 0x00, 0x09, 0x00, 0x80, 0x10, 0x80, 0x10, 0xC0, 0x30, 0x06, 0x00, 0x20, 0x40, 0x10, 0x80,
    0x10, 0x80, 0x09, 0x00, 0x00, 0x00, 0x00, 0x00, 0x09, 0x00, 0x10, 0x80, 0x10, 0x80, 0x20, 0x40,
    0x06, 0x00, 0xC0, 0x30, 0x80, 0x10, 0x80, 0x10, 0x80, 0x10, 0x80, 0x10, 0x89, 0x10, 0x20, 0x40,
    0x06, 0x00, 0x00, 0x00, 0x16, 0x80, 0x00, 0x00, 0x00, 0x00, 0x09, 0x00, 0x00, 0x00, 0x09, 0x00,
    0x09, 0x00, 0x09, 0x00, 0x09, 0x00, 0x10, 0x80, 0x00, 0x00, 0x00, 0x00, 0x00, 0x00, 0x00, 0x00,
    0x3E, 0x00, 0x20, 0x00, 0x60, 0x00, 0x00, 0x00, 0x01, 0x00, 0x09, 0x00, 0x12, 0x00, 0x12, 0x00,
    0x24, 0x00, 0x20, 0x00, 0x00, 0x00, 0x01, 0x80, 0x01, 0x00, 0x1F, 0x00, 0x00, 0x00, 0x00, 0x00,
    0x80, 0x80, 0x9F, 0x80, 0x80, 0x80, 0x80, 0x80, 0x80, 0x80, 0x80, 0x80, 0x80, 0x80, 0x80, 0x80,
    0x80, 0x80, 0x80, 0x80, 0x80, 0x9F, 0x80, 0x80, 0x10, 0x00, 0x80, 0x00, 0x10, 0x00, 0x40, 0x00,
    0x08, 0x00, 0x40, 0x00, 0x08, 0x00, 0x00, 0x00, 0x20, 0x00, 0x04, 0x00, 0x10, 0x00, 0x02, 0x00,
    0x10, 0x00, 0x02, 0x00, 0x08, 0x00, 0x01, 0x00, 0x00, 0x00, 0x04, 0x00, 0x00, 0x80, 0x04, 0x00,
    0x00, 0x80, 0x02, 0x00, 0x00, 0x40, 0x02, 0x00, 0x01, 0x01, 0xF9, 0x01, 0x01, 0x01, 0x01, 0x01,
    0x01, 0x01, 0x01, 0x01, 0x01, 0x01, 0x01, 0x01, 0x01, 0x01, 0x01, 0x01, 0x01, 0xF9, 0x01, 0x01,
    0x09, 0x00, 0x00, 0x00, 0x26, 0x40, 0x26, 0x40, 0x09, 0x00, 0x80, 0x10, 0x40, 0x20, 0x00, 0x00,
    0x00, 0x00, 0x48, 0x44, 0x04, 0x02, 0x01, 0x02, 0x12, 0x00, 0x40, 0x00, 0x90, 0x40, 0x72, 0x00,
    0x02, 0x00, 0x30, 0x00, 0x40, 0x00, 0x80, 0x00, 0x12, 0x00, 0x80, 0x00, 0x10, 0x60, 0x82, 0x20,
    0x62, 0x20, 0x88, 0x00, 0x88, 0x00, 0xC8, 0x00, 0x08, 0x00, 0x08, 0x00, 0x08, 0xC0, 0x00, 0x40,
    0x01, 0x20, 0x01, 0x00, 0x08, 0x20, 0x08, 0x20, 0x08, 0x20, 0x08, 0x20, 0x08, 0x20, 0x01, 0x00,
    0xC6, 0x20, 0x80, 0x40, 0x88, 0xC0, 0x27, 0x00, 0x40, 0x00, 0x82, 0x00, 0x12, 0x00, 0x81, 0x80,
    0x80, 0x00, 0x80, 0x00, 0x80, 0x00, 0x81, 0x80, 0x10, 0x00, 0x80, 0x40, 0x00, 0x00, 0x13, 0x00,
    0x00, 0x00, 0x00, 0x00, 0x00, 0x00, 0x02, 0x00, 0x02, 0x00, 0x62, 0x00, 0x40, 0x00, 0x80, 0x00,
    0x10, 0x00, 0x82, 0x00, 0x82, 0x00, 0x82, 0x00, 0x82, 0x00, 0x82, 0x00, 0x10, 0x00, 0x80, 0x60,
    0x40, 0x20, 0x62, 0x20, 0x12, 0x00, 0x00, 0x00, 0x80, 0x40, 0x12, 0x00, 0x80, 0x40, 0x80, 0x40,
    0x80, 0x40, 0x9F, 0xC0, 0x80, 0x00, 0x12, 0x00, 0x82, 0x40, 0x00, 0x80, 0x12, 0x00, 0x05, 0x00,
    0x00, 0x00, 0x10, 0x40, 0x04, 0x00, 0x04, 0x00, 0x04, 0x00, 0x00, 0x00, 0x00, 0x00, 0xE7, 0x80,
    0x04, 0x00, 0x04, 0x00, 0x04, 0x00, 0x04, 0x00, 0x04, 0x00, 0x04, 0x00, 0x67, 0x80, 0x80, 0x80,
    0x80, 0x80, 0x62, 0x20, 0x40, 0x20, 0x8C, 0x60, 0x00, 0x00, 0x82, 0x00, 0x82, 0x00, 0x82, 0x00,
    0x82, 0x00, 0x82, 0x00, 0x10, 0x00, 0x90, 0x00, 0x40, 0x00, 0x62, 0x00, 0x02, 0x00, 0x90, 0x40,
    0x90, 0x00, 0x40, 0x00, 0x13, 0x00, 0x88, 0x00, 0x88, 0x00, 0xC8, 0x00, 0x08, 0x00, 0x08, 0x00,
    0x08, 0x80, 0x00, 0x40, 0x00, 0x20, 0x00, 0x20, 0x09, 0x00, 0x09, 0x00, 0x09, 0x00, 0x09, 0x00,
    0x09, 0x00, 0x09, 0x00, 0xC0, 0x30, 0x80, 0x10, 0x80, 0x10, 0x10, 0x00, 0x10, 0x00, 0x10, 0x00,
    0x18, 0x00, 0x00, 0x00, 0x40, 0x00, 0x40, 0x00, 0x60, 0x00, 0x10, 0x00, 0x10, 0x00, 0x10, 0x00,
    0x10, 0x00, 0x10, 0x00, 0x10, 0x00, 0x10, 0x00, 0x63, 0x80, 0x80, 0x40, 0x80, 0x40, 0x06, 0x00,
    0x00, 0x40, 0x00, 0x40, 0x02, 0x00, 0x00, 0x00, 0x10, 0x80, 0x10, 0x80, 0x1C, 0x80, 0x02, 0x80,
    0x02, 0x80, 0x02, 0x80, 0x02, 0x80, 0x02, 0x80, 0x02, 0x80, 0x02, 0x80, 0x02, 0x80, 0x02, 0x80,
    0x02, 0x80, 0x00, 0x80, 0xA4, 0x80, 0x14, 0x00, 0x81, 0x00, 0x60, 0x00, 0x00, 0x00, 0x00, 0x00,
    0x00, 0x00, 0x00, 0x00, 0x00, 0x00, 0x02, 0x20, 0x02, 0x20, 0x00, 0x60, 0x09, 0x00, 0x08, 0x00,
    0x02, 0x00, 0x02, 0x00, 0x00, 0x00, 0x00, 0x00, 0x14, 0x80, 0x1C, 0xE0, 0x00, 0x20, 0x00, 0x20,
    0x40, 0x00, 0x40, 0x00, 0x60, 0x00, 0x10, 0x00, 0x10, 0x00, 0x10, 0x00, 0x10, 0x00, 0x10, 0x00,
    0x10, 0x00, 0x10, 0x00, 0x10, 0x00, 0x10, 0x00, 0x10, 0x00, 0x10, 0x00, 0x10, 0x00, 0x63, 0x80,
    0x80, 0x40, 0x80, 0x40, 0x83, 0x60, 0x80, 0x20, 0x00, 0x00, 0x19, 0x80, 0x19, 0x80, 0x19, 0x80,
    0x19, 0x80, 0x19, 0x80, 0x19, 0x80, 0x19, 0x80, 0x19, 0x80, 0x99, 0x90, 0x99, 0x90, 0x88, 0x80,
    0x88, 0x40, 0xC0, 0x20, 0x00, 0x20, 0x09, 0x00, 0x09, 0x00, 0x09, 0x00, 0x09, 0x00, 0x09, 0x00,
    0x09, 0x00, 0xC0, 0x30, 0x80, 0x10, 0x80, 0x10, 0x12, 0x00, 0x00, 0x00, 0x80, 0x40, 0x12, 0x00,
    0x80, 0x40, 0x80, 0x40, 0x80, 0x40, 0x80, 0x40, 0x80, 0x40, 0x12, 0x00, 0x80, 0x40, 0x00, 0x00,
    0x12, 0x00, 0x88, 0xC0, 0x80, 0x40, 0xC0, 0x20, 0x01, 0x00, 0x08, 0x20, 0x08, 0x20, 0x08, 0x20,
    0x08, 0x20, 0x08, 0x20, 0x01, 0x00, 0x00, 0x20, 0x00, 0x40, 0x08, 0xC0, 0x08, 0x00, 0x08, 0x00,
    0xC4, 0x00, 0x80, 0x00, 0x80, 0x00, 0x62, 0x20, 0x40, 0x20, 0x8C, 0x60, 0x00, 0x00, 0x82, 0x00,
    0x82, 0x00, 0x82, 0x00, 0x82, 0x00, 0x82, 0x00, 0x10, 0x00, 0x90, 0x00, 0x40, 0x00, 0x62, 0x00,
    0x02, 0x00, 0x02, 0x00, 0x04, 0x60, 0x00, 0x20, 0x00, 0x20, 0x00, 0xC0, 0x00, 0x40, 0xE4, 0x00,
    0x25, 0x00, 0x20, 0x00, 0x20, 0x00, 0x20, 0x00, 0x20, 0x00, 0x20, 0x00, 0x20, 0x00, 0xE6, 0x00,
    0x00, 0x00, 0x00, 0x00, 0x07, 0x00, 0x40, 0x00, 0x82, 0x00, 0x80, 0x00, 0x91, 0x80, 0x46, 0x00,
    0x21, 0x00, 0x18, 0x80, 0x62, 0x40, 0x02, 0x00, 0x12, 0x40, 0x00, 0x80, 0x39, 0x80, 0x04, 0x00,
    0x04, 0x00, 0x04, 0x00, 0x04, 0x00, 0x04, 0x00, 0x80, 0x00, 0x80, 0x00, 0x63, 0x80, 0x04, 0x00,
    0x04, 0x00, 0x04, 0x00, 0x04, 0x00, 0x04, 0x00, 0x04, 0xC0, 0x21, 0x00, 0x04, 0x40, 0x00, 0x40,
    0x01, 0x80, 0x88, 0x00, 0x88, 0x00, 0xC8, 0x00, 0x09, 0x00, 0x09, 0x00, 0x09, 0x00, 0x09, 0x00,
    0x09, 0x00, 0x09, 0x00, 0x40, 0x00, 0x46, 0x00, 0x21, 0x10, 0x11, 0x10, 0x00, 0x00, 0x00, 0x00,
    0x89, 0x10, 0x09, 0x00, 0x20, 0x40, 0x00, 0x00, 0x26, 0x40, 0x00, 0x00, 0x16, 0x80, 0x00, 0x00,
    0x10, 0x80, 0x00, 0x00, 0x09, 0x00, 0x80, 0x10, 0x80, 0x10, 0x80, 0x10, 0x40, 0x20, 0x49, 0x20,
    0x00, 0x00, 0x50, 0xA0, 0x5F, 0xA0, 0x16, 0x80, 0x00, 0x00, 0x26, 0x40, 0x00, 0x00, 0x00, 0x00,
    0x80, 0x10, 0x80, 0x10, 0xC0, 0x30, 0x06, 0x00, 0x00, 0x00, 0x09, 0x00, 0x00, 0x00, 0x09, 0x00,
    0x00, 0x00, 0x06, 0x00, 0xC0, 0x30, 0x80, 0x10, 0x80, 0x10, 0x80, 0x10, 0x80, 0x10, 0x89, 0x10,
    0x29, 0x40, 0x00, 0x00, 0x26, 0x40, 0x02, 0x00, 0x14, 0x80, 0x02, 0x00, 0x10, 0x80, 0x00, 0x00,
    0x09, 0x00, 0x00, 0x00, 0x01, 0x00, 0x08, 0x00, 0x62, 0x00, 0x02, 0x00, 0x00, 0x00, 0x00, 0x00,
    0x00, 0x00, 0x3E, 0x40, 0x24, 0x80, 0xE5, 0x00, 0x09, 0x00, 0x00, 0x00, 0x24, 0x00, 0x29, 0xC0,
    0x49, 0x00, 0x9F, 0x00, 0x00, 0x00, 0x00, 0x00, 0x03, 0x80, 0x0C, 0x00, 0x10, 0x00, 0x00, 0x00,
    0x20, 0x00, 0x20, 0x00, 0x24, 0x00, 0x10, 0x00, 0x00, 0x00, 0x10, 0x00, 0x02, 0x00, 0x24, 0x00,
    0x08, 0x00, 0x04, 0x00, 0x32, 0x00, 0x10, 0x00, 0x10, 0x00, 0x02, 0x00, 0x00, 0x00, 0x20, 0x00,
    0x20, 0x00, 0x24, 0x00, 0x12, 0x80, 0x18, 0x00, 0x02, 0x00, 0xF0, 0x90, 0x90, 0x90, 0x90, 0x90,
    0x90, 0x90, 0x90, 0x90, 0x90, 0x90, 0x90, 0x90, 0x90, 0x90, 0x90, 0x90, 0x90, 0x90, 0x90, 0x90,
    0x90, 0x90, 0xE0, 0x00, 0x18, 0x00, 0x04, 0x00, 0x00, 0x00, 0x02, 0x00, 0x02, 0x00, 0x12, 0x00,
    0x04, 0x00, 0x00, 0x00, 0x04, 0x00, 0x20, 0x00, 0x12, 0x00, 0x08, 0x00, 0x10, 0x00, 0x26, 0x00,
    0x04, 0x00, 0x04, 0x00, 0x20, 0x00, 0x00, 0x00, 0x02, 0x00, 0x02, 0x00, 0x12, 0x00, 0xA4, 0x00,
    0x0C, 0x00, 0x20, 0x00, 0x14, 0x40, 0x22, 0x10, 0x42, 0x10, 0x59, 0x20, 0x90, 0x00, 0xA0, 0xC0,
    0x00, 0x00, 0x00, 0x48, 0x30, 0x00, 0x00, 0x48, 0x48, 0x48, 0x48, 0x48, 0x48, 0x48, 0x48, 0x48,
    0x48, 0x48, 0x12, 0x00, 0x12, 0x00, 0x12, 0x00, 0x61, 0x00, 0x00, 0x00, 0x92, 0x00, 0x1C, 0x00,
    0x8C, 0xC0, 0x8C, 0x00, 0x8C, 0x00, 0x8C, 0x00, 0x8E, 0x00, 0x0C, 0x00, 0x00, 0x00, 0x40, 0x80,
    0x31, 0x00, 0x12, 0x00, 0x12, 0x00, 0x00, 0x00, 0x08, 0x00, 0x20, 0x00, 0x20, 0x00, 0x0A, 0x00,
    0x08, 0x00, 0x08, 0x00, 0x08, 0x00, 0x08, 0x00, 0x02, 0x00, 0x46, 0x00, 0x08, 0x00, 0x08, 0x00,
    0x08, 0x00, 0x41, 0xC0, 0x49, 0x00, 0x87, 0x00, 0x00, 0x00, 0x00, 0x00, 0x60, 0x60, 0x19, 0x80,
    0x40, 0x20, 0x00, 0x00, 0x40, 0x20, 0x40, 0x20, 0x40, 0x20, 0x09, 0x00, 0x40, 0x20, 0x1F, 0x80,
    0x40, 0x20, 0x80, 0x10, 0x80, 0x10, 0x89, 0x10, 0x29, 0x40, 0x06, 0x00, 0x00, 0x00, 0x16, 0x80,
    0x00, 0x00, 0x00, 0x00, 0x09, 0x00, 0x00, 0x00, 0x30, 0xC0, 0x09, 0x00, 0x00, 0x00, 0x39, 0xC0,
    0x10, 0x80, 0x00, 0x00, 0x00, 0x00, 0xF0, 0x90, 0x90, 0x90, 0x90, 0x90, 0x90, 0x90, 0x90, 0x90,
    0x90, 0x00, 0x00, 0xF0, 0x90, 0x90, 0x90, 0x90, 0x90, 0x90, 0x90, 0x90, 0x90, 0x90, 0x32, 0x00,
    0x00, 0x00, 0x00, 0x00, 0x82, 0x00, 0x11, 0x80, 0x10, 0x00, 0x90, 0x00, 0x42, 0x00, 0x01, 0x00,
    0x08, 0x80, 0x86, 0x40, 0x12, 0x00, 0x12, 0x00, 0x98, 0x40, 0x44, 0x00, 0x20, 0x00, 0x10, 0x80,
    0x02, 0x40, 0x02, 0x00, 0x62, 0x00, 0x10, 0x40, 0x00, 0x00, 0x00, 0x80, 0x13, 0x00, 0x52, 0x80,
    0x0C, 0x00, 0x0C, 0x00, 0x12, 0x00, 0x00, 0x00, 0x00, 0x00, 0x26, 0x40, 0x10, 0x80, 0x20, 0x40,
    0x8A, 0x10, 0x96, 0x10, 0x85, 0x90, 0x80, 0x10, 0x80, 0x10, 0x80, 0x10, 0x80, 0x10, 0x80, 0x90,
    0x80, 0x10, 0x89, 0x10, 0x26, 0x40, 0x50, 0xA0, 0x46, 0x20, 0x30, 0xC0, 0x0F, 0x00, 0x66, 0x00,
    0x21, 0x44, 0x70, 0x80, 0x24, 0x01, 0x44, 0x00, 0x00, 0x81, 0x00, 0x08, 0x20, 0x08, 0x80, 0x10,
    0x80, 0x11, 0x00, 0x00, 0x00, 0x02, 0x80, 0x94, 0x80, 0x4C, 0x80, 0x2A, 0x00, 0x10, 0x00, 0x10,
    0x80, 0x08, 0x80, 0x0E, 0x40, 0x7F, 0x80, 0x00, 0x00, 0x00, 0x00, 0x00, 0x00, 0x00, 0x00, 0x00,
    0x00, 0x00, 0x00, 0x00, 0x00, 0x00, 0x00, 0x56, 0xA0, 0x30, 0x40, 0x30, 0x40, 0x00, 0x80, 0xC1,
    0x30, 0x40, 0x20, 0x07, 0x00, 0x32, 0x40, 0x54, 0xA0, 0x30, 0xC0, 0x06, 0x00, 0x00, 0x00, 0x00,
    0x00, 0x48, 0x84, 0x00, 0x00, 0x84, 0x48, 0x12, 0x00, 0x12, 0x00, 0x12, 0x00, 0x73, 0x80, 0x00,
    0x00, 0x00, 0x00, 0x12, 0x00, 0x12, 0x00, 0x12, 0x00, 0x00, 0x00, 0x7F, 0x80, 0x00, 0x00, 0x00,
    0x00, 0x66, 0x00, 0x81, 0xA4, 0x04, 0x09, 0x10, 0x00, 0x40, 0x50, 0x84, 0x80, 0x00, 0x66, 0x40,
    0x81, 0x64, 0x09, 0x00, 0x10, 0x09, 0x00, 0xA1, 0x24, 0x00, 0x66, 0x00, 0x00, 0x12, 0x22, 0x20,
    0x40, 0x80, 0x40, 0x88, 0x00, 0x88, 0x00, 0xC8, 0x00, 0x09, 0x00, 0x09, 0x00, 0x09, 0x00, 0x09,
    0x00, 0x09, 0x00, 0x09, 0x00, 0x00, 0x00, 0x06, 0x00, 0x01, 0x10, 0x01, 0x10, 0x00, 0x00, 0x08,
    0x00, 0x08, 0x00, 0x08, 0x00, 0x08, 0x00, 0x10, 0x00, 0x03, 0x00, 0x01, 0x00, 0x01, 0x00, 0x01,
    0x00, 0x01, 0x00, 0x81, 0x00, 0x01, 0x00, 0x01, 0x00, 0x31, 0x00, 0x01, 0x00, 0x01, 0x00, 0x01,
    0x00, 0x01, 0x00, 0x01, 0x00, 0x01, 0x00, 0x01, 0x00, 0x01, 0x00, 0x78, 0x00, 0x84, 0x84, 0x00,
    0x30, 0x00, 0x08, 0x10, 0x00, 0x08, 0x04, 0x04, 0x24, 0x44, 0x04, 0x04, 0x04, 0x04, 0x04, 0x04,
    0x04, 0x42, 0x00, 0x66, 0x00, 0x24, 0x00, 0x00, 0x00, 0x24, 0x00, 0x66, 0x00, 0x00, 0x81, 0x00,
    0x41, 0x00, 0x11, 0x00, 0x10, 0x80, 0x08, 0x80, 0x00, 0x00, 0x14, 0x00, 0x12, 0x90, 0x13, 0x20,
    0x05, 0x40, 0x00, 0x80, 0x10, 0x80, 0x51, 0x00, 0x27, 0x00, 0x10, 0x00, 0x20, 0x00, 0x18, 0x00,
    0x08, 0x00, 0x08, 0x00, 0x08, 0x00, 0x08, 0x00, 0x08, 0x00, 0x33, 0x00, 0x21, 0x00, 0x00, 0x00,
    0x80, 0x40, 0x00, 0x00, 0x00, 0x00, 0x02, 0x00, 0x02, 0x00, 0x02, 0x00, 0x14, 0x00, 0x14, 0x00,
    0x2D, 0x00, 0x29, 0x00, 0x00, 0x00, 0x3D, 0x00, 0x0C, 0x00, 0x09, 0x00, 0x10, 0x00, 0x20, 0x00,
    0x18, 0x00, 0x08, 0x00, 0x08, 0x00, 0x08, 0x00, 0x08, 0x00, 0x08, 0x00, 0x33, 0x00, 0x21, 0x00,
    0x00, 0x00, 0x80, 0x40, 0x00, 0x00, 0x00, 0x00, 0x00, 0x00, 0x12, 0x00, 0x20, 0x00, 0x10, 0x00,
    0x00, 0x00, 0x04, 0x00, 0x1A, 0x00, 0x00, 0x00, 0x0B, 0x00, 0x2C, 0x00, 0x20, 0x00, 0x12, 0x00,
    0x01, 0x00, 0x1C, 0x00, 0x01, 0x00, 0x01, 0x00, 0x00, 0x00, 0x00, 0x00, 0x00, 0x00, 0x2D, 0x00,
    0x12, 0x00, 0x00, 0x00, 0x80, 0x40, 0x00, 0x00, 0x00, 0x00, 0x02, 0x00, 0x02, 0x00, 0x02, 0x00,
    0x14, 0x00, 0x14, 0x00, 0x2D, 0x00, 0x29, 0x00, 0x00, 0x00, 0x3D, 0x00, 0x0C, 0x00, 0x09, 0x00,
    0x00, 0x00, 0x00, 0x00, 0x00, 0x00, 0x12, 0x00, 0x0C, 0x00, 0x00, 0x00, 0x12, 0x00, 0x02, 0x00,
    0x20, 0x00, 0x20, 0x00, 0x08, 0x00, 0x00, 0x00, 0x80, 0x00, 0x11, 0xC0, 0x12, 0x00, 0x80, 0x40,
    0x00, 0x00, 0x12, 0x00, 0x00, 0x00, 0x1C, 0x00, 0x12, 0x00, 0x08, 0x00, 0x04, 0x00, 0x00, 0x00,
    0x00, 0x00, 0x08, 0x00, 0x09, 0x00, 0x00, 0x00, 0x10, 0x80, 0x00, 0x80, 0x06, 0x00, 0x16, 0x80,
    0x00, 0x00, 0x26, 0x00, 0x26, 0x40, 0x00, 0x00, 0x20, 0x40, 0x0F, 0x40, 0x00, 0x00, 0x40, 0x20,
    0x80, 0x10, 0x80, 0x10, 0x80, 0x10, 0x00, 0x00, 0x03, 0x80, 0x04, 0x80, 0x01, 0x00, 0x02, 0x00,
    0x00, 0x00, 0x00, 0x00, 0x08, 0x00, 0x09, 0x00, 0x00, 0x00, 0x10, 0x80, 0x00, 0x80, 0x06, 0x00,
    0x16, 0x80, 0x00, 0x00, 0x26, 0x00, 0x26, 0x40, 0x00, 0x00, 0x20, 0x40, 0x0F, 0x40, 0x00, 0x00,
    0x40, 0x20, 0x80, 0x10, 0x80, 0x10, 0x80, 0x10, 0x09, 0x00, 0x10, 0x80, 0x06, 0x00, 0x20, 0x40,
    0x00, 0x00, 0x00, 0x00, 0x08, 0x00, 0x09, 0x00, 0x00, 0x00, 0x10, 0x80, 0x00, 0x80, 0x06, 0x00,
    0x16, 0x80, 0x00, 0x00, 0x26, 0x00, 0x26, 0x40, 0x00, 0x00, 0x20, 0x40, 0x0F, 0x40, 0x00, 0x00,
    0x40, 0x20, 0x80, 0x10, 0x80, 0x10, 0x80, 0x10, 0x00, 0x00, 0x16, 0x00, 0x23, 0x20, 0x4C, 0x40,
    0x06, 0x80, 0x00, 0x00, 0x00, 0x00, 0x08, 0x00, 0x09, 0x00, 0x00, 0x00, 0x10, 0x80, 0x00, 0x80,
    0x06, 0x00, 0x16, 0x80, 0x00, 0x00, 0x26, 0x00, 0x26, 0x40, 0x00, 0x00, 0x20, 0x40, 0x0F, 0x40,
    0x00, 0x00, 0x40, 0x20, 0x80, 0x10, 0x80, 0x10, 0x80, 0x10, 0x29, 0x40, 0x06, 0x00, 0x06, 0x00,
    0x09, 0x00, 0x00, 0x00, 0x00, 0x00, 0x08, 0x00, 0x09, 0x00, 0x00, 0x00, 0x10, 0x80, 0x00, 0x80,
    0x06, 0x00, 0x16, 0x80, 0x00, 0x00, 0x26, 0x00, 0x26, 0x40, 0x00, 0x00, 0x20, 0x40, 0x0F, 0x40,
    0x00, 0x00, 0x40, 0x20, 0x80, 0x10, 0x80, 0x10, 0x80, 0x10, 0x00, 0x00, 0x16, 0x80, 0x16, 0x80,
    0x00, 0x00, 0x09, 0x00, 0x00, 0x00, 0x08, 0x00, 0x09, 0x00, 0x00, 0x00, 0x10, 0x80, 0x00, 0x80,
    0x06, 0x00, 0x16, 0x80, 0x00, 0x00, 0x26, 0x00, 0x26, 0x40, 0x00, 0x00, 0x20, 0x40, 0x0F, 0x40,
    0x00, 0x00, 0x40, 0x20, 0x80, 0x10, 0x80, 0x10, 0x80, 0x10, 0x20, 0x00, 0x20, 0x00, 0x11, 0x40,
    0x01, 0x40, 0x01, 0x60, 0x11, 0x00, 0x05, 0x00, 0x21, 0x00, 0x08, 0x00, 0x08, 0x00, 0x21, 0x00,
    0x09, 0x00, 0x41, 0x00, 0x09, 0x60, 0x11, 0x40, 0x41, 0x40, 0x88, 0x00, 0x88, 0x00, 0x07, 0x00,
    0x40, 0x00, 0x82, 0x00, 0x12, 0x00, 0x81, 0x80, 0x80, 0x00, 0x80, 0x00, 0x80, 0x00, 0x80, 0x00,
    0x80, 0x00, 0x80, 0x00, 0x80, 0x00, 0x80, 0x00, 0x81, 0xC0, 0x10, 0x00, 0x80, 0x40, 0x00, 0x00,
    0x13, 0x00, 0x00, 0x00, 0x09, 0x00, 0x04, 0x00, 0x00, 0x00, 0x02, 0x00, 0x00, 0x00, 0x1C, 0x00,
    0x12, 0x00, 0x08, 0x00, 0x04, 0x00, 0x00, 0x00, 0x00, 0x00, 0x80, 0x00, 0x80, 0x00, 0x07, 0x80,
    0x40, 0x80, 0x40, 0xE0, 0x40, 0x00, 0x40, 0x00, 0x40, 0x80, 0x40, 0x00, 0x40, 0x00, 0x40, 0x00,
    0x40, 0x00, 0x40, 0x00, 0x40, 0x40, 0x40, 0x80, 0x07, 0x80, 0x80, 0x00, 0x80, 0x00, 0x00, 0x00,
    0x03, 0x80, 0x04, 0x80, 0x01, 0x00, 0x02, 0x00, 0x00, 0x00, 0x00, 0x00, 0x80, 0x00, 0x80, 0x00,
    0x07, 0x80, 0x40, 0x80, 0x40, 0xE0, 0x40, 0x00, 0x40, 0x00, 0x40, 0x80, 0x40, 0x00, 0x40, 0x00,
    0x40, 0x00, 0x40, 0x00, 0x40, 0x00, 0x40, 0x40, 0x40, 0x80, 0x07, 0x80, 0x80, 0x00, 0x80, 0x00,
    0x09, 0x00, 0x10, 0x80, 0x06, 0x00, 0x20, 0x40, 0x00, 0x00, 0x00, 0x00, 0x80, 0x00, 0x80, 0x00,
    0x07, 0x80, 0x40, 0x80, 0x40, 0xE0, 0x40, 0x00, 0x40, 0x00, 0x40, 0x80, 0x40, 0x00, 0x40, 0x00,
    0x40, 0x00, 0x40, 0x00, 0x40, 0x00, 0x40, 0x40, 0x40, 0x80, 0x07, 0x80, 0x80, 0x00, 0x80, 0x00,
    0x29, 0x40, 0x06, 0x00, 0x06, 0x00, 0x09, 0x00, 0x00, 0x00, 0x00, 0x00, 0x80, 0x00, 0x80, 0x00,
    0x07, 0x80, 0x40, 0x80, 0x40, 0xE0, 0x40, 0x00, 0x40, 0x00, 0x40, 0x80, 0x40, 0x00, 0x40, 0x00,
    0x40, 0x00, 0x40, 0x00, 0x40, 0x00, 0x40, 0x40, 0x40, 0x80, 0x07, 0x80, 0x80, 0x00, 0x80, 0x00,
    0x00, 0x00, 0x38, 0x00, 0x24, 0x00, 0x10, 0x00, 0x08, 0x00, 0x00, 0x00, 0x00, 0x00, 0x80, 0x40,
    0x80, 0x40, 0x61, 0x80, 0x12, 0x00, 0x12, 0x00, 0x12, 0x00, 0x12, 0x00, 0x12, 0x00, 0x12, 0x00,
    0x12, 0x00, 0x12, 0x00, 0x12, 0x00, 0x12, 0x00, 0x12, 0x00, 0x12, 0x00, 0x61, 0x80, 0x80, 0x40,
    0x80, 0x40, 0x00, 0x00, 0x07, 0x00, 0x09, 0x00, 0x02, 0x00, 0x04, 0x00, 0x00, 0x00, 0x00, 0x00,
    0x80, 0x40, 0x80, 0x40, 0x61, 0x80, 0x12, 0x00, 0x12, 0x00, 0x12, 0x00, 0x12, 0x00, 0x12, 0x00,
    0x12, 0x00, 0x12, 0x00, 0x12, 0x00, 0x12, 0x00, 0x12, 0x00, 0x12, 0x00, 0x12, 0x00, 0x61, 0x80,
    0x80, 0x40, 0x80, 0x40, 0x12, 0x00, 0x21, 0x00, 0x0C, 0x00, 0x40, 0x80, 0x00, 0x00, 0x00, 0x00,
    0x80, 0x40, 0x80, 0x40, 0x61, 0x80, 0x12, 0x00, 0x12, 0x00, 0x12, 0x00, 0x12, 0x00, 0x12, 0x00,
    0x12, 0x00, 0x12, 0x00, 0x12, 0x00, 0x12, 0x00, 0x12, 0x00, 0x12, 0x00, 0x12, 0x00, 0x61, 0x80,
    0x80, 0x40, 0x80, 0x40, 0x52, 0x80, 0x0C, 0x00, 0x0C, 0x00, 0x12, 0x00, 0x00, 0x00, 0x00, 0x00,
    0x80, 0x40, 0x80, 0x40, 0x61, 0x80, 0x12, 0x00, 0x12, 0x00, 0x12, 0x00, 0x12, 0x00, 0x12, 0x00,
    0x12, 0x00, 0x12, 0x00, 0x12, 0x00, 0x12, 0x00, 0x12, 0x00, 0x12, 0x00, 0x12, 0x00, 0x61, 0x80,
    0x80, 0x40, 0x80, 0x40, 0x82, 0x80, 0x80, 0x40, 0xC2, 0x00, 0x08, 0x00, 0x08, 0x00, 0x08, 0x20,
    0x08, 0x20, 0x08, 0x20, 0x02, 0x20, 0x0E, 0x20, 0x08, 0x20, 0x08, 0x20, 0x08, 0x20, 0x08, 0x00,
    0x08, 0x00, 0xC2, 0x00, 0x80, 0x40, 0x82, 0x80, 0x00, 0x00, 0x16, 0x00, 0x23, 0x20, 0x4C, 0x40,
    0x06, 0x80, 0x00, 0x00, 0x00, 0x00, 0x88, 0x10, 0x88, 0x10, 0xC0, 0x30, 0x05, 0x00, 0x01, 0x00,
    0x01, 0x00, 0x0B, 0x00, 0x01, 0x00, 0x0B, 0x00, 0x0D, 0x00, 0x08, 0x00, 0x0D, 0x00, 0x08, 0x00,
    0x08, 0x00, 0x0A, 0x00, 0xC0, 0x00, 0x81, 0x00, 0x80, 0x00, 0x18, 0x00, 0x20, 0x00, 0x14, 0x00,
    0x10, 0x00, 0x08, 0x00, 0x00, 0x00, 0x12, 0x00, 0x00, 0x00, 0x80, 0x40, 0x12, 0x00, 0x80, 0x40,
    0x80, 0x40, 0x80, 0x40, 0x80, 0x40, 0x80, 0x40, 0x80, 0x40, 0x80, 0x40, 0x80, 0x40, 0x80, 0x40,
    0x80, 0x40, 0x12, 0x00, 0x80, 0x40, 0x00, 0x00, 0x12, 0x00, 0x06, 0x00, 0x01, 0x00, 0x0A, 0x00,
    0x00, 0x00, 0x04, 0x00, 0x00, 0x00, 0x12, 0x00, 0x00, 0x00, 0x80, 0x40, 0x12, 0x00, 0x80, 0x40,
    0x80, 0x40, 0x80, 0x40, 0x80, 0x40, 0x80, 0x40, 0x80, 0x40, 0x80, 0x40, 0x80, 0x40, 0x80, 0x40,
    0x80, 0x40, 0x12, 0x00, 0x80, 0x40, 0x00, 0x00, 0x12, 0x00, 0x12, 0x00, 0x00, 0x00, 0x0C, 0x00,
    0x4C, 0x80, 0x40, 0x80, 0x00, 0x00, 0x00, 0x00, 0x12, 0x00, 0x00, 0x00, 0x80, 0x40, 0x12, 0x00,
    0x80, 0x40, 0x80, 0x40, 0x80, 0x40, 0x80, 0x40, 0x80, 0x40, 0x80, 0x40, 0x80, 0x40, 0x80, 0x40,
    0x80, 0x40, 0x80, 0x40, 0x12, 0x00, 0x80, 0x40, 0x00, 0x00, 0x12, 0x00, 0x00, 0x00, 0x2C, 0x00,
    0x46, 0x40, 0x98, 0x80, 0x0D, 0x00, 0x00, 0x00, 0x00, 0x00, 0x12, 0x00, 0x00, 0x00, 0x80, 0x40,
    0x12, 0x00, 0x80, 0x40, 0x80, 0x40, 0x80, 0x40, 0x80, 0x40, 0x80, 0x40, 0x80, 0x40, 0x80, 0x40,
    0x80, 0x40, 0x80, 0x40, 0x80, 0x40, 0x12, 0x00, 0x80, 0x40, 0x00, 0x00, 0x12, 0x00, 0x52, 0x80,
    0x0C, 0x00, 0x0C, 0x00, 0x12, 0x00, 0x00, 0x00, 0x00, 0x00, 0x12, 0x00, 0x00, 0x00, 0x80, 0x40,
    0x12, 0x00, 0x80, 0x40, 0x80, 0x40, 0x80, 0x40, 0x80, 0x40, 0x80, 0x40, 0x80, 0x40, 0x80, 0x40,
    0x80, 0x40, 0x80, 0x40, 0x80, 0x40, 0x12, 0x00, 0x80, 0x40, 0x00, 0x00, 0x12, 0x00, 0x00, 0x00,
    0x40, 0x20, 0x00, 0x00, 0x40, 0x20, 0x20, 0x40, 0x10, 0x80, 0x09, 0x00, 0x00, 0x00, 0x06, 0x00,
    0x09, 0x00, 0x90, 0x90, 0xE0, 0x70, 0x00, 0x00, 0x00, 0x00, 0x00, 0xC0, 0x13, 0x00, 0x00, 0x00,
    0x80, 0x40, 0x10, 0x00, 0x84, 0x40, 0x84, 0x40, 0x80, 0x40, 0x82, 0x40, 0x82, 0x40, 0x90, 0x40,
    0x90, 0x40, 0x80, 0x40, 0x88, 0x40, 0x88, 0x40, 0x02, 0x00, 0x80, 0x40, 0x00, 0x00, 0x32, 0x00,
    0xC0, 0x00, 0x00, 0x00, 0x00, 0x00, 0x1C, 0x00, 0x12, 0x00, 0x08, 0x00, 0x04, 0x00, 0x00, 0x00,
    0x00, 0x00, 0x80, 0x10, 0x80, 0x10, 0xC0, 0x30, 0x09, 0x00, 0x09, 0x00, 0x09, 0x00, 0x09, 0x00,
    0x09, 0x00, 0x09, 0x00, 0x09, 0x00, 0x09, 0x00, 0x09, 0x00, 0x09, 0x00, 0x09, 0x00, 0x40, 0x20,
    0x00, 0x00, 0x00, 0x00, 0x19, 0x80, 0x00, 0x00, 0x03, 0x80, 0x04, 0x80, 0x01, 0x00, 0x02, 0x00,
    0x00, 0x00, 0x00, 0x00, 0x80, 0x10, 0x80, 0x10, 0xC0, 0x30, 0x09, 0x00, 0x09, 0x00, 0x09, 0x00,
    0x09, 0x00, 0x09, 0x00, 0x09, 0x00, 0x09, 0x00, 0x09, 0x00, 0x09, 0x00, 0x09, 0x00, 0x09, 0x00,
    0x40, 0x20, 0x00, 0x00, 0x00, 0x00, 0x19, 0x80, 0x09, 0x00, 0x00, 0x00, 0x06, 0x00, 0x22, 0x40,
    0x29, 0x40, 0x00, 0x00, 0x00, 0x00, 0x80, 0x10, 0x80, 0x10, 0xC0, 0x30, 0x09, 0x00, 0x09, 0x00,
    0x09, 0x00, 0x09, 0x00, 0x09, 0x00, 0x09, 0x00, 0x09, 0x00, 0x09, 0x00, 0x09, 0x00, 0x09, 0x00,
    0x09, 0x00, 0x40, 0x20, 0x00, 0x00, 0x00, 0x00, 0x19, 0x80, 0x29, 0x40, 0x06, 0x00, 0x06, 0x00,
    0x09, 0x00, 0x00, 0x00, 0x00, 0x00, 0x80, 0x10, 0x80, 0x10, 0xC0, 0x30, 0x09, 0x00, 0x09, 0x00,
    0x09, 0x00, 0x09, 0x00, 0x09, 0x00, 0x09, 0x00, 0x09, 0x00, 0x09, 0x00, 0x09, 0x00, 0x09, 0x00,
    0x09, 0x00, 0x40, 0x20, 0x00, 0x00, 0x00, 0x00, 0x19, 0x80, 0x00, 0x00, 0x03, 0x80, 0x04, 0x80,
    0x01, 0x00, 0x02, 0x00, 0x00, 0x00, 0x00, 0x00, 0x80, 0x10, 0x80, 0x10, 0x89, 0x10, 0x20, 0x40,
    0x06, 0x00, 0x00, 0x00, 0x16, 0x80, 0x00, 0x00, 0x00, 0x00, 0x09, 0x00, 0x00, 0x00, 0x09, 0x00,
    0x09, 0x00, 0x09, 0x00, 0x09, 0x00, 0x10, 0x80, 0x00, 0x00, 0x00, 0x00, 0x00, 0x00, 0x00, 0x00,
    0x18, 0x00, 0x00, 0x00, 0x00, 0x00, 0x00, 0x80, 0x1A, 0x40, 0x02, 0x00, 0x00, 0x40, 0x00, 0x40,
    0x00, 0x00, 0x00, 0x00, 0x00, 0x80, 0x16, 0x00, 0x00, 0x00, 0x18, 0x00, 0x00, 0x00, 0x00, 0x00,
    0x09, 0x80, 0x00, 0x40, 0x00, 0x40, 0x41, 0x00, 0x08, 0x00, 0x09, 0x00, 0x0A, 0x40, 0x08, 0x40,
    0x08, 0x80, 0x08, 0x00, 0x0A, 0x20, 0x09, 0x00, 0x08, 0x20, 0x08, 0x20, 0x08, 0x00, 0xCA, 0x00,
    0x88, 0x40, 0x8A, 0x80, 0x18, 0x00, 0x20, 0x00, 0x14, 0x00, 0x08, 0x00, 0x08, 0x00, 0x00, 0x00,
    0x12, 0x00, 0x40, 0x00, 0x90, 0x40, 0x72, 0x00, 0x02, 0x00, 0x30, 0x00, 0x40, 0x00, 0x80, 0x00,
    0x12, 0x00, 0x80, 0x00, 0x10, 0x60, 0x82, 0x20, 0x62, 0x20, 0x06, 0x00, 0x01, 0x00, 0x0A, 0x00,
    0x04, 0x00, 0x04, 0x00, 0x00, 0x00, 0x12, 0x00, 0x40, 0x00, 0x90, 0x40, 0x72, 0x00, 0x02, 0x00,
    0x30, 0x00, 0x40, 0x00, 0x80, 0x00, 0x12, 0x00, 0x80, 0x00, 0x10, 0x60, 0x82, 0x20, 0x62, 0x20,
    0x12, 0x00, 0x21, 0x00, 0x0C, 0x00, 0x40, 0x80, 0x21, 0x00, 0x00, 0x00, 0x12, 0x00, 0x40, 0x00,
    0x90, 0x40, 0x72, 0x00, 0x02, 0x00, 0x30, 0x00, 0x40, 0x00, 0x80, 0x00, 0x12, 0x00, 0x80, 0x00,
    0x10, 0x60, 0x82, 0x20, 0x62, 0x20, 0x00, 0x00, 0x2C, 0x00, 0x46, 0x40, 0x98, 0x80, 0x0D, 0x00,
    0x00, 0x00, 0x00, 0x00, 0x12, 0x00, 0x40, 0x00, 0x90, 0x40, 0x72, 0x00, 0x02, 0x00, 0x30, 0x00,
    0x40, 0x00, 0x80, 0x00, 0x12, 0x00, 0x80, 0x00, 0x10, 0x60, 0x82, 0x20, 0x62, 0x20, 0x12, 0x00,
    0x0C, 0x00, 0x0C, 0x00, 0x52, 0x80, 0x00, 0x00, 0x12, 0x00, 0x40, 0x00, 0x90, 0x40, 0x72, 0x00,
    0x02, 0x00, 0x30, 0x00, 0x40, 0x00, 0x80, 0x00, 0x12, 0x00, 0x80, 0x00, 0x10, 0x60, 0x82, 0x20,
    0x62, 0x20, 0x00, 0x00, 0x2D, 0x00, 0x2D, 0x00, 0x00, 0x00, 0x00, 0x00, 0x12, 0x00, 0x40, 0x00,
    0x90, 0x40, 0x72, 0x00, 0x02, 0x00, 0x30, 0x00, 0x40, 0x00, 0x80, 0x00, 0x12, 0x00, 0x80, 0x00,
    0x10, 0x60, 0x82, 0x20, 0x62, 0x20, 0x2E, 0x40, 0x40, 0x20, 0x08, 0x80, 0x79, 0x90, 0x09, 0x90,
    0x00, 0x10, 0x00, 0x10, 0x08, 0xE0, 0x99, 0x00, 0x99, 0x80, 0x00, 0x00, 0x40, 0x00, 0x6E, 0x00,
    0x27, 0x00, 0x40, 0x00, 0x82, 0x00, 0x12, 0x00, 0x81, 0x80, 0x80, 0x00, 0x80, 0x00, 0x80, 0x00,
    0x81, 0x80, 0x10, 0x00, 0x80, 0x40, 0x00, 0x00, 0x13, 0x00, 0x00, 0x00, 0x09, 0x00, 0x04, 0x00,
    0x00, 0x00, 0x02, 0x00, 0x18, 0x00, 0x20, 0x00, 0x14, 0x00, 0x08, 0x00, 0x08, 0x00, 0x00, 0x00,
    0x12, 0x00, 0x00, 0x00, 0x80, 0x40, 0x12, 0x00, 0x80, 0x40, 0x80, 0x40, 0x80, 0x40, 0x9F, 0xC0,
    0x80, 0x00, 0x12, 0x00, 0x82, 0x40, 0x00, 0x80, 0x12, 0x00, 0x06, 0x00, 0x01, 0x00, 0x0A, 0x00,
    0x04, 0x00, 0x04, 0x00, 0x00, 0x00, 0x12, 0x00, 0x00, 0x00, 0x80, 0x40, 0x12, 0x00, 0x80, 0x40,
    0x80, 0x40, 0x80, 0x40, 0x9F, 0xC0, 0x80, 0x00, 0x12, 0x00, 0x82, 0x40, 0x00, 0x80, 0x12, 0x00,
    0x12, 0x00, 0x21, 0x00, 0x0C, 0x00, 0x40, 0x80, 0x21, 0x00, 0x00, 0x00, 0x12, 0x00, 0x00, 0x00,
    0x80, 0x40, 0x12, 0x00, 0x80, 0x40, 0x80, 0x40, 0x80, 0x40, 0x9F, 0xC0, 0x80, 0x00, 0x12, 0x00,
    0x82, 0x40, 0x00, 0x80, 0x12, 0x00, 0x12, 0x00, 0x0C, 0x00, 0x0C, 0x00, 0x52, 0x80, 0x00, 0x00,
    0x12, 0x00, 0x00, 0x00, 0x80, 0x40, 0x12, 0x00, 0x80, 0x40, 0x80, 0x40, 0x80, 0x40, 0x9F, 0xC0,
    0x80, 0x00, 0x12, 0x00, 0x82, 0x40, 0x00, 0x80, 0x12, 0x00, 0x00, 0x00, 0x10, 0x00, 0x04, 0x00,
    0x12, 0x00, 0x08, 0x00, 0x00, 0x00, 0x00, 0x00, 0x40, 0x00, 0x40, 0x00, 0x60, 0x00, 0x10, 0x00,
    0x10, 0x00, 0x10, 0x00, 0x10, 0x00, 0x10, 0x00, 0x10, 0x00, 0x10, 0x00, 0x63, 0x80, 0x80, 0x40,
    0x80, 0x40, 0x00, 0x00, 0x07, 0x00, 0x01, 0x00, 0x0A, 0x00, 0x14, 0x00, 0x08, 0x00, 0x00, 0x00,
    0x40, 0x00, 0x40, 0x00, 0x60, 0x00, 0x10, 0x00, 0x10, 0x00, 0x10, 0x00, 0x10, 0x00, 0x10, 0x00,
    0x10, 0x00, 0x10, 0x00, 0x63, 0x80, 0x80, 0x40, 0x80, 0x40, 0x02, 0x00, 0x20, 0x00, 0x24, 0x80,
    0x42, 0x00, 0x00, 0x00, 0x00, 0x00, 0x40, 0x00, 0x40, 0x00, 0x60, 0x00, 0x10, 0x00, 0x10, 0x00,
    0x10, 0x00, 0x10, 0x00, 0x10, 0x00, 0x10, 0x00, 0x10, 0x00, 0x63, 0x80, 0x80, 0x40, 0x80, 0x40,
    0x12, 0x00, 0x0C, 0x00, 0x0C, 0x00, 0x52, 0x80, 0x00, 0x00, 0x40, 0x00, 0x40, 0x00, 0x60, 0x00,
    0x10, 0x00, 0x10, 0x00, 0x10, 0x00, 0x10, 0x00, 0x10, 0x00, 0x10, 0x00, 0x10, 0x00, 0x63, 0x80,
    0x80, 0x40, 0x80, 0x40, 0x10, 0x00, 0x2C, 0x00, 0x20, 0x00, 0x01, 0x80, 0x20, 0x40, 0x40, 0x00,
    0x20, 0x80, 0x22, 0x00, 0x40, 0x40, 0x02, 0x00, 0x92, 0x00, 0x12, 0x40, 0x80, 0x40, 0x80, 0x40,
    0x00, 0x00, 0x00, 0x00, 0x00, 0x00, 0x00, 0x00, 0x33, 0x00, 0x00, 0x00, 0x16, 0x00, 0x23, 0x20,
    0x4C, 0x40, 0x06, 0x80, 0x00, 0x00, 0x00, 0x00, 0x88, 0x80, 0x88, 0x40, 0xC0, 0x20, 0x00, 0x20,
    0x09, 0x00, 0x09, 0x00, 0x09, 0x00, 0x09, 0x00, 0x09, 0x00, 0x09, 0x00, 0xC0, 0x30, 0x80, 0x10,
    0x80, 0x10, 0x18, 0x00, 0x20, 0x00, 0x14, 0x00, 0x08, 0x00, 0x08, 0x00, 0x00, 0x00, 0x12, 0x00,
    0x00, 0x00, 0x80, 0x40, 0x12, 0x00, 0x80, 0x40, 0x80, 0x40, 0x80, 0x40, 0x80, 0x40, 0x80, 0x40,
    0x12, 0x00, 0x80, 0x40, 0x00, 0x00, 0x12, 0x00, 0x06, 0x00, 0x01, 0x00, 0x0A, 0x00, 0x04, 0x00,
    0x04, 0x00, 0x00, 0x00, 0x12, 0x00, 0x00, 0x00, 0x80, 0x40, 0x12, 0x00, 0x80, 0x40, 0x80, 0x40,
    0x80, 0x40, 0x80, 0x40, 0x80, 0x40, 0x12, 0x00, 0x80, 0x40, 0x00, 0x00, 0x12, 0x00, 0x12, 0x00,
    0x21, 0x00, 0x0C, 0x00, 0x40, 0x80, 0x21, 0x00, 0x00, 0x00, 0x12, 0x00, 0x00, 0x00, 0x80, 0x40,
    0x12, 0x00, 0x80, 0x40, 0x80, 0x40, 0x80, 0x40, 0x80, 0x40, 0x80, 0x40, 0x12, 0x00, 0x80, 0x40,
    0x00, 0x00, 0x12, 0x00, 0x00, 0x00, 0x2C, 0x00, 0x46, 0x40, 0x98, 0x80, 0x0D, 0x00, 0x00, 0x00,
    0x00, 0x00, 0x12, 0x00, 0x00, 0x00, 0x80, 0x40, 0x12, 0x00, 0x80, 0x40, 0x80, 0x40, 0x80, 0x40,
    0x80, 0x40, 0x80, 0x40, 0x12, 0x00, 0x80, 0x40, 0x00, 0x00, 0x12, 0x00, 0x12, 0x00, 0x0C, 0x00,
    0x0C, 0x00, 0x52, 0x80, 0x00, 0x00, 0x12, 0x00, 0x00, 0x00, 0x80, 0x40, 0x12, 0x00, 0x80, 0x40,
    0x80, 0x40, 0x80, 0x40, 0x80, 0x40, 0x80, 0x40, 0x12, 0x00, 0x80, 0x40, 0x00, 0x00, 0x12, 0x00,
    0x12, 0x00, 0x12, 0x00, 0x12, 0x00, 0x1E, 0x00, 0x00, 0x00, 0x00, 0x00, 0x00, 0x00, 0x7F, 0x80,
    0x00, 0x00, 0x1E, 0x00, 0x12, 0x00, 0x12, 0x00, 0x12, 0x00, 0x01, 0x00, 0x12, 0x00, 0x00, 0x00,
    0x80, 0x40, 0x10, 0x00, 0x80, 0x40, 0x82, 0x40, 0x92, 0x40, 0x90, 0x40, 0x80, 0x40, 0x02, 0x00,
    0x80, 0x40, 0x00, 0x00, 0x12, 0x00, 0x20, 0x00, 0x00, 0x00, 0x1C, 0x00, 0x12, 0x00, 0x08, 0x00,
    0x04, 0x00, 0x02, 0x00, 0x00, 0x00, 0x88, 0x00, 0x88, 0x00, 0xC8, 0x00, 0x09, 0x00, 0x09, 0x00,
    0x09, 0x00, 0x09, 0x00, 0x09, 0x00, 0x09, 0x00, 0x40, 0x00, 0x46, 0x00, 0x21, 0x10, 0x11, 0x10,
    0x00, 0x00, 0x03, 0x80, 0x04, 0x80, 0x01, 0x00, 0x02, 0x00, 0x04, 0x00, 0x00, 0x00, 0x88, 0x00,
    0x88, 0x00, 0xC8, 0x00, 0x09, 0x00, 0x09, 0x00, 0x09, 0x00, 0x09, 0x00, 0x09, 0x00, 0x09, 0x00,
    0x40, 0x00, 0x46, 0x00, 0x21, 0x10, 0x11, 0x10, 0x09, 0x00, 0x10, 0x80, 0x06, 0x00, 0x20, 0x40,
    0x00, 0x00, 0x00, 0x00, 0x88, 0x00, 0x88, 0x00, 0xC8, 0x00, 0x09, 0x00, 0x09, 0x00, 0x09, 0x00,
    0x09, 0x00, 0x09, 0x00, 0x09, 0x00, 0x40, 0x00, 0x46, 0x00, 0x21, 0x10, 0x11, 0x10, 0x09, 0x00,
    0x06, 0x00, 0x06, 0x00, 0x29, 0x40, 0x00, 0x00, 0x88, 0x00, 0x88, 0x00, 0xC8, 0x00, 0x09, 0x00,
    0x09, 0x00, 0x09, 0x00, 0x09, 0x00, 0x09, 0x00, 0x09, 0x00, 0x40, 0x00, 0x46, 0x00, 0x21, 0x10,
    0x11, 0x10, 0x00, 0x00, 0x03, 0x80, 0x04, 0x80, 0x01, 0x00, 0x02, 0x00, 0x04, 0x00, 0x00, 0x00,
    0x80, 0x10, 0x80, 0x10, 0x89, 0x10, 0x29, 0x40, 0x00, 0x00, 0x26, 0x40, 0x02, 0x00, 0x14, 0x80,
    0x02, 0x00, 0x10, 0x80, 0x00, 0x00, 0x09, 0x00, 0x00, 0x00, 0x01, 0x00, 0x08, 0x00, 0x62, 0x00,
    0x02, 0x00, 0x00, 0x00, 0x88, 0x00, 0x88, 0x00, 0xC8, 0x00, 0x08, 0x00, 0x08, 0x00, 0x08, 0xC0,
    0x00, 0x40, 0x00, 0x20, 0x01, 0x00, 0x08, 0x20, 0x08, 0x20, 0x08, 0x20, 0x08, 0x20, 0x08, 0x20,
    0x01, 0x00, 0x00, 0x20, 0x00, 0x40, 0x08, 0xC0, 0x08, 0x00, 0x08, 0x00, 0xC4, 0x00, 0x80, 0x00,
    0x80, 0x00, 0x09, 0x00, 0x06, 0x00, 0x06, 0x00, 0x29, 0x40, 0x00, 0x00, 0x80, 0x10, 0x80, 0x10,
    0x89, 0x10, 0x29, 0x40, 0x00, 0x00, 0x26, 0x40, 0x02, 0x00, 0x14, 0x80, 0x02, 0x00, 0x10, 0x80,
    0x00, 0x00, 0x09, 0x00, 0x00, 0x00, 0x01, 0x00, 0x08, 0x00, 0x62, 0x00, 0x02, 0x00, 0x00, 0x00,
    0x00, 0x00, 0x00, 0x00, 0x00, 0x00, 0x00, 0x00, 0x00, 0x00, 0x08, 0x00, 0x09, 0x00, 0x00, 0x00,
    0x10, 0x80, 0x00, 0x80, 0x06, 0x00, 0x16, 0x80, 0x00, 0x00, 0x26, 0x00, 0x26, 0x40, 0x00, 0x00,
    0x20, 0x40, 0x0F, 0x40, 0x00, 0x00, 0x40, 0x20, 0x80, 0x10, 0x80, 0x10, 0x80, 0x10, 0x00, 0x00,
    0x00, 0x00, 0x00, 0x00, 0x00, 0x00, 0x12, 0x00, 0x40, 0x00, 0x90, 0x40, 0x72, 0x00, 0x02, 0x00,
    0x30, 0x00, 0x40, 0x00, 0x80, 0x00, 0x12, 0x00, 0x80, 0x00, 0x10, 0x60, 0x82, 0x20, 0x62, 0x20,
    0x29, 0x40, 0x26, 0x40, 0x00, 0x00, 0x19, 0x80, 0x00, 0x00, 0x00, 0x00, 0x08, 0x00, 0x09, 0x00,
    0x00, 0x00, 0x10, 0x80, 0x00, 0x80, 0x06, 0x00, 0x16, 0x80, 0x00, 0x00, 0x26, 0x00, 0x26, 0x40,
    0x00, 0x00, 0x20, 0x40, 0x0F, 0x40, 0x00, 0x00, 0x40, 0x20, 0x80, 0x10, 0x80, 0x10, 0x80, 0x10,
    0x52, 0x80, 0x00, 0x00, 0x33, 0x00, 0x00, 0x00, 0x00, 0x00, 0x12, 0x00, 0x40, 0x00, 0x80, 0x40,
    0x12, 0x00, 0x62, 0x00, 0x30, 0x00, 0x40, 0x00, 0x80, 0x00, 0x12, 0x00, 0x80, 0x00, 0x10, 0x60,
    0x82, 0x20, 0x62, 0x20, 0x08, 0x00, 0x09, 0x00, 0x00, 0x00, 0x10, 0x80, 0x00, 0x80, 0x06, 0x00,
    0x16, 0x80, 0x00, 0x00, 0x26, 0x00, 0x26, 0x40, 0x00, 0x00, 0x20, 0x40, 0x0F, 0x40, 0x00, 0x00,
    0x40, 0x20, 0x80, 0x10, 0x80, 0x10, 0x80, 0x10, 0x01, 0x40, 0x01, 0x40, 0x02, 0x00, 0x02, 0x40,
    0x00, 0x20, 0x01, 0xA0, 0x12, 0x00, 0x40, 0x00, 0x90, 0x40, 0x72, 0x00, 0x02, 0x00, 0x30, 0x00,
    0x40, 0x00, 0x80, 0x00, 0x12, 0x00, 0x80, 0x00, 0x10, 0x60, 0x82, 0x20, 0x62, 0x00, 0x01, 0x40,
    0x00, 0x40, 0x02, 0x80, 0x02, 0x40, 0x00, 0x20, 0x01, 0x80, 0x06, 0x00, 0x01, 0x00, 0x0A, 0x00,
    0x00, 0x00, 0x04, 0x00, 0x00, 0x00, 0x07, 0x00, 0x40, 0x00, 0x82, 0x00, 0x12, 0x00, 0x81, 0x80,
    0x80, 0x00, 0x80, 0x00, 0x80, 0x00, 0x80, 0x00, 0x80, 0x00, 0x80, 0x00, 0x80, 0x00, 0x80, 0x00,
    0x81, 0xC0, 0x10, 0x00, 0x80, 0x40, 0x00, 0x00, 0x13, 0x00, 0x06, 0x00, 0x01, 0x00, 0x0A, 0x00,
    0x04, 0x00, 0x04, 0x00, 0x00, 0x00, 0x27, 0x00, 0x40, 0x00, 0x82, 0x00, 0x12, 0x00, 0x81, 0x80,
    0x80, 0x00, 0x80, 0x00, 0x80, 0x00, 0x81, 0x80, 0x10, 0x00, 0x80, 0x40, 0x00, 0x00, 0x13, 0x00,
    0x0C, 0x00, 0x12, 0x00, 0x00, 0x00, 0x0C, 0x00, 0x40, 0x80, 0x21, 0x00, 0x00, 0x00, 0x07, 0x00,
    0x40, 0x00, 0x92, 0x00, 0x10, 0x00, 0x81, 0x80, 0x80, 0x00, 0x80, 0x00, 0x80, 0x00, 0x80, 0x00,
    0x80, 0x00, 0x80, 0x00, 0x80, 0x00, 0x80, 0x00, 0x81, 0xC0, 0x10, 0x00, 0x80, 0x40, 0x00, 0x00,
    0x13, 0x00, 0x12, 0x00, 0x21, 0x00, 0x0C, 0x00, 0x40, 0x80, 0x21, 0x00, 0x00, 0x00, 0x27, 0x00,
    0x40, 0x00, 0x9E, 0x00, 0x10, 0x00, 0x81, 0x80, 0x80, 0x00, 0x80, 0x00, 0x80, 0x00, 0x81, 0x80,
    0x10, 0x00, 0x80, 0x40, 0x00, 0x00, 0x13, 0x00, 0x12, 0x00, 0x12, 0x00, 0x12, 0x00, 0x12, 0x00,
    0x00, 0x00, 0x00, 0x00, 0x07, 0x00, 0x40, 0x00, 0x82, 0x00, 0x12, 0x00, 0x81, 0x80, 0x80, 0x00,
    0x80, 0x00, 0x80, 0x00, 0x80, 0x00, 0x80, 0x00, 0x80, 0x00, 0x80, 0x00, 0x80, 0x00, 0x81, 0xC0,
    0x10, 0x00, 0x80, 0x40, 0x00, 0x00, 0x13, 0x00, 0x12, 0x00, 0x12, 0x00, 0x12, 0x00, 0x1E, 0x00,
    0x00, 0x00, 0x27, 0x00, 0x40, 0x00, 0x82, 0x00, 0x12, 0x00, 0x81, 0x80, 0x80, 0x00, 0x80, 0x00,
    0x80, 0x00, 0x81, 0x80, 0x10, 0x00, 0x80, 0x40, 0x00, 0x00, 0x13, 0x00, 0x00, 0x00, 0x52, 0x80,
    0x2D, 0x00, 0x00, 0x00, 0x12, 0x00, 0x00, 0x00, 0x00, 0x00, 0x07, 0x00, 0x40, 0x00, 0x82, 0x00,
    0x12, 0x00, 0x81, 0x80, 0x80, 0x00, 0x80, 0x00, 0x80, 0x00, 0x80, 0x00, 0x80, 0x00, 0x80, 0x00,
    0x80, 0x00, 0x80, 0x00, 0x81, 0xC0, 0x10, 0x00, 0x80, 0x40, 0x00, 0x00, 0x13, 0x00, 0x00, 0x00,
    0x40, 0x80, 0x0C, 0x00, 0x21, 0x00, 0x12, 0x00, 0x00, 0x00, 0x00, 0x00, 0x27, 0x00, 0x40, 0x00,
    0x82, 0x00, 0x12, 0x00, 0x81, 0x80, 0x80, 0x00, 0x80, 0x00, 0x80, 0x00, 0x81, 0x80, 0x10, 0x00,
    0x80, 0x40, 0x00, 0x00, 0x13, 0x00, 0x00, 0x00, 0x20, 0x40, 0x06, 0x00, 0x10, 0x80, 0x09, 0x00,
    0x00, 0x00, 0x00, 0x00, 0x82, 0x80, 0x80, 0x40, 0xC2, 0x00, 0x08, 0x00, 0x08, 0x00, 0x08, 0x20,
    0x08, 0x20, 0x08, 0x20, 0x08, 0x20, 0x08, 0x20, 0x08, 0x20, 0x08, 0x20, 0x08, 0x20, 0x08, 0x00,
    0x08, 0x00, 0xC2, 0x00, 0x80, 0x40, 0x82, 0x80, 0x00, 0x50, 0x04, 0x00, 0x04, 0x40, 0x06, 0x10,
    0x02, 0x50, 0x02, 0x00, 0x6E, 0x00, 0x06, 0x00, 0x14, 0x00, 0x10, 0x00, 0x82, 0x00, 0x82, 0x00,
    0x82, 0x00, 0x82, 0x00, 0x82, 0x00, 0x10, 0x00, 0x14, 0x40, 0x02, 0x40, 0x6E, 0x40, 0x00, 0x00,
    0x00, 0x00, 0x00, 0x00, 0x00, 0x00, 0x0E, 0x00, 0x62, 0x00, 0x40, 0x00, 0x80, 0x00, 0x10, 0x00,
    0x82, 0x00, 0x82, 0x00, 0x82, 0x00, 0x82, 0x00, 0x82, 0x00, 0x10, 0x00, 0x80, 0x60, 0x40, 0x20,
    0x62, 0x20, 0x00, 0x00, 0x00, 0x00, 0x00, 0x00, 0x00, 0x00, 0x00, 0x00, 0x80, 0x00, 0x80, 0x00,
    0x07, 0x80, 0x40, 0x80, 0x40, 0xE0, 0x40, 0x00, 0x40, 0x00, 0x40, 0x80, 0x40, 0x00, 0x40, 0x00,
    0x40, 0x00, 0x40, 0x00, 0x40, 0x00, 0x40, 0x40, 0x40, 0x80, 0x07, 0x80, 0x80, 0x00, 0x80, 0x00,
    0x00, 0x00, 0x00, 0x00, 0x00, 0x00, 0x00, 0x00, 0x00, 0x00, 0x12, 0x00, 0x00, 0x00, 0x80, 0x40,
    0x12, 0x00, 0x80, 0x40, 0x80, 0x40, 0x80, 0x40, 0x9F, 0xC0, 0x80, 0x00, 0x12, 0x00, 0x82, 0x40,
    0x00, 0x80, 0x12, 0x00, 0x29, 0x40, 0x26, 0x40, 0x00, 0x00, 0x19, 0x80, 0x00, 0x00, 0x00, 0x00,
    0x80, 0x00, 0x80, 0x00, 0x07, 0x80, 0x40, 0x80, 0x40, 0xE0, 0x40, 0x00, 0x40, 0x00, 0x40, 0x80,
    0x40, 0x00, 0x40, 0x00, 0x40, 0x00, 0x40, 0x00, 0x40, 0x00, 0x40, 0x40, 0x40, 0x80, 0x07, 0x80,
    0x80, 0x00, 0x80, 0x00, 0x5E, 0x80, 0x00, 0x00, 0x33, 0x00, 0x00, 0x00, 0x00, 0x00, 0x12, 0x00,
    0x00, 0x00, 0x80, 0x40, 0x12, 0x00, 0x80, 0x40, 0x80, 0x40, 0x80, 0x40, 0x9F, 0xC0, 0x80, 0x00,
    0x12, 0x00, 0x82, 0x40, 0x00, 0x80, 0x12, 0x00, 0x09, 0x00, 0x09, 0x00, 0x09, 0x00, 0x09, 0x00,
    0x00, 0x00, 0x00, 0x00, 0x80, 0x00, 0x80, 0x00, 0x07, 0x80, 0x40, 0x80, 0x40, 0xE0, 0x40, 0x00,
    0x40, 0x00, 0x40, 0x80, 0x40, 0x00, 0x40, 0x00, 0x40, 0x00, 0x40, 0x00, 0x40, 0x00, 0x40, 0x40,
    0x40, 0x80, 0x07, 0x80, 0x80, 0x00, 0x80, 0x00, 0x12, 0x00, 0x12, 0x00, 0x12, 0x00, 0x1E, 0x00,
    0x00, 0x00, 0x12, 0x00, 0x00, 0x00, 0x80, 0x40, 0x12, 0x00, 0x80, 0x40, 0x80, 0x40, 0x80, 0x40,
    0x9F, 0xC0, 0x80, 0x00, 0x12, 0x00, 0x82, 0x40, 0x00, 0x80, 0x12, 0x00, 0x80, 0x00, 0x80, 0x00,
    0x07, 0x80, 0x40, 0x80, 0x40, 0xE0, 0x40, 0x00, 0x40, 0x00, 0x40, 0x80, 0x40, 0x00, 0x40, 0x00,
    0x40, 0x00, 0x40, 0x00, 0x40, 0x00, 0x40, 0x40, 0x40, 0x80, 0x07, 0x80, 0x80, 0x00, 0x80, 0x00,
    0x01, 0x40, 0x01, 0x40, 0x02, 0x00, 0x02, 0x40, 0x00, 0x20, 0x01, 0xA0, 0x12, 0x00, 0x00, 0x00,
    0x80, 0x40, 0x12, 0x00, 0x80, 0x40, 0x80, 0x40, 0x80, 0x40, 0x9F, 0xC0, 0x80, 0x00, 0x12, 0x00,
    0x82, 0x00, 0x00, 0x40, 0x12, 0x80, 0x00, 0x00, 0x00, 0x00, 0x05, 0x00, 0x04, 0x80, 0x00, 0x40,
    0x01, 0xC0, 0x00, 0x00, 0x20, 0x40, 0x06, 0x00, 0x10, 0x80, 0x09, 0x00, 0x00, 0x00, 0x00, 0x00,
    0x80, 0x00, 0x80, 0x00, 0x07, 0x80, 0x40, 0x80, 0x40, 0xE0, 0x40, 0x00, 0x40, 0x00, 0x40, 0x80,
    0x40, 0x00, 0x40, 0x00, 0x40, 0x00, 0x40, 0x00, 0x40, 0x00, 0x40, 0x40, 0x40, 0x80, 0x07, 0x80,
    0x80, 0x00, 0x80, 0x00, 0x00, 0x00, 0x40, 0x80, 0x0C, 0x00, 0x21, 0x00, 0x12, 0x00, 0x00, 0x00,
    0x00, 0x00, 0x12, 0x00, 0x00, 0x00, 0x80, 0x40, 0x12, 0x00, 0x80, 0x40, 0x80, 0x40, 0x80, 0x40,
    0x9F, 0xC0, 0x80, 0x00, 0x12, 0x00, 0x82, 0x40, 0x00, 0x80, 0x12, 0x00, 0x0C, 0x00, 0x12, 0x00,
    0x00, 0x00, 0x0C, 0x00, 0x40, 0x80, 0x21, 0x00, 0x00, 0x00, 0x07, 0x00, 0x40, 0x00, 0x92, 0x00,
    0x10, 0x00, 0x81, 0x80, 0x80, 0x00, 0x80, 0x00, 0x80, 0x00, 0x80, 0x00, 0x80, 0x00, 0x80, 0x00,
    0x82, 0x00, 0x82, 0x00, 0x82, 0x00, 0x10, 0x00, 0x9E, 0x00, 0x40, 0x00, 0x20, 0x00, 0x0C, 0x00,
    0x21, 0x00, 0x21, 0x00, 0x40, 0x80, 0x21, 0x00, 0x00, 0x00, 0x62, 0x20, 0x40, 0x20, 0x8C, 0x60,
    0x00, 0x00, 0x82, 0x00, 0x82, 0x00, 0x82, 0x00, 0x82, 0x00, 0x82, 0x00, 0x10, 0x00, 0x90, 0x00,
    0x40, 0x00, 0x62, 0x00, 0x02, 0x00, 0x90, 0x40, 0x90, 0x00, 0x40, 0x00, 0x13, 0x00, 0x52, 0x80,
    0x4C, 0x80, 0x00, 0x00, 0x33, 0x00, 0x00, 0x00, 0x00, 0x00, 0x07, 0x00, 0x40, 0x00, 0x82, 0x00,
    0x12, 0x00, 0x81, 0x80, 0x80, 0x00, 0x80, 0x00, 0x80, 0x00, 0x80, 0x00, 0x80, 0x00, 0x80, 0x00,
    0x82, 0x00, 0x82, 0x00, 0x82, 0x00, 0x10, 0x00, 0x9E, 0x00, 0x40, 0x00, 0x20, 0x00, 0x5E, 0x80,
    0x00, 0x00, 0x33, 0x00, 0x00, 0x00, 0x00, 0x00, 0x62, 0x20, 0x40, 0x20, 0x8C, 0x60, 0x00, 0x00,
    0x82, 0x00, 0x82, 0x00, 0x82, 0x00, 0x82, 0x00, 0x82, 0x00, 0x10, 0x00, 0x90, 0x00, 0x40, 0x00,
    0x62, 0x00, 0x02, 0x00, 0x90, 0x40, 0x90, 0x00, 0x40, 0x00, 0x13, 0x00, 0x12, 0x00, 0x12, 0x00,
    0x12, 0x00, 0x12, 0x00, 0x00, 0x00, 0x00, 0x00, 0x07, 0x00, 0x40, 0x00, 0x82, 0x00, 0x12, 0x00,
    0x81, 0x80, 0x80, 0x00, 0x80, 0x00, 0x80, 0x00, 0x80, 0x00, 0x80, 0x00, 0x80, 0x00, 0x82, 0x00,
    0x82, 0x00, 0x82, 0x00, 0x10, 0x00, 0x9E, 0x00, 0x40, 0x00, 0x20, 0x00, 0x12, 0x00, 0x12, 0x00,
    0x12, 0x00, 0x1E, 0x00, 0x00, 0x00, 0x62, 0x20, 0x40, 0x20, 0x8C, 0x60, 0x00, 0x00, 0x82, 0x00,
    0x82, 0x00, 0x82, 0x00, 0x82, 0x00, 0x82, 0x00, 0x10, 0x00, 0x90, 0x00, 0x40, 0x00, 0x62, 0x00,
    0x02, 0x00, 0x90, 0x40, 0x90, 0x00, 0x40, 0x00, 0x13, 0x00, 0x07, 0x00, 0x40, 0x00, 0x82, 0x00,
    0x12, 0x00, 0x81, 0x80, 0x80, 0x00, 0x80, 0x00, 0x80, 0x00, 0x80, 0x00, 0x80, 0x00, 0x80, 0x00,
    0x82, 0x00, 0x82, 0x00, 0x82, 0x00, 0x10, 0x00, 0x9E, 0x00, 0x40, 0x00, 0x20, 0x00, 0x00, 0x00,
    0x00, 0x00, 0x12, 0x00, 0x0A, 0x00, 0x0C, 0x00, 0x0C, 0x00, 0x00, 0x00, 0x04, 0x00, 0x08, 0x00,
    0x00, 0x00, 0x12, 0x00, 0x12, 0x00, 0x00, 0x00, 0x00, 0x00, 0x62, 0x20, 0x40, 0x20, 0x8C, 0x60,
    0x00, 0x00, 0x82, 0x00, 0x82, 0x00, 0x82, 0x00, 0x82, 0x00, 0x82, 0x00, 0x10, 0x00, 0x90, 0x00,
    0x40, 0x00, 0x62, 0x00, 0x02, 0x00, 0x90, 0x40, 0x90, 0x00, 0x40, 0x00, 0x13, 0x00, 0x09, 0x00,
    0x10, 0x80, 0x06, 0x00, 0x20, 0x40, 0x00, 0x00, 0x00, 0x00, 0x80, 0x10, 0x80, 0x10, 0xC0, 0x30,
    0x09, 0x00, 0x09, 0x00, 0x09, 0x00, 0x09, 0x00, 0x00, 0x00, 0x00, 0x00, 0x00, 0x00, 0x09, 0x00,
    0x09, 0x00, 0x09, 0x00, 0x09, 0x00, 0x09, 0x00, 0xC0, 0x30, 0x80, 0x10, 0x80, 0x10, 0x20, 0x00,
    0x02, 0x00, 0x92, 0x00, 0x21, 0x00, 0x00, 0x00, 0x00, 0x00, 0x44, 0x00, 0x44, 0x00, 0x64, 0x00,
    0x04, 0x00, 0x04, 0x00, 0x04, 0x40, 0x00, 0x20, 0x00, 0x10, 0x00, 0x10, 0x04, 0x80, 0x04, 0x80,
    0x04, 0x80, 0x04, 0x80, 0x04, 0x80, 0x04, 0x80, 0x60, 0x18, 0x40, 0x08, 0x40, 0x08, 0x80, 0x10,
    0x80, 0x10, 0xC0, 0x30, 0x09, 0x00, 0x00, 0x00, 0x0F, 0x00, 0x09, 0x00, 0x00, 0x00, 0x00, 0x00,
    0x00, 0x00, 0x09, 0x00, 0x09, 0x00, 0x09, 0x00, 0x09, 0x00, 0x09, 0x00, 0xC0, 0x30, 0x80, 0x10,
    0x80, 0x10, 0x88, 0x00, 0x88, 0x00, 0xC8, 0x00, 0x00, 0x00, 0x0C, 0x00, 0x08, 0x80, 0x00, 0x40,
    0x00, 0x20, 0x00, 0x20, 0x09, 0x00, 0x09, 0x00, 0x09, 0x00, 0x09, 0x00, 0x09, 0x00, 0x09, 0x00,
    0xC0, 0x30, 0x80, 0x10, 0x80, 0x10, 0x00, 0x00, 0x2C, 0x00, 0x46, 0x40, 0x98, 0x80, 0x0D, 0x00,
    0x00, 0x00, 0x00, 0x00, 0x80, 0x40, 0x80, 0x40, 0x61, 0x80, 0x12, 0x00, 0x12, 0x00, 0x12, 0x00,
    0x12, 0x00, 0x12, 0x00, 0x12, 0x00, 0x12, 0x00, 0x12, 0x00, 0x12, 0x00, 0x12, 0x00, 0x12, 0x00,
    0x12, 0x00, 0x61, 0x80, 0x80, 0x40, 0x80, 0x40, 0x00, 0x00, 0x2C, 0x00, 0x46, 0x40, 0x98, 0x80,
    0x0D, 0x00, 0x00, 0x00, 0x00, 0x00, 0x40, 0x00, 0x40, 0x00, 0x60, 0x00, 0x10, 0x00, 0x10, 0x00,
    0x10, 0x00, 0x10, 0x00, 0x10, 0x00, 0x10, 0x00, 0x10, 0x00, 0x63, 0x80, 0x80, 0x40, 0x80, 0x40,
    0x00, 0x00, 0x00, 0x00, 0x00, 0x00, 0x00, 0x00, 0x00, 0x00, 0x80, 0x40, 0x80, 0x40, 0x61, 0x80,
    0x12, 0x00, 0x12, 0x00, 0x12, 0x00, 0x12, 0x00, 0x12, 0x00, 0x12, 0x00, 0x12, 0x00, 0x12, 0x00,
    0x12, 0x00, 0x12, 0x00, 0x12, 0x00, 0x12, 0x00, 0x61, 0x80, 0x80, 0x40, 0x80, 0x40, 0x00, 0x00,
    0x00, 0x00, 0x00, 0x00, 0x00, 0x00, 0x40, 0x00, 0x40, 0x00, 0x60, 0x00, 0x10, 0x00, 0x10, 0x00,
    0x10, 0x00, 0x10, 0x00, 0x10, 0x00, 0x10, 0x00, 0x10, 0x00, 0x63, 0x80, 0x80, 0x40, 0x80, 0x40,
    0x52, 0x80, 0x4C, 0x80, 0x00, 0x00, 0x33, 0x00, 0x00, 0x00, 0x00, 0x00, 0x80, 0x40, 0x80, 0x40,
    0x61, 0x80, 0x12, 0x00, 0x12, 0x00, 0x12, 0x00, 0x12, 0x00, 0x12, 0x00, 0x12, 0x00, 0x12, 0x00,
    0x12, 0x00, 0x12, 0x00, 0x12, 0x00, 0x12, 0x00, 0x12, 0x00, 0x61, 0x80, 0x80, 0x40, 0x80, 0x40,
    0x52, 0x00, 0x00, 0x80, 0x31, 0x00, 0x00, 0x00, 0x00, 0x00, 0x40, 0x00, 0x40, 0x00, 0x60, 0x00,
    0x10, 0x00, 0x10, 0x00, 0x10, 0x00, 0x10, 0x00, 0x10, 0x00, 0x10, 0x00, 0x10, 0x00, 0x63, 0x80,
    0x80, 0x40, 0x80, 0x40, 0x80, 0x40, 0x80, 0x40, 0x61, 0x80, 0x12, 0x00, 0x12, 0x00, 0x12, 0x00,
    0x12, 0x00, 0x12, 0x00, 0x12, 0x00, 0x12, 0x00, 0x12, 0x00, 0x12, 0x00, 0x12, 0x00, 0x12, 0x00,
    0x12, 0x00, 0x61, 0x80, 0x80, 0x40, 0x80, 0x40, 0x02, 0x80, 0x00, 0x00, 0x01, 0x00, 0x01, 0x00,
    0x04, 0x00, 0x03, 0x00, 0x10, 0x00, 0x10, 0x00, 0x10, 0x00, 0x18, 0x00, 0x00, 0x00, 0x40, 0x00,
    0x40, 0x00, 0x60, 0x00, 0x10, 0x00, 0x10, 0x00, 0x10, 0x00, 0x10, 0x00, 0x10, 0x00, 0x10, 0x00,
    0x10, 0x00, 0x63, 0x80, 0x80, 0x40, 0x80, 0x40, 0x02, 0x80, 0x00, 0x00, 0x01, 0x00, 0x01, 0x00,
    0x04, 0x00, 0x03, 0x00, 0x12, 0x00, 0x12, 0x00, 0x12, 0x00, 0x12, 0x00, 0x00, 0x00, 0x00, 0x00,
    0x80, 0x40, 0x80, 0x40, 0x61, 0x80, 0x12, 0x00, 0x12, 0x00, 0x12, 0x00, 0x12, 0x00, 0x12, 0x00,
    0x12, 0x00, 0x12, 0x00, 0x12, 0x00, 0x12, 0x00, 0x12, 0x00, 0x12, 0x00, 0x12, 0x00, 0x61, 0x80,
    0x80, 0x40, 0x80, 0x40, 0x40, 0x00, 0x40, 0x00, 0x60, 0x00, 0x10, 0x00, 0x10, 0x00, 0x10, 0x00,
    0x10, 0x00, 0x10, 0x00, 0x10, 0x00, 0x10, 0x00, 0x63, 0x80, 0x80, 0x40, 0x80, 0x40, 0x02, 0x20,
    0x02, 0x20, 0x85, 0x20, 0x00, 0xA0, 0x00, 0xA0, 0x00, 0xA0, 0x00, 0xA0, 0x00, 0xA0, 0x00, 0xA0,
    0x00, 0xA0, 0x00, 0xA0, 0x00, 0xA0, 0x00, 0xA0, 0x00, 0xA0, 0x00, 0xA0, 0x84, 0x00, 0x00, 0x20,
    0x01, 0x00, 0x20, 0x90, 0x00, 0x90, 0x00, 0x90, 0x20, 0xF0, 0x00, 0x00, 0x00, 0x00, 0x00, 0x00,
    0xC1, 0x80, 0x00, 0x00, 0x00, 0x00, 0x00, 0x00, 0x00, 0x00, 0x00, 0x00, 0x00, 0x00, 0x00, 0x00,
    0xCC, 0x00, 0x00, 0x00, 0x00, 0x00, 0x00, 0x00, 0x06, 0x90, 0x05, 0x80, 0x00, 0x20, 0x00, 0x40,
    0x00, 0x80, 0x08, 0x80, 0x0A, 0x40, 0x05, 0x40, 0x00, 0x40, 0x00, 0x00, 0x00, 0x00, 0x10, 0x80,
    0x10, 0x80, 0x1C, 0x80, 0x00, 0x80, 0x00, 0x80, 0x00, 0x80, 0x00, 0x80, 0x00, 0x80, 0x00, 0x80,
    0x00, 0x80, 0x00, 0x80, 0x00, 0x80, 0x00, 0x80, 0xC0, 0x80, 0x84, 0x00, 0x14, 0x80, 0x41, 0x00,
    0x00, 0x00, 0x00, 0x00, 0x04, 0x40, 0x09, 0x40, 0x0A, 0x80, 0x08, 0x40, 0x00, 0x00, 0x00, 0x00,
    0x10, 0x80, 0x10, 0x80, 0x1C, 0x80, 0x02, 0x80, 0x02, 0x80, 0x02, 0x80, 0x02, 0x80, 0x02, 0x80,
    0x02, 0x80, 0x02, 0x80, 0x02, 0x80, 0x02, 0x80, 0x02, 0x80, 0x00, 0x80, 0xA4, 0x80, 0x14, 0x00,
    0x81, 0x00, 0x60, 0x00, 0x02, 0x20, 0x00, 0x20, 0x18, 0xE0, 0x00, 0x80, 0x00, 0x00, 0x00, 0x00,
    0x10, 0x00, 0x00, 0x00, 0x04, 0x00, 0x02, 0x00, 0x02, 0x00, 0x11, 0x00, 0x00, 0x00, 0x04, 0x00,
    0x04, 0x00, 0x1A, 0x60, 0x00, 0x20, 0x00, 0x20, 0x00, 0x00, 0x00, 0x00, 0x12, 0x00, 0x0A, 0x00,
    0x0C, 0x00, 0x0C, 0x00, 0x00, 0x00, 0x00, 0x00, 0x00, 0x00, 0x00, 0x00, 0x00, 0x00, 0x00, 0x00,
    0x02, 0x20, 0x02, 0x20, 0x00, 0x60, 0x09, 0x00, 0x08, 0x00, 0x02, 0x00, 0x02, 0x00, 0x00, 0x00,
    0x00, 0x00, 0x14, 0x80, 0x1C, 0xE0, 0x00, 0x20, 0x00, 0x20, 0x00, 0x00, 0x00, 0x00, 0x12, 0x00,
    0x0A, 0x00, 0x0C, 0x00, 0x0C, 0x00, 0x00, 0x00, 0x02, 0x20, 0x02, 0x20, 0x00, 0x60, 0x09, 0x00,
    0x08, 0x00, 0x02, 0x00, 0x02, 0x00, 0x00, 0x00, 0x00, 0x00, 0x14, 0x80, 0x1C, 0xE0, 0x00, 0x20,
    0x00, 0x20, 0x00, 0x00, 0x10, 0x00, 0x04, 0x00, 0x00, 0x00, 0x40, 0x00, 0x20, 0x00, 0x00, 0x00,
    0x00, 0x00, 0x00, 0x00, 0xCC, 0x00, 0x40, 0x00, 0x40, 0x00, 0x40, 0x00, 0x40, 0x00, 0x40, 0x00,
    0x40, 0x00, 0x40, 0x00, 0x40, 0x00, 0x40, 0x00, 0x40, 0x00, 0x41, 0xC0, 0x40, 0x40, 0xCF, 0x40,
    0x00, 0x40, 0x00, 0x40, 0x00, 0x00, 0x07, 0x00, 0x01, 0x00, 0x0A, 0x00, 0x14, 0x00, 0x08, 0x00,
    0x00, 0x00, 0x40, 0x00, 0x40, 0x00, 0x60, 0x00, 0x10, 0x00, 0x10, 0x00, 0x10, 0x00, 0x10, 0x00,
    0x10, 0x00, 0x10, 0x00, 0x10, 0x00, 0x10, 0x00, 0x10, 0x00, 0x10, 0x00, 0x10, 0x00, 0x10, 0x00,
    0x63, 0x80, 0x80, 0x40, 0x80, 0x40, 0x00, 0x00, 0x00, 0x00, 0xCC, 0x00, 0x40, 0x00, 0x40, 0x00,
    0x40, 0x00, 0x40, 0x00, 0x40, 0x00, 0x40, 0x00, 0x40, 0x00, 0x40, 0x00, 0x40, 0x00, 0x40, 0x00,
    0x41, 0xC0, 0x40, 0x40, 0xCF, 0x40, 0x00, 0x40, 0x00, 0x40, 0x00, 0x00, 0x00, 0x00, 0x12, 0x00,
    0x0A, 0x00, 0x0C, 0x00, 0x0C, 0x00, 0x00, 0x00, 0x40, 0x00, 0x40, 0x00, 0x60, 0x00, 0x10, 0x00,
    0x10, 0x00, 0x10, 0x00, 0x10, 0x00, 0x10, 0x00, 0x10, 0x00, 0x10, 0x00, 0x10, 0x00, 0x10, 0x00,
    0x10, 0x00, 0x10, 0x00, 0x10, 0x00, 0x63, 0x80, 0x80, 0x40, 0x80, 0x40, 0x00, 0x00, 0x0A, 0x00,
    0x10, 0x00, 0x08, 0x00, 0x08, 0x00, 0x08, 0x00, 0x00, 0x00, 0x01, 0x40, 0x00, 0x40, 0x00, 0x00,
    0xCC, 0x40, 0x40, 0x80, 0x40, 0x00, 0x40, 0x00, 0x40, 0x00, 0x40, 0x00, 0x40, 0x00, 0x40, 0x00,
    0x40, 0x00, 0x40, 0x00, 0x40, 0x00, 0x41, 0xC0, 0x40, 0x40, 0xCF, 0x40, 0x00, 0x40, 0x00, 0x40,
    0x01, 0x40, 0x40, 0x20, 0x40, 0xA0, 0x60, 0xC0, 0x11, 0x40, 0x10, 0x00, 0x10, 0x00, 0x10, 0x00,
    0x10, 0x00, 0x10, 0x00, 0x10, 0x00, 0x10, 0x00, 0x10, 0x00, 0x10, 0x00, 0x10, 0x00, 0x10, 0x00,
    0x63, 0x80, 0x80, 0x40, 0x80, 0x40, 0x00, 0x00, 0x00, 0x00, 0xCC, 0x00, 0x40, 0x00, 0x40, 0x00,
    0x40, 0x00, 0x40, 0x00, 0x40, 0x00, 0x44, 0x80, 0x43, 0x00, 0x40, 0x00, 0x40, 0x00, 0x40, 0x00,
    0x41, 0x40, 0x40, 0x40, 0xCF, 0x40, 0x00, 0x40, 0x00, 0x40, 0x40, 0x00, 0x40, 0x00, 0x60, 0x00,
    0x10, 0x00, 0x10, 0x00, 0x11, 0x00, 0x10, 0x00, 0x10, 0x10, 0x11, 0x20, 0x10, 0xC0, 0x10, 0x00,
    0x10, 0x00, 0x10, 0x00, 0x10, 0x00, 0x10, 0x00, 0x63, 0x80, 0x80, 0x40, 0x80, 0x40, 0x00, 0x00,
    0x00, 0x00, 0x66, 0x00, 0x20, 0x00, 0x20, 0x00, 0x20, 0x00, 0x22, 0x00, 0x24, 0x00, 0x23, 0x00,
    0xC4, 0x00, 0x80, 0x00, 0x60, 0x00, 0x20, 0x00, 0x20, 0xE0, 0x20, 0x20, 0x67, 0xA0, 0x00, 0x20,
    0x00, 0x20, 0x40, 0x00, 0x40, 0x00, 0x60, 0x00, 0x10, 0x00, 0x10, 0x00, 0x10, 0x00, 0x10, 0x80,
    0x10, 0x80, 0x00, 0x00, 0x40, 0x00, 0x50, 0x00, 0x10, 0x00, 0x10, 0x00, 0x10, 0x00, 0x10, 0x00,
    0x63, 0x80, 0x80, 0x40, 0x80, 0x40, 0x00, 0x00, 0x03, 0x80, 0x04, 0x80, 0x01, 0x00, 0x02, 0x00,
    0x00, 0x00, 0x00, 0x00, 0x88, 0x10, 0x88, 0x10, 0xC0, 0x30, 0x05, 0x00, 0x01, 0x00, 0x01, 0x00,
    0x0B, 0x00, 0x01, 0x00, 0x0B, 0x00, 0x0D, 0x00, 0x08, 0x00, 0x0D, 0x00, 0x08, 0x00, 0x08, 0x00,
    0x0A, 0x00, 0xC0, 0x00, 0x81, 0x00, 0x80, 0x00, 0x00, 0x00, 0x03, 0x80, 0x04, 0x80, 0x01, 0x00,
    0x02, 0x00, 0x04, 0x00, 0x00, 0x00, 0x88, 0x80, 0x88, 0x40, 0xC0, 0x20, 0x00, 0x20, 0x09, 0x00,
    0x09, 0x00, 0x09, 0x00, 0x09, 0x00, 0x09, 0x00, 0x09, 0x00, 0xC0, 0x30, 0x80, 0x10, 0x80, 0x10,
    0x88, 0x10, 0x88, 0x10, 0xC0, 0x30, 0x05, 0x00, 0x01, 0x00, 0x01, 0x00, 0x0B, 0x00, 0x01, 0x00,
    0x0B, 0x00, 0x0D, 0x00, 0x08, 0x00, 0x0D, 0x00, 0x08, 0x00, 0x08, 0x00, 0x0A, 0x00, 0xC0, 0x00,
    0x81, 0x00, 0x80, 0x00, 0x00, 0x00, 0x00, 0x00, 0x09, 0x00, 0x05, 0x00, 0x06, 0x00, 0x06, 0x00,
    0x00, 0x00, 0x88, 0x80, 0x88, 0x40, 0xC0, 0x20, 0x00, 0x20, 0x09, 0x00, 0x09, 0x00, 0x09, 0x00,
    0x09, 0x00, 0x09, 0x00, 0x09, 0x00, 0xC0, 0x30, 0x80, 0x10, 0x80, 0x10, 0x00, 0x00, 0x00, 0x00,
    0x09, 0x00, 0x05, 0x00, 0x06, 0x00, 0x06, 0x00, 0x00, 0x00, 0x00, 0x00, 0x20, 0x40, 0x06, 0x00,
    0x10, 0x80, 0x09, 0x00, 0x00, 0x00, 0x00, 0x00, 0x88, 0x10, 0x88, 0x10, 0xC0, 0x30, 0x05, 0x00,
    0x01, 0x00, 0x01, 0x00, 0x0B, 0x00, 0x01, 0x00, 0x0B, 0x00, 0x0D, 0x00, 0x08, 0x00, 0x0D, 0x00,
    0x08, 0x00, 0x08, 0x00, 0x0A, 0x00, 0xC0, 0x00, 0x81, 0x00, 0x80, 0x00, 0x00, 0x00, 0x20, 0x40,
    0x06, 0x00, 0x10, 0x80, 0x09, 0x00, 0x00, 0x00, 0x00, 0x00, 0x88, 0x80, 0x88, 0x40, 0xC0, 0x20,
    0x00, 0x20, 0x09, 0x00, 0x09, 0x00, 0x09, 0x00, 0x09, 0x00, 0x09, 0x00, 0x09, 0x00, 0xC0, 0x30,
    0x80, 0x10, 0x80, 0x10, 0x00, 0x00, 0x80, 0x00, 0xA0, 0x00, 0x80, 0x00, 0xC0, 0x00, 0x00, 0x00,
    0x22, 0x20, 0x22, 0x10, 0x30, 0x08, 0x00, 0x08, 0x02, 0x40, 0x02, 0x40, 0x02, 0x40, 0x02, 0x40,
    0x02, 0x40, 0x02, 0x40, 0x30, 0x0C, 0x20, 0x04, 0x20, 0x04, 0x88, 0x80, 0x80, 0x40, 0xC0, 0x20,
    0x00, 0x20, 0x09, 0x00, 0x09, 0x00, 0x09, 0x00, 0x09, 0x00, 0x09, 0x00, 0x09, 0x00, 0x09, 0x00,
    0x09, 0x00, 0x09, 0x00, 0x09, 0x00, 0x08, 0x00, 0xCA, 0x20, 0x82, 0x40, 0x82, 0x00, 0x88, 0x80,
    0x88, 0x40, 0xC0, 0x20, 0x00, 0x00, 0x09, 0x00, 0x09, 0x00, 0x09, 0x00, 0x09, 0x00, 0x09, 0x00,
    0x09, 0x00, 0xC1, 0x00, 0x81, 0x00, 0x81, 0x00, 0x01, 0x00, 0x00, 0x20, 0x04, 0x00, 0x00, 0x40,
    0x01, 0x80, 0x00, 0x00, 0x00, 0x00, 0x00, 0x00, 0x00, 0x00, 0x00, 0x00, 0x12, 0x00, 0x00, 0x00,
    0x80, 0x40, 0x12, 0x00, 0x80, 0x40, 0x80, 0x40, 0x80, 0x40, 0x80, 0x40, 0x80, 0x40, 0x80, 0x40,
    0x80, 0x40, 0x80, 0x40, 0x80, 0x40, 0x80, 0x40, 0x12, 0x00, 0x80, 0x40, 0x00, 0x00, 0x12, 0x00,
    0x00, 0x00, 0x00, 0x00, 0x00, 0x00, 0x00, 0x00, 0x00, 0x00, 0x12, 0x00, 0x00, 0x00, 0x80, 0x40,
    0x12, 0x00, 0x80, 0x40, 0x80, 0x40, 0x80, 0x40, 0x80, 0x40, 0x80, 0x40, 0x12, 0x00, 0x80, 0x40,
    0x00, 0x00, 0x12, 0x00, 0x52, 0x80, 0x4C, 0x80, 0x00, 0x00, 0x33, 0x00, 0x00, 0x00, 0x00, 0x00,
    0x12, 0x00, 0x00, 0x00, 0x80, 0x40, 0x12, 0x00, 0x80, 0x40, 0x80, 0x40, 0x80, 0x40, 0x80, 0x40,
    0x80, 0x40, 0x80, 0x40, 0x80, 0x40, 0x80, 0x40, 0x80, 0x40, 0x80, 0x40, 0x12, 0x00, 0x80, 0x40,
    0x00, 0x00, 0x12, 0x00, 0x5E, 0x80, 0x00, 0x00, 0x33, 0x00, 0x00, 0x00, 0x00, 0x00, 0x12, 0x00,
    0x00, 0x00, 0x80, 0x40, 0x12, 0x00, 0x80, 0x40, 0x80, 0x40, 0x80, 0x40, 0x80, 0x40, 0x80, 0x40,
    0x12, 0x00, 0x80, 0x40, 0x00, 0x00, 0x12, 0x00, 0x0C, 0xC0, 0x11, 0x00, 0x26, 0x40, 0x08, 0x80,
    0x11, 0x00, 0x00, 0x00, 0x12, 0x00, 0x00, 0x00, 0x80, 0x40, 0x12, 0x00, 0x80, 0x40, 0x80, 0x40,
    0x80, 0x40, 0x80, 0x40, 0x80, 0x40, 0x80, 0x40, 0x80, 0x40, 0x80, 0x40, 0x80, 0x40, 0x80, 0x40,
    0x12, 0x00, 0x80, 0x40, 0x00, 0x00, 0x12, 0x00, 0x0C, 0xC0, 0x11, 0x00, 0x26, 0x40, 0x08, 0x80,
    0x11, 0x00, 0x00, 0x00, 0x12, 0x00, 0x00, 0x00, 0x80, 0x40, 0x12, 0x00, 0x80, 0x40, 0x80, 0x40,
    0x80, 0x40, 0x80, 0x40, 0x80, 0x40, 0x12, 0x00, 0x80, 0x40, 0x00, 0x00, 0x12, 0x00, 0x6C, 0x00,
    0x40, 0x00, 0x19, 0x80, 0x95, 0x40, 0x91, 0x00, 0x91, 0x00, 0x91, 0x00, 0x91, 0x00, 0x90, 0x00,
    0x90, 0x00, 0x91, 0x00, 0x91, 0x00, 0x91, 0x00, 0x91, 0x20, 0x91, 0x40, 0x0D, 0x40, 0x40, 0x00,
    0x6C, 0x00, 0x6E, 0x40, 0x40, 0x20, 0x00, 0x80, 0x99, 0x90, 0x99, 0x90, 0x98, 0x10, 0x98, 0x10,
    0x99, 0x00, 0x99, 0x60, 0x99, 0x80, 0x00, 0x00, 0x40, 0x00, 0x6E, 0x00, 0x00, 0x00, 0x03, 0x80,
    0x04, 0x80, 0x01, 0x00, 0x02, 0x00, 0x00, 0x00, 0x00, 0x00, 0x81, 0x80, 0x80, 0x00, 0xC4, 0x20,
    0x09, 0x00, 0x08, 0x00, 0x08, 0x20, 0x08, 0x00, 0x09, 0x00, 0x00, 0x00, 0x00, 0x00, 0x00, 0x00,
    0x08, 0x00, 0x08, 0x80, 0x08, 0x40, 0x0A, 0x00, 0xC1, 0x30, 0x80, 0x00, 0x80, 0x00, 0x00, 0x00,
    0x07, 0x00, 0x08, 0x00, 0x02, 0x00, 0x04, 0x00, 0x00, 0x00, 0x00, 0x00, 0x00, 0xC0, 0x00, 0x40,
    0xE4, 0x00, 0x25, 0x00, 0x20, 0x00, 0x20, 0x00, 0x20, 0x00, 0x20, 0x00, 0x20, 0x00, 0x20, 0x00,
    0xE6, 0x00, 0x00, 0x00, 0x00, 0x00, 0x81, 0x80, 0x80, 0x00, 0xC4, 0x20, 0x09, 0x00, 0x08, 0x00,
    0x08, 0x20, 0x08, 0x00, 0x09, 0x00, 0x00, 0x00, 0x00, 0x00, 0x00, 0x00, 0x08, 0x00, 0x08, 0x80,
    0x08, 0x40, 0x0A, 0x00, 0xC1, 0x30, 0x80, 0x00, 0x80, 0x00, 0x00, 0x00, 0x00, 0x00, 0x09, 0x00,
    0x05, 0x00, 0x06, 0x00, 0x06, 0x00, 0x00, 0x00, 0x00, 0xC0, 0x00, 0x40, 0xE4, 0x00, 0x25, 0x00,
    0x20, 0x00, 0x20, 0x00, 0x20, 0x00, 0x20, 0x00, 0x20, 0x00, 0x20, 0x00, 0xE6, 0x00, 0x00, 0x00,
    0x00, 0x00, 0x00, 0x00, 0x28, 0x00, 0x20, 0x00, 0x28, 0x00, 0x20, 0x00, 0x30, 0x00, 0x00, 0x00,
    0x00, 0x00, 0x20, 0x40, 0x06, 0x00, 0x10, 0x80, 0x09, 0x00, 0x00, 0x00, 0x00, 0x00, 0x81, 0x80,
    0x80, 0x00, 0xC4, 0x20, 0x09, 0x00, 0x08, 0x00, 0x08, 0x20, 0x08, 0x00, 0x09, 0x00, 0x00, 0x00,
    0x00, 0x00, 0x00, 0x00, 0x08, 0x00, 0x08, 0x80, 0x08, 0x40, 0x0A, 0x00, 0xC1, 0x30, 0x80, 0x00,
    0x80, 0x00, 0x00, 0x00, 0x40, 0x80, 0x0C, 0x00, 0x01, 0x00, 0x12, 0x00, 0x00, 0x00, 0x00, 0x00,
    0x00, 0xC0, 0x00, 0x40, 0xE4, 0x00, 0x25, 0x00, 0x20, 0x00, 0x20, 0x00, 0x20, 0x00, 0x20, 0x00,
    0x20, 0x00, 0x20, 0x00, 0xE6, 0x00, 0x00, 0x00, 0x00, 0x00, 0x06, 0x00, 0x01, 0x00, 0x0A, 0x00,
    0x00, 0x00, 0x04, 0x00, 0x00, 0x00, 0x07, 0x00, 0x40, 0x00, 0x82, 0x00, 0x02, 0x00, 0x11, 0x80,
    0x10, 0x00, 0x10, 0x00, 0x0C, 0x00, 0x22, 0x00, 0x01, 0x00, 0x0C, 0x80, 0x02, 0x40, 0x02, 0x00,
    0x60, 0x40, 0x12, 0x00, 0x10, 0x40, 0x00, 0x80, 0x39, 0x00, 0x06, 0x00, 0x01, 0x00, 0x0A, 0x00,
    0x04, 0x00, 0x04, 0x00, 0x00, 0x00, 0x07, 0x00, 0x40, 0x00, 0x82, 0x00, 0x80, 0x00, 0x91, 0x80,
    0x46, 0x00, 0x21, 0x00, 0x18, 0x80, 0x62, 0x40, 0x02, 0x00, 0x12, 0x40, 0x00, 0x80, 0x39, 0x80,
    0x0C, 0x00, 0x12, 0x00, 0x00, 0x00, 0x0C, 0x00, 0x40, 0x80, 0x21, 0x00, 0x00, 0x00, 0x07, 0x00,
    0x40, 0x00, 0x9A, 0x00, 0x10, 0x00, 0x11, 0x80, 0x00, 0x00, 0x08, 0x00, 0x00, 0x00, 0x23, 0x00,
    0x00, 0x80, 0x0C, 0x80, 0x02, 0x40, 0x02, 0x00, 0x60, 0x40, 0x12, 0x00, 0x10, 0x40, 0x00, 0x80,
    0x39, 0x00, 0x12, 0x00, 0x21, 0x00, 0x0C, 0x00, 0x40, 0x80, 0x21, 0x00, 0x00, 0x00, 0x05, 0x00,
    0x40, 0x00, 0x9C, 0x00, 0x80, 0x00, 0x99, 0x80, 0x44, 0x00, 0x21, 0x80, 0x18, 0x80, 0x62, 0x40,
    0x02, 0x00, 0x12, 0x40, 0x00, 0x80, 0x39, 0x00, 0x07, 0x00, 0x40, 0x00, 0x82, 0x00, 0x02, 0x00,
    0x11, 0x80, 0x10, 0x00, 0x10, 0x00, 0x0C, 0x00, 0x22, 0x00, 0x01, 0x00, 0x0C, 0x80, 0x02, 0x40,
    0x02, 0x00, 0x60, 0x40, 0x12, 0x00, 0x10, 0x40, 0x00, 0x80, 0x31, 0x00, 0x00, 0x00, 0x09, 0x00,
    0x04, 0x00, 0x00, 0x00, 0x02, 0x00, 0x07, 0x00, 0x40, 0x00, 0x82, 0x00, 0x80, 0x00, 0x91, 0x80,
    0x46, 0x00, 0x21, 0x00, 0x18, 0x80, 0x62, 0x40, 0x02, 0x00, 0x12, 0x40, 0x00, 0x80, 0x21, 0x80,
    0x00, 0x00, 0x09, 0x00, 0x04, 0x00, 0x00, 0x00, 0x02, 0x00, 0x00, 0x00, 0x52, 0x80, 0x2D, 0x00,
    0x00, 0x00, 0x12, 0x00, 0x00, 0x00, 0x00, 0x00, 0x07, 0x00, 0x40, 0x00, 0x82, 0x00, 0x02, 0x00,
    0x11, 0x80, 0x10, 0x00, 0x10, 0x00, 0x0C, 0x00, 0x22, 0x00, 0x01, 0x00, 0x0C, 0x80, 0x02, 0x40,
    0x02, 0x00, 0x60, 0x40, 0x12, 0x00, 0x10, 0x40, 0x00, 0x80, 0x39, 0x00, 0x00, 0x00, 0x40, 0x80,
    0x0C, 0x00, 0x21, 0x00, 0x12, 0x00, 0x00, 0x00, 0x00, 0x00, 0x07, 0x00, 0x40, 0x00, 0x82, 0x00,
    0x80, 0x00, 0x91, 0x80, 0x46, 0x00, 0x21, 0x00, 0x18, 0x80, 0x62, 0x40, 0x02, 0x00, 0x12, 0x40,
    0x00, 0x80, 0x39, 0x80, 0x80, 0x40, 0x80, 0x40, 0xA1, 0x40, 0x92, 0x40, 0xD2, 0xC0, 0x12, 0x00,
    0x12, 0x00, 0x12, 0x00, 0x12, 0x00, 0x12, 0x00, 0x12, 0x00, 0x12, 0x00, 0x12, 0x00, 0x12, 0x00,
    0x12, 0x00, 0x21, 0x00, 0x00, 0x00, 0x00, 0x00, 0x00, 0x00, 0x02, 0x00, 0x08, 0x00, 0x00, 0x00,
    0x02, 0x00, 0x04, 0x00, 0x04, 0x00, 0x04, 0x00, 0x04, 0x00, 0x04, 0x00, 0x80, 0x00, 0x80, 0x00,
    0x63, 0x80, 0x04, 0x00, 0x04, 0x00, 0x04, 0x00, 0x04, 0x00, 0x04, 0x00, 0x04, 0x00, 0x21, 0x00,
    0x02, 0x40, 0x00, 0x40, 0x00, 0x80, 0x08, 0x00, 0x0C, 0x00, 0x00, 0x00, 0x00, 0x80, 0x00, 0x00,
    0x00, 0x00, 0x40, 0x80, 0x0C, 0x00, 0x21, 0x00, 0x12, 0x00, 0x00, 0x00, 0x00, 0x00, 0x80, 0x40,
    0x80, 0x40, 0xA1, 0x40, 0x92, 0x40, 0xD2, 0xC0, 0x12, 0x00, 0x12, 0x00, 0x12, 0x00, 0x12, 0x00,
    0x12, 0x00, 0x12, 0x00, 0x12, 0x00, 0x12, 0x00, 0x12, 0x00, 0x12, 0x00, 0x21, 0x00, 0x00, 0x00,
    0x00, 0x00, 0x01, 0x40, 0x04, 0x20, 0x04, 0xA0, 0x04, 0xC0, 0x04, 0xC0, 0x04, 0x00, 0x80, 0x00,
    0x80, 0x00, 0x63, 0x80, 0x04, 0x00, 0x04, 0x00, 0x04, 0x00, 0x04, 0x00, 0x04, 0x00, 0x04, 0xC0,
    0x21, 0x00, 0x04, 0x40, 0x00, 0x40, 0x01, 0x80, 0x80, 0x40, 0x80, 0x40, 0xA1, 0x40, 0x92, 0x40,
    0xD2, 0xC0, 0x12, 0x00, 0x12, 0x00, 0x12, 0x00, 0x12, 0x00, 0x40, 0x80, 0x21, 0x00, 0x12, 0x00,
    0x12, 0x00, 0x12, 0x00, 0x12, 0x00, 0x21, 0x00, 0x00, 0x00, 0x00, 0x00, 0x04, 0x00, 0x04, 0x00,
    0x04, 0x00, 0x04, 0x00, 0x04, 0x00, 0x80, 0x00, 0x80, 0x00, 0x63, 0x80, 0x04, 0x00, 0x47, 0x00,
    0x00, 0x00, 0x04, 0x00, 0x04, 0x00, 0x04, 0x00, 0x21, 0x00, 0x04, 0x40, 0x00, 0x40, 0x01, 0x80,
    0x00, 0x00, 0x16, 0x00, 0x23, 0x20, 0x4C, 0x40, 0x06, 0x80, 0x00, 0x00, 0x00, 0x00, 0x80, 0x10,
    0x80, 0x10, 0xC0, 0x30, 0x09, 0x00, 0x09, 0x00, 0x09, 0x00, 0x09, 0x00, 0x09, 0x00, 0x09, 0x00,
    0x09, 0x00, 0x09, 0x00, 0x09, 0x00, 0x09, 0x00, 0x09, 0x00, 0x40, 0x20, 0x00, 0x00, 0x00, 0x00,
    0x19, 0x80, 0x00, 0x00, 0x16, 0x00, 0x23, 0x20, 0x4C, 0x40, 0x06, 0x80, 0x00, 0x00, 0x00, 0x00,
    0x88, 0x00, 0x88, 0x00, 0xC8, 0x00, 0x09, 0x00, 0x09, 0x00, 0x09, 0x00, 0x09, 0x00, 0x09, 0x00,
    0x09, 0x00, 0x40, 0x00, 0x46, 0x00, 0x21, 0x10, 0x11, 0x10, 0x00, 0x00, 0x00, 0x00, 0x00, 0x00,
    0x00, 0x00, 0x00, 0x00, 0x80, 0x10, 0x80, 0x10, 0xC0, 0x30, 0x09, 0x00, 0x09, 0x00, 0x09, 0x00,
    0x09, 0x00, 0x09, 0x00, 0x09, 0x00, 0x09, 0x00, 0x09, 0x00, 0x09, 0x00, 0x09, 0x00, 0x09, 0x00,
    0x40, 0x20, 0x00, 0x00, 0x00, 0x00, 0x19, 0x80, 0x00, 0x00, 0x00, 0x00, 0x00, 0x00, 0x00, 0x00,
    0x88, 0x00, 0x88, 0x00, 0xC8, 0x00, 0x09, 0x00, 0x09, 0x00, 0x09, 0x00, 0x09, 0x00, 0x09, 0x00,
    0x09, 0x00, 0x40, 0x00, 0x46, 0x00, 0x21, 0x10, 0x11, 0x10, 0x29, 0x40, 0x26, 0x40, 0x00, 0x00,
    0x19, 0x80, 0x00, 0x00, 0x00, 0x00, 0x80, 0x10, 0x80, 0x10, 0xC0, 0x30, 0x09, 0x00, 0x09, 0x00,
    0x09, 0x00, 0x09, 0x00, 0x09, 0x00, 0x09, 0x00, 0x09, 0x00, 0x09, 0x00, 0x09, 0x00, 0x09, 0x00,
    0x09, 0x00, 0x40, 0x20, 0x00, 0x00, 0x00, 0x00, 0x19, 0x80, 0x29, 0x40, 0x00, 0x00, 0x19, 0x80,
    0x00, 0x00, 0x00, 0x00, 0x88, 0x00, 0x88, 0x00, 0xC8, 0x00, 0x09, 0x00, 0x09, 0x00, 0x09, 0x00,
    0x09, 0x00, 0x09, 0x00, 0x09, 0x00, 0x40, 0x00, 0x46, 0x00, 0x21, 0x10, 0x11, 0x10, 0x09, 0x00,
    0x00, 0x00, 0x16, 0x80, 0x16, 0x80, 0x00, 0x00, 0x09, 0x00, 0x00, 0x00, 0x80, 0x10, 0x80, 0x10,
    0xC0, 0x30, 0x09, 0x00, 0x09, 0x00, 0x09, 0x00, 0x09, 0x00, 0x09, 0x00, 0x09, 0x00, 0x09, 0x00,
    0x09, 0x00, 0x09, 0x00, 0x09, 0x00, 0x09, 0x00, 0x40, 0x20, 0x00, 0x00, 0x00, 0x00, 0x19, 0x80,
    0x00, 0x00, 0x16, 0x80, 0x16, 0x80, 0x00, 0x00, 0x00, 0x00, 0x88, 0x00, 0x88, 0x00, 0xC8, 0x00,
    0x09, 0x00, 0x09, 0x00, 0x09, 0x00, 0x09, 0x00, 0x09, 0x00, 0x09, 0x00, 0x40, 0x00, 0x46, 0x00,
    0x21, 0x10, 0x11, 0x10, 0x00, 0x00, 0x0A, 0xA0, 0x12, 0x80, 0x17, 0x20, 0x08, 0x80, 0x00, 0x00,
    0x00, 0x00, 0x80, 0x10, 0x80, 0x10, 0xC0, 0x30, 0x09, 0x00, 0x09, 0x00, 0x09, 0x00, 0x09, 0x00,
    0x09, 0x00, 0x09, 0x00, 0x09, 0x00, 0x09, 0x00, 0x09, 0x00, 0x09, 0x00, 0x09, 0x00, 0x40, 0x20,
    0x00, 0x00, 0x00, 0x00, 0x19, 0x80, 0x00, 0x00, 0x0A, 0xA0, 0x12, 0x80, 0x17, 0x20, 0x08, 0x80,
    0x00, 0x00, 0x00, 0x00, 0x88, 0x00, 0x88, 0x00, 0xC8, 0x00, 0x09, 0x00, 0x09, 0x00, 0x09, 0x00,
    0x09, 0x00, 0x09, 0x00, 0x09, 0x00, 0x40, 0x00, 0x46, 0x00, 0x21, 0x10, 0x11, 0x10, 0x80, 0x10,
    0x80, 0x10, 0xC0, 0x30, 0x09, 0x00, 0x09, 0x00, 0x09, 0x00, 0x09, 0x00, 0x09, 0x00, 0x09, 0x00,
    0x09, 0x00, 0x09, 0x00, 0x09, 0x00, 0x09, 0x00, 0x09, 0x00, 0x40, 0x20, 0x00, 0x00, 0x00, 0x00,
    0x19, 0x80, 0x0A, 0x00, 0x14, 0x00, 0x04, 0x00, 0x11, 0x00, 0x01, 0x00, 0x88, 0x00, 0x88, 0x00,
    0xC8, 0x00, 0x09, 0x00, 0x09, 0x00, 0x09, 0x00, 0x09, 0x00, 0x09, 0x00, 0x09, 0x00, 0x40, 0x00,
    0x46, 0x00, 0x21, 0x10, 0x11, 0x00, 0x00, 0xA0, 0x00, 0x20, 0x01, 0x40, 0x01, 0x20, 0x00, 0x10,
    0x00, 0xC0, 0x09, 0x00, 0x10, 0x80, 0x06, 0x00, 0x20, 0x40, 0x00, 0x00, 0x00, 0x00, 0x80, 0x10,
    0x80, 0x10, 0x80, 0x10, 0x10, 0x80, 0x40, 0x20, 0x49, 0x20, 0x49, 0x20, 0x00, 0x00, 0x10, 0x80,
    0x59, 0xA0, 0x5F, 0xA0, 0x16, 0x80, 0x00, 0x00, 0x20, 0x40, 0x26, 0x40, 0x26, 0x40, 0x00, 0x00,
    0x09, 0x00, 0x09, 0x00, 0x10, 0x80, 0x06, 0x00, 0x20, 0x40, 0x00, 0x00, 0x00, 0x00, 0x80, 0x10,
    0x80, 0x10, 0x80, 0x10, 0x40, 0x20, 0x49, 0x20, 0x00, 0x00, 0x50, 0xA0, 0x5F, 0xA0, 0x16, 0x80,
    0x00, 0x00, 0x26, 0x40, 0x00, 0x00, 0x00, 0x00, 0x09, 0x00, 0x10, 0x80, 0x06, 0x00, 0x20, 0x40,
    0x00, 0x00, 0x00, 0x00, 0x80, 0x10, 0x80, 0x10, 0x89, 0x10, 0x20, 0x40, 0x06, 0x00, 0x00, 0x00,
    0x16, 0x80, 0x00, 0x00, 0x00, 0x00, 0x09, 0x00, 0x00, 0x00, 0x09, 0x00, 0x09, 0x00, 0x09, 0x00,
    0x09, 0x00, 0x10, 0x80, 0x00, 0x00, 0x00, 0x00, 0x09, 0x00, 0x10, 0x80, 0x06, 0x00, 0x20, 0x40,
    0x00, 0x00, 0x00, 0x00, 0x80, 0x10, 0x80, 0x10, 0x89, 0x10, 0x29, 0x40, 0x00, 0x00, 0x26, 0x40,
    0x02, 0x00, 0x14, 0x80, 0x02, 0x00, 0x10, 0x80, 0x00, 0x00, 0x09, 0x00, 0x00, 0x00, 0x01, 0x00,
    0x08, 0x00, 0x62, 0x00, 0x02, 0x00, 0x00, 0x00, 0x29, 0x40, 0x06, 0x00, 0x06, 0x00, 0x09, 0x00,
    0x00, 0x00, 0x00, 0x00, 0x80, 0x10, 0x80, 0x10, 0x89, 0x10, 0x20, 0x40, 0x06, 0x00, 0x00, 0x00,
    0x16, 0x80, 0x00, 0x00, 0x00, 0x00, 0x09, 0x00, 0x00, 0x00, 0x09, 0x00, 0x09, 0x00, 0x09, 0x00,
    0x09, 0x00, 0x10, 0x80, 0x00, 0x00, 0x00, 0x00, 0x00, 0x00, 0x07, 0x00, 0x09, 0x00, 0x02, 0x00,
    0x04, 0x00, 0x00, 0x00, 0x00, 0x00, 0x00, 0x00, 0x00, 0x00, 0x3E, 0x00, 0x20, 0x00, 0x60, 0x00,
    0x00, 0x00, 0x01, 0x00, 0x09, 0x00, 0x12, 0x00, 0x12, 0x00, 0x24, 0x00, 0x20, 0x00, 0x00, 0x00,
    0x01, 0x80, 0x01, 0x00, 0x1F, 0x00, 0x00, 0x00, 0x00, 0x00, 0x00, 0x00, 0x07, 0x00, 0x09, 0x00,
    0x02, 0x00, 0x04, 0x00, 0x08, 0x00, 0x00, 0x00, 0x00, 0x00, 0x00, 0x00, 0x3E, 0x40, 0x24, 0x80,
    0xE5, 0x00, 0x09, 0x00, 0x00, 0x00, 0x24, 0x00, 0x29, 0xC0, 0x49, 0x00, 0x9F, 0x00, 0x00, 0x00,
    0x00, 0x00, 0x12, 0x00, 0x12, 0x00, 0x12, 0x00, 0x12, 0x00, 0x00, 0x00, 0x00, 0x00, 0x00, 0x00,
    0x00, 0x00, 0x3E, 0x00, 0x20, 0x00, 0x60, 0x00, 0x00, 0x00, 0x01, 0x00, 0x09, 0x00, 0x12, 0x00,
    0x12, 0x00, 0x24, 0x00, 0x20, 0x00, 0x00, 0x00, 0x01, 0x80, 0x01, 0x00, 0x1F, 0x00, 0x00, 0x00,
    0x00, 0x00, 0x12, 0x00, 0x12, 0x00, 0x12, 0x00, 0x1E, 0x00, 0x00, 0x00, 0x00, 0x00, 0x00, 0x00,
    0x3E, 0x40, 0x24, 0x80, 0xE5, 0x00, 0x09, 0x00, 0x00, 0x00, 0x24, 0x00, 0x29, 0xC0, 0x49, 0x00,
    0x9F, 0x00, 0x00, 0x00, 0x00, 0x00, 0x00, 0x00, 0x40, 0x80, 0x0C, 0x00, 0x21, 0x00, 0x12, 0x00,
    0x00, 0x00, 0x00, 0x00, 0x00, 0x00, 0x00, 0x00, 0x3E, 0x00, 0x20, 0x00, 0x60, 0x00, 0x00, 0x00,
    0x01, 0x00, 0x09, 0x00, 0x12, 0x00, 0x12, 0x00, 0x24, 0x00, 0x20, 0x00, 0x00, 0x00, 0x01, 0x80,
    0x01, 0x00, 0x1F, 0x00, 0x00, 0x00, 0x00, 0x00, 0x00, 0x00, 0x40, 0x80, 0x0C, 0x00, 0x21, 0x00,
    0x12, 0x00, 0x00, 0x00, 0x00, 0x00, 0x00, 0x00, 0x00, 0x00, 0x3E, 0x40, 0x24, 0x80, 0xE5, 0x00,
    0x09, 0x00, 0x00, 0x00, 0x24, 0x00, 0x29, 0xC0, 0x49, 0x00, 0x9F, 0x00, 0x00, 0x00, 0x00, 0x00,
    0x09, 0x80, 0x10, 0x00, 0x04, 0x00, 0x21, 0x40, 0x28, 0xC0, 0x28, 0x00, 0x28, 0x00, 0x28, 0x00,
    0x28, 0x00, 0x28, 0x00, 0x28, 0x00, 0x28, 0x00, 0x28, 0x00, 0x28, 0x00, 0x28, 0x00, 0x46, 0x00,
    0x80, 0x00, 0x80, 0x00, 0x00, 0x18, 0x3C, 0x66, 0xA5, 0x66, 0x3C, 0x00, 0x18, 0x18, 0x18, 0x18,
    0x18, 0x18, 0x18, 0x18, 0x18, 0x18, 0x18, 0x18, 0x18, 0x18, 0x18, 0x18, 0x18, 0x18, 0x18, 0x18,
    0x18, 0x18, 0x18, 0x42, 0x81, 0x42, 0x24, 0x00, 0x00, 0x81, 0x5A, 0x18, 0x18, 0x18, 0x18, 0x18,
    0x18, 0x18, 0x18, 0x18, 0x18, 0x18, 0x18, 0x18, 0x18, 0x18, 0x18, 0x18, 0x18, 0x18, 0x18, 0x18,
    0x18, 0x7F, 0xE0, 0x80, 0x10, 0x80, 0x10, 0xFF, 0xFF, 0xFF, 0x00, 0x00, 0x00, 0x00, 0x00, 0x00,
    0x66, 0x00, 0x00, 0x00, 0x00, 0x00, 0x00, 0x00, 0x00, 0x00, 0x00, 0x00, 0x00, 0x00, 0x00, 0x00,
    0x00, 0x00, 0x00, 0x00, 0x00, 0x00, 0x00, 0x00, 0xFF, 0xC0, 0x00, 0x00, 0x00, 0x00, 0xFF, 0xC0,
    0x00, 0x00, 0x00, 0x00, 0x18, 0x24, 0x28, 0x50, 0x40, 0x08, 0x00, 0x00, 0x00, 0x30, 0x48, 0x00,
    0x00, 0x08, 0x00, 0x08, 0x40, 0xA0, 0x20, 0x30, 0x08, 0x00, 0x00, 0x08, 0x00, 0x08, 0x40, 0xA0,
    0x60, 0x30, 0x48, 0x00, 0x00, 0x40, 0x00, 0x40, 0x08, 0x14, 0x10, 0x00, 0x40, 0x21, 0x00, 0x10,
    0x40, 0x10, 0x00, 0xA0, 0x80, 0x14, 0x40, 0x8C, 0x40, 0x8C, 0x40, 0x92, 0xC0, 0x10, 0xC0, 0x41,
    0x00, 0x46, 0x20, 0x46, 0x20, 0x65, 0x00, 0x00, 0xA0, 0x21, 0x40, 0x12, 0x40, 0x52, 0x00, 0x21,
    0x00, 0x10, 0x80, 0x49, 0x20, 0x46, 0x20, 0x46, 0x20, 0x65, 0x00, 0x00, 0xA0, 0x21, 0x40, 0x12,
    0x40, 0x52, 0x00, 0x21, 0x00, 0x21, 0x80, 0x82, 0x40, 0x8C, 0x40, 0x8C, 0x40, 0x14, 0xC0, 0xA2,
    0x80, 0x50, 0x80, 0x49, 0x00, 0x01, 0x40, 0x10, 0x80, 0x1E, 0x00, 0x12, 0x00, 0x12, 0x00, 0x12,
    0x00, 0x12, 0x00, 0x12, 0x00, 0x12, 0x00, 0x00, 0x00, 0x00, 0x00, 0xE1, 0xC0, 0x12, 0x00, 0x12,
    0x00, 0x12, 0x00, 0x12, 0x00, 0x12, 0x00, 0x12, 0x00, 0x12, 0x00, 0x12, 0x00, 0x12, 0x00, 0x12,
    0x00, 0x12, 0x00, 0x12, 0x00, 0x12, 0x00, 0x12, 0x00, 0x1E, 0x00, 0x12, 0x00, 0x12, 0x00, 0x12,
    0x00, 0x12, 0x00, 0x12, 0x00, 0x12, 0x00, 0x00, 0x00, 0x00, 0x00, 0xE1, 0xC0, 0x12, 0x00, 0x12,
    0x00, 0x12, 0x00, 0x12, 0x00, 0x12, 0x00, 0x00, 0x00, 0x00, 0x00, 0xE1, 0xC0, 0x12, 0x00, 0x12,
    0x00, 0x12, 0x00, 0x12, 0x00, 0x12, 0x00, 0x12, 0x00, 0x24, 0x00, 0x81, 0x00, 0x00, 0x00, 0x00,
    0x66, 0x80, 0x00, 0x30, 0x00, 0x0C, 0x00, 0x00, 0x00, 0x00, 0x80, 0x03, 0x00, 0x04, 0x00, 0x00,
    0x00, 0x40, 0x00, 0x00, 0x00, 0x78, 0x07, 0x80, 0x84, 0x08, 0x40, 0x84, 0x08, 0x40, 0x84, 0x08,
    0x40, 0x00, 0x00, 0x00, 0x78, 0x78, 0x78, 0x84, 0x84, 0x84, 0x84, 0x84, 0x84, 0x84, 0x84, 0x84,
    0x00, 0x00, 0x00, 0xD8, 0x80, 0x00, 0x89, 0x00, 0x00, 0x21, 0x00, 0x00, 0x02, 0x00, 0x00, 0x00,
    0x00, 0x00, 0x00, 0x80, 0x00, 0x21, 0x00, 0x00, 0x8D, 0x00, 0x00, 0x22, 0x00, 0x00, 0x09, 0x8E,
    0x00, 0x16, 0x00, 0x00, 0x10, 0xB4, 0x80, 0x24, 0x96, 0x80, 0x20, 0x96, 0x80, 0x40, 0x96, 0x80,
    0x00, 0x96, 0x80, 0x10, 0xA2, 0x00, 0x23, 0x69, 0x00, 0x58, 0x80, 0x00, 0x81, 0x00, 0x00, 0xA0,
    0x40, 0x00, 0x24, 0x40, 0x00, 0x24, 0x80, 0x00, 0x24, 0x80, 0x00, 0xA1, 0x00, 0x00, 0x0D, 0x00,
    0x00, 0x3A, 0x00, 0x00, 0x09, 0x8E, 0x38, 0x12, 0x20, 0x02, 0x10, 0x92, 0xD0, 0x00, 0x16, 0x92,
    0x00, 0x16, 0x92, 0x08, 0x16, 0x92, 0x10, 0x92, 0xD0, 0x12, 0xA2, 0x48, 0x23, 0x69, 0x04, 0x18,
    0x00, 0x24, 0x00, 0x40, 0x48, 0x00, 0x90, 0x10, 0x19, 0xC0, 0x26, 0x40, 0x00, 0x00, 0x4A, 0x40,
    0x00, 0x00, 0x44, 0x00, 0x94, 0x80, 0x00, 0x00, 0x88, 0x00, 0x13, 0x30, 0x2C, 0xC0, 0x48, 0x00,
    0x05, 0x90, 0x51, 0x00, 0x08, 0x80, 0x82, 0x20, 0x23, 0x00, 0x90, 0x40, 0x60, 0x00, 0x90, 0x00,
    0x08, 0x48, 0x00, 0x24, 0x20, 0x73, 0x00, 0x4C, 0x80, 0x00, 0x00, 0x4A, 0x40, 0x26, 0x00, 0x00,
    0x00, 0x25, 0x20, 0x10, 0x00, 0x02, 0x20, 0x66, 0x40, 0x19, 0xA0, 0x00, 0x90, 0x4D, 0x00, 0x04,
    0x50, 0x08, 0x80, 0x22, 0x08, 0x06, 0x20, 0x10, 0x48, 0x04, 0x04, 0x04, 0x08, 0x48, 0x90, 0x00,
    0x00, 0x08, 0x28, 0x04, 0x04, 0x08, 0x80, 0x80, 0x80, 0x40, 0x48, 0x24, 0x00, 0x00, 0x40, 0x50,
    0x80, 0x80, 0x40, 0x40, 0x24, 0x02, 0x00, 0x00, 0x00, 0x40, 0x18, 0x02, 0x20, 0x00, 0x04, 0x10,
    0x00, 0x08, 0x08, 0x00, 0x10, 0x04, 0x00, 0x20, 0x02, 0x00, 0x40, 0x01, 0x00, 0x80, 0x00, 0x81,
    0x00, 0x50, 0x42, 0x0A, 0x80, 0x00, 0x01, 0x70, 0x40, 0x0E, 0x00, 0x99, 0x00, 0x01, 0x20, 0x80,
    0x02, 0x00, 0x40, 0x04, 0x00, 0x20, 0x08, 0x00, 0x10, 0x10, 0x00, 0x08, 0x20, 0x00, 0x04, 0x40,
    0x18, 0x02, 0x00, 0x00, 0x00, 0x40, 0x24, 0x02, 0x40, 0x80, 0x40, 0x80, 0x40, 0x80, 0x40, 0x80,
    0x40, 0x80, 0x40, 0x80, 0x40, 0x80, 0x40, 0x80, 0x40, 0x80, 0x40, 0x80, 0x40, 0x80, 0x00, 0x00,
    0x00, 0x00, 0x21, 0x00, 0x12, 0x00, 0x8C, 0x40, 0x80, 0x40, 0x40, 0x80, 0x20, 0x40, 0x10, 0x10,
    0x40, 0x48, 0x00, 0x40, 0x44, 0x40, 0x08, 0x08, 0x20, 0x80, 0x05, 0x00, 0x21, 0x20, 0x04, 0x40,
    0x12, 0x40, 0x00, 0x80, 0x08, 0x80, 0x06, 0x00, 0x09, 0x00, 0x00, 0x00, 0x00, 0x00, 0x00, 0x00,
    0x40, 0x80, 0x8C, 0x40, 0x80, 0x40, 0x12, 0x00, 0x00, 0x00, 0x40, 0x80, 0x80, 0x40, 0x73, 0x80,
    0x00, 0x00, 0x00, 0x60, 0x00, 0x90, 0x00, 0x00, 0x00, 0x00, 0x04, 0x80, 0x09, 0x00, 0x09, 0x00,
    0x10, 0x80, 0x00, 0x00, 0x00, 0x00, 0x90, 0x90, 0x60, 0x60, 0x00, 0x24, 0x00, 0x00, 0x24, 0x00,
    0x01, 0xA5, 0x80, 0x01, 0x42, 0x80, 0x00, 0x00, 0x00, 0x00, 0x81, 0x00, 0x00, 0x42, 0x00, 0x00,
    0x99, 0x00, 0x00, 0x99, 0x00, 0x00, 0xC3, 0x00, 0x00, 0x00, 0x00, 0x09, 0x00, 0x90, 0x09, 0x00,
    0x90, 0x69, 0x66, 0x96, 0x50, 0xA5, 0x0A, 0x00, 0x00, 0x00, 0x20, 0x42, 0x04, 0x10, 0x81, 0x08,
    0x26, 0x42, 0x64, 0x26, 0x42, 0x64, 0x10, 0x81, 0x08, 0x00, 0x00, 0x00, 0x80, 0x80, 0x9F, 0x80,
    0x80, 0x80, 0x80, 0x80, 0x80, 0x80, 0x80, 0x80, 0x80, 0x9F, 0x80, 0x80, 0x80, 0x80, 0x80, 0x80,
    0x80, 0x9F, 0x80, 0x80, 0x01, 0x01, 0xF9, 0x01, 0x01, 0x01, 0x01, 0x01, 0x01, 0x01, 0x01, 0x01,
    0x01, 0xF9, 0x01, 0x01, 0x01, 0x01, 0x01, 0x01, 0x01, 0xF9, 0x01, 0x01, 0x69, 0x60, 0x06, 0x20,
    0x80, 0x10, 0x20, 0x40, 0x4A, 0x40, 0x02, 0x40, 0x10, 0x90, 0x14, 0x00, 0x20, 0x00, 0x01, 0x00,
    0x08, 0x40, 0x20, 0x40, 0x00, 0x00, 0x10, 0x80, 0x09, 0x00, 0x46, 0x20, 0x40, 0x20, 0x20, 0x40,
    0x68, 0x40, 0x44, 0x40, 0x82, 0x40, 0x22, 0x40, 0x48, 0x40, 0x02, 0x40, 0x12, 0x40, 0x14, 0x40,
    0x20, 0x40, 0x00, 0x40, 0x08, 0x40, 0x21, 0xC0, 0x30, 0x00, 0x10, 0x80, 0x09, 0x00, 0x46, 0x20,
    0x40, 0x20, 0x20, 0x40, 0x42, 0xC0, 0x44, 0x40, 0x48, 0x20, 0x48, 0x80, 0x4E, 0x80, 0x40, 0x80,
    0x41, 0x20, 0x40, 0x00, 0x40, 0x00, 0x42, 0x40, 0x40, 0x80, 0x70, 0x80, 0x01, 0x80, 0x21, 0x00,
    0x12, 0x00, 0x8C, 0x40, 0x80, 0x40, 0x40, 0x80, 0xC1, 0xC0, 0x00, 0x00, 0x00, 0x00, 0x7E, 0x40,
    0x00, 0x00, 0x04, 0x00, 0x04, 0x80, 0x01, 0x00, 0x01, 0x00, 0x08, 0x00, 0x10, 0x00, 0x02, 0x00,
    0x04, 0x00, 0x10, 0x00, 0x02, 0x00, 0x30, 0x00, 0x20, 0x00, 0x20, 0x00, 0x20, 0x00, 0x20, 0x00,
    0x20, 0x40, 0x20, 0x00, 0x20, 0x00, 0x23, 0x00, 0x20, 0x00, 0x20, 0x00, 0x20, 0x00, 0x20, 0x00,
    0x20, 0x00, 0x20, 0x00, 0x20, 0x00, 0x20, 0x00, 0x00, 0x00, 0x03, 0x00, 0x01, 0x00, 0x01, 0x00,
    0x01, 0x00, 0x01, 0x00, 0x81, 0x00, 0x01, 0x00, 0x40, 0x00, 0x20, 0x40, 0x00, 0x00, 0x30, 0x00,
    0x20, 0x00, 0x20, 0x00, 0x20, 0x00, 0x20, 0x00, 0x20, 0x40, 0x20, 0x00, 0x00, 0x80, 0x81, 0x00,
    0x00, 0x84, 0x84, 0x00, 0x78, 0x00, 0x00, 0x00, 0x78, 0x04, 0x84, 0x84, 0x00, 0x40, 0x00, 0x28,
    0x20, 0x08, 0x00, 0x12, 0x00, 0x80, 0x40, 0x8C, 0x40, 0x40, 0x80, 0x00, 0x00, 0x00, 0x00, 0x00,
    0x00, 0x00, 0x00, 0x00, 0x00, 0x00, 0x00, 0x00, 0x00, 0x00, 0x00, 0x00, 0x00, 0x00, 0x00, 0x00,
    0x00, 0x00, 0x00, 0x00, 0x00, 0x00, 0x00, 0x40, 0x80, 0x8C, 0x40, 0x80, 0x40, 0x12, 0x00, 0x09,
    0x00, 0x09, 0x00, 0x69, 0x60, 0x50, 0xA0, 0x00, 0x00, 0x20, 0x40, 0x10, 0x80, 0x26, 0x40, 0x26,
    0x40, 0x30, 0xC0, 0x00, 0x00, 0x09, 0x00, 0x09, 0x00, 0x69, 0x60, 0x50, 0xA0, 0x00, 0x00, 0x20,
    0x40, 0x10, 0x80, 0x26, 0x40, 0x26, 0x40, 0x10, 0x80, 0x00, 0x00, 0x59, 0x40, 0x0A, 0x00, 0x80,
    0x00, 0x08, 0x80, 0x39, 0x00, 0x04, 0x00, 0x08, 0x00, 0x02, 0x00, 0x02, 0x00, 0x10, 0x00, 0x10,
    0x00, 0x04, 0x00, 0x08, 0x00, 0x20, 0x80, 0x44, 0x00, 0x00, 0x40, 0x14, 0x00, 0xA6, 0x80, 0x02,
    0x60, 0x00, 0x08, 0x00, 0x09, 0x21, 0xC0, 0x12, 0x24, 0x00, 0x24, 0x48, 0x03, 0x84, 0x80, 0x00,
    0x10, 0x00, 0x06, 0x40, 0x06, 0x00, 0x10, 0x80, 0x29, 0x40, 0x20, 0x40, 0x10, 0x80, 0x00, 0x00,
    0x00, 0x00, 0x10, 0x80, 0x29, 0x40, 0x19, 0x80, 0x09, 0x00, 0x02, 0x80, 0x00, 0x00, 0x00, 0x40,
    0x04, 0x40, 0xD1, 0x80, 0x00, 0x00, 0x80, 0x00, 0x88, 0x00, 0x63, 0x80, 0x04, 0x40, 0x00, 0x40,
    0x00, 0x00, 0x02, 0x80, 0x19, 0x36, 0x26, 0x19, 0x00, 0xC2, 0x24, 0x18, 0x08, 0xA2, 0x41, 0x10,
    0x08, 0xA0, 0x50, 0x14, 0x0A, 0x00, 0x00, 0x00, 0x00, 0x00, 0x00, 0x00, 0x09, 0x00, 0x5F, 0xA0,
    0x89, 0x10, 0x09, 0x00, 0x00, 0x00, 0x36, 0xC0, 0x09, 0x00, 0x00, 0x00, 0x00, 0x00, 0x00, 0x00,
    0x59, 0xA0, 0x89, 0x10, 0x09, 0x00, 0x00, 0x00, 0x30, 0xC0, 0x00, 0x00, 0x00, 0x00, 0x09, 0x00,
    0x36, 0xC0, 0x00, 0x00, 0x09, 0x00, 0x89, 0x10, 0x59, 0xA0, 0x00, 0x84, 0x84, 0x84, 0x78, 0x00,
    0x00, 0x00, 0x00, 0x00, 0x00, 0x00, 0x00, 0x78, 0x84, 0x84, 0x84, 0x00, 0x00, 0x00, 0x00, 0x00,
    0x00, 0x00, 0x09, 0x00, 0x06, 0x00, 0x00, 0x00, 0x30, 0xC0, 0x00, 0x00, 0x09, 0x00, 0x89, 0x10,
    0x59, 0xA0, 0x00, 0x00, 0x00, 0x00, 0x06, 0x00, 0x09, 0x00, 0x00, 0x00, 0x00, 0x00, 0x00, 0x00,
    0x09, 0x00, 0x09, 0x00, 0x59, 0xA0, 0x49, 0x20, 0x69, 0x60, 0x09, 0x00, 0x80, 0x10, 0x80, 0x10,
    0x69, 0x60, 0x49, 0x20, 0x59, 0xA0, 0x09, 0x00, 0x09, 0x00, 0x90, 0x90, 0x00, 0x00, 0x00, 0x00,
    0x90, 0x90, 0x00, 0x00, 0x00, 0x90, 0x90, 0x00, 0x00, 0x90, 0x90, 0x00, 0x90, 0x90, 0x00, 0x00,
    0x00, 0x90, 0x90, 0x00, 0x00, 0x00, 0x00, 0x90, 0x90, 0x66, 0x00, 0x24, 0x00, 0x04, 0x18, 0x24,
    0x18, 0x20, 0x00, 0x24, 0x00, 0x66, 0x00, 0x48, 0x00, 0x68, 0x00, 0x88, 0x88, 0x08, 0x08, 0x08,
    0x08, 0x08, 0x84, 0x00, 0x0A, 0x14, 0x14, 0x28, 0x28, 0x52, 0x5A, 0xAA, 0x01, 0x00, 0x0A, 0x11,
    0x11, 0x80, 0x80, 0x80, 0x80, 0x80, 0x86, 0x80, 0xE1, 0x04, 0x04, 0x81, 0x00, 0x66, 0x04, 0x04,
    0x08, 0x08, 0x1C, 0x42, 0x99, 0x24, 0x00, 0x24, 0x81, 0x42, 0x66, 0x00, 0x00, 0x21, 0x08, 0x02,
    0x02, 0x10, 0x04, 0x10, 0x04, 0x28, 0x20, 0x08, 0x66, 0x42, 0x81, 0x81, 0x00, 0x42, 0x24, 0x42,
    0x99, 0x24, 0x24, 0x00, 0x66, 0x66, 0x42, 0x81, 0x24, 0x00, 0x24, 0x99, 0x42, 0x38, 0x10, 0x10,
    0x20, 0x20, 0x18, 0x00, 0x00, 0xE7, 0x00, 0x00, 0x00, 0x00, 0xFF, 0x00, 0x00, 0xFF, 0x00, 0xFF,
    0x00, 0x08, 0x10, 0x20, 0x40, 0x50, 0x10, 0xA0, 0x20, 0x00, 0x00, 0x00, 0x20, 0x80, 0x40, 0x08,
    0x24, 0x14, 0x04, 0x40, 0x20, 0x10, 0x08, 0x28, 0x20, 0x14, 0x10, 0x00, 0x00, 0x00, 0x10, 0x04,
    0x08, 0x40, 0x90, 0xA0, 0x80, 0x22, 0x80, 0x01, 0x24, 0x24, 0x24, 0x24, 0x99, 0x18, 0x66, 0x99,
    0x24, 0x00, 0x00, 0x24, 0x10, 0x00, 0x24, 0x99, 0x66, 0x04, 0x44, 0xA4, 0x04, 0x04, 0x04, 0x04,
    0x04, 0x04, 0x66, 0x00, 0x66, 0x10, 0x24, 0x04, 0x01, 0x10, 0x04, 0x08, 0x17, 0x9C, 0x00, 0x66,
    0x09, 0xE4, 0x09, 0x10, 0x02, 0x04, 0x01, 0x24, 0x99, 0x66, 0x0A, 0x04, 0x04, 0x00, 0x46, 0x4A,
    0xAA, 0x00, 0x79, 0x19, 0x11, 0x80, 0x98, 0x82, 0x98, 0x82, 0xF9, 0x04, 0x00, 0xA4, 0x00, 0x66,
    0x14, 0x24, 0x28, 0x48, 0x5A, 0x80, 0x18, 0x00, 0x24, 0x01, 0x66, 0x00, 0x38, 0xE1, 0x02, 0x08,
    0x10, 0x04, 0x14, 0x20, 0x08, 0x08, 0x66, 0x00, 0x81, 0x18, 0x00, 0x00, 0x5A, 0x24, 0x24, 0x99,
    0x66, 0x66, 0x80, 0x24, 0x00, 0x18, 0x01, 0x5A, 0x12, 0x14, 0x24, 0x28, 0x00, 0x00, 0x81, 0x00,
    0x00, 0x00, 0x18, 0x81, 0x00, 0x81, 0x00, 0x00, 0x81, 0x00, 0x00, 0x1C, 0x24, 0x08, 0x10, 0x10,
    0xA0, 0x20, 0x00, 0x00, 0x20, 0xA0, 0x10, 0x10, 0x08, 0x24, 0x1C, 0x00, 0x00, 0xE0, 0x90, 0x40,
    0x20, 0x20, 0x14, 0x10, 0x00, 0x00, 0x10, 0x14, 0x20, 0x20, 0x40, 0x90, 0xE0, 0x00, 0x66, 0x99,
    0xA4, 0x60, 0x98, 0x24, 0x19, 0x44, 0x66, 0x99, 0x24, 0x00, 0x1E, 0x25, 0x99, 0x66, 0x66, 0x99,
    0x24, 0x00, 0x00, 0x24, 0x99, 0x66, 0x18, 0x81, 0x00, 0x24, 0x24, 0x00, 0xDB, 0x18, 0x30, 0x19,
    0xA4, 0x00, 0x18, 0x24, 0x99, 0x66, 0x20, 0xA0, 0x20, 0x20, 0x19, 0x25, 0x24, 0x24, 0x24, 0x99,
    0x18, 0x80, 0x00, 0x80, 0x84, 0x81, 0x90, 0x84, 0x80, 0x82, 0x19, 0x84, 0x88, 0x48, 0x08, 0x08,
    0x08, 0x08, 0x08, 0x08, 0x08, 0xCC, 0x00, 0x12, 0x80, 0x52, 0x00, 0x12, 0x00, 0x12, 0x00, 0x12,
    0x00, 0x12, 0x00, 0x52, 0x80, 0x12, 0x00, 0x20, 0x81, 0x25, 0x24, 0x24, 0x24, 0x99, 0x18, 0x20,
    0x89, 0x24, 0x20, 0x20, 0x24, 0x19, 0x20, 0x20, 0x20, 0x80, 0x10, 0x0C, 0x98, 0x80, 0x4A, 0x52,
    0x05, 0x19, 0x30, 0x28, 0x28, 0x28, 0x02, 0x4E, 0x28, 0x28, 0x28, 0x25, 0x00, 0x02, 0x00, 0x20,
    0x00, 0x40, 0x01, 0x20, 0x02, 0x00, 0x20, 0x00, 0x40, 0x00, 0x09, 0x00, 0x41, 0x40, 0x44, 0x80,
    0x43, 0x00, 0x48, 0x80, 0x44, 0x00, 0x42, 0x00, 0x45, 0x00, 0x4C, 0x00, 0x46, 0x00, 0x48, 0xE0,
    0x00, 0x00, 0x40, 0x20, 0x00, 0x00, 0x01, 0x80, 0x48, 0x00, 0x20, 0x00, 0x00, 0x00, 0x00, 0x00,
    0x00, 0x00, 0x67, 0x80, 0x20, 0x80, 0x20, 0x40, 0x20, 0x00, 0x20, 0x00, 0xC6, 0x00, 0x80, 0x00,
    0x20, 0x00, 0xC6, 0x00, 0x80, 0x00, 0x20, 0x00, 0x20, 0x00, 0x20, 0x00, 0x66, 0x00, 0x00, 0x00,
    0x00, 0x00, 0x08, 0x00, 0x20, 0x00, 0x20, 0x80, 0x0A, 0x00, 0x09, 0x80, 0x08, 0x00, 0x08, 0x00,
    0x02, 0x00, 0x46, 0x00, 0x08, 0x00, 0x46, 0x00, 0x02, 0x00, 0x08, 0x00, 0x41, 0x40, 0x49, 0x00,
    0x87, 0x00, 0x00, 0x00, 0x00, 0x00, 0x00, 0xC0, 0x00, 0xC0, 0x82, 0x20, 0x80, 0x20, 0x00, 0x00,
    0x18, 0x00, 0x18, 0x80, 0x19, 0x80, 0x19, 0x80, 0x19, 0x80, 0x11, 0x80, 0x01, 0x80, 0x11, 0x80,
    0x89, 0x90, 0x81, 0x90, 0x30, 0x00, 0x30, 0x00, 0x08, 0x00, 0x01, 0x00, 0x04, 0x00, 0x00, 0x00,
    0x04, 0x00, 0x00, 0x00, 0x80, 0x10, 0xC9, 0x30, 0x08, 0x00, 0x05, 0x00, 0x80, 0x10, 0xCC, 0x30,
    0x00, 0x00, 0x02, 0x00, 0x00, 0x00, 0x02, 0x00, 0x08, 0x00, 0x01, 0x00, 0x98, 0x40, 0x88, 0x40,
    0x14, 0x40, 0x00, 0x40, 0x14, 0x40, 0x14, 0x00, 0x10, 0x00, 0x03, 0x30, 0x24, 0x40, 0x08, 0x40,
    0x18, 0x40, 0x00, 0x40, 0x00, 0x40, 0x00, 0x60, 0x00, 0x10, 0x00, 0x50, 0x91, 0x10, 0x90, 0x20,
    0x8C, 0x00, 0x84, 0x00, 0x42, 0x00, 0x40, 0x00, 0x48, 0x00, 0x48, 0x28, 0x48, 0x08, 0x41, 0x08,
    0x43, 0x08, 0x45, 0x50, 0x44, 0x20, 0x40, 0x90, 0x54, 0x08, 0x51, 0xC0, 0x4A, 0x68, 0x50, 0x48,
    0x88, 0x00, 0x88, 0x50, 0x80, 0x10, 0x80, 0x10, 0x80, 0x10, 0x10, 0x80, 0x00, 0x00, 0x49, 0x20,
    0x09, 0x00, 0x80, 0x10, 0x10, 0x80, 0x59, 0xA0, 0x9F, 0x90, 0x80, 0x10, 0x06, 0x00, 0x20, 0x40,
    0x26, 0x40, 0x26, 0x40, 0x00, 0x00, 0x09, 0x00, 0x80, 0x10, 0x99, 0x10, 0x82, 0x90, 0x94, 0x10,
    0x80, 0x10, 0x80, 0x10, 0x80, 0x10, 0x80, 0x10, 0x80, 0x10, 0x82, 0xD0, 0x80, 0x10, 0x83, 0x20,
    0x80, 0x00, 0x00, 0x00, 0x00, 0x00, 0x00, 0x00, 0x00, 0x00, 0x0E, 0x00, 0x62, 0x00, 0x40, 0x00,
    0x80, 0x00, 0x10, 0x00, 0x82, 0x00, 0x82, 0x00, 0x82, 0x00, 0x82, 0x00, 0x82, 0x00, 0x10, 0x00,
    0x80, 0x60, 0x40, 0x20, 0x62, 0x20, 0x00, 0x00, 0x00, 0x00, 0x00, 0x00, 0x00, 0x00, 0x00, 0x00,
    0x13, 0x80, 0x20, 0x00, 0x41, 0x00, 0x09, 0x00, 0x40, 0xC0, 0x40, 0x00, 0x00, 0x00, 0x0E, 0x00,
    0x40, 0x00, 0x40, 0x00, 0x00, 0x00, 0x0C, 0x00, 0x40, 0x00, 0x40, 0x20, 0x09, 0x00, 0x40, 0x20,
    0x00, 0x00, 0x09, 0x00, 0x01, 0x10, 0x00, 0x10, 0x0E, 0x70, 0x00, 0x40, 0x00, 0x00, 0x00, 0x00,
    0x08, 0x00, 0x00, 0x00, 0x80, 0x10, 0xC0, 0xF0, 0x01, 0x00, 0x08, 0x80, 0x00, 0x00, 0x02, 0x00,
    0x02, 0x00, 0x0D, 0x30, 0x00, 0x10, 0x00, 0x10, 0x80, 0x40, 0x80, 0x40, 0xA1, 0x40, 0x92, 0x40,
    0xD2, 0xC0, 0x10, 0x00, 0x10, 0x80, 0x00, 0x00, 0x42, 0x00, 0x00, 0x00, 0x00, 0x80, 0x63, 0x00,
    0x42, 0x00, 0x32, 0x00, 0x12, 0x00, 0x21, 0x00, 0x00, 0x00, 0x00, 0x00, 0x88, 0x00, 0x84, 0x00,
    0x40, 0x00, 0x40, 0x00, 0x40, 0x00, 0x48, 0xC0, 0x48, 0x88, 0x49, 0x20, 0x49, 0x08, 0x48, 0x08,
    0x48, 0x08, 0x48, 0x08, 0x48, 0x08, 0x40, 0x08, 0x40, 0x08, 0x40, 0x28, 0x84, 0x40, 0x88, 0x30,
    0x00, 0x00, 0x00, 0x00, 0x00, 0x00, 0x00, 0x00, 0x00, 0x00, 0x01, 0x00, 0x00, 0x00, 0x0C, 0x20,
    0x01, 0x00, 0x80, 0x00, 0x4F, 0x80, 0x80, 0x00, 0x4F, 0x20, 0x08, 0x20, 0x00, 0x00, 0x01, 0x00,
    0x00, 0x00, 0x00, 0x00, 0x00, 0x00, 0x00, 0x00, 0x0C, 0x00, 0x00, 0x00, 0x00, 0x00, 0x0C, 0x00,
    0x0C, 0x00, 0x03, 0x00, 0x40, 0x00, 0x9E, 0x00, 0x1C, 0x00, 0x8D, 0x80, 0x8C, 0x00, 0x8C, 0x00,
    0x8C, 0x00, 0x88, 0x00, 0x88, 0x00, 0x8C, 0x00, 0x8E, 0x00, 0x8E, 0x00, 0x8E, 0x00, 0x1C, 0x00,
    0x9E, 0x00, 0x40, 0x00, 0x24, 0x00, 0x0C, 0x00, 0x0C, 0x00, 0x00, 0x00, 0x09, 0x00, 0x00, 0x00,
    0x10, 0x80, 0x10, 0x80, 0x06, 0x00, 0x16, 0x80, 0x80, 0x10, 0xE0, 0x70, 0xE6, 0x70, 0x80, 0x10,
    0x29, 0x40, 0x09, 0x00, 0x00, 0x00, 0x49, 0x20, 0x80, 0x10, 0x80, 0x10, 0x80, 0x10, 0x1C, 0x00,
    0x00, 0x40, 0x0E, 0x20, 0x01, 0x00, 0x61, 0x00, 0x00, 0x00, 0x80, 0x10, 0xF8, 0x30, 0x08, 0x80,
    0x20, 0x00, 0x80, 0x10, 0x87, 0xF0, 0x08, 0x00, 0x40, 0x60, 0x08, 0x00, 0x4F, 0x00, 0x20, 0x00,
    0x13, 0x80, 0x0C, 0x00, 0x0C, 0x00, 0x03, 0x00, 0x40, 0x00, 0x9E, 0x00, 0x1C, 0x00, 0x8D, 0x80,
    0x8C, 0x00, 0x8C, 0x00, 0x8C, 0x00, 0x8C, 0x00, 0x8C, 0x00, 0x8C, 0x00, 0x8C, 0x00, 0x8C, 0x00,
    0x8D, 0xC0, 0x1C, 0x00, 0x80, 0x40, 0x00, 0x00, 0x13, 0x00, 0x0C, 0x00, 0x0C, 0x00, 0x80, 0x40,
    0x7F, 0x80, 0x00, 0x00, 0x80, 0x40, 0x80, 0x40, 0x80, 0x40, 0x92, 0x40, 0x12, 0x00, 0x12, 0x00,
    0x12, 0x00, 0x12, 0x00, 0x12, 0x00, 0x12, 0x00, 0x12, 0x00, 0x12, 0x00, 0x21, 0x00, 0x00, 0x00,
    0x00, 0x00, 0xFF, 0xC0, 0x00, 0x00, 0xF0, 0xC0, 0x04, 0x00, 0x84, 0x40, 0x00, 0x00, 0x00, 0x00,
    0x04, 0x80, 0x71, 0x00, 0x01, 0x00, 0x02, 0x00, 0x12, 0x00, 0x00, 0x00, 0x00, 0x00, 0x04, 0x80,
    0x04, 0xE0, 0x02, 0x20, 0x00, 0x20, 0x00, 0x00, 0x00, 0x00, 0x66, 0x00, 0x20, 0x00, 0x20, 0x00,
    0x22, 0x00, 0x21, 0x00, 0x41, 0x00, 0x80, 0x00, 0x24, 0x00, 0x21, 0x00, 0xC6, 0x00, 0x80, 0x00,
    0x60, 0xC0, 0x21, 0x00, 0x65, 0x20, 0x00, 0x40, 0x00, 0x00, 0x00, 0x00, 0x00, 0x00, 0x00, 0x00,
    0x00, 0x00, 0x09, 0x00, 0x20, 0x40, 0x00, 0x00, 0x50, 0xA0, 0x10, 0x80, 0x10, 0x80, 0x10, 0x80,
    0x10, 0x80, 0x10, 0x80, 0x10, 0x80, 0x10, 0x80, 0x89, 0x10, 0x89, 0x10, 0x01, 0x00, 0x00, 0x40,
    0x0C, 0x20, 0x01, 0x20, 0x00, 0x20, 0x00, 0xA0, 0x00, 0x20, 0x01, 0x20, 0x88, 0x20, 0x80, 0x00,
    0x81, 0x00, 0x00, 0x00, 0xC7, 0x00, 0x80, 0x80, 0x00, 0x00, 0x0C, 0x00, 0x00, 0x00, 0x00, 0x00,
    0x06, 0x00, 0x06, 0x00, 0x06, 0x00, 0x00, 0x00, 0x20, 0x20, 0x06, 0x20, 0x06, 0x80, 0x96, 0x00,
    0x96, 0x00, 0x96, 0x00, 0x90, 0x00, 0x90, 0x00, 0x90, 0x00, 0x90, 0x00, 0x90, 0x00, 0x90, 0x00,
    0x90, 0x00, 0x40, 0x00, 0x00, 0x00, 0x00, 0x00, 0x00, 0x00, 0x12, 0x80, 0x12, 0x80, 0x12, 0x80,
    0x80, 0x00, 0x80, 0x40, 0xD1, 0x40, 0x11, 0x00, 0x10, 0x20, 0x10, 0x20, 0x11, 0x00, 0x13, 0x00,
    0x00, 0x80, 0x00, 0x40, 0x10, 0x20, 0x10, 0x20, 0x10, 0xA0, 0x10, 0xA0, 0x10, 0x20, 0xD0, 0x20,
    0x80, 0x00, 0x80, 0x00, 0x12, 0x80, 0x12, 0x80, 0x12, 0x80, 0x07, 0x00, 0x40, 0x00, 0x82, 0x00,
    0x12, 0x00, 0x81, 0x80, 0x80, 0x00, 0x80, 0x00, 0x80, 0x00, 0x81, 0x80, 0x10, 0x00, 0x80, 0x00,
    0x00, 0x00, 0x13, 0x00, 0x00, 0x00, 0x00, 0x00, 0x00, 0x00, 0x00, 0x00, 0x00, 0x00, 0x00, 0x00,
    0x00, 0x00, 0x00, 0x00, 0x00, 0x00, 0x00, 0x00, 0x00, 0x00, 0x48, 0x00, 0x00, 0x48, 0x00, 0x81,
    0x81, 0x81, 0x81, 0x81, 0x81, 0x81, 0x81, 0x29, 0x40, 0x29, 0x40, 0x29, 0x40, 0x29, 0x40, 0x6F,
    0x60, 0x80, 0x10, 0x80, 0x10, 0x29, 0x40, 0x29, 0x40, 0x29, 0x40, 0x29, 0x40, 0x29, 0x40, 0x80,
    0x10, 0x80, 0x10, 0x29, 0x40, 0x29, 0x40, 0x29, 0x40, 0x29, 0x40, 0x0C, 0x00, 0x00, 0x00, 0x00,
    0x00, 0x00, 0x00, 0x21, 0x40, 0x40, 0x40, 0x02, 0x40, 0x8C, 0x40, 0x8D, 0xC0, 0x1C, 0x00, 0x04,
    0x00, 0x00, 0x00, 0x01, 0x00, 0x00, 0x80, 0x08, 0x00, 0x0C, 0x40, 0x8C, 0x40, 0x8C, 0x40, 0x80,
    0x00, 0x90, 0x80, 0xE3, 0x00, 0x00, 0x00, 0x00, 0x00, 0x00, 0x00, 0x48, 0x80, 0x00, 0xA0, 0xA0,
    0x20, 0xA0, 0x00, 0xA0, 0x00, 0xA1, 0x40, 0xA1, 0x40, 0x01, 0x80, 0x38, 0x00, 0x01, 0x20, 0x18,
    0x00, 0x28, 0x50, 0x28, 0x50, 0x00, 0x50, 0x00, 0x50, 0x40, 0x50, 0x50, 0x00, 0x11, 0x20, 0x12,
    0x00, 0x01, 0x00, 0x44, 0x00, 0x10, 0x00, 0x10, 0x00, 0x54, 0x00, 0x49, 0x00, 0x00, 0x00, 0x20,
    0x00, 0x00, 0x00, 0x02, 0xA0, 0x89, 0x00, 0x80, 0x40, 0xA4, 0x40, 0x80, 0x00, 0x10, 0x00, 0x40,
    0x40, 0x25, 0x20, 0x00, 0x90, 0x90, 0x90, 0x90, 0x90, 0x00, 0x00, 0x00, 0x02, 0x00, 0x05, 0x00,
    0x01, 0x00, 0x12, 0x00, 0x24, 0x00, 0x00, 0x00, 0x48, 0x00, 0x40, 0x00, 0x10, 0x00, 0x10, 0x00,
    0x10, 0x00, 0x80, 0x00, 0x80, 0x00, 0x80, 0x00, 0x00, 0x00, 0x10, 0x00, 0x10, 0x00, 0x40, 0x00,
    0x40, 0x00, 0x08, 0x00, 0x24, 0x00, 0x00, 0x00, 0x01, 0x00, 0x01, 0x00, 0x02, 0x00, 0x20, 0x00,
    0x50, 0x00, 0x40, 0x00, 0x24, 0x00, 0x12, 0x00, 0x00, 0x00, 0x09, 0x00, 0x01, 0x00, 0x04, 0x00,
    0x04, 0x00, 0x04, 0x00, 0x00, 0x80, 0x00, 0x80, 0x00, 0x80, 0x00, 0x00, 0x04, 0x00, 0x04, 0x00,
    0x01, 0x00, 0x01, 0x00, 0x08, 0x00, 0x12, 0x00, 0x00, 0x00, 0x40, 0x00, 0x40, 0x00, 0x20, 0x00,
    0x00, 0x00, 0x00, 0x00, 0x00, 0x00, 0x59, 0xA0, 0x00, 0x00, 0x10, 0x80, 0x00, 0x00, 0x06, 0x00,
    0x20, 0x40, 0x19, 0x80, 0x00, 0x00, 0x00, 0x00, 0x00, 0x00, 0x00, 0x00, 0x00, 0x00, 0x80, 0x40,
    0x80, 0x40, 0x00, 0x00, 0x00, 0x00, 0x00, 0x00, 0x0C, 0x00, 0x30, 0x00, 0x00, 0x00, 0x40, 0x28,
    0x08, 0x50, 0x80, 0x60, 0x00, 0x00, 0x00, 0x80, 0x40, 0x80, 0x40, 0x30, 0x00, 0x00, 0x00, 0x48,
    0x00, 0x40, 0x02, 0x00, 0x02, 0x00, 0x00, 0x80, 0x00, 0x80, 0x04, 0x00, 0x04, 0x00, 0x01, 0x00,
    0x08, 0x00, 0x08, 0x00, 0x02, 0x00, 0x02, 0x00, 0x10, 0x00, 0x10, 0x00, 0x04, 0x00, 0x04, 0x00,
    0x20, 0x00, 0x08, 0x00, 0x08, 0x00, 0x40, 0x00, 0x40, 0x00, 0x10, 0x00, 0x10, 0x00, 0x80, 0x00,
    0x33, 0x00, 0x40, 0x80, 0x0C, 0x00, 0x80, 0x40, 0x80, 0x40, 0x80, 0x40, 0x80, 0x40, 0x84, 0x40,
    0x88, 0x40, 0x84, 0x40, 0x88, 0x40, 0x80, 0x40, 0x80, 0x40, 0x80, 0x40, 0x80, 0x40, 0x0C, 0x00,
    0x40, 0x80, 0x33, 0x00, 0x09, 0x00, 0x11, 0x00, 0x21, 0x00, 0x51, 0x00, 0x61, 0x00, 0x01, 0x00,
    0x01, 0x00, 0x01, 0x00, 0x01, 0x00, 0x01, 0x00, 0x01, 0x00, 0x01, 0x00, 0x01, 0x00, 0x01, 0x00,
    0x01, 0x00, 0x09, 0x00, 0x00, 0x00, 0x00, 0x00, 0x12, 0x00, 0x40, 0x80, 0x0C, 0x00, 0x92, 0x40,
    0xE0, 0x40, 0x00, 0x40, 0x00, 0x40, 0x02, 0x00, 0x04, 0x80, 0x09, 0x00, 0x12, 0x00, 0x24, 0x00,
    0x48, 0x00, 0x40, 0x00, 0x11, 0x40, 0x11, 0x40, 0x80, 0x40, 0x80, 0x40, 0x12, 0x00, 0x00, 0x80,
    0x0C, 0x00, 0x12, 0x00, 0x60, 0x40, 0x00, 0x40, 0x02, 0x00, 0x04, 0x80, 0x01, 0x00, 0x00, 0x00,
    0x02, 0x00, 0x00, 0x40, 0x01, 0x40, 0xE1, 0x40, 0x80, 0x40, 0x0C, 0x00, 0x40, 0x80, 0x33, 0x00,
    0x04, 0x00, 0x01, 0x00, 0x08, 0x00, 0x0A, 0x00, 0x00, 0x00, 0x14, 0x00, 0x00, 0x00, 0x20, 0x00,
    0x08, 0x80, 0x40, 0x80, 0x10, 0x80, 0x80, 0x80, 0x80, 0x40, 0x80, 0x40, 0x7C, 0x80, 0x00, 0x80,
    0x08, 0x40, 0x08, 0x40, 0x00, 0x00, 0x00, 0x00, 0x12, 0x00, 0x10, 0x00, 0x10, 0x00, 0x10, 0x00,
    0x02, 0x00, 0x00, 0x80, 0x0C, 0x00, 0x12, 0x40, 0x00, 0x40, 0x00, 0x40, 0x00, 0x40, 0x60, 0x40,
    0x92, 0x40, 0x0C, 0x00, 0x40, 0x80, 0x12, 0x00, 0x08, 0x00, 0x02, 0x00, 0x10, 0x00, 0x04, 0x00,
    0x20, 0x00, 0x08, 0x00, 0x48, 0x00, 0x48, 0x00, 0x00, 0x80, 0x92, 0x00, 0x80, 0x40, 0x80, 0x40,
    0x80, 0x40, 0x80, 0x40, 0x92, 0x40, 0x0C, 0x00, 0x40, 0x80, 0x12, 0x00, 0x80, 0x40, 0x80, 0x40,
    0xA2, 0x40, 0xA2, 0x00, 0x00, 0x00, 0x00, 0x80, 0x04, 0x00, 0x04, 0x00, 0x01, 0x00, 0x01, 0x00,
    0x08, 0x00, 0x00, 0x00, 0x02, 0x00, 0x10, 0x00, 0x10, 0x00, 0x04, 0x00, 0x04, 0x00, 0x20, 0x00,
    0x12, 0x00, 0x40, 0x80, 0x0C, 0x00, 0x12, 0x00, 0x12, 0x00, 0x12, 0x00, 0x40, 0x80, 0x00, 0x00,
    0x00, 0x00, 0x21, 0x00, 0x4C, 0x80, 0x12, 0x00, 0x80, 0x40, 0x80, 0x40, 0x80, 0x40, 0x0C, 0x00,
    0x40, 0x80, 0x33, 0x00, 0x12, 0x00, 0x40, 0x80, 0x0C, 0x00, 0x92, 0x40, 0x80, 0x40, 0x80, 0x40,
    0x80, 0x40, 0x80, 0x40, 0x12, 0x40, 0x40, 0x00, 0x04, 0x80, 0x04, 0x80, 0x04, 0x00, 0x01, 0x00,
    0x08, 0x00, 0x02, 0x00, 0x10, 0x00, 0x04, 0x00, 0x48, 0x00, 0x00, 0x00, 0x30, 0x00, 0x00, 0x00,
    0x30, 0x00, 0x00, 0x00, 0x48, 0x48, 0x00, 0x00, 0x00, 0x30, 0x00, 0x00, 0x00, 0x30, 0x00, 0x00,
    0x00, 0x40, 0x28, 0x08, 0x50, 0x80, 0x60, 0x00, 0x00, 0x80, 0x02, 0x40, 0x04, 0x80, 0x11, 0x00,
    0x24, 0x00, 0x88, 0x00, 0xA0, 0x00, 0x90, 0x00, 0x44, 0x00, 0x12, 0x00, 0x08, 0x80, 0x02, 0x40,
    0x00, 0x00, 0x00, 0x00, 0x00, 0x00, 0x80, 0x40, 0x80, 0x40, 0x00, 0x00, 0x00, 0x00, 0x80, 0x40,
    0x80, 0x40, 0x20, 0x00, 0x48, 0x00, 0x24, 0x00, 0x11, 0x00, 0x04, 0x80, 0x02, 0x20, 0x00, 0xA0,
    0x01, 0x20, 0x04, 0x40, 0x09, 0x00, 0x22, 0x00, 0x48, 0x00, 0x00, 0x00, 0x00, 0x00, 0x33, 0x00,
    0x40, 0x80, 0x0C, 0x00, 0x80, 0x40, 0x60, 0x40, 0x02, 0x00, 0x00, 0x00, 0x04, 0x80, 0x09, 0x00,
    0x00, 0x00, 0x02, 0x00, 0x00, 0x00, 0x00, 0x00, 0x00, 0x00, 0x12, 0x00, 0x00, 0x00, 0x00, 0x00,
    0x12, 0x00, 0x12, 0x00, 0x40, 0x00, 0x1E, 0x00, 0x00, 0x00, 0xA1, 0x40, 0xA4, 0x40, 0xA8, 0x40,
    0xA1, 0x40, 0xA1, 0x40, 0xA1, 0x40, 0xA1, 0x40, 0xA1, 0x40, 0xA1, 0x40, 0xA1, 0x40, 0xA1, 0x00,
    0xA8, 0x00, 0xA7, 0x00, 0x10, 0x00, 0x40, 0x00, 0x20, 0x00, 0x00, 0x00, 0x09, 0x00, 0x09, 0x00,
    0x00, 0x00, 0x00, 0x00, 0x10, 0x00, 0x16, 0x80, 0x16, 0x80, 0x06, 0x00, 0x00, 0x00, 0x00, 0x00,
    0x20, 0x40, 0x20, 0x40, 0x09, 0x40, 0x09, 0x00, 0x09, 0x00, 0x49, 0x20, 0x00, 0x00, 0x00, 0x00,
    0x01, 0x00, 0x00, 0x00, 0x4A, 0x40, 0x41, 0x00, 0x41, 0x00, 0x41, 0x00, 0x41, 0x00, 0x4A, 0x40,
    0x40, 0x80, 0x40, 0x40, 0x41, 0x00, 0x40, 0x20, 0x40, 0xA0, 0x40, 0x20, 0x40, 0x20, 0x4A, 0x00,
    0x00, 0x40, 0x01, 0x00, 0x25, 0x40, 0x40, 0x40, 0x0E, 0x40, 0x80, 0x40, 0x81, 0xC0, 0x80, 0x00,
    0x80, 0x00, 0x80, 0x00, 0x80, 0x00, 0x80, 0x00, 0x80, 0x00, 0x80, 0x00, 0x80, 0x00, 0x81, 0x80,
    0x82, 0x40, 0x0C, 0x00, 0x40, 0x80, 0x32, 0x00, 0x03, 0x00, 0x00, 0x00, 0x4E, 0x00, 0x41, 0x20,
    0x40, 0x20, 0x40, 0x20, 0x40, 0x20, 0x40, 0x20, 0x40, 0x20, 0x40, 0x20, 0x40, 0x20, 0x40, 0x20,
    0x40, 0x20, 0x40, 0x20, 0x41, 0x20, 0x4E, 0x00, 0x00, 0x00, 0x03, 0x00, 0x00, 0x20, 0x00, 0x20,
    0x48, 0xA0, 0x08, 0xA0, 0x08, 0x00, 0x08, 0x00, 0x08, 0x00, 0x0F, 0x00, 0x00, 0x80, 0x00, 0x80,
    0x08, 0x00, 0x08, 0x00, 0x08, 0x00, 0x08, 0x00, 0x08, 0xA0, 0x48, 0xA0, 0x00, 0x20, 0x00, 0x20,
    0x80, 0x40, 0x80, 0x40, 0x41, 0x40, 0x41, 0x40, 0x40, 0x00, 0x40, 0x00, 0x40, 0x00, 0x4E, 0x00,
    0x41, 0x00, 0x41, 0x00, 0x40, 0x00, 0x40, 0x00, 0x40, 0x00, 0x40, 0x00, 0x40, 0x00, 0x40, 0x00,
    0x84, 0x00, 0x84, 0x00, 0x25, 0x40, 0x40, 0x40, 0x0E, 0x40, 0x80, 0x40, 0x81, 0xC0, 0x80, 0x00,
    0x80, 0x00, 0x80, 0x00, 0x80, 0x40, 0x80, 0x40, 0x86, 0x40, 0x80, 0x40, 0x80, 0x40, 0x80, 0x40,
    0x82, 0x40, 0x12, 0x40, 0x42, 0x40, 0x24, 0x40, 0x00, 0x00, 0x00, 0x00, 0x49, 0x20, 0x40, 0x20,
    0x40, 0x20, 0x40, 0x20, 0x40, 0x20, 0x4F, 0x20, 0x40, 0x20, 0x40, 0x20, 0x40, 0x20, 0x40, 0x20,
    0x40, 0x20, 0x40, 0x20, 0x40, 0x20, 0x49, 0x20, 0x00, 0x00, 0x00, 0x00, 0x00, 0x00, 0x00, 0x00,
    0x12, 0x00, 0x00, 0x00, 0x00, 0x00, 0x00, 0x00, 0x00, 0x00, 0x00, 0x00, 0x00, 0x00, 0x00, 0x00,
    0x00, 0x00, 0x00, 0x00, 0x00, 0x00, 0x00, 0x00, 0x00, 0x00, 0x12, 0x00, 0x00, 0x00, 0x00, 0x00,
    0x10, 0x80, 0x10, 0x80, 0x00, 0x80, 0x00, 0x80, 0x00, 0x80, 0x00, 0x80, 0x00, 0x80, 0x00, 0x80,
    0x00, 0x80, 0x00, 0x80, 0x00, 0x80, 0x00, 0x80, 0x00, 0x80, 0xE0, 0x80, 0x80, 0x80, 0x9C, 0x00,
    0x41, 0x00, 0x22, 0x00, 0x08, 0x00, 0x0A, 0x00, 0x90, 0x80, 0x14, 0x00, 0x11, 0x00, 0x18, 0x00,
    0x12, 0x00, 0x00, 0x00, 0x04, 0x00, 0x00, 0x00, 0x02, 0x00, 0x18, 0x00, 0x11, 0x00, 0x14, 0x00,
    0x10, 0x80, 0x92, 0x00, 0x0A, 0x00, 0x08, 0x00, 0x84, 0x00, 0x84, 0x00, 0x40, 0x00, 0x40, 0x00,
    0x40, 0x00, 0x40, 0x00, 0x40, 0x00, 0x40, 0x00, 0x40, 0x00, 0x40, 0x00, 0x40, 0x00, 0x40, 0x00,
    0x40, 0x00, 0x40, 0x00, 0x41, 0x40, 0x41, 0x40, 0x80, 0x40, 0x80, 0x40, 0x80, 0x10, 0x80, 0x10,
    0x09, 0x00, 0x09, 0x00, 0x00, 0x00, 0x10, 0x80, 0x16, 0x80, 0x16, 0x80, 0x00, 0x00, 0x19, 0x80,
    0x19, 0x80, 0x10, 0x80, 0x16, 0x80, 0x10, 0x80, 0x10, 0x80, 0x10, 0x80, 0x80, 0x10, 0x80, 0x10,
    0x00, 0x00, 0x08, 0x00, 0x41, 0x20, 0x40, 0x20, 0x44, 0x20, 0x40, 0x20, 0x48, 0x20, 0x4A, 0x20,
    0x42, 0x20, 0x44, 0x20, 0x45, 0x20, 0x41, 0x20, 0x40, 0x20, 0x42, 0x20, 0x40, 0x20, 0x48, 0x20,
    0x01, 0x20, 0x01, 0x20, 0x33, 0x00, 0x40, 0x80, 0x0C, 0x00, 0x80, 0x40, 0x80, 0x40, 0x80, 0x40,
    0x80, 0x40, 0x80, 0x40, 0x80, 0x40, 0x80, 0x40, 0x80, 0x40, 0x80, 0x40, 0x80, 0x40, 0x80, 0x40,
    0x80, 0x40, 0x0C, 0x00, 0x40, 0x80, 0x33, 0x00, 0x03, 0x00, 0x00, 0x80, 0x94, 0x00, 0x10, 0x40,
    0x10, 0x40, 0x11, 0x40, 0x10, 0x40, 0x10, 0x40, 0x1C, 0x00, 0x00, 0x80, 0x03, 0x00, 0x10, 0x00,
    0x10, 0x00, 0x10, 0x00, 0x10, 0x00, 0x90, 0x00, 0x00, 0x00, 0x00, 0x00, 0x12, 0x00, 0x40, 0x80,
    0x0C, 0x00, 0x80, 0x40, 0x80, 0x40, 0x80, 0x40, 0x80, 0x40, 0x80, 0x40, 0x80, 0x40, 0x80, 0x40,
    0x80, 0x40, 0x80, 0x40, 0x80, 0x40, 0x80, 0x40, 0x80, 0x40, 0x12, 0x00, 0x40, 0x00, 0x00, 0x00,
    0x12, 0x00, 0x02, 0x00, 0x09, 0x00, 0x00, 0x00, 0x02, 0x00, 0x01, 0x00, 0x00, 0x40, 0x4A, 0x00,
    0x40, 0x20, 0x40, 0x20, 0x40, 0x20, 0x40, 0x20, 0x40, 0x20, 0x4E, 0x00, 0x40, 0x40, 0x40, 0x80,
    0x44, 0x80, 0x40, 0x80, 0x42, 0x00, 0x40, 0x40, 0x49, 0x00, 0x01, 0x10, 0x00, 0x10, 0x25, 0x40,
    0x40, 0x40, 0x0E, 0x40, 0x90, 0x40, 0x81, 0xC0, 0x80, 0x00, 0x10, 0x00, 0x48, 0x00, 0x22, 0x00,
    0x11, 0x00, 0x04, 0x80, 0x02, 0x00, 0x00, 0x40, 0xE0, 0x40, 0x80, 0x40, 0x9C, 0x00, 0x80, 0x80,
    0xA9, 0x00, 0x80, 0x40, 0x80, 0x40, 0xB3, 0x40, 0xA1, 0x40, 0x00, 0x00, 0x00, 0x00, 0x00, 0x00,
    0x00, 0x00, 0x00, 0x00, 0x00, 0x00, 0x00, 0x00, 0x00, 0x00, 0x00, 0x00, 0x00, 0x00, 0x00, 0x00,
    0x12, 0x00, 0x00, 0x00, 0x00, 0x00, 0x00, 0x00, 0x00, 0x00, 0x49, 0x20, 0x40, 0x20, 0x40, 0x20,
    0x40, 0x20, 0x40, 0x20, 0x40, 0x20, 0x40, 0x20, 0x40, 0x20, 0x40, 0x20, 0x40, 0x20, 0x40, 0x20,
    0x40, 0x20, 0x09, 0x00, 0x06, 0x00, 0x20, 0x40, 0x09, 0x00, 0x80, 0x10, 0x80, 0x10, 0x49, 0x20,
    0x09, 0x00, 0x09, 0x00, 0x09, 0x00, 0x29, 0x40, 0x20, 0x40, 0x00, 0x00, 0x00, 0x00, 0x06, 0x00,
    0x16, 0x80, 0x16, 0x80, 0x10, 0x80, 0x00, 0x00, 0x00, 0x00, 0x09, 0x00, 0x09, 0x00, 0x80, 0x10,
    0x80, 0x10, 0x10, 0x80, 0x00, 0x00, 0x50, 0xA0, 0x50, 0xA0, 0x50, 0xA0, 0x59, 0xA0, 0x59, 0xA0,
    0x19, 0x80, 0x1F, 0x80, 0x16, 0x80, 0x06, 0x00, 0x26, 0x40, 0x20, 0x40, 0x20, 0x40, 0x20, 0x40,
    0x29, 0x40, 0x00, 0x00, 0x00, 0x00, 0x00, 0x00, 0x20, 0x40, 0x06, 0x00, 0x10, 0x80, 0x00, 0x00,
    0x09, 0x00, 0x09, 0x00, 0x09, 0x00, 0x09, 0x00, 0x00, 0x00, 0x10, 0x80, 0x06, 0x00, 0x20, 0x40,
    0x00, 0x00, 0x00, 0x00, 0x00, 0x00, 0x00, 0x00, 0x00, 0x00, 0x49, 0x20, 0x20, 0x40, 0x20, 0x40,
    0x06, 0x00, 0x16, 0x80, 0x10, 0x80, 0x00, 0x00, 0x09, 0x00, 0x09, 0x00, 0x00, 0x00, 0x00, 0x00,
    0x00, 0x00, 0x00, 0x00, 0x09, 0x00, 0x00, 0x00, 0x00, 0x00, 0x80, 0x40, 0x80, 0x40, 0xA2, 0x40,
    0xA0, 0x00, 0x04, 0x80, 0x00, 0x00, 0x09, 0x00, 0x08, 0x00, 0x02, 0x00, 0x10, 0x00, 0x04, 0x00,
    0x24, 0x00, 0x00, 0x00, 0x48, 0x00, 0x01, 0x40, 0x91, 0x40, 0x80, 0x40, 0x80, 0x40, 0x01, 0x01,
    0x10, 0x10, 0x10, 0x10, 0x10, 0x10, 0x10, 0x10, 0x10, 0x10, 0x10, 0x10, 0x10, 0x10, 0x10, 0x10,
    0x10, 0x10, 0x10, 0x10, 0x01, 0x01, 0x80, 0x00, 0x10, 0x00, 0x10, 0x00, 0x40, 0x00, 0x40, 0x00,
    0x08, 0x00, 0x08, 0x00, 0x20, 0x00, 0x04, 0x00, 0x04, 0x00, 0x10, 0x00, 0x10, 0x00, 0x02, 0x00,
    0x02, 0x00, 0x08, 0x00, 0x08, 0x00, 0x01, 0x00, 0x04, 0x00, 0x04, 0x00, 0x00, 0x80, 0x00, 0x80,
    0x02, 0x00, 0x02, 0x00, 0x00, 0x40, 0x80, 0x80, 0x08, 0x08, 0x08, 0x08, 0x08, 0x08, 0x08, 0x08,
    0x08, 0x08, 0x08, 0x08, 0x08, 0x08, 0x08, 0x08, 0x08, 0x08, 0x08, 0x08, 0x80, 0x80, 0x09, 0x00,
    0x10, 0x80, 0x06, 0x00, 0x20, 0x40, 0x49, 0x20, 0x00, 0x00, 0x10, 0x80, 0x00, 0x00, 0x00, 0x30,
    0x40, 0x00, 0x24, 0x12, 0x08, 0x04, 0x33, 0x00, 0x40, 0x80, 0x1C, 0x00, 0xE0, 0x40, 0x00, 0x40,
    0x10, 0x40, 0x40, 0x40, 0x0E, 0x40, 0x80, 0x40, 0x82, 0x40, 0x9C, 0x40, 0x02, 0x00, 0x24, 0x00,
    0x00, 0x00, 0x00, 0x00, 0x40, 0x00, 0x40, 0x00, 0x40, 0x00, 0x44, 0x80, 0x48, 0x40, 0x47, 0x00,
    0x48, 0x20, 0x40, 0x20, 0x40, 0x20, 0x40, 0x20, 0x40, 0x20, 0x40, 0x20, 0x48, 0x20, 0x46, 0x00,
    0x08, 0x40, 0x04, 0x80, 0x25, 0x40, 0x40, 0x40, 0x0E, 0x40, 0x80, 0x40, 0x81, 0xC0, 0x80, 0x00,
    0x80, 0x00, 0x80, 0x00, 0x81, 0xC0, 0x82, 0x40, 0x0C, 0x00, 0x40, 0x80, 0x32, 0x00, 0x00, 0x40,
    0x00, 0x40, 0x02, 0x40, 0x00, 0x40, 0x00, 0x40, 0x24, 0x40, 0x42, 0x40, 0x0C, 0x40, 0x82, 0x40,
    0x80, 0x40, 0x80, 0x40, 0x80, 0x40, 0x80, 0x40, 0x80, 0x40, 0x82, 0x40, 0x0C, 0x40, 0x42, 0x00,
    0x24, 0x00, 0x33, 0x00, 0x40, 0x80, 0x0C, 0x00, 0x80, 0x40, 0x80, 0x40, 0x80, 0x40, 0x80, 0x40,
    0x80, 0x00, 0x80, 0x00, 0x80, 0x40, 0x0E, 0x00, 0x40, 0x80, 0x33, 0x00, 0x0D, 0x80, 0x10, 0x40,
    0x12, 0x40, 0x05, 0xC0, 0x04, 0x00, 0x04, 0x00, 0x80, 0x00, 0x80, 0x00, 0x04, 0x00, 0x04, 0x00,
    0x04, 0x00, 0x04, 0x00, 0x04, 0x00, 0x04, 0x00, 0x04, 0x00, 0x04, 0x00, 0x00, 0x00, 0x00, 0x00,
    0x24, 0x00, 0x42, 0x00, 0x0C, 0x40, 0x92, 0x40, 0x80, 0x40, 0x80, 0x40, 0x80, 0x40, 0x80, 0x40,
    0x80, 0x40, 0x82, 0x40, 0x1C, 0x40, 0x42, 0x40, 0x24, 0x40, 0x00, 0x40, 0x62, 0x00, 0x1C, 0x00,
    0x40, 0x80, 0x32, 0x00, 0x00, 0x00, 0x00, 0x00, 0x40, 0x00, 0x40, 0x00, 0x40, 0x00, 0x44, 0x80,
    0x48, 0x40, 0x46, 0x00, 0x49, 0x00, 0x40, 0x20, 0x40, 0x20, 0x40, 0x20, 0x40, 0x20, 0x40, 0x20,
    0x40, 0x20, 0x49, 0x20, 0x00, 0x00, 0x00, 0x00, 0x02, 0x00, 0x10, 0x00, 0x10, 0x00, 0x0A, 0x00,
    0x00, 0x00, 0x42, 0x00, 0x42, 0x00, 0x12, 0x00, 0x02, 0x00, 0x02, 0x00, 0x02, 0x00, 0x02, 0x00,
    0x02, 0x00, 0x02, 0x00, 0x02, 0x00, 0x12, 0x00, 0x00, 0x00, 0x00, 0x00, 0x02, 0x80, 0x04, 0x00,
    0x04, 0x00, 0x02, 0x80, 0x00, 0x00, 0x10, 0x80, 0x10, 0x80, 0x00, 0x80, 0x02, 0x80, 0x02, 0x80,
    0x02, 0x80, 0x02, 0x80, 0x02, 0x80, 0x02, 0x80, 0x02, 0x80, 0x02, 0x80, 0x02, 0x80, 0x02, 0x80,
    0x00, 0x80, 0xA0, 0x80, 0x9C, 0x80, 0x01, 0x00, 0x22, 0x00, 0x10, 0x00, 0x10, 0x00, 0x90, 0x00,
    0x10, 0x00, 0x10, 0x00, 0x10, 0x00, 0x12, 0x00, 0x14, 0x80, 0x11, 0x00, 0x18, 0x00, 0x00, 0x00,
    0x00, 0x00, 0x00, 0x00, 0x09, 0x00, 0x14, 0x00, 0x90, 0x80, 0x0A, 0x00, 0x08, 0x00, 0x42, 0x00,
    0x42, 0x00, 0x12, 0x00, 0x02, 0x00, 0x02, 0x00, 0x02, 0x00, 0x02, 0x00, 0x02, 0x00, 0x02, 0x00,
    0x02, 0x00, 0x02, 0x00, 0x02, 0x00, 0x02, 0x00, 0x02, 0x00, 0x02, 0x00, 0x12, 0x00, 0x00, 0x00,
    0x00, 0x00, 0x90, 0x40, 0x80, 0x20, 0x19, 0x80, 0x00, 0x00, 0x00, 0x00, 0x00, 0x00, 0x00, 0x00,
    0x00, 0x00, 0x00, 0x00, 0x00, 0x00, 0x00, 0x00, 0x80, 0x10, 0x80, 0x10, 0x04, 0x80, 0x08, 0x40,
    0x46, 0x00, 0x49, 0x00, 0x40, 0x20, 0x40, 0x20, 0x40, 0x20, 0x40, 0x20, 0x40, 0x20, 0x40, 0x20,
    0x49, 0x20, 0x00, 0x00, 0x00, 0x00, 0x33, 0x00, 0x40, 0x80, 0x0C, 0x00, 0x80, 0x40, 0x80, 0x40,
    0x80, 0x40, 0x80, 0x40, 0x80, 0x40, 0x80, 0x40, 0x80, 0x40, 0x0C, 0x00, 0x40, 0x80, 0x33, 0x00,
    0x04, 0x80, 0x08, 0x40, 0x46, 0x00, 0x48, 0x20, 0x40, 0x20, 0x40, 0x20, 0x40, 0x20, 0x40, 0x20,
    0x40, 0x20, 0x48, 0x20, 0x46, 0x00, 0x48, 0x40, 0x44, 0x80, 0x40, 0x00, 0x40, 0x00, 0x48, 0x00,
    0x04, 0x00, 0x04, 0x00, 0x24, 0x00, 0x42, 0x00, 0x0C, 0x40, 0x92, 0x40, 0x80, 0x40, 0x80, 0x40,
    0x80, 0x40, 0x80, 0x40, 0x80, 0x40, 0x82, 0x40, 0x1C, 0x40, 0x42, 0x40, 0x24, 0x40, 0x00, 0x40,
    0x00, 0x40, 0x02, 0x40, 0x04, 0x00, 0x04, 0x00, 0x82, 0x80, 0x84, 0x40, 0x26, 0x00, 0x20, 0xC0,
    0x20, 0x00, 0x20, 0x00, 0x20, 0x00, 0x20, 0x00, 0x20, 0x00, 0x20, 0x00, 0x20, 0x00, 0x80, 0x00,
    0x80, 0x00, 0x25, 0x40, 0x40, 0x40, 0x0E, 0x40, 0x10, 0x40, 0x11, 0xC0, 0x44, 0x00, 0x21, 0x00,
    0x08, 0x80, 0xE2, 0x00, 0x80, 0x40, 0x9E, 0x00, 0x80, 0x80, 0xA9, 0x00, 0x20, 0x00, 0x20, 0x00,
    0x20, 0x00, 0x20, 0x00, 0x20, 0x00, 0x00, 0x00, 0x00, 0x00, 0x24, 0x00, 0x20, 0x00, 0x20, 0x00,
    0x20, 0x00, 0x20, 0x00, 0x20, 0x00, 0x21, 0xC0, 0x05, 0x00, 0x06, 0x40, 0x10, 0x00, 0x09, 0x00,
    0x00, 0x20, 0x00, 0x20, 0x41, 0x20, 0x40, 0x20, 0x40, 0x20, 0x40, 0x20, 0x40, 0x20, 0x40, 0x20,
    0x40, 0x20, 0x09, 0x20, 0x00, 0x20, 0x21, 0x00, 0x12, 0x00, 0x80, 0x10, 0x80, 0x10, 0x49, 0x20,
    0x09, 0x00, 0x20, 0x40, 0x20, 0x40, 0x00, 0x00, 0x06, 0x00, 0x16, 0x80, 0x10, 0x80, 0x00, 0x00,
    0x00, 0x00, 0x09, 0x00, 0x80, 0x10, 0x80, 0x10, 0x10, 0x80, 0x56, 0xA0, 0x50, 0xA0, 0x59, 0xA0,
    0x19, 0x80, 0x1F, 0x80, 0x16, 0x80, 0x06, 0x00, 0x20, 0x40, 0x20, 0x40, 0x20, 0x40, 0x00, 0x00,
    0x00, 0x00, 0x26, 0x40, 0x06, 0x00, 0x10, 0x80, 0x09, 0x00, 0x09, 0x00, 0x09, 0x00, 0x10, 0x80,
    0x06, 0x00, 0x26, 0x40, 0x00, 0x00, 0x00, 0x00, 0x00, 0x00, 0x00, 0x00, 0x49, 0x20, 0x29, 0x40,
    0x20, 0x40, 0x00, 0x00, 0x04, 0x00, 0x16, 0x80, 0x12, 0x80, 0x00, 0x00, 0x00, 0x00, 0x09, 0x00,
    0x09, 0x00, 0x08, 0x00, 0x08, 0x00, 0x12, 0x00, 0x40, 0x00, 0x44, 0x00, 0x80, 0x40, 0x80, 0x40,
    0xA2, 0x00, 0xA0, 0x80, 0x05, 0x00, 0x08, 0x00, 0x12, 0x00, 0x04, 0x00, 0x28, 0x00, 0x41, 0x40,
    0x11, 0x40, 0x80, 0x40, 0x80, 0x40, 0x00, 0x00, 0x04, 0x80, 0x00, 0x80, 0x02, 0x00, 0x04, 0x00,
    0x04, 0x00, 0x04, 0x00, 0x10, 0x00, 0x12, 0x00, 0x02, 0x00, 0x10, 0x00, 0x64, 0x00, 0x08, 0x00,
    0x00, 0x00, 0x10, 0x00, 0x02, 0x00, 0x02, 0x00, 0x10, 0x00, 0x00, 0x00, 0x04, 0x00, 0x04, 0x00,
    0x04, 0x00, 0x13, 0x00, 0x08, 0x80, 0x06, 0x80, 0x60, 0x00, 0x00, 0x00, 0x00, 0x00, 0x00, 0x00,
    0x00, 0x00, 0x00, 0x00, 0x00, 0x00, 0x00, 0x00, 0x00, 0x00, 0x00, 0x00, 0x00, 0x00, 0x00, 0x00,
    0x00, 0x00, 0x90, 0x00, 0x80, 0x00, 0x20, 0x00, 0x10, 0x00, 0x10, 0x00, 0x10, 0x00, 0x04, 0x00,
    0x24, 0x00, 0x20, 0x00, 0x04, 0x00, 0x13, 0x00, 0x08, 0x00, 0x00, 0x00, 0x04, 0x00, 0x20, 0x00,
    0x20, 0x00, 0x04, 0x00, 0x00, 0x00, 0x10, 0x00, 0x10, 0x00, 0x10, 0x00, 0x64, 0x00, 0x88, 0x00,
    0xB0, 0x00, 0x08, 0x00, 0x20, 0x00, 0x02, 0x80, 0x51, 0x20, 0x04, 0x00, 0x62, 0x80, 0x48, 0x00,
    0x00, 0x48, 0x00, 0x00, 0x00, 0x00, 0x00, 0x00, 0x00, 0x00, 0x00, 0x00, 0x00, 0x00, 0x00, 0x00,
    0x00, 0x00, 0x00, 0x00, 0x00, 0x00, 0x23, 0x40, 0x00, 0x40, 0x12, 0x40, 0x8C, 0x40, 0x8D, 0x80,
    0x8C, 0x00, 0x8C, 0x00, 0x8C, 0x00, 0x8C, 0x40, 0x9E, 0x40, 0x00, 0x00, 0x00, 0x00, 0x12, 0x00,
    0x00, 0x00, 0x00, 0x00, 0x00, 0x00, 0x19, 0x00, 0x00, 0x80, 0x24, 0x00, 0x0A, 0x00, 0x08, 0x00,
    0x08, 0x00, 0x08, 0x00, 0x08, 0x00, 0x82, 0x00, 0xC6, 0x00, 0x08, 0x00, 0x08, 0x00, 0x08, 0x00,
    0x08, 0x00, 0x41, 0x40, 0x09, 0x40, 0x80, 0x40, 0x80, 0x40, 0x20, 0x40, 0x19, 0x80, 0x00, 0x00,
    0x09, 0x00, 0x00, 0x00, 0x00, 0x00, 0x00, 0x00, 0x09, 0x00, 0x00, 0x00, 0x1F, 0x80, 0x20, 0x40,
    0x00, 0x00, 0x00, 0x00, 0x49, 0x20, 0x29, 0x40, 0x20, 0x40, 0x06, 0x00, 0x16, 0x80, 0x10, 0x80,
    0x00, 0x00, 0x09, 0x00, 0x40, 0x20, 0x70, 0xE0, 0x00, 0x00, 0x40, 0x20, 0x79, 0xE0, 0x09, 0x00,
    0x00, 0x00, 0x00, 0x00, 0x60, 0x00, 0x00, 0x00, 0x00, 0x00, 0x00, 0x00, 0x00, 0x00, 0x00, 0x00,
    0x00, 0x60, 0x00, 0x00, 0x00, 0x00, 0x00, 0x00, 0x00, 0x00, 0x00, 0x00, 0x13, 0x00, 0x40, 0x80,
    0x0C, 0x00, 0x10, 0x40, 0x81, 0xC0, 0x80, 0x00, 0x10, 0x00, 0x44, 0x00, 0x41, 0x00, 0x08, 0x80,
    0x12, 0x00, 0x80, 0x40, 0x80, 0x40, 0x12, 0x00, 0x44, 0x00, 0x20, 0x80, 0x08, 0x80, 0x02, 0x00,
    0x00, 0x40, 0xE0, 0x40, 0x82, 0x00, 0x0C, 0x00, 0x40, 0x00, 0x32, 0x00, 0x21, 0x00, 0x00, 0x00,
    0x00, 0x00, 0x52, 0x80, 0x00, 0x00, 0x10, 0x80, 0x29, 0x40, 0x40, 0x20, 0x20, 0x40, 0x2A, 0xC0,
    0x26, 0xC0, 0x31, 0x40, 0x30, 0x40, 0x30, 0x40, 0x30, 0x40, 0x30, 0x40, 0x31, 0x40, 0x36, 0xC0,
    0x29, 0x40, 0x20, 0x40, 0x40, 0x20, 0x09, 0x00, 0x10, 0x80, 0x00, 0x00, 0x24, 0x00, 0xA0, 0x05,
    0x31, 0x01, 0xA5, 0x81, 0x4C, 0x00, 0x00, 0x7E, 0x81, 0x04, 0x40, 0x0A, 0x00, 0x00, 0xA0, 0x14,
    0x00, 0x20, 0x40, 0x4A, 0x80, 0x14, 0x00, 0x40, 0x80, 0x28, 0x40, 0x15, 0x00, 0x00, 0xA0, 0x0A,
    0x00, 0x04, 0x60, 0x00, 0x00, 0x80, 0x40, 0x80, 0x40, 0x00, 0x40, 0x00, 0x40, 0x00, 0x40, 0x00,
    0x40, 0x00, 0x00, 0x10, 0x80, 0x19, 0x80, 0x21, 0x40, 0x86, 0x10, 0x86, 0x10, 0xC1, 0x30, 0xC5,
    0x30, 0x83, 0x10, 0x24, 0xC0, 0x19, 0x80, 0x10, 0x80, 0x00, 0x00, 0x80, 0x40, 0x80, 0x40, 0x48,
    0x84, 0x00, 0x00, 0x84, 0x48, 0x00, 0x00, 0x00, 0x00, 0x00, 0x00, 0x00, 0x00, 0x80, 0x40, 0x80,
    0x40, 0x00, 0x00, 0x00, 0x00, 0x00, 0x00, 0x0C, 0x00, 0x00, 0x00, 0x80, 0x40, 0x80, 0x40, 0x24,
    0x00, 0x00, 0x45, 0x05, 0x00, 0x02, 0x24, 0x08, 0x50, 0x01, 0x01, 0x81, 0x24, 0x40, 0x00, 0x05,
    0x00, 0x12, 0x12, 0x00, 0x05, 0x45, 0xA5, 0x00, 0x24, 0x00, 0x0C, 0x02, 0x00, 0x24, 0x48, 0x10,
    0x20, 0x00, 0x20, 0x00, 0x20, 0x41, 0x20, 0x40, 0x20, 0x40, 0x20, 0x40, 0x20, 0x40, 0x20, 0x40,
    0x20, 0x40, 0x20, 0x49, 0x20, 0x40, 0x20, 0x41, 0x00, 0x42, 0x00, 0x40, 0x00, 0x40, 0x00, 0x40,
    0x00, 0x40, 0x00, 0x40, 0x00, 0x30, 0x40, 0x43, 0x40, 0x02, 0x40, 0x82, 0x40, 0x82, 0x40, 0x82,
    0x40, 0x02, 0x40, 0x02, 0x40, 0x42, 0x40, 0x12, 0x40, 0x0A, 0x40, 0x0A, 0x40, 0x0A, 0x40, 0x0A,
    0x40, 0x0A, 0x40, 0x0A, 0x40, 0x0A, 0x40, 0x0A, 0x40, 0x30, 0x00, 0x00, 0x00, 0x48, 0x00, 0x00,
    0x08, 0x04, 0x84, 0x88, 0x20, 0x40, 0xA0, 0x40, 0x00, 0x00, 0x00, 0x00, 0x00, 0x00, 0x00, 0x42,
    0x00, 0x24, 0x00, 0xA5, 0xA5, 0xA5, 0xA5, 0xA5, 0x00, 0x24, 0x00, 0x00, 0x7E, 0x81, 0x22, 0x00,
    0x05, 0x00, 0x50, 0x00, 0x02, 0x80, 0x20, 0x40, 0x15, 0x20, 0x02, 0x80, 0x10, 0x20, 0x21, 0x40,
    0x0A, 0x80, 0x50, 0x00, 0x45, 0x00, 0x62, 0x00, 0x00, 0x00, 0x00, 0x00, 0x38, 0x00, 0x08, 0x00,
    0x08, 0x00, 0x08, 0x00, 0x08, 0x00, 0x08, 0x00, 0x12, 0x00, 0x00, 0x00, 0x00, 0x00, 0x7F, 0x80,
    0x80, 0x40, 0x00, 0x00, 0x00, 0x00, 0x02, 0x00, 0x08, 0x00, 0x04, 0x00, 0x10, 0x00, 0x0A, 0x00,
    0x24, 0x00, 0x00, 0x00, 0x3D, 0x00, 0x05, 0x00, 0x01, 0x00, 0x00, 0x00, 0x00, 0x00, 0x38, 0x00,
    0x08, 0x00, 0x08, 0x00, 0x08, 0x00, 0x08, 0x00, 0x08, 0x00, 0x12, 0x00, 0x00, 0x00, 0x00, 0x00,
    0x7F, 0x80, 0x80, 0x40, 0x00, 0x00, 0x00, 0x00, 0x12, 0x00, 0x21, 0x00, 0x30, 0x00, 0x00, 0x00,
    0x05, 0x00, 0x0A, 0x00, 0x04, 0x00, 0x28, 0x00, 0x2C, 0x00, 0x20, 0x00, 0x12, 0x00, 0x21, 0x00,
    0x30, 0x00, 0x05, 0x00, 0x08, 0x00, 0x09, 0x00, 0x00, 0x00, 0x30, 0x00, 0x2D, 0x00, 0x12, 0x00,
    0x00, 0x00, 0x7F, 0x80, 0x80, 0x40, 0x00, 0x00, 0x00, 0x00, 0x02, 0x00, 0x08, 0x00, 0x04, 0x00,
    0x10, 0x00, 0x0A, 0x00, 0x24, 0x00, 0x00, 0x00, 0x3D, 0x00, 0x05, 0x00, 0x01, 0x00, 0x12, 0x00,
    0x00, 0x00, 0x00, 0x00, 0x12, 0x00, 0x00, 0x00, 0x00, 0x00, 0x00, 0x00, 0x10, 0x00, 0x00, 0x00,
    0x24, 0x00, 0x48, 0x00, 0x00, 0x00, 0x10, 0x00, 0x81, 0x80, 0x80, 0x40, 0x0C, 0x00, 0x40, 0x80,
    0x33, 0x00, 0x00, 0x00, 0x08, 0x00, 0x10, 0x00, 0x08, 0x00, 0x05, 0x00, 0x02, 0x00, 0x00, 0x00,
    0x09, 0x00, 0x09, 0x00, 0x00, 0x00, 0x00, 0x00, 0x10, 0x00, 0x16, 0x80, 0x16, 0x80, 0x06, 0x00,
    0x00, 0x00, 0x00, 0x00, 0x20, 0x40, 0x20, 0x40, 0x09, 0x40, 0x09, 0x00, 0x09, 0x00, 0x49, 0x20,
    0x00, 0x00, 0x00, 0x00, 0x00, 0x00, 0x01, 0x00, 0x00, 0x80, 0x01, 0x00, 0x0A, 0x00, 0x04, 0x00,
    0x00, 0x00, 0x09, 0x00, 0x09, 0x00, 0x00, 0x00, 0x00, 0x00, 0x10, 0x00, 0x16, 0x80, 0x16, 0x80,
    0x06, 0x00, 0x00, 0x00, 0x00, 0x00, 0x20, 0x40, 0x20, 0x40, 0x09, 0x40, 0x09, 0x00, 0x09, 0x00,
    0x49, 0x20, 0x00, 0x00, 0x00, 0x00, 0x09, 0x00, 0x00, 0x00, 0x00, 0x00, 0x09, 0x00, 0x00, 0x00,
    0x00, 0x00, 0x09, 0x00, 0x09, 0x00, 0x00, 0x00, 0x00, 0x00, 0x10, 0x00, 0x16, 0x80, 0x16, 0x80,
    0x06, 0x00, 0x00, 0x00, 0x00, 0x00, 0x20, 0x40, 0x20, 0x40, 0x09, 0x40, 0x09, 0x00, 0x09, 0x00,
    0x49, 0x20, 0x00, 0x00, 0x00, 0x00, 0x00, 0x00, 0x14, 0xC0, 0x22, 0x00, 0x04, 0x40, 0x32, 0x80,
    0x00, 0x00, 0x00, 0x00, 0x09, 0x00, 0x09, 0x00, 0x00, 0x00, 0x00, 0x00, 0x10, 0x00, 0x16, 0x80,
    0x16, 0x80, 0x06, 0x00, 0x00, 0x00, 0x00, 0x00, 0x20, 0x40, 0x20, 0x40, 0x09, 0x40, 0x09, 0x00,
    0x09, 0x00, 0x49, 0x20, 0x00, 0x00, 0x00, 0x00, 0x10, 0x80, 0x00, 0x00, 0x00, 0x00, 0x29, 0x40,
    0x00, 0x00, 0x00, 0x00, 0x09, 0x00, 0x09, 0x00, 0x00, 0x00, 0x00, 0x00, 0x10, 0x00, 0x16, 0x80,
    0x16, 0x80, 0x06, 0x00, 0x00, 0x00, 0x00, 0x00, 0x20, 0x40, 0x20, 0x40, 0x09, 0x40, 0x09, 0x00,
    0x09, 0x00, 0x49, 0x20, 0x00, 0x00, 0x00, 0x00, 0x09, 0x00, 0x06, 0x00, 0x00, 0x00, 0x00, 0x00,
    0x06, 0x00, 0x00, 0x00, 0x09, 0x00, 0x09, 0x00, 0x00, 0x00, 0x00, 0x00, 0x10, 0x00, 0x16, 0x80,
    0x16, 0x80, 0x06, 0x00, 0x00, 0x00, 0x00, 0x00, 0x20, 0x40, 0x20, 0x40, 0x09, 0x40, 0x09, 0x00,
    0x09, 0x00, 0x49, 0x20, 0x00, 0x00, 0x00, 0x00, 0x00, 0x00, 0x00, 0x00, 0x01, 0x40, 0x11, 0x40,
    0x11, 0x00, 0x11, 0x00, 0x05, 0x00, 0x05, 0x00, 0x2C, 0x20, 0x2C, 0x20, 0x2D, 0x00, 0x05, 0x00,
    0x01, 0x00, 0x49, 0x00, 0x55, 0x40, 0x55, 0x40, 0x84, 0x00, 0x84, 0x00, 0x25, 0x40, 0x40, 0x40,
    0x0E, 0x40, 0x80, 0x40, 0x81, 0xC0, 0x80, 0x00, 0x80, 0x00, 0x80, 0x00, 0x80, 0x00, 0x80, 0x00,
    0x80, 0x00, 0x80, 0x00, 0x80, 0x00, 0x81, 0x80, 0x82, 0x40, 0x0C, 0x00, 0x40, 0x80, 0x32, 0x00,
    0x00, 0x00, 0x08, 0x00, 0x01, 0x00, 0x21, 0x00, 0x22, 0x00, 0x00, 0x00, 0x08, 0x00, 0x10, 0x00,
    0x08, 0x00, 0x05, 0x00, 0x02, 0x00, 0x00, 0x00, 0x00, 0x20, 0x00, 0x20, 0x48, 0xA0, 0x08, 0xA0,
    0x08, 0x00, 0x08, 0x00, 0x08, 0x00, 0x0F, 0x00, 0x00, 0x80, 0x00, 0x80, 0x08, 0x00, 0x08, 0x00,
    0x08, 0x00, 0x08, 0x00, 0x08, 0xA0, 0x48, 0xA0, 0x00, 0x20, 0x00, 0x20, 0x00, 0x00, 0x01, 0x00,
    0x00, 0x80, 0x01, 0x00, 0x0A, 0x00, 0x04, 0x00, 0x00, 0x00, 0x00, 0x20, 0x00, 0x20, 0x48, 0xA0,
    0x08, 0xA0, 0x08, 0x00, 0x08, 0x00, 0x08, 0x00, 0x0F, 0x00, 0x00, 0x80, 0x00, 0x80, 0x08, 0x00,
    0x08, 0x00, 0x08, 0x00, 0x08, 0x00, 0x08, 0xA0, 0x48, 0xA0, 0x00, 0x20, 0x00, 0x20, 0x09, 0x00,
    0x00, 0x00, 0x00, 0x00, 0x09, 0x00, 0x00, 0x00, 0x00, 0x00, 0x00, 0x20, 0x00, 0x20, 0x48, 0xA0,
    0x08, 0xA0, 0x08, 0x00, 0x08, 0x00, 0x08, 0x00, 0x0F, 0x00, 0x00, 0x80, 0x00, 0x80, 0x08, 0x00,
    0x08, 0x00, 0x08, 0x00, 0x08, 0x00, 0x08, 0xA0, 0x48, 0xA0, 0x00, 0x20, 0x00, 0x20, 0x10, 0x80,
    0x00, 0x00, 0x00, 0x00, 0x29, 0x40, 0x00, 0x00, 0x00, 0x00, 0x00, 0x20, 0x00, 0x20, 0x48, 0xA0,
    0x08, 0xA0, 0x08, 0x00, 0x08, 0x00, 0x08, 0x00, 0x0F, 0x00, 0x00, 0x80, 0x00, 0x80, 0x08, 0x00,
    0x08, 0x00, 0x08, 0x00, 0x08, 0x00, 0x08, 0xA0, 0x48, 0xA0, 0x00, 0x20, 0x00, 0x20, 0x00, 0x00,
    0x10, 0x00, 0x20, 0x00, 0x10, 0x00, 0x0A, 0x00, 0x04, 0x00, 0x00, 0x00, 0x00, 0x00, 0x00, 0x00,
    0x12, 0x00, 0x00, 0x00, 0x00, 0x00, 0x00, 0x00, 0x00, 0x00, 0x00, 0x00, 0x00, 0x00, 0x00, 0x00,
    0x00, 0x00, 0x00, 0x00, 0x00, 0x00, 0x00, 0x00, 0x00, 0x00, 0x12, 0x00, 0x00, 0x00, 0x00, 0x00,
    0x00, 0x00, 0x02, 0x00, 0x01, 0x00, 0x02, 0x00, 0x14, 0x00, 0x08, 0x00, 0x00, 0x00, 0x00, 0x00,
    0x00, 0x00, 0x12, 0x00, 0x00, 0x00, 0x00, 0x00, 0x00, 0x00, 0x00, 0x00, 0x00, 0x00, 0x00, 0x00,
    0x00, 0x00, 0x00, 0x00, 0x00, 0x00, 0x00, 0x00, 0x00, 0x00, 0x00, 0x00, 0x12, 0x00, 0x00, 0x00,
    0x00, 0x00, 0x12, 0x00, 0x00, 0x00, 0x00, 0x00, 0x12, 0x00, 0x00, 0x00, 0x00, 0x00, 0x00, 0x00,
    0x00, 0x00, 0x12, 0x00, 0x00, 0x00, 0x00, 0x00, 0x00, 0x00, 0x00, 0x00, 0x00, 0x00, 0x00, 0x00,
    0x00, 0x00, 0x00, 0x00, 0x00, 0x00, 0x00, 0x00, 0x00, 0x00, 0x00, 0x00, 0x12, 0x00, 0x00, 0x00,
    0x00, 0x00, 0x21, 0x00, 0x00, 0x00, 0x00, 0x00, 0x52, 0x80, 0x00, 0x00, 0x00, 0x00, 0x00, 0x00,
    0x00, 0x00, 0x12, 0x00, 0x00, 0x00, 0x00, 0x00, 0x00, 0x00, 0x00, 0x00, 0x00, 0x00, 0x00, 0x00,
    0x00, 0x00, 0x00, 0x00, 0x00, 0x00, 0x00, 0x00, 0x00, 0x00, 0x00, 0x00, 0x12, 0x00, 0x00, 0x00,
    0x00, 0x00, 0x03, 0x00, 0x00, 0x00, 0x4E, 0x00, 0x41, 0x20, 0x40, 0x20, 0x40, 0x20, 0x40, 0x20,
    0x40, 0x20, 0x80, 0x20, 0x8C, 0x20, 0x40, 0x20, 0x40, 0x20, 0x40, 0x20, 0x40, 0x20, 0x41, 0x20,
    0x4E, 0x00, 0x00, 0x00, 0x03, 0x00, 0x00, 0x00, 0x14, 0xC0, 0x22, 0x00, 0x04, 0x40, 0x32, 0x80,
    0x00, 0x00, 0x00, 0x00, 0x00, 0x00, 0x08, 0x00, 0x41, 0x20, 0x40, 0x20, 0x44, 0x20, 0x40, 0x20,
    0x48, 0x20, 0x4A, 0x20, 0x42, 0x20, 0x44, 0x20, 0x45, 0x20, 0x41, 0x20, 0x40, 0x20, 0x42, 0x20,
    0x40, 0x20, 0x48, 0x20, 0x01, 0x20, 0x01, 0x20, 0x10, 0x00, 0x20, 0x00, 0x14, 0x00, 0x02, 0x00,
    0x04, 0x00, 0x00, 0x00, 0x33, 0x00, 0x40, 0x80, 0x0C, 0x00, 0x80, 0x40, 0x80, 0x40, 0x80, 0x40,
    0x80, 0x40, 0x80, 0x40, 0x80, 0x40, 0x80, 0x40, 0x80, 0x40, 0x80, 0x40, 0x80, 0x40, 0x80, 0x40,
    0x80, 0x40, 0x0C, 0x00, 0x40, 0x80, 0x33, 0x00, 0x02, 0x00, 0x01, 0x00, 0x0A, 0x00, 0x10, 0x00,
    0x08, 0x00, 0x00, 0x00, 0x33, 0x00, 0x40, 0x80, 0x0C, 0x00, 0x80, 0x40, 0x80, 0x40, 0x80, 0x40,
    0x80, 0x40, 0x80, 0x40, 0x80, 0x40, 0x80, 0x40, 0x80, 0x40, 0x80, 0x40, 0x80, 0x40, 0x80, 0x40,
    0x80, 0x40, 0x0C, 0x00, 0x40, 0x80, 0x33, 0x00, 0x0C, 0x00, 0x00, 0x00, 0x2D, 0x00, 0x00, 0x00,
    0x12, 0x00, 0x00, 0x00, 0x00, 0x00, 0x33, 0x00, 0x40, 0x80, 0x0C, 0x00, 0x80, 0x40, 0x80, 0x40,
    0x80, 0x40, 0x80, 0x40, 0x80, 0x40, 0x80, 0x40, 0x80, 0x40, 0x80, 0x40, 0x80, 0x40, 0x80, 0x40,
    0x80, 0x40, 0x80, 0x40, 0x0C, 0x00, 0x40, 0x80, 0x33, 0x00, 0x00, 0x00, 0x29, 0x80, 0x44, 0x00,
    0x08, 0x80, 0x65, 0x00, 0x00, 0x00, 0x00, 0x00, 0x33, 0x00, 0x40, 0x80, 0x0C, 0x00, 0x80, 0x40,
    0x80, 0x40, 0x80, 0x40, 0x80, 0x40, 0x80, 0x40, 0x80, 0x40, 0x80, 0x40, 0x80, 0x40, 0x80, 0x40,
    0x80, 0x40, 0x80, 0x40, 0x80, 0x40, 0x0C, 0x00, 0x40, 0x80, 0x33, 0x00, 0x21, 0x00, 0x00, 0x00,
    0x00, 0x00, 0x52, 0x80, 0x00, 0x00, 0x00, 0x00, 0x33, 0x00, 0x40, 0x80, 0x0C, 0x00, 0x80, 0x40,
    0x80, 0x40, 0x80, 0x40, 0x80, 0x40, 0x80, 0x40, 0x80, 0x40, 0x80, 0x40, 0x80, 0x40, 0x80, 0x40,
    0x80, 0x40, 0x80, 0x40, 0x80, 0x40, 0x0C, 0x00, 0x40, 0x80, 0x33, 0x00, 0x00, 0x00, 0x60, 0x60,
    0x90, 0x90, 0x49, 0x20, 0x26, 0x40, 0x10, 0x80, 0x09, 0x00, 0x10, 0x80, 0x26, 0x40, 0x49, 0x20,
    0x10, 0x80, 0x60, 0x60, 0x00, 0x00, 0x00, 0x00, 0x01, 0x80, 0x33, 0x40, 0x40, 0x00, 0x0C, 0x00,
    0x80, 0x40, 0x80, 0x40, 0x84, 0x40, 0x80, 0x40, 0x8A, 0x40, 0x80, 0x40, 0x80, 0x40, 0x94, 0x40,
    0x80, 0x40, 0x88, 0x40, 0x80, 0x40, 0x80, 0x40, 0x0C, 0x00, 0x00, 0x80, 0xB3, 0x00, 0x60, 0x00,
    0x00, 0x00, 0x00, 0x00, 0x08, 0x00, 0x10, 0x00, 0x08, 0x00, 0x05, 0x00, 0x02, 0x00, 0x00, 0x00,
    0x00, 0x00, 0x00, 0x00, 0x49, 0x20, 0x40, 0x20, 0x40, 0x20, 0x40, 0x20, 0x40, 0x20, 0x40, 0x20,
    0x40, 0x20, 0x40, 0x20, 0x40, 0x20, 0x40, 0x20, 0x40, 0x20, 0x40, 0x20, 0x09, 0x00, 0x06, 0x00,
    0x20, 0x40, 0x09, 0x00, 0x00, 0x00, 0x01, 0x00, 0x00, 0x80, 0x01, 0x00, 0x0A, 0x00, 0x04, 0x00,
    0x00, 0x00, 0x00, 0x00, 0x00, 0x00, 0x49, 0x20, 0x40, 0x20, 0x40, 0x20, 0x40, 0x20, 0x40, 0x20,
    0x40, 0x20, 0x40, 0x20, 0x40, 0x20, 0x40, 0x20, 0x40, 0x20, 0x40, 0x20, 0x40, 0x20, 0x09, 0x00,
    0x06, 0x00, 0x20, 0x40, 0x09, 0x00, 0x06, 0x00, 0x00, 0x00, 0x16, 0x80, 0x00, 0x00, 0x00, 0x00,
    0x00, 0x00, 0x00, 0x00, 0x00, 0x00, 0x00, 0x00, 0x49, 0x20, 0x40, 0x20, 0x40, 0x20, 0x40, 0x20,
    0x40, 0x20, 0x40, 0x20, 0x40, 0x20, 0x40, 0x20, 0x40, 0x20, 0x40, 0x20, 0x40, 0x20, 0x40, 0x20,
    0x09, 0x00, 0x06, 0x00, 0x20, 0x40, 0x09, 0x00, 0x10, 0x80, 0x00, 0x00, 0x00, 0x00, 0x29, 0x40,
    0x00, 0x00, 0x00, 0x00, 0x00, 0x00, 0x00, 0x00, 0x49, 0x20, 0x40, 0x20, 0x40, 0x20, 0x40, 0x20,
    0x40, 0x20, 0x40, 0x20, 0x40, 0x20, 0x40, 0x20, 0x40, 0x20, 0x40, 0x20, 0x40, 0x20, 0x40, 0x20,
    0x09, 0x00, 0x06, 0x00, 0x20, 0x40, 0x09, 0x00, 0x00, 0x00, 0x01, 0x00, 0x00, 0x80, 0x01, 0x00,
    0x0A, 0x00, 0x04, 0x00, 0x00, 0x00, 0x00, 0x00, 0x00, 0x00, 0x49, 0x20, 0x20, 0x40, 0x20, 0x40,
    0x06, 0x00, 0x16, 0x80, 0x10, 0x80, 0x00, 0x00, 0x09, 0x00, 0x09, 0x00, 0x00, 0x00, 0x00, 0x00,
    0x00, 0x00, 0x00, 0x00, 0x09, 0x00, 0x00, 0x00, 0x00, 0x00, 0x00, 0x00, 0x00, 0x00, 0x90, 0x00,
    0x10, 0x00, 0x01, 0x00, 0x00, 0x80, 0x16, 0x00, 0x10, 0x40, 0x10, 0x40, 0x10, 0x40, 0x12, 0x40,
    0x00, 0x00, 0x00, 0x00, 0x18, 0x00, 0x10, 0x00, 0x90, 0x00, 0x00, 0x00, 0x00, 0x00, 0x19, 0x00,
    0x20, 0x00, 0x06, 0x40, 0x09, 0x00, 0x41, 0x00, 0x41, 0x00, 0x40, 0x40, 0x44, 0x00, 0x40, 0x80,
    0x40, 0x40, 0x40, 0x00, 0x40, 0x20, 0x40, 0x20, 0x40, 0x20, 0x41, 0x20, 0x46, 0x00, 0x00, 0x00,
    0x03, 0x00, 0x10, 0x00, 0x20, 0x00, 0x14, 0x00, 0x0A, 0x00, 0x04, 0x00, 0x00, 0x00, 0x33, 0x00,
    0x40, 0x80, 0x1C, 0x00, 0xE0, 0x40, 0x00, 0x40, 0x10, 0x40, 0x40, 0x40, 0x0E, 0x40, 0x80, 0x40,
    0x82, 0x40, 0x9C, 0x40, 0x02, 0x00, 0x24, 0x00, 0x02, 0x00, 0x01, 0x00, 0x0A, 0x00, 0x14, 0x00,
    0x08, 0x00, 0x00, 0x00, 0x33, 0x00, 0x40, 0x80, 0x1C, 0x00, 0xE0, 0x40, 0x00, 0x40, 0x10, 0x40,
    0x40, 0x40, 0x0E, 0x40, 0x80, 0x40, 0x82, 0x40, 0x9C, 0x40, 0x02, 0x00, 0x24, 0x00, 0x12, 0x00,
    0x00, 0x00, 0x00, 0x00, 0x12, 0x00, 0x00, 0x00, 0x00, 0x00, 0x33, 0x00, 0x40, 0x80, 0x1C, 0x00,
    0xE0, 0x40, 0x00, 0x40, 0x10, 0x40, 0x40, 0x40, 0x0E, 0x40, 0x80, 0x40, 0x82, 0x40, 0x9C, 0x40,
    0x02, 0x00, 0x24, 0x00, 0x00, 0x00, 0x29, 0x80, 0x44, 0x00, 0x08, 0x80, 0x65, 0x00, 0x00, 0x00,
    0x00, 0x00, 0x33, 0x00, 0x40, 0x80, 0x1C, 0x00, 0xE0, 0x40, 0x00, 0x40, 0x10, 0x40, 0x40, 0x40,
    0x0E, 0x40, 0x80, 0x40, 0x82, 0x40, 0x9C, 0x40, 0x02, 0x00, 0x24, 0x00, 0x52, 0x80, 0x00, 0x00,
    0x00, 0x00, 0x21, 0x00, 0x00, 0x00, 0x33, 0x00, 0x40, 0x80, 0x1C, 0x00, 0xE0, 0x40, 0x00, 0x40,
    0x10, 0x40, 0x40, 0x40, 0x0E, 0x40, 0x80, 0x40, 0x82, 0x40, 0x9C, 0x40, 0x02, 0x00, 0x24, 0x00,
    0x12, 0x00, 0x0C, 0x00, 0x0C, 0x00, 0x12, 0x00, 0x00, 0x00, 0x33, 0x00, 0x40, 0x80, 0x1C, 0x00,
    0xE0, 0x40, 0x00, 0x40, 0x10, 0x40, 0x40, 0x40, 0x0E, 0x40, 0x80, 0x40, 0x82, 0x40, 0x9C, 0x40,
    0x02, 0x00, 0x24, 0x00, 0x2A, 0x40, 0x40, 0x20, 0x11, 0x00, 0x60, 0x00, 0x00, 0x00, 0x20, 0x00,
    0x40, 0x00, 0x11, 0x00, 0x00, 0x00, 0x00, 0x00, 0x19, 0x80, 0x40, 0x20, 0x2A, 0x40, 0x25, 0x40,
    0x40, 0x40, 0x0E, 0x40, 0x80, 0x40, 0x81, 0xC0, 0x80, 0x00, 0x80, 0x00, 0x80, 0x00, 0x81, 0xC0,
    0x82, 0x40, 0x0C, 0x00, 0x40, 0x80, 0x32, 0x00, 0x00, 0x00, 0x08, 0x00, 0x01, 0x00, 0x21, 0x00,
    0x22, 0x00, 0x10, 0x00, 0x20, 0x00, 0x14, 0x00, 0x0A, 0x00, 0x04, 0x00, 0x00, 0x00, 0x33, 0x00,
    0x40, 0x80, 0x0C, 0x00, 0x80, 0x40, 0x80, 0x40, 0x80, 0x40, 0x80, 0x40, 0x80, 0x00, 0x80, 0x00,
    0x80, 0x40, 0x0E, 0x00, 0x40, 0x80, 0x33, 0x00, 0x02, 0x00, 0x01, 0x00, 0x0A, 0x00, 0x14, 0x00,
    0x08, 0x00, 0x00, 0x00, 0x33, 0x00, 0x40, 0x80, 0x0C, 0x00, 0x80, 0x40, 0x80, 0x40, 0x80, 0x40,
    0x80, 0x40, 0x80, 0x00, 0x80, 0x00, 0x80, 0x40, 0x0E, 0x00, 0x40, 0x80, 0x33, 0x00, 0x12, 0x00,
    0x00, 0x00, 0x00, 0x00, 0x12, 0x00, 0x00, 0x00, 0x00, 0x00, 0x33, 0x00, 0x40, 0x80, 0x0C, 0x00,
    0x80, 0x40, 0x80, 0x40, 0x80, 0x40, 0x80, 0x40, 0x80, 0x00, 0x80, 0x00, 0x80, 0x40, 0x0E, 0x00,
    0x40, 0x80, 0x33, 0x00, 0x52, 0x80, 0x00, 0x00, 0x00, 0x00, 0x21, 0x00, 0x00, 0x00, 0x33, 0x00,
    0x40, 0x80, 0x0C, 0x00, 0x80, 0x40, 0x80, 0x40, 0x80, 0x40, 0x80, 0x40, 0x80, 0x00, 0x80, 0x00,
    0x80, 0x40, 0x0E, 0x00, 0x40, 0x80, 0x33, 0x00, 0x00, 0x00, 0x18, 0x00, 0x20, 0x00, 0x10, 0x00,
    0x0A, 0x00, 0x04, 0x00, 0x00, 0x00, 0x42, 0x00, 0x42, 0x00, 0x12, 0x00, 0x02, 0x00, 0x02, 0x00,
    0x02, 0x00, 0x02, 0x00, 0x02, 0x00, 0x02, 0x00, 0x02, 0x00, 0x12, 0x00, 0x00, 0x00, 0x00, 0x00,
    0x00, 0x00, 0x02, 0x00, 0x01, 0x00, 0x0A, 0x00, 0x04, 0x00, 0x00, 0x00, 0x00, 0x00, 0x42, 0x00,
    0x42, 0x00, 0x12, 0x00, 0x02, 0x00, 0x02, 0x00, 0x02, 0x00, 0x02, 0x00, 0x02, 0x00, 0x02, 0x00,
    0x02, 0x00, 0x12, 0x00, 0x00, 0x00, 0x00, 0x00, 0x12, 0x00, 0x01, 0x00, 0x28, 0x00, 0x10, 0x80,
    0x00, 0x00, 0x00, 0x00, 0x42, 0x00, 0x42, 0x00, 0x12, 0x00, 0x02, 0x00, 0x02, 0x00, 0x02, 0x00,
    0x02, 0x00, 0x02, 0x00, 0x02, 0x00, 0x02, 0x00, 0x12, 0x00, 0x00, 0x00, 0x00, 0x00, 0x52, 0x80,
    0x00, 0x00, 0x00, 0x00, 0x21, 0x00, 0x00, 0x00, 0x42, 0x00, 0x42, 0x00, 0x12, 0x00, 0x02, 0x00,
    0x02, 0x00, 0x02, 0x00, 0x02, 0x00, 0x02, 0x00, 0x02, 0x00, 0x02, 0x00, 0x12, 0x00, 0x00, 0x00,
    0x00, 0x00, 0x00, 0x00, 0x08, 0x00, 0x22, 0x00, 0x11, 0x80, 0x10, 0x00, 0x40, 0x80, 0x70, 0x80,
    0x1A, 0x00, 0x02, 0x00, 0x02, 0x40, 0x12, 0x40, 0x80, 0x40, 0x80, 0x40, 0x80, 0x40, 0x80, 0x40,
    0x92, 0x40, 0x0C, 0x00, 0x40, 0x80, 0x12, 0x00, 0x00, 0x00, 0x14, 0xC0, 0x22, 0x00, 0x04, 0x40,
    0x32, 0x80, 0x00, 0x00, 0x00, 0x00, 0x04, 0x80, 0x08, 0x40, 0x46, 0x00, 0x49, 0x00, 0x40, 0x20,
    0x40, 0x20, 0x40, 0x20, 0x40, 0x20, 0x40, 0x20, 0x40, 0x20, 0x49, 0x20, 0x00, 0x00, 0x00, 0x00,
    0x10, 0x00, 0x20, 0x00, 0x14, 0x00, 0x0A, 0x00, 0x04, 0x00, 0x00, 0x00, 0x33, 0x00, 0x40, 0x80,
    0x0C, 0x00, 0x80, 0x40, 0x80, 0x40, 0x80, 0x40, 0x80, 0x40, 0x80, 0x40, 0x80, 0x40, 0x80, 0x40,
    0x0C, 0x00, 0x40, 0x80, 0x33, 0x00, 0x02, 0x00, 0x01, 0x00, 0x0A, 0x00, 0x14, 0x00, 0x08, 0x00,
    0x00, 0x00, 0x33, 0x00, 0x40, 0x80, 0x0C, 0x00, 0x80, 0x40, 0x80, 0x40, 0x80, 0x40, 0x80, 0x40,
    0x80, 0x40, 0x80, 0x40, 0x80, 0x40, 0x0C, 0x00, 0x40, 0x80, 0x33, 0x00, 0x12, 0x00, 0x00, 0x00,
    0x00, 0x00, 0x12, 0x00, 0x00, 0x00, 0x00, 0x00, 0x33, 0x00, 0x40, 0x80, 0x0C, 0x00, 0x80, 0x40,
    0x80, 0x40, 0x80, 0x40, 0x80, 0x40, 0x80, 0x40, 0x80, 0x40, 0x80, 0x40, 0x0C, 0x00, 0x40, 0x80,
    0x33, 0x00, 0x00, 0x00, 0x29, 0x80, 0x44, 0x00, 0x08, 0x80, 0x65, 0x00, 0x00, 0x00, 0x00, 0x00,
    0x33, 0x00, 0x40, 0x80, 0x0C, 0x00, 0x80, 0x40, 0x80, 0x40, 0x80, 0x40, 0x80, 0x40, 0x80, 0x40,
    0x80, 0x40, 0x80, 0x40, 0x0C, 0x00, 0x40, 0x80, 0x33, 0x00, 0x52, 0x80, 0x00, 0x00, 0x00, 0x00,
    0x21, 0x00, 0x00, 0x00, 0x33, 0x00, 0x40, 0x80, 0x0C, 0x00, 0x80, 0x40, 0x80, 0x40, 0x80, 0x40,
    0x80, 0x40, 0x80, 0x40, 0x80, 0x40, 0x80, 0x40, 0x0C, 0x00, 0x40, 0x80, 0x33, 0x00, 0x00, 0x00,
    0x12, 0x00, 0x12, 0x00, 0x0C, 0x00, 0x00, 0x00, 0x80, 0x40, 0x80, 0x40, 0x00, 0x00, 0x00, 0x00,
    0x0C, 0x00, 0x12, 0x00, 0x12, 0x00, 0x00, 0x00, 0x00, 0x80, 0x32, 0x40, 0x40, 0x00, 0x0C, 0x00,
    0x84, 0x40, 0x80, 0x40, 0x8A, 0x40, 0x80, 0x40, 0x94, 0x40, 0x80, 0x40, 0x88, 0x40, 0x0C, 0x00,
    0x00, 0x80, 0x93, 0x00, 0x40, 0x00, 0x00, 0x00, 0x08, 0x00, 0x10, 0x00, 0x08, 0x00, 0x05, 0x00,
    0x00, 0x00, 0x00, 0x00, 0x00, 0x20, 0x00, 0x20, 0x41, 0x20, 0x40, 0x20, 0x40, 0x20, 0x40, 0x20,
    0x40, 0x20, 0x40, 0x20, 0x40, 0x20, 0x09, 0x20, 0x00, 0x20, 0x21, 0x00, 0x12, 0x00, 0x00, 0x00,
    0x01, 0x00, 0x00, 0x80, 0x01, 0x00, 0x0A, 0x00, 0x00, 0x00, 0x00, 0x00, 0x00, 0x20, 0x00, 0x20,
    0x41, 0x20, 0x40, 0x20, 0x40, 0x20, 0x40, 0x20, 0x40, 0x20, 0x40, 0x20, 0x40, 0x20, 0x09, 0x20,
    0x00, 0x20, 0x21, 0x00, 0x12, 0x00, 0x09, 0x00, 0x00, 0x00, 0x00, 0x00, 0x09, 0x00, 0x00, 0x00,
    0x00, 0x00, 0x00, 0x20, 0x00, 0x20, 0x41, 0x20, 0x40, 0x20, 0x40, 0x20, 0x40, 0x20, 0x40, 0x20,
    0x40, 0x20, 0x40, 0x20, 0x09, 0x20, 0x00, 0x20, 0x21, 0x00, 0x12, 0x00, 0x29, 0x40, 0x00, 0x00,
    0x00, 0x00, 0x10, 0x80, 0x00, 0x00, 0x00, 0x20, 0x00, 0x20, 0x41, 0x20, 0x40, 0x20, 0x40, 0x20,
    0x40, 0x20, 0x40, 0x20, 0x40, 0x20, 0x40, 0x20, 0x09, 0x20, 0x00, 0x20, 0x21, 0x00, 0x12, 0x00,
    0x00, 0x00, 0x01, 0x00, 0x00, 0x80, 0x01, 0x00, 0x0A, 0x00, 0x00, 0x00, 0x00, 0x00, 0x00, 0x00,
    0x00, 0x00, 0x49, 0x20, 0x29, 0x40, 0x20, 0x40, 0x00, 0x00, 0x04, 0x00, 0x16, 0x80, 0x12, 0x80,
    0x00, 0x00, 0x00, 0x00, 0x09, 0x00, 0x09, 0x00, 0x08, 0x00, 0x08, 0x00, 0x12, 0x00, 0x40, 0x00,
    0x44, 0x00, 0x00, 0x00, 0x00, 0x00, 0x40, 0x00, 0x40, 0x00, 0x40, 0x00, 0x44, 0x80, 0x48, 0x40,
    0x46, 0x00, 0x48, 0x20, 0x40, 0x20, 0x40, 0x20, 0x40, 0x20, 0x40, 0x20, 0x40, 0x20, 0x48, 0x20,
    0x46, 0x00, 0x48, 0x40, 0x44, 0x80, 0x40, 0x00, 0x40, 0x00, 0x48, 0x00, 0x04, 0x00, 0x04, 0x00,
    0x29, 0x40, 0x00, 0x00, 0x00, 0x00, 0x10, 0x80, 0x00, 0x00, 0x00, 0x00, 0x00, 0x00, 0x49, 0x20,
    0x29, 0x40, 0x20, 0x40, 0x00, 0x00, 0x04, 0x00, 0x16, 0x80, 0x12, 0x80, 0x00, 0x00, 0x00, 0x00,
    0x09, 0x00, 0x09, 0x00, 0x08, 0x00, 0x08, 0x00, 0x12, 0x00, 0x40, 0x00, 0x44, 0x00, 0x20, 0x40,
    0x20, 0x40, 0x00, 0x00, 0x00, 0x00, 0x00, 0x00, 0x09, 0x00, 0x09, 0x00, 0x00, 0x00, 0x00, 0x00,
    0x10, 0x00, 0x16, 0x80, 0x16, 0x80, 0x06, 0x00, 0x00, 0x00, 0x00, 0x00, 0x20, 0x40, 0x20, 0x40,
    0x09, 0x40, 0x09, 0x00, 0x09, 0x00, 0x49, 0x20, 0x00, 0x00, 0x00, 0x00, 0x40, 0x80, 0x40, 0x80,
    0x00, 0x00, 0x00, 0x00, 0x33, 0x00, 0x40, 0x80, 0x1C, 0x00, 0xE0, 0x40, 0x00, 0x40, 0x10, 0x40,
    0x40, 0x40, 0x0E, 0x40, 0x80, 0x40, 0x82, 0x40, 0x9C, 0x40, 0x02, 0x00, 0x24, 0x00, 0x10, 0x80,
    0x00, 0x00, 0x00, 0x00, 0x09, 0x00, 0x00, 0x00, 0x00, 0x00, 0x09, 0x00, 0x09, 0x00, 0x00, 0x00,
    0x00, 0x00, 0x10, 0x00, 0x16, 0x80, 0x16, 0x80, 0x06, 0x00, 0x00, 0x00, 0x00, 0x00, 0x20, 0x40,
    0x20, 0x40, 0x09, 0x40, 0x09, 0x00, 0x09, 0x00, 0x49, 0x20, 0x00, 0x00, 0x00, 0x00, 0x12, 0x00,
    0x00, 0x00, 0x12, 0x00, 0x00, 0x00, 0x00, 0x00, 0x33, 0x00, 0x40, 0x80, 0x0C, 0x00, 0x80, 0x40,
    0x00, 0x40, 0x10, 0x40, 0x40, 0x40, 0x0E, 0x40, 0x80, 0x40, 0x82, 0x40, 0x9C, 0x40, 0x02, 0x00,
    0x24, 0x00, 0x09, 0x00, 0x09, 0x00, 0x00, 0x00, 0x00, 0x00, 0x10, 0x00, 0x16, 0x80, 0x16, 0x80,
    0x06, 0x00, 0x00, 0x00, 0x00, 0x00, 0x20, 0x40, 0x20, 0x40, 0x09, 0x40, 0x09, 0x00, 0x09, 0x00,
    0x49, 0x20, 0x00, 0x00, 0x00, 0x00, 0x00, 0x40, 0x01, 0x00, 0x00, 0x00, 0x00, 0x00, 0x00, 0x20,
    0x00, 0xA0, 0x33, 0x00, 0x40, 0x80, 0x1C, 0x00, 0xE0, 0x40, 0x00, 0x40, 0x10, 0x40, 0x40, 0x40,
    0x0E, 0x40, 0x80, 0x40, 0x82, 0x40, 0x9C, 0x40, 0x02, 0x00, 0x24, 0x20, 0x00, 0x40, 0x00, 0x00,
    0x00, 0x80, 0x00, 0x00, 0x00, 0x20, 0x00, 0xA0, 0x02, 0x00, 0x01, 0x00, 0x0A, 0x00, 0x10, 0x00,
    0x08, 0x00, 0x00, 0x00, 0x25, 0x40, 0x40, 0x40, 0x0E, 0x40, 0x80, 0x40, 0x81, 0xC0, 0x80, 0x00,
    0x80, 0x00, 0x80, 0x00, 0x80, 0x00, 0x80, 0x00, 0x80, 0x00, 0x80, 0x00, 0x80, 0x00, 0x81, 0x80,
    0x82, 0x40, 0x0C, 0x00, 0x40, 0x80, 0x32, 0x00, 0x02, 0x00, 0x01, 0x00, 0x0A, 0x00, 0x14, 0x00,
    0x08, 0x00, 0x00, 0x00, 0x25, 0x40, 0x40, 0x40, 0x0E, 0x40, 0x80, 0x40, 0x81, 0xC0, 0x80, 0x00,
    0x80, 0x00, 0x80, 0x00, 0x81, 0xC0, 0x82, 0x40, 0x0C, 0x00, 0x40, 0x80, 0x32, 0x00, 0x00, 0x00,
    0x12, 0x00, 0x21, 0x00, 0x00, 0x00, 0x12, 0x00, 0x00, 0x00, 0x00, 0x00, 0x25, 0x40, 0x40, 0x40,
    0x12, 0x40, 0x80, 0x40, 0x81, 0xC0, 0x80, 0x00, 0x80, 0x00, 0x80, 0x00, 0x80, 0x00, 0x80, 0x00,
    0x80, 0x00, 0x80, 0x00, 0x80, 0x00, 0x81, 0x80, 0x82, 0x40, 0x0C, 0x00, 0x40, 0x80, 0x32, 0x00,
    0x12, 0x00, 0x00, 0x00, 0x00, 0x00, 0x12, 0x00, 0x00, 0x00, 0x00, 0x00, 0x25, 0x40, 0x40, 0x40,
    0x12, 0x40, 0x80, 0x40, 0x81, 0xC0, 0x80, 0x00, 0x80, 0x00, 0x80, 0x00, 0x81, 0xC0, 0x82, 0x40,
    0x0C, 0x00, 0x40, 0x80, 0x32, 0x00, 0x00, 0x00, 0x12, 0x00, 0x12, 0x00, 0x00, 0x00, 0x00, 0x00,
    0x00, 0x00, 0x25, 0x40, 0x40, 0x40, 0x0E, 0x40, 0x80, 0x40, 0x81, 0xC0, 0x80, 0x00, 0x80, 0x00,
    0x80, 0x00, 0x80, 0x00, 0x80, 0x00, 0x80, 0x00, 0x80, 0x00, 0x80, 0x00, 0x81, 0x80, 0x82, 0x40,
    0x0C, 0x00, 0x40, 0x80, 0x32, 0x00, 0x00, 0x00, 0x12, 0x00, 0x12, 0x00, 0x0C, 0x00, 0x00, 0x00,
    0x25, 0x40, 0x40, 0x40, 0x0E, 0x40, 0x80, 0x40, 0x81, 0xC0, 0x80, 0x00, 0x80, 0x00, 0x80, 0x00,
    0x81, 0xC0, 0x82, 0x40, 0x0C, 0x00, 0x40, 0x80, 0x32, 0x00, 0x21, 0x00, 0x12, 0x00, 0x2D, 0x00,
    0x00, 0x00, 0x0C, 0x00, 0x00, 0x00, 0x00, 0x00, 0x25, 0x40, 0x40, 0x40, 0x0E, 0x40, 0x80, 0x40,
    0x81, 0xC0, 0x80, 0x00, 0x80, 0x00, 0x80, 0x00, 0x80, 0x00, 0x80, 0x00, 0x80, 0x00, 0x80, 0x00,
    0x80, 0x00, 0x81, 0x80, 0x82, 0x40, 0x0C, 0x00, 0x40, 0x80, 0x32, 0x00, 0x00, 0x00, 0x12, 0x00,
    0x00, 0x00, 0x00, 0x00, 0x12, 0x00, 0x00, 0x00, 0x00, 0x00, 0x25, 0x40, 0x40, 0x40, 0x0E, 0x40,
    0x80, 0x40, 0x81, 0xC0, 0x80, 0x00, 0x80, 0x00, 0x80, 0x00, 0x81, 0xC0, 0x82, 0x40, 0x0C, 0x00,
    0x40, 0x80, 0x32, 0x00, 0x00, 0x00, 0x09, 0x00, 0x00, 0x00, 0x00, 0x00, 0x09, 0x00, 0x00, 0x00,
    0x00, 0x00, 0x03, 0x00, 0x00, 0x00, 0x4E, 0x00, 0x41, 0x20, 0x40, 0x20, 0x40, 0x20, 0x40, 0x20,
    0x40, 0x20, 0x40, 0x20, 0x40, 0x20, 0x40, 0x20, 0x40, 0x20, 0x40, 0x20, 0x40, 0x20, 0x41, 0x20,
    0x4E, 0x00, 0x00, 0x00, 0x03, 0x00, 0x00, 0x10, 0x04, 0x40, 0x04, 0x00, 0x02, 0x10, 0x02, 0x00,
    0x02, 0x00, 0x2A, 0x00, 0x06, 0x00, 0x9C, 0x00, 0x80, 0x00, 0x82, 0x00, 0x82, 0x00, 0x82, 0x00,
    0x82, 0x00, 0x82, 0x00, 0x80, 0x00, 0x9C, 0x00, 0x02, 0x40, 0x2A, 0x40, 0x00, 0x40, 0x00, 0x40,
    0x02, 0x40, 0x08, 0x20, 0x06, 0x20, 0x24, 0x40, 0x42, 0x40, 0x0C, 0x40, 0x82, 0x40, 0x80, 0x40,
    0x80, 0x40, 0x80, 0x40, 0x80, 0x40, 0x80, 0x40, 0x82, 0x40, 0x0C, 0x40, 0x42, 0x00, 0x24, 0x00,
    0x20, 0x40, 0x20, 0x40, 0x00, 0x00, 0x00, 0x00, 0x00, 0x00, 0x00, 0x20, 0x00, 0x20, 0x48, 0xA0,
    0x08, 0xA0, 0x08, 0x00, 0x08, 0x00, 0x08, 0x00, 0x0F, 0x00, 0x00, 0x80, 0x00, 0x80, 0x08, 0x00,
    0x08, 0x00, 0x08, 0x00, 0x08, 0x00, 0x08, 0xA0, 0x48, 0xA0, 0x00, 0x20, 0x00, 0x20, 0x40, 0x80,
    0x40, 0x80, 0x00, 0x00, 0x00, 0x00, 0x00, 0x00, 0x33, 0x00, 0x40, 0x80, 0x0C, 0x00, 0x80, 0x40,
    0x80, 0x40, 0x80, 0x40, 0x80, 0x40, 0x80, 0x00, 0x80, 0x00, 0x80, 0x40, 0x0E, 0x00, 0x40, 0x80,
    0x33, 0x00, 0x10, 0x80, 0x00, 0x00, 0x00, 0x00, 0x09, 0x00, 0x00, 0x00, 0x00, 0x00, 0x00, 0x20,
    0x00, 0x20, 0x48, 0xA0, 0x08, 0xA0, 0x08, 0x00, 0x08, 0x00, 0x08, 0x00, 0x0F, 0x00, 0x00, 0x80,
    0x00, 0x80, 0x08, 0x00, 0x08, 0x00, 0x08, 0x00, 0x08, 0x00, 0x08, 0xA0, 0x48, 0xA0, 0x00, 0x20,
    0x00, 0x20, 0x12, 0x00, 0x00, 0x00, 0x12, 0x00, 0x00, 0x00, 0x00, 0x00, 0x33, 0x00, 0x40, 0x80,
    0x0C, 0x00, 0x80, 0x40, 0x80, 0x40, 0x80, 0x40, 0x80, 0x40, 0x80, 0x00, 0x80, 0x00, 0x80, 0x40,
    0x0E, 0x00, 0x40, 0x80, 0x33, 0x00, 0x00, 0x00, 0x09, 0x00, 0x09, 0x00, 0x00, 0x00, 0x00, 0x00,
    0x00, 0x00, 0x00, 0x20, 0x00, 0x20, 0x48, 0xA0, 0x08, 0xA0, 0x08, 0x00, 0x08, 0x00, 0x08, 0x00,
    0x0F, 0x00, 0x00, 0x80, 0x00, 0x80, 0x08, 0x00, 0x08, 0x00, 0x08, 0x00, 0x08, 0x00, 0x08, 0xA0,
    0x48, 0xA0, 0x00, 0x20, 0x00, 0x20, 0x00, 0x00, 0x12, 0x00, 0x12, 0x00, 0x0C, 0x00, 0x00, 0x00,
    0x33, 0x00, 0x40, 0x80, 0x0C, 0x00, 0x80, 0x40, 0x80, 0x40, 0x80, 0x40, 0x80, 0x40, 0x80, 0x00,
    0x80, 0x00, 0x80, 0x40, 0x0E, 0x00, 0x40, 0x80, 0x33, 0x00, 0x00, 0x20, 0x00, 0x20, 0x48, 0xA0,
    0x08, 0xA0, 0x08, 0x00, 0x08, 0x00, 0x08, 0x00, 0x0F, 0x00, 0x00, 0x80, 0x00, 0x80, 0x08, 0x00,
    0x08, 0x00, 0x08, 0x00, 0x08, 0x00, 0x08, 0xA0, 0x48, 0xA0, 0x00, 0x20, 0x00, 0x20, 0x00, 0x40,
    0x01, 0x00, 0x00, 0x00, 0x00, 0x00, 0x00, 0x20, 0x00, 0xA0, 0x33, 0x00, 0x40, 0x80, 0x0C, 0x00,
    0x80, 0x40, 0x80, 0x40, 0x80, 0x40, 0x80, 0x40, 0x80, 0x00, 0x80, 0x00, 0x80, 0x40, 0x0E, 0x40,
    0x40, 0x00, 0x32, 0x80, 0x02, 0x80, 0x00, 0x00, 0x01, 0x00, 0x00, 0xC0, 0x02, 0x40, 0x00, 0x00,
    0x00, 0x00, 0x09, 0x00, 0x00, 0x00, 0x00, 0x00, 0x09, 0x00, 0x00, 0x00, 0x00, 0x00, 0x00, 0x20,
    0x00, 0x20, 0x48, 0xA0, 0x08, 0xA0, 0x08, 0x00, 0x08, 0x00, 0x08, 0x00, 0x0F, 0x00, 0x00, 0x80,
    0x00, 0x80, 0x08, 0x00, 0x08, 0x00, 0x08, 0x00, 0x08, 0x00, 0x08, 0xA0, 0x48, 0xA0, 0x00, 0x20,
    0x00, 0x20, 0x00, 0x00, 0x12, 0x00, 0x00, 0x00, 0x00, 0x00, 0x12, 0x00, 0x00, 0x00, 0x00, 0x00,
    0x33, 0x00, 0x40, 0x80, 0x0C, 0x00, 0x80, 0x40, 0x80, 0x40, 0x80, 0x40, 0x80, 0x40, 0x80, 0x00,
    0x80, 0x00, 0x80, 0x40, 0x0E, 0x00, 0x40, 0x80, 0x33, 0x00, 0x00, 0x00, 0x12, 0x00, 0x21, 0x00,
    0x00, 0x00, 0x12, 0x00, 0x00, 0x00, 0x00, 0x00, 0x25, 0x40, 0x40, 0x40, 0x12, 0x40, 0x80, 0x40,
    0x81, 0xC0, 0x80, 0x00, 0x80, 0x00, 0x80, 0x00, 0x80, 0x40, 0x80, 0x40, 0x86, 0x40, 0x80, 0x40,
    0x80, 0x40, 0x80, 0x40, 0x82, 0x40, 0x12, 0x40, 0x42, 0x40, 0x24, 0x40, 0x1E, 0x00, 0x00, 0x00,
    0x2D, 0x00, 0x12, 0x00, 0x00, 0x00, 0x00, 0x00, 0x24, 0x00, 0x42, 0x00, 0x0C, 0x40, 0x92, 0x40,
    0x80, 0x40, 0x80, 0x40, 0x80, 0x40, 0x80, 0x40, 0x80, 0x40, 0x82, 0x40, 0x1C, 0x40, 0x42, 0x40,
    0x24, 0x40, 0x00, 0x40, 0x62, 0x00, 0x1C, 0x00, 0x40, 0x80, 0x32, 0x00, 0x21, 0x00, 0x00, 0x00,
    0x00, 0x00, 0x12, 0x00, 0x00, 0x00, 0x00, 0x00, 0x25, 0x40, 0x40, 0x40, 0x0E, 0x40, 0x80, 0x40,
    0x81, 0xC0, 0x80, 0x00, 0x80, 0x00, 0x80, 0x00, 0x80, 0x40, 0x80, 0x40, 0x86, 0x40, 0x80, 0x40,
    0x80, 0x40, 0x80, 0x40, 0x82, 0x40, 0x12, 0x40, 0x42, 0x40, 0x24, 0x40, 0x12, 0x00, 0x00, 0x00,
    0x12, 0x00, 0x00, 0x00, 0x00, 0x00, 0x24, 0x00, 0x42, 0x00, 0x0C, 0x40, 0x92, 0x40, 0x80, 0x40,
    0x80, 0x40, 0x80, 0x40, 0x80, 0x40, 0x80, 0x40, 0x82, 0x40, 0x1C, 0x40, 0x42, 0x40, 0x24, 0x40,
    0x00, 0x40, 0x62, 0x00, 0x1C, 0x00, 0x40, 0x80, 0x32, 0x00, 0x00, 0x00, 0x12, 0x00, 0x12, 0x00,
    0x00, 0x00, 0x00, 0x00, 0x00, 0x00, 0x25, 0x40, 0x40, 0x40, 0x0E, 0x40, 0x80, 0x40, 0x81, 0xC0,
    0x80, 0x00, 0x80, 0x00, 0x80, 0x00, 0x80, 0x40, 0x80, 0x40, 0x86, 0x40, 0x80, 0x40, 0x80, 0x40,
    0x80, 0x40, 0x82, 0x40, 0x12, 0x40, 0x42, 0x40, 0x24, 0x40, 0x00, 0x00, 0x12, 0x00, 0x12, 0x00,
    0x0C, 0x00, 0x00, 0x00, 0x24, 0x00, 0x42, 0x00, 0x0C, 0x40, 0x92, 0x40, 0x80, 0x40, 0x80, 0x40,
    0x80, 0x40, 0x80, 0x40, 0x80, 0x40, 0x82, 0x40, 0x1C, 0x40, 0x42, 0x40, 0x24, 0x40, 0x00, 0x40,
    0x62, 0x00, 0x1C, 0x00, 0x40, 0x80, 0x32, 0x00, 0x25, 0x40, 0x40, 0x40, 0x0E, 0x40, 0x80, 0x40,
    0x81, 0xC0, 0x80, 0x00, 0x80, 0x00, 0x80, 0x00, 0x80, 0x40, 0x80, 0x40, 0x86, 0x40, 0x80, 0x40,
    0x80, 0x40, 0x80, 0x40, 0x82, 0x40, 0x12, 0x40, 0x42, 0x40, 0x24, 0x40, 0x00, 0x00, 0x00, 0x00,
    0x00, 0x00, 0x08, 0x00, 0x0C, 0x00, 0x08, 0x00, 0x00, 0x00, 0x00, 0x00, 0x08, 0x00, 0x04, 0x00,
    0x00, 0x00, 0x00, 0x00, 0x0C, 0x00, 0x00, 0x00, 0x24, 0x00, 0x42, 0x00, 0x0C, 0x40, 0x92, 0x40,
    0x80, 0x40, 0x80, 0x40, 0x80, 0x40, 0x80, 0x40, 0x80, 0x40, 0x82, 0x40, 0x1C, 0x40, 0x42, 0x40,
    0x24, 0x40, 0x00, 0x40, 0x62, 0x00, 0x1C, 0x00, 0x40, 0x80, 0x32, 0x00, 0x09, 0x00, 0x00, 0x00,
    0x00, 0x00, 0x09, 0x00, 0x00, 0x00, 0x00, 0x00, 0x00, 0x00, 0x00, 0x00, 0x49, 0x20, 0x40, 0x20,
    0x40, 0x20, 0x40, 0x20, 0x40, 0x20, 0x4F, 0x20, 0x40, 0x20, 0x40, 0x20, 0x40, 0x20, 0x40, 0x20,
    0x40, 0x20, 0x40, 0x20, 0x40, 0x20, 0x49, 0x20, 0x00, 0x00, 0x00, 0x00, 0x24, 0x00, 0x40, 0x00,
    0x0A, 0x00, 0x84, 0x00, 0x00, 0x00, 0x00, 0x00, 0x00, 0x00, 0x00, 0x00, 0x20, 0x00, 0x20, 0x00,
    0x20, 0x00, 0x22, 0x40, 0x24, 0x20, 0x23, 0x00, 0x24, 0x80, 0x20, 0x10, 0x20, 0x10, 0x20, 0x10,
    0x20, 0x10, 0x20, 0x10, 0x20, 0x10, 0x24, 0x90, 0x00, 0x00, 0x00, 0x00, 0x00, 0x00, 0x00, 0x00,
    0x49, 0x20, 0x40, 0x20, 0x80, 0x10, 0x8F, 0x10, 0x40, 0x20, 0x4F, 0x20, 0x40, 0x20, 0x40, 0x20,
    0x40, 0x20, 0x40, 0x20, 0x40, 0x20, 0x40, 0x20, 0x40, 0x20, 0x49, 0x20, 0x00, 0x00, 0x00, 0x00,
    0x00, 0x00, 0x00, 0x00, 0x40, 0x00, 0x80, 0x00, 0x8C, 0x00, 0x44, 0x80, 0x48, 0x40, 0x46, 0x00,
    0x49, 0x00, 0x40, 0x20, 0x40, 0x20, 0x40, 0x20, 0x40, 0x20, 0x40, 0x20, 0x40, 0x20, 0x49, 0x20,
    0x00, 0x00, 0x00, 0x00, 0x00, 0x00, 0x29, 0x80, 0x44, 0x00, 0x08, 0x80, 0x65, 0x00, 0x00, 0x00,
    0x00, 0x00, 0x00, 0x00, 0x00, 0x00, 0x12, 0x00, 0x00, 0x00, 0x00, 0x00, 0x00, 0x00, 0x00, 0x00,
    0x00, 0x00, 0x00, 0x00, 0x00, 0x00, 0x00, 0x00, 0x00, 0x00, 0x00, 0x00, 0x00, 0x00, 0x00, 0x00,
    0x12, 0x00, 0x00, 0x00, 0x00, 0x00, 0x00, 0x00, 0x29, 0x80, 0x44, 0x00, 0x08, 0x80, 0x65, 0x00,
    0x00, 0x00, 0x00, 0x00, 0x42, 0x00, 0x42, 0x00, 0x12, 0x00, 0x02, 0x00, 0x02, 0x00, 0x02, 0x00,
    0x02, 0x00, 0x02, 0x00, 0x02, 0x00, 0x02, 0x00, 0x12, 0x00, 0x00, 0x00, 0x00, 0x00, 0x40, 0x80,
    0x40, 0x80, 0x00, 0x00, 0x00, 0x00, 0x00, 0x00, 0x00, 0x00, 0x00, 0x00, 0x12, 0x00, 0x00, 0x00,
    0x00, 0x00, 0x00, 0x00, 0x00, 0x00, 0x00, 0x00, 0x00, 0x00, 0x00, 0x00, 0x00, 0x00, 0x00, 0x00,
    0x00, 0x00, 0x00, 0x00, 0x00, 0x00, 0x12, 0x00, 0x00, 0x00, 0x00, 0x00, 0x40, 0x80, 0x40, 0x80,
    0x00, 0x00, 0x00, 0x00, 0x42, 0x00, 0x42, 0x00, 0x12, 0x00, 0x02, 0x00, 0x02, 0x00, 0x02, 0x00,
    0x02, 0x00, 0x02, 0x00, 0x02, 0x00, 0x02, 0x00, 0x12, 0x00, 0x00, 0x00, 0x00, 0x00, 0x21, 0x00,
    0x00, 0x00, 0x00, 0x00, 0x12, 0x00, 0x00, 0x00, 0x00, 0x00, 0x00, 0x00, 0x00, 0x00, 0x12, 0x00,
    0x00, 0x00, 0x00, 0x00, 0x00, 0x00, 0x00, 0x00, 0x00, 0x00, 0x00, 0x00, 0x00, 0x00, 0x00, 0x00,
    0x00, 0x00, 0x00, 0x00, 0x00, 0x00, 0x00, 0x00, 0x12, 0x00, 0x00, 0x00, 0x00, 0x00, 0x12, 0x80,
    0x00, 0x00, 0x10, 0x00, 0x00, 0x00, 0x00, 0x00, 0x42, 0x00, 0x42, 0x00, 0x12, 0x00, 0x02, 0x00,
    0x02, 0x00, 0x02, 0x00, 0x02, 0x00, 0x02, 0x00, 0x02, 0x00, 0x02, 0x00, 0x12, 0x00, 0x00, 0x00,
    0x00, 0x00, 0x00, 0x00, 0x00, 0x00, 0x12, 0x00, 0x00, 0x00, 0x00, 0x00, 0x00, 0x00, 0x00, 0x00,
    0x00, 0x00, 0x00, 0x00, 0x00, 0x00, 0x00, 0x00, 0x00, 0x00, 0x00, 0x00, 0x00, 0x00, 0x00, 0x00,
    0x12, 0x00, 0x00, 0x00, 0x00, 0x00, 0x00, 0x80, 0x00, 0x00, 0x05, 0x00, 0x05, 0x00, 0x00, 0x40,
    0x01, 0x40, 0x02, 0x00, 0x10, 0x00, 0x10, 0x00, 0x0A, 0x00, 0x00, 0x00, 0x42, 0x00, 0x42, 0x00,
    0x12, 0x00, 0x02, 0x00, 0x02, 0x00, 0x02, 0x00, 0x02, 0x00, 0x02, 0x00, 0x02, 0x00, 0x02, 0x00,
    0x12, 0x00, 0x00, 0x00, 0x00, 0x00, 0x00, 0x80, 0x00, 0x00, 0x05, 0x00, 0x05, 0x00, 0x00, 0x40,
    0x01, 0x40, 0x00, 0x00, 0x12, 0x00, 0x12, 0x00, 0x00, 0x00, 0x00, 0x00, 0x00, 0x00, 0x00, 0x00,
    0x00, 0x00, 0x12, 0x00, 0x00, 0x00, 0x00, 0x00, 0x00, 0x00, 0x00, 0x00, 0x00, 0x00, 0x00, 0x00,
    0x00, 0x00, 0x00, 0x00, 0x00, 0x00, 0x00, 0x00, 0x00, 0x00, 0x00, 0x00, 0x12, 0x00, 0x00, 0x00,
    0x00, 0x00, 0x42, 0x00, 0x42, 0x00, 0x12, 0x00, 0x02, 0x00, 0x02, 0x00, 0x02, 0x00, 0x02, 0x00,
    0x02, 0x00, 0x02, 0x00, 0x02, 0x00, 0x12, 0x00, 0x00, 0x00, 0x00, 0x00, 0x80, 0x20, 0x80, 0x20,
    0x48, 0xA0, 0x08, 0x20, 0x08, 0x20, 0x08, 0x20, 0x08, 0x20, 0x08, 0x20, 0x08, 0x20, 0x08, 0x20,
    0x08, 0x20, 0x08, 0x20, 0x08, 0x20, 0x0B, 0x20, 0x08, 0x20, 0x48, 0xA0, 0x82, 0x00, 0x81, 0x40,
    0x28, 0x00, 0x40, 0x90, 0x40, 0x90, 0x28, 0x60, 0x00, 0x00, 0x89, 0x10, 0x89, 0x10, 0x08, 0x10,
    0x08, 0x10, 0x08, 0x10, 0x08, 0x10, 0x08, 0x10, 0x08, 0x10, 0x08, 0x10, 0x08, 0x10, 0x08, 0x10,
    0x80, 0x10, 0x80, 0x10, 0x00, 0x10, 0x07, 0x00, 0x05, 0x80, 0x04, 0x20, 0x02, 0x40, 0x07, 0x00,
    0x00, 0x80, 0x0A, 0x00, 0x14, 0x40, 0x10, 0xC0, 0x00, 0x00, 0x00, 0x00, 0x10, 0x80, 0x10, 0x80,
    0x00, 0x80, 0x00, 0x80, 0x00, 0x80, 0x00, 0x80, 0x00, 0x80, 0x00, 0x80, 0x00, 0x80, 0x00, 0x80,
    0x00, 0x80, 0x00, 0x80, 0x00, 0x80, 0xE0, 0x80, 0x80, 0x80, 0x9C, 0x00, 0x41, 0x00, 0x22, 0x00,
    0x03, 0x80, 0x04, 0x00, 0x01, 0x40, 0x08, 0xA0, 0x0C, 0x60, 0x00, 0x00, 0x00, 0x00, 0x10, 0x80,
    0x10, 0x80, 0x00, 0x80, 0x02, 0x80, 0x02, 0x80, 0x02, 0x80, 0x02, 0x80, 0x02, 0x80, 0x02, 0x80,
    0x02, 0x80, 0x02, 0x80, 0x02, 0x80, 0x02, 0x80, 0x00, 0x80, 0xA0, 0x80, 0x9C, 0x80, 0x01, 0x00,
    0x22, 0x00, 0x08, 0x00, 0x0A, 0x00, 0x90, 0x80, 0x14, 0x00, 0x11, 0x00, 0x18, 0x00, 0x12, 0x00,
    0x00, 0x00, 0x04, 0x00, 0x00, 0x00, 0x02, 0x00, 0x18, 0x00, 0x11, 0x00, 0x14, 0x00, 0x10, 0x80,
    0x92, 0x00, 0x0A, 0x00, 0x08, 0x00, 0x00, 0x00, 0x00, 0x00, 0x00, 0x00, 0x08, 0x00, 0x0C, 0x00,
    0x08, 0x00, 0x00, 0x00, 0x10, 0x00, 0x10, 0x00, 0x90, 0x00, 0x10, 0x00, 0x10, 0x00, 0x10, 0x00,
    0x12, 0x00, 0x14, 0x80, 0x11, 0x00, 0x18, 0x00, 0x00, 0x00, 0x00, 0x00, 0x00, 0x00, 0x09, 0x00,
    0x14, 0x00, 0x90, 0x80, 0x0A, 0x00, 0x08, 0x00, 0x00, 0x00, 0x00, 0x00, 0x00, 0x00, 0x08, 0x00,
    0x0C, 0x00, 0x08, 0x00, 0x00, 0x00, 0x10, 0x00, 0x12, 0x00, 0x94, 0x80, 0x11, 0x00, 0x18, 0x00,
    0x00, 0x00, 0x00, 0x00, 0x00, 0x00, 0x09, 0x00, 0x14, 0x00, 0x90, 0x80, 0x0A, 0x00, 0x08, 0x00,
    0x00, 0x00, 0x18, 0x00, 0x20, 0x00, 0x48, 0x00, 0x50, 0x00, 0x00, 0x00, 0x00, 0x00, 0x84, 0x00,
    0x84, 0x00, 0x40, 0x00, 0x40, 0x00, 0x40, 0x00, 0x40, 0x00, 0x40, 0x00, 0x40, 0x00, 0x40, 0x00,
    0x40, 0x00, 0x40, 0x00, 0x40, 0x00, 0x40, 0x00, 0x40, 0x00, 0x41, 0x40, 0x41, 0x40, 0x80, 0x40,
    0x80, 0x40, 0x00, 0x00, 0x02, 0x00, 0x01, 0x00, 0x0A, 0x00, 0x04, 0x00, 0x00, 0x00, 0x00, 0x00,
    0x42, 0x00, 0x42, 0x00, 0x12, 0x00, 0x02, 0x00, 0x02, 0x00, 0x02, 0x00, 0x02, 0x00, 0x02, 0x00,
    0x02, 0x00, 0x02, 0x00, 0x02, 0x00, 0x02, 0x00, 0x02, 0x00, 0x02, 0x00, 0x02, 0x00, 0x12, 0x00,
    0x00, 0x00, 0x00, 0x00, 0x84, 0x00, 0x84, 0x00, 0x40, 0x00, 0x40, 0x00, 0x40, 0x00, 0x40, 0x00,
    0x40, 0x00, 0x40, 0x00, 0x40, 0x00, 0x40, 0x00, 0x40, 0x00, 0x40, 0x00, 0x40, 0x00, 0x40, 0x00,
    0x41, 0x40, 0x41, 0x40, 0x80, 0x40, 0x80, 0x40, 0x00, 0x00, 0x00, 0x00, 0x00, 0x00, 0x08, 0x00,
    0x0C, 0x00, 0x08, 0x00, 0x00, 0x00, 0x42, 0x00, 0x42, 0x00, 0x12, 0x00, 0x02, 0x00, 0x02, 0x00,
    0x02, 0x00, 0x02, 0x00, 0x02, 0x00, 0x02, 0x00, 0x02, 0x00, 0x02, 0x00, 0x02, 0x00, 0x02, 0x00,
    0x02, 0x00, 0x02, 0x00, 0x12, 0x00, 0x00, 0x00, 0x00, 0x00, 0x00, 0x00, 0x08, 0x00, 0x02, 0x00,
    0x0A, 0x00, 0x08, 0x00, 0x0C, 0x00, 0x00, 0x00, 0x01, 0x00, 0x84, 0x40, 0x85, 0x40, 0x41, 0x00,
    0x41, 0x80, 0x40, 0x00, 0x40, 0x00, 0x40, 0x00, 0x40, 0x00, 0x40, 0x00, 0x40, 0x00, 0x40, 0x00,
    0x40, 0x00, 0x40, 0x00, 0x40, 0x00, 0x41, 0x40, 0x41, 0x40, 0x80, 0x40, 0x80, 0x40, 0x00, 0x40,
    0x43, 0x00, 0x42, 0x80, 0x12, 0xC0, 0x02, 0x00, 0x02, 0x00, 0x02, 0x00, 0x02, 0x00, 0x02, 0x00,
    0x02, 0x00, 0x02, 0x00, 0x02, 0x00, 0x02, 0x00, 0x02, 0x00, 0x02, 0x00, 0x02, 0x00, 0x12, 0x00,
    0x00, 0x00, 0x00, 0x00, 0x84, 0x00, 0x84, 0x00, 0x40, 0x00, 0x40, 0x00, 0x40, 0x00, 0x44, 0x80,
    0x40, 0x00, 0x40, 0x00, 0x44, 0x80, 0x40, 0x00, 0x40, 0x00, 0x40, 0x00, 0x40, 0x00, 0x40, 0x80,
    0x41, 0x40, 0x41, 0x40, 0x80, 0x40, 0x80, 0x40, 0x42, 0x00, 0x42, 0x00, 0x12, 0x00, 0x02, 0x00,
    0x02, 0x00, 0x02, 0x20, 0x02, 0x00, 0x02, 0x00, 0x03, 0x20, 0x02, 0x00, 0x02, 0x00, 0x02, 0x00,
    0x02, 0x00, 0x02, 0x00, 0x02, 0x00, 0x12, 0x00, 0x00, 0x00, 0x00, 0x00, 0x42, 0x00, 0x42, 0x00,
    0x20, 0x00, 0x20, 0x00, 0x20, 0x00, 0x20, 0x00, 0x20, 0x00, 0x25, 0x00, 0x22, 0x00, 0x40, 0x00,
    0x00, 0x00, 0x20, 0x00, 0x20, 0x00, 0x20, 0x00, 0x20, 0xA0, 0x20, 0xA0, 0x40, 0x20, 0x40, 0x20,
    0x42, 0x00, 0x42, 0x00, 0x12, 0x00, 0x02, 0x00, 0x02, 0x00, 0x02, 0x00, 0x03, 0x00, 0x00, 0x80,
    0x11, 0x00, 0x02, 0x00, 0x12, 0x00, 0x02, 0x00, 0x02, 0x00, 0x02, 0x00, 0x02, 0x00, 0x12, 0x00,
    0x00, 0x00, 0x00, 0x00, 0x00, 0x00, 0x01, 0x00, 0x00, 0x80, 0x01, 0x00, 0x0A, 0x00, 0x04, 0x00,
    0x00, 0x00, 0x00, 0x00, 0x08, 0x00, 0x41, 0x20, 0x40, 0x20, 0x44, 0x20, 0x40, 0x20, 0x48, 0x20,
    0x4A, 0x20, 0x42, 0x20, 0x44, 0x20, 0x45, 0x20, 0x41, 0x20, 0x40, 0x20, 0x42, 0x20, 0x40, 0x20,
    0x48, 0x20, 0x01, 0x20, 0x01, 0x20, 0x00, 0x00, 0x01, 0x00, 0x00, 0x80, 0x01, 0x00, 0x0A, 0x00,
    0x00, 0x00, 0x00, 0x00, 0x04, 0x80, 0x08, 0x40, 0x46, 0x00, 0x49, 0x00, 0x40, 0x20, 0x40, 0x20,
    0x40, 0x20, 0x40, 0x20, 0x40, 0x20, 0x40, 0x20, 0x49, 0x20, 0x00, 0x00, 0x00, 0x00, 0x00, 0x00,
    0x08, 0x00, 0x41, 0x20, 0x40, 0x20, 0x44, 0x20, 0x40, 0x20, 0x48, 0x20, 0x4A, 0x20, 0x42, 0x20,
    0x44, 0x20, 0x45, 0x20, 0x41, 0x20, 0x40, 0x20, 0x42, 0x20, 0x40, 0x20, 0x48, 0x20, 0x01, 0x20,
    0x01, 0x20, 0x00, 0x00, 0x00, 0x00, 0x00, 0x00, 0x04, 0x00, 0x06, 0x00, 0x04, 0x00, 0x00, 0x00,
    0x04, 0x80, 0x08, 0x40, 0x46, 0x00, 0x49, 0x00, 0x40, 0x20, 0x40, 0x20, 0x40, 0x20, 0x40, 0x20,
    0x40, 0x20, 0x40, 0x20, 0x49, 0x20, 0x00, 0x00, 0x00, 0x00, 0x00, 0x00, 0x00, 0x00, 0x00, 0x00,
    0x04, 0x00, 0x06, 0x00, 0x04, 0x00, 0x00, 0x00, 0x00, 0x00, 0x09, 0x00, 0x00, 0x00, 0x00, 0x00,
    0x09, 0x00, 0x00, 0x00, 0x00, 0x00, 0x00, 0x00, 0x08, 0x00, 0x41, 0x20, 0x40, 0x20, 0x44, 0x20,
    0x40, 0x20, 0x48, 0x20, 0x4A, 0x20, 0x42, 0x20, 0x44, 0x20, 0x45, 0x20, 0x41, 0x20, 0x40, 0x20,
    0x42, 0x20, 0x40, 0x20, 0x48, 0x20, 0x01, 0x20, 0x01, 0x20, 0x00, 0x00, 0x09, 0x00, 0x00, 0x00,
    0x00, 0x00, 0x09, 0x00, 0x00, 0x00, 0x00, 0x00, 0x04, 0x80, 0x08, 0x40, 0x46, 0x00, 0x49, 0x00,
    0x40, 0x20, 0x40, 0x20, 0x40, 0x20, 0x40, 0x20, 0x40, 0x20, 0x40, 0x20, 0x49, 0x20, 0x00, 0x00,
    0x00, 0x00, 0xA0, 0x00, 0x80, 0x00, 0x20, 0x00, 0x20, 0x00, 0x40, 0x00, 0x00, 0x00, 0x01, 0x20,
    0x02, 0x10, 0x11, 0x80, 0x12, 0x40, 0x10, 0x08, 0x10, 0x08, 0x10, 0x08, 0x10, 0x08, 0x10, 0x08,
    0x10, 0x08, 0x12, 0x48, 0x00, 0x00, 0x00, 0x00, 0x04, 0x80, 0x08, 0x40, 0x46, 0x00, 0x49, 0x00,
    0x40, 0x20, 0x40, 0x20, 0x40, 0x20, 0x40, 0x20, 0x40, 0x20, 0x40, 0x20, 0x40, 0x20, 0x40, 0x20,
    0x40, 0x20, 0x40, 0x20, 0x41, 0x20, 0x48, 0x00, 0x00, 0x40, 0x00, 0x80, 0x04, 0x80, 0x08, 0x40,
    0x46, 0x00, 0x49, 0x20, 0x40, 0x20, 0x40, 0x20, 0x40, 0x20, 0x40, 0x20, 0x40, 0x20, 0x40, 0x20,
    0x48, 0x20, 0x00, 0x20, 0x00, 0x20, 0x00, 0x20, 0x01, 0x00, 0x02, 0x00, 0x00, 0x00, 0x01, 0x00,
    0x40, 0x80, 0x40, 0x80, 0x00, 0x00, 0x00, 0x00, 0x00, 0x00, 0x33, 0x00, 0x40, 0x80, 0x0C, 0x00,
    0x80, 0x40, 0x80, 0x40, 0x80, 0x40, 0x80, 0x40, 0x80, 0x40, 0x80, 0x40, 0x80, 0x40, 0x80, 0x40,
    0x80, 0x40, 0x80, 0x40, 0x80, 0x40, 0x80, 0x40, 0x0C, 0x00, 0x40, 0x80, 0x33, 0x00, 0x40, 0x80,
    0x40, 0x80, 0x00, 0x00, 0x00, 0x00, 0x00, 0x00, 0x33, 0x00, 0x40, 0x80, 0x0C, 0x00, 0x80, 0x40,
    0x80, 0x40, 0x80, 0x40, 0x80, 0x40, 0x80, 0x40, 0x80, 0x40, 0x80, 0x40, 0x0C, 0x00, 0x40, 0x80,
    0x33, 0x00, 0x21, 0x00, 0x00, 0x00, 0x00, 0x00, 0x12, 0x00, 0x00, 0x00, 0x00, 0x00, 0x33, 0x00,
    0x40, 0x80, 0x0C, 0x00, 0x80, 0x40, 0x80, 0x40, 0x80, 0x40, 0x80, 0x40, 0x80, 0x40, 0x80, 0x40,
    0x80, 0x40, 0x80, 0x40, 0x80, 0x40, 0x80, 0x40, 0x80, 0x40, 0x80, 0x40, 0x0C, 0x00, 0x40, 0x80,
    0x33, 0x00, 0x12, 0x00, 0x00, 0x00, 0x12, 0x00, 0x00, 0x00, 0x00, 0x00, 0x33, 0x00, 0x40, 0x80,
    0x0C, 0x00, 0x80, 0x40, 0x80, 0x40, 0x80, 0x40, 0x80, 0x40, 0x80, 0x40, 0x80, 0x40, 0x80, 0x40,
    0x0C, 0x00, 0x40, 0x80, 0x33, 0x00, 0x08, 0x80, 0x11, 0x00, 0x22, 0x00, 0x44, 0x00, 0x22, 0x00,
    0x00, 0x00, 0x33, 0x00, 0x40, 0x80, 0x0C, 0x00, 0x80, 0x40, 0x80, 0x40, 0x80, 0x40, 0x80, 0x40,
    0x80, 0x40, 0x80, 0x40, 0x80, 0x40, 0x80, 0x40, 0x80, 0x40, 0x80, 0x40, 0x80, 0x40, 0x80, 0x40,
    0x0C, 0x00, 0x40, 0x80, 0x33, 0x00, 0x08, 0x80, 0x11, 0x00, 0x22, 0x00, 0x44, 0x00, 0x22, 0x00,
    0x00, 0x00, 0x33, 0x00, 0x40, 0x80, 0x0C, 0x00, 0x80, 0x40, 0x80, 0x40, 0x80, 0x40, 0x80, 0x40,
    0x80, 0x40, 0x80, 0x40, 0x80, 0x40, 0x0C, 0x00, 0x40, 0x80, 0x33, 0x00, 0x2C, 0x00, 0x40, 0x00,
    0x11, 0x00, 0x05, 0x40, 0x05, 0x60, 0x05, 0x00, 0x05, 0x00, 0x05, 0x00, 0x04, 0x20, 0x04, 0x20,
    0x05, 0x00, 0x05, 0x00, 0x05, 0x00, 0x05, 0x00, 0x05, 0x40, 0x15, 0x40, 0x40, 0x00, 0x2C, 0x00,
    0x2A, 0x40, 0x40, 0x20, 0x19, 0x00, 0x00, 0x00, 0x00, 0x00, 0x00, 0x00, 0x00, 0x00, 0x00, 0x00,
    0x00, 0x00, 0x00, 0x00, 0x19, 0x80, 0x40, 0x20, 0x2A, 0x40, 0x00, 0x00, 0x01, 0x00, 0x00, 0x80,
    0x01, 0x00, 0x0A, 0x00, 0x04, 0x00, 0x00, 0x00, 0x01, 0x00, 0x00, 0x40, 0x4A, 0x00, 0x40, 0x20,
    0x40, 0x20, 0x40, 0x20, 0x40, 0x20, 0x40, 0x20, 0x4E, 0x00, 0x40, 0x40, 0x40, 0x80, 0x44, 0x80,
    0x40, 0x80, 0x42, 0x00, 0x40, 0x40, 0x49, 0x00, 0x01, 0x10, 0x00, 0x10, 0x00, 0x00, 0x02, 0x00,
    0x01, 0x00, 0x02, 0x00, 0x14, 0x00, 0x08, 0x00, 0x00, 0x00, 0x82, 0x80, 0x84, 0x40, 0x26, 0x00,
    0x20, 0xC0, 0x20, 0x00, 0x20, 0x00, 0x20, 0x00, 0x20, 0x00, 0x20, 0x00, 0x20, 0x00, 0x20, 0x00,
    0x80, 0x00, 0x80, 0x00, 0x01, 0x00, 0x00, 0x40, 0x4A, 0x00, 0x40, 0x20, 0x40, 0x20, 0x40, 0x20,
    0x40, 0x20, 0x40, 0x20, 0x4E, 0x00, 0x40, 0x40, 0x40, 0x80, 0x44, 0x80, 0x40, 0x80, 0x42, 0x00,
    0x40, 0x40, 0x49, 0x00, 0x01, 0x10, 0x00, 0x10, 0x00, 0x00, 0x00, 0x00, 0x00, 0x00, 0x04, 0x00,
    0x06, 0x00, 0x04, 0x00, 0x00, 0x00, 0x82, 0x80, 0x84, 0x40, 0x26, 0x00, 0x20, 0xC0, 0x20, 0x00,
    0x20, 0x00, 0x20, 0x00, 0x20, 0x00, 0x20, 0x00, 0x20, 0x00, 0x20, 0x00, 0x80, 0x00, 0x80, 0x00,
    0x00, 0x00, 0x08, 0x00, 0x20, 0x00, 0x08, 0x00, 0x08, 0x00, 0x10, 0x00, 0x00, 0x00, 0x00, 0x00,
    0x09, 0x00, 0x00, 0x00, 0x00, 0x00, 0x09, 0x00, 0x00, 0x00, 0x00, 0x00, 0x01, 0x00, 0x00, 0x40,
    0x4A, 0x00, 0x40, 0x20, 0x40, 0x20, 0x40, 0x20, 0x40, 0x20, 0x40, 0x20, 0x4E, 0x00, 0x40, 0x40,
    0x40, 0x80, 0x44, 0x80, 0x40, 0x80, 0x42, 0x00, 0x40, 0x40, 0x49, 0x00, 0x01, 0x10, 0x00, 0x10,
    0x00, 0x00, 0x12, 0x00, 0x00, 0x00, 0x20, 0x00, 0x12, 0x00, 0x00, 0x00, 0x00, 0x00, 0x82, 0x80,
    0x84, 0x40, 0x26, 0x00, 0x20, 0xC0, 0x20, 0x00, 0x20, 0x00, 0x20, 0x00, 0x20, 0x00, 0x20, 0x00,
    0x20, 0x00, 0x20, 0x00, 0x80, 0x00, 0x80, 0x00, 0x02, 0x00, 0x01, 0x00, 0x0A, 0x00, 0x10, 0x00,
    0x08, 0x00, 0x00, 0x00, 0x25, 0x40, 0x40, 0x40, 0x0E, 0x40, 0x90, 0x40, 0x81, 0xC0, 0x80, 0x00,
    0x10, 0x00, 0x48, 0x00, 0x22, 0x00, 0x11, 0x00, 0x04, 0x80, 0x02, 0x00, 0x00, 0x40, 0xE0, 0x40,
    0x80, 0x40, 0x9C, 0x00, 0x80, 0x80, 0xA9, 0x00, 0x02, 0x00, 0x01, 0x00, 0x0A, 0x00, 0x14, 0x00,
    0x08, 0x00, 0x00, 0x00, 0x25, 0x40, 0x40, 0x40, 0x0E, 0x40, 0x10, 0x40, 0x11, 0xC0, 0x44, 0x00,
    0x21, 0x00, 0x08, 0x80, 0xE2, 0x00, 0x80, 0x40, 0x9E, 0x00, 0x80, 0x80, 0xA9, 0x00, 0x00, 0x00,
    0x12, 0x00, 0x21, 0x00, 0x00, 0x00, 0x12, 0x00, 0x00, 0x00, 0x00, 0x00, 0x25, 0x40, 0x40, 0x40,
    0x12, 0x40, 0x80, 0x40, 0x81, 0xC0, 0x90, 0x00, 0x00, 0x00, 0x44, 0x00, 0x22, 0x00, 0x10, 0x00,
    0x04, 0x80, 0x02, 0x00, 0x00, 0x40, 0xE0, 0x40, 0x80, 0x40, 0x9C, 0x00, 0x80, 0x80, 0xA9, 0x00,
    0x12, 0x00, 0x00, 0x00, 0x00, 0x00, 0x12, 0x00, 0x00, 0x00, 0x00, 0x00, 0x27, 0x40, 0x40, 0x40,
    0x12, 0x40, 0x10, 0x40, 0x11, 0xC0, 0x46, 0x00, 0x21, 0x00, 0x08, 0x80, 0xE2, 0x00, 0x80, 0x40,
    0x9E, 0x00, 0x80, 0x80, 0xA9, 0x00, 0x25, 0x40, 0x40, 0x40, 0x0E, 0x40, 0x90, 0x40, 0x81, 0xC0,
    0x80, 0x00, 0x10, 0x00, 0x48, 0x00, 0x22, 0x00, 0x11, 0x00, 0x04, 0x80, 0x02, 0x00, 0x00, 0x40,
    0xE0, 0x40, 0x80, 0x40, 0x9C, 0x00, 0x80, 0x80, 0xA1, 0x00, 0x00, 0x00, 0x08, 0x00, 0x01, 0x00,
    0x21, 0x00, 0x22, 0x00, 0x25, 0x40, 0x40, 0x40, 0x0E, 0x40, 0x10, 0x40, 0x11, 0xC0, 0x44, 0x00,
    0x21, 0x00, 0x08, 0x80, 0xE2, 0x00, 0x80, 0x40, 0x9E, 0x00, 0x80, 0x80, 0xB1, 0x00, 0x00, 0x00,
    0x08, 0x00, 0x01, 0x00, 0x21, 0x00, 0x22, 0x00, 0x21, 0x00, 0x12, 0x00, 0x2D, 0x00, 0x00, 0x00,
    0x0C, 0x00, 0x00, 0x00, 0x00, 0x00, 0x25, 0x40, 0x40, 0x40, 0x0E, 0x40, 0x90, 0x40, 0x81, 0xC0,
    0x80, 0x00, 0x10, 0x00, 0x48, 0x00, 0x22, 0x00, 0x11, 0x00, 0x04, 0x80, 0x02, 0x00, 0x00, 0x40,
    0xE0, 0x40, 0x80, 0x40, 0x9C, 0x00, 0x80, 0x80, 0xA9, 0x00, 0x00, 0x00, 0x12, 0x00, 0x00, 0x00,
    0x00, 0x00, 0x12, 0x00, 0x00, 0x00, 0x00, 0x00, 0x25, 0x40, 0x40, 0x40, 0x0E, 0x40, 0x10, 0x40,
    0x11, 0xC0, 0x44, 0x00, 0x21, 0x00, 0x08, 0x80, 0xE2, 0x00, 0x80, 0x40, 0x9E, 0x00, 0x80, 0x80,
    0xA9, 0x00, 0x80, 0x40, 0x80, 0x40, 0xB3, 0x40, 0xA1, 0x40, 0x00, 0x00, 0x00, 0x00, 0x00, 0x00,
    0x00, 0x00, 0x00, 0x00, 0x00, 0x00, 0x00, 0x00, 0x00, 0x00, 0x00, 0x00, 0x00, 0x00, 0x00, 0x00,
    0x12, 0x00, 0x00, 0x00, 0x00, 0x00, 0x00, 0x00, 0x02, 0x00, 0x05, 0x00, 0x21, 0x00, 0x22, 0x00,
    0x20, 0x00, 0x20, 0x00, 0x20, 0x00, 0x20, 0x00, 0x20, 0x00, 0x00, 0x00, 0x00, 0x00, 0x24, 0x00,
    0x20, 0x00, 0x20, 0x00, 0x20, 0x00, 0x20, 0x00, 0x20, 0x00, 0x21, 0x00, 0x05, 0x00, 0x02, 0x40,
    0x10, 0x00, 0x09, 0x00, 0x00, 0x00, 0x04, 0x00, 0x02, 0x80, 0x10, 0x00, 0x11, 0x00, 0x00, 0x00,
    0x12, 0x00, 0x00, 0x00, 0x00, 0x00, 0x12, 0x00, 0x00, 0x00, 0x00, 0x00, 0x80, 0x40, 0x80, 0x40,
    0xB3, 0x40, 0xA1, 0x40, 0x00, 0x00, 0x00, 0x00, 0x00, 0x00, 0x00, 0x00, 0x00, 0x00, 0x00, 0x00,
    0x00, 0x00, 0x00, 0x00, 0x00, 0x00, 0x00, 0x00, 0x00, 0x00, 0x12, 0x00, 0x00, 0x00, 0x00, 0x00,
    0x00, 0x40, 0x21, 0x00, 0x20, 0x80, 0x20, 0xC0, 0x20, 0x80, 0x20, 0x00, 0x00, 0x00, 0x00, 0x00,
    0x24, 0x00, 0x20, 0x00, 0x20, 0x00, 0x20, 0x00, 0x20, 0x00, 0x20, 0x00, 0x21, 0xC0, 0x05, 0x00,
    0x06, 0x40, 0x10, 0x00, 0x09, 0x00, 0x80, 0x40, 0x80, 0x40, 0xB3, 0x40, 0xA1, 0x40, 0x00, 0x00,
    0x00, 0x00, 0x00, 0x00, 0x00, 0x00, 0x00, 0x00, 0x00, 0x00, 0x21, 0x00, 0x00, 0x00, 0x00, 0x00,
    0x00, 0x00, 0x00, 0x00, 0x12, 0x00, 0x00, 0x00, 0x00, 0x00, 0x20, 0x00, 0x20, 0x00, 0x20, 0x00,
    0x20, 0x00, 0x20, 0x00, 0x00, 0x00, 0x00, 0x00, 0x24, 0x00, 0x20, 0x00, 0x46, 0x00, 0x01, 0x00,
    0x20, 0x00, 0x20, 0x00, 0x21, 0x00, 0x05, 0x00, 0x06, 0x40, 0x10, 0x00, 0x09, 0x00, 0x00, 0x00,
    0x14, 0xC0, 0x22, 0x00, 0x04, 0x40, 0x32, 0x80, 0x00, 0x00, 0x00, 0x00, 0x00, 0x00, 0x00, 0x00,
    0x49, 0x20, 0x40, 0x20, 0x40, 0x20, 0x40, 0x20, 0x40, 0x20, 0x40, 0x20, 0x40, 0x20, 0x40, 0x20,
    0x40, 0x20, 0x40, 0x20, 0x40, 0x20, 0x40, 0x20, 0x09, 0x00, 0x06, 0x00, 0x20, 0x40, 0x09, 0x00,
    0x00, 0x00, 0x14, 0xC0, 0x22, 0x00, 0x04, 0x40, 0x32, 0x80, 0x00, 0x00, 0x00, 0x00, 0x00, 0x20,
    0x00, 0x20, 0x41, 0x20, 0x40, 0x20, 0x40, 0x20, 0x40, 0x20, 0x40, 0x20, 0x40, 0x20, 0x40, 0x20,
    0x09, 0x20, 0x00, 0x20, 0x21, 0x00, 0x12, 0x00, 0x20, 0x40, 0x20, 0x40, 0x00, 0x00, 0x00, 0x00,
    0x00, 0x00, 0x00, 0x00, 0x00, 0x00, 0x49, 0x20, 0x40, 0x20, 0x40, 0x20, 0x40, 0x20, 0x40, 0x20,
    0x40, 0x20, 0x40, 0x20, 0x40, 0x20, 0x40, 0x20, 0x40, 0x20, 0x40, 0x20, 0x40, 0x20, 0x09, 0x00,
    0x06, 0x00, 0x20, 0x40, 0x09, 0x00, 0x20, 0x40, 0x20, 0x40, 0x00, 0x00, 0x00, 0x00, 0x00, 0x20,
    0x00, 0x20, 0x41, 0x20, 0x40, 0x20, 0x40, 0x20, 0x40, 0x20, 0x40, 0x20, 0x40, 0x20, 0x40, 0x20,
    0x09, 0x20, 0x00, 0x20, 0x21, 0x00, 0x12, 0x00, 0x10, 0x80, 0x00, 0x00, 0x00, 0x00, 0x09, 0x00,
    0x00, 0x00, 0x00, 0x00, 0x00, 0x00, 0x00, 0x00, 0x49, 0x20, 0x40, 0x20, 0x40, 0x20, 0x40, 0x20,
    0x40, 0x20, 0x40, 0x20, 0x40, 0x20, 0x40, 0x20, 0x40, 0x20, 0x40, 0x20, 0x40, 0x20, 0x40, 0x20,
    0x09, 0x00, 0x06, 0x00, 0x20, 0x40, 0x09, 0x00, 0x09, 0x00, 0x00, 0x00, 0x09, 0x00, 0x00, 0x00,
    0x00, 0x00, 0x00, 0x20, 0x00, 0x20, 0x41, 0x20, 0x40, 0x20, 0x40, 0x20, 0x40, 0x20, 0x40, 0x20,
    0x40, 0x20, 0x40, 0x20, 0x09, 0x20, 0x00, 0x20, 0x21, 0x00, 0x12, 0x00, 0x06, 0x00, 0x00, 0x00,
    0x00, 0x00, 0x00, 0x00, 0x00, 0x00, 0x06, 0x00, 0x00, 0x00, 0x00, 0x00, 0x00, 0x00, 0x49, 0x20,
    0x40, 0x20, 0x40, 0x20, 0x40, 0x20, 0x40, 0x20, 0x40, 0x20, 0x40, 0x20, 0x40, 0x20, 0x40, 0x20,
    0x40, 0x20, 0x40, 0x20, 0x40, 0x20, 0x09, 0x00, 0x06, 0x00, 0x20, 0x40, 0x09, 0x00, 0x09, 0x00,
    0x06, 0x00, 0x06, 0x00, 0x09, 0x00, 0x00, 0x00, 0x00, 0x20, 0x00, 0x20, 0x41, 0x20, 0x40, 0x20,
    0x40, 0x20, 0x40, 0x20, 0x40, 0x20, 0x40, 0x20, 0x40, 0x20, 0x09, 0x20, 0x00, 0x20, 0x21, 0x00,
    0x12, 0x00, 0x00, 0x00, 0x00, 0x00, 0x02, 0x80, 0x15, 0x00, 0x2A, 0x80, 0x11, 0x00, 0x00, 0x00,
    0x00, 0x00, 0x00, 0x00, 0x49, 0x20, 0x40, 0x20, 0x40, 0x20, 0x40, 0x20, 0x40, 0x20, 0x40, 0x20,
    0x40, 0x20, 0x40, 0x20, 0x40, 0x20, 0x40, 0x20, 0x40, 0x20, 0x40, 0x20, 0x09, 0x00, 0x06, 0x00,
    0x20, 0x40, 0x09, 0x00, 0x00, 0x00, 0x00, 0x00, 0x02, 0x80, 0x15, 0x00, 0x2A, 0x80, 0x11, 0x00,
    0x00, 0x00, 0x00, 0x20, 0x00, 0x20, 0x41, 0x20, 0x40, 0x20, 0x40, 0x20, 0x40, 0x20, 0x40, 0x20,
    0x40, 0x20, 0x40, 0x20, 0x09, 0x20, 0x00, 0x20, 0x21, 0x00, 0x12, 0x00, 0x00, 0x00, 0x00, 0x00,
    0x49, 0x20, 0x40, 0x20, 0x40, 0x20, 0x40, 0x20, 0x40, 0x20, 0x40, 0x20, 0x40, 0x20, 0x40, 0x20,
    0x40, 0x20, 0x40, 0x20, 0x40, 0x20, 0x40, 0x20, 0x09, 0x00, 0x06, 0x00, 0x20, 0x40, 0x09, 0x00,
    0x08, 0x00, 0x04, 0x00, 0x14, 0x00, 0x01, 0x00, 0x09, 0x00, 0x00, 0x20, 0x00, 0x20, 0x41, 0x20,
    0x40, 0x20, 0x40, 0x20, 0x40, 0x20, 0x40, 0x20, 0x40, 0x20, 0x40, 0x20, 0x09, 0x20, 0x00, 0x20,
    0x21, 0x00, 0x12, 0x10, 0x00, 0x20, 0x00, 0x00, 0x00, 0x40, 0x00, 0x00, 0x00, 0x10, 0x00, 0x50,
    0x09, 0x00, 0x00, 0x00, 0x00, 0x00, 0x09, 0x00, 0x00, 0x00, 0x00, 0x00, 0x80, 0x10, 0x80, 0x10,
    0x10, 0x80, 0x00, 0x00, 0x50, 0xA0, 0x50, 0xA0, 0x50, 0xA0, 0x59, 0xA0, 0x59, 0xA0, 0x19, 0x80,
    0x1F, 0x80, 0x16, 0x80, 0x06, 0x00, 0x26, 0x40, 0x20, 0x40, 0x20, 0x40, 0x20, 0x40, 0x29, 0x40,
    0x09, 0x00, 0x00, 0x00, 0x00, 0x00, 0x09, 0x00, 0x00, 0x00, 0x00, 0x00, 0x80, 0x10, 0x80, 0x10,
    0x10, 0x80, 0x56, 0xA0, 0x50, 0xA0, 0x59, 0xA0, 0x19, 0x80, 0x1F, 0x80, 0x16, 0x80, 0x06, 0x00,
    0x20, 0x40, 0x20, 0x40, 0x20, 0x40, 0x09, 0x00, 0x00, 0x00, 0x00, 0x00, 0x09, 0x00, 0x00, 0x00,
    0x00, 0x00, 0x00, 0x00, 0x00, 0x00, 0x49, 0x20, 0x20, 0x40, 0x20, 0x40, 0x06, 0x00, 0x16, 0x80,
    0x10, 0x80, 0x00, 0x00, 0x09, 0x00, 0x09, 0x00, 0x00, 0x00, 0x00, 0x00, 0x00, 0x00, 0x00, 0x00,
    0x09, 0x00, 0x00, 0x00, 0x00, 0x00, 0x09, 0x00, 0x00, 0x00, 0x00, 0x00, 0x09, 0x00, 0x00, 0x00,
    0x00, 0x00, 0x00, 0x00, 0x00, 0x00, 0x49, 0x20, 0x29, 0x40, 0x20, 0x40, 0x00, 0x00, 0x04, 0x00,
    0x16, 0x80, 0x12, 0x80, 0x00, 0x00, 0x00, 0x00, 0x09, 0x00, 0x09, 0x00, 0x08, 0x00, 0x08, 0x00,
    0x12, 0x00, 0x40, 0x00, 0x44, 0x00, 0x10, 0x80, 0x00, 0x00, 0x00, 0x00, 0x29, 0x40, 0x00, 0x00,
    0x00, 0x00, 0x00, 0x00, 0x00, 0x00, 0x49, 0x20, 0x20, 0x40, 0x20, 0x40, 0x06, 0x00, 0x16, 0x80,
    0x10, 0x80, 0x00, 0x00, 0x09, 0x00, 0x09, 0x00, 0x00, 0x00, 0x00, 0x00, 0x00, 0x00, 0x00, 0x00,
    0x09, 0x00, 0x00, 0x00, 0x00, 0x00, 0x00, 0x00, 0x02, 0x00, 0x01, 0x00, 0x02, 0x00, 0x14, 0x00,
    0x08, 0x00, 0x00, 0x00, 0x80, 0x40, 0x80, 0x40, 0xA2, 0x40, 0xA0, 0x00, 0x04, 0x80, 0x00, 0x00,
    0x09, 0x00, 0x08, 0x00, 0x02, 0x00, 0x10, 0x00, 0x04, 0x00, 0x24, 0x00, 0x00, 0x00, 0x48, 0x00,
    0x01, 0x40, 0x91, 0x40, 0x80, 0x40, 0x80, 0x40, 0x00, 0x00, 0x02, 0x00, 0x01, 0x00, 0x02, 0x00,
    0x14, 0x00, 0x00, 0x00, 0x00, 0x00, 0x80, 0x40, 0x80, 0x40, 0xA2, 0x00, 0xA0, 0x80, 0x05, 0x00,
    0x08, 0x00, 0x12, 0x00, 0x04, 0x00, 0x28, 0x00, 0x41, 0x40, 0x11, 0x40, 0x80, 0x40, 0x80, 0x40,
    0x00, 0x00, 0x12, 0x00, 0x12, 0x00, 0x00, 0x00, 0x00, 0x00, 0x00, 0x00, 0x80, 0x40, 0x80, 0x40,
    0xA2, 0x40, 0xA0, 0x00, 0x04, 0x80, 0x00, 0x00, 0x09, 0x00, 0x08, 0x00, 0x02, 0x00, 0x10, 0x00,
    0x04, 0x00, 0x24, 0x00, 0x00, 0x00, 0x48, 0x00, 0x01, 0x40, 0x91, 0x40, 0x80, 0x40, 0x80, 0x40,
    0x00, 0x00, 0x12, 0x00, 0x12, 0x00, 0x0C, 0x00, 0x00, 0x00, 0x80, 0x40, 0x80, 0x40, 0xA2, 0x00,
    0xA0, 0x80, 0x05, 0x00, 0x08, 0x00, 0x12, 0x00, 0x04, 0x00, 0x28, 0x00, 0x41, 0x40, 0x11, 0x40,
    0x80, 0x40, 0x80, 0x40, 0x00, 0x00, 0x12, 0x00, 0x00, 0x00, 0x00, 0x00, 0x12, 0x00, 0x00, 0x00,
    0x00, 0x00, 0x80, 0x40, 0x80, 0x40, 0xA2, 0x40, 0xA0, 0x00, 0x04, 0x80, 0x00, 0x00, 0x09, 0x00,
    0x08, 0x00, 0x02, 0x00, 0x10, 0x00, 0x04, 0x00, 0x24, 0x00, 0x00, 0x00, 0x48, 0x00, 0x01, 0x40,
    0x91, 0x40, 0x80, 0x40, 0x80, 0x40, 0x00, 0x00, 0x12, 0x00, 0x00, 0x00, 0x00, 0x00, 0x12, 0x00,
    0x00, 0x00, 0x00, 0x00, 0x80, 0x40, 0x80, 0x40, 0xA2, 0x00, 0xA0, 0x80, 0x05, 0x00, 0x08, 0x00,
    0x12, 0x00, 0x04, 0x00, 0x28, 0x00, 0x41, 0x40, 0x11, 0x40, 0x80, 0x40, 0x80, 0x40, 0x09, 0x00,
    0x10, 0x00, 0x26, 0x40, 0x21, 0x40, 0x29, 0xC0, 0x28, 0x00, 0x28, 0x00, 0x28, 0x00, 0x28, 0x00,
    0x28, 0x00, 0x28, 0x00, 0x28, 0x00, 0x28, 0x00, 0x28, 0x00, 0x28, 0x00, 0x00, 0x00, 0x00, 0x00,
    0x00, 0x00, 0x00, 0x18, 0x3C, 0x66, 0x81, 0x66, 0x3C, 0x00, 0x18, 0x18, 0x18, 0x18, 0x18, 0x18,
    0x18, 0x18, 0x18, 0x18, 0x18, 0x18, 0x18, 0x18, 0x18, 0x18, 0x18, 0x18, 0x18, 0x18, 0x18, 0x18,
    0x18, 0x00, 0x24, 0x18, 0x00, 0x24, 0x5A, 0x24, 0x18, 0x18, 0x18, 0x18, 0x18, 0x18, 0x18, 0x18,
    0x18, 0x18, 0x18, 0x18, 0x18, 0x18, 0x18, 0x18, 0x18, 0x18, 0x18, 0x18, 0x18, 0x18, 0x18, 0x00,
    0x00, 0x00, 0x00, 0x00, 0x00, 0x00, 0x00, 0x00, 0x00, 0x00, 0x00, 0x00, 0x00, 0x00, 0x66, 0x00,
    0x00, 0x00, 0x00, 0x00, 0x00, 0x00, 0x00, 0x00, 0x00, 0x00, 0x00, 0x00, 0x00, 0x00, 0x00, 0x00,
    0x00, 0x00, 0x00, 0x00, 0x00, 0x00, 0x00, 0x00, 0x80, 0x40, 0x80, 0x40, 0x00, 0x00, 0x80, 0x40,
    0x80, 0x40, 0x00, 0x00, 0x28, 0x10, 0x50, 0x08, 0x00, 0x00, 0x48, 0x00, 0x48, 0x00, 0x00, 0x48,
    0x28, 0x00, 0x50, 0x20, 0x00, 0x00, 0x48, 0x00, 0x00, 0x48, 0x28, 0x00, 0x50, 0x20, 0x00, 0x00,
    0x48, 0x00, 0x00, 0x48, 0x50, 0x00, 0x28, 0x10, 0x00, 0x10, 0x80, 0x28, 0x00, 0x50, 0x00, 0x02,
    0x80, 0x20, 0x00, 0x90, 0x00, 0x80, 0x40, 0x80, 0x40, 0x12, 0x80, 0x00, 0x00, 0x01, 0x20, 0x40,
    0x20, 0x40, 0x20, 0x21, 0x20, 0x00, 0x80, 0x28, 0x40, 0x50, 0x00, 0x40, 0x80, 0x00, 0x00, 0x00,
    0x00, 0x09, 0x00, 0x40, 0x20, 0x40, 0x20, 0x21, 0x20, 0x00, 0x80, 0x28, 0x40, 0x50, 0x00, 0x40,
    0x80, 0x00, 0x00, 0x00, 0x00, 0x02, 0x00, 0x80, 0x40, 0x80, 0x40, 0x90, 0x80, 0x22, 0x00, 0x42,
    0x80, 0x01, 0x40, 0x28, 0x40, 0x00, 0x00, 0x0C, 0x00, 0x00, 0x00, 0x00, 0x00, 0x00, 0x00, 0x00,
    0x00, 0x00, 0x00, 0x00, 0x00, 0x80, 0x40, 0x80, 0x40, 0x12, 0x00, 0x00, 0x00, 0x00, 0x00, 0x00,
    0x00, 0x00, 0x00, 0x00, 0x00, 0x00, 0x00, 0x00, 0x00, 0x00, 0x00, 0x00, 0x00, 0x00, 0x00, 0x00,
    0x00, 0x00, 0x00, 0x00, 0x00, 0x00, 0x00, 0x0C, 0x00, 0x00, 0x00, 0x00, 0x00, 0x00, 0x00, 0x00,
    0x00, 0x00, 0x00, 0x00, 0x00, 0x80, 0x40, 0x80, 0x40, 0x12, 0x00, 0x00, 0x00, 0x00, 0x00, 0x00,
    0x00, 0x00, 0x00, 0x00, 0x00, 0x80, 0x40, 0x80, 0x40, 0x12, 0x00, 0x00, 0x00, 0x00, 0x00, 0x00,
    0x00, 0x00, 0x00, 0x00, 0x00, 0x00, 0x00, 0x18, 0x42, 0x00, 0x81, 0x81, 0x81, 0x00, 0x24, 0x40,
    0x00, 0xA0, 0x00, 0x88, 0x00, 0x82, 0x00, 0x80, 0x00, 0x82, 0x00, 0x80, 0x00, 0x90, 0x00, 0xC0,
    0x00, 0x00, 0x00, 0x30, 0x03, 0x00, 0x00, 0x00, 0x00, 0x00, 0x00, 0x00, 0x00, 0x00, 0x00, 0x48,
    0x04, 0x80, 0x30, 0x30, 0x30, 0x00, 0x00, 0x00, 0x00, 0x00, 0x00, 0x00, 0x00, 0x00, 0x48, 0x48,
    0x48, 0x50, 0xA0, 0x00, 0x88, 0x00, 0x00, 0x01, 0x40, 0x00, 0x00, 0x00, 0x00, 0x02, 0x80, 0x00,
    0x00, 0x00, 0x00, 0x05, 0x00, 0x00, 0x8C, 0x00, 0x00, 0x7A, 0x00, 0x00, 0x0B, 0xC7, 0x00, 0x06,
    0x20, 0x80, 0x14, 0x26, 0x80, 0x00, 0x04, 0x80, 0x28, 0x04, 0x80, 0x00, 0x04, 0x80, 0x50, 0x04,
    0x80, 0x00, 0xA2, 0x80, 0xA1, 0x41, 0x00, 0x50, 0xA0, 0x00, 0x80, 0x00, 0x00, 0x81, 0x40, 0x00,
    0x00, 0x00, 0x00, 0x02, 0x80, 0x00, 0x00, 0x00, 0x00, 0x85, 0x00, 0x00, 0x8C, 0x00, 0x00, 0x72,
    0x00, 0x00, 0x0B, 0xC7, 0x1C, 0x02, 0x20, 0x80, 0x14, 0x00, 0x9A, 0x00, 0x04, 0xDA, 0x28, 0x04,
    0xDA, 0x00, 0x04, 0xDA, 0x50, 0x00, 0x9A, 0x02, 0xA2, 0x8A, 0xA1, 0x41, 0x24, 0x00, 0x24, 0x20,
    0x00, 0x08, 0x40, 0x00, 0x10, 0x80, 0x00, 0x00, 0x20, 0x40, 0x02, 0x40, 0x0A, 0x00, 0x48, 0x00,
    0x40, 0x80, 0x14, 0x00, 0x90, 0x00, 0x81, 0x00, 0x00, 0x00, 0x28, 0x40, 0x04, 0x10, 0x45, 0x00,
    0x50, 0x80, 0x10, 0xA0, 0x0A, 0x00, 0xA0, 0x00, 0xA1, 0x40, 0x00, 0x90, 0x10, 0x00, 0x40, 0x08,
    0x00, 0x20, 0x04, 0x00, 0x00, 0x40, 0x80, 0x48, 0x00, 0x0A, 0x00, 0x20, 0x40, 0x24, 0x00, 0x05,
    0x00, 0x11, 0x20, 0x10, 0x20, 0x00, 0x00, 0x10, 0xA0, 0x41, 0x00, 0x05, 0x10, 0x08, 0x50, 0x28,
    0x40, 0x02, 0x80, 0x00, 0x28, 0x14, 0x28, 0x08, 0x14, 0x00, 0x28, 0x00, 0x10, 0x00, 0x90, 0x40,
    0x28, 0x00, 0x14, 0x0C, 0x40, 0xA0, 0x00, 0x50, 0x00, 0x20, 0x00, 0x24, 0x08, 0x50, 0x00, 0xA0,
    0xC0, 0x20, 0x00, 0x04, 0x10, 0x24, 0x08, 0x08, 0x18, 0x10, 0x04, 0x00, 0x20, 0x02, 0x00, 0x40,
    0x01, 0x00, 0x80, 0x00, 0x81, 0x00, 0x00, 0x42, 0x00, 0x00, 0x24, 0x00, 0x00, 0x18, 0x00, 0x40,
    0x00, 0x02, 0x10, 0x24, 0x08, 0x60, 0x02, 0x06, 0x00, 0x00, 0x00, 0x00, 0x04, 0x00, 0x00, 0x42,
    0x00, 0x00, 0x81, 0x00, 0x01, 0x00, 0x80, 0x02, 0x00, 0x40, 0x04, 0x00, 0x20, 0x08, 0x18, 0x10,
    0x10, 0x24, 0x08, 0x20, 0x00, 0x04, 0x52, 0x80, 0x52, 0x80, 0x52, 0x80, 0x52, 0x80, 0x52, 0x80,
    0x52, 0x80, 0x52, 0x80, 0x52, 0x80, 0x52, 0x80, 0x52, 0x80, 0x52, 0x80, 0x00, 0x00, 0x00, 0x00,
    0x00, 0x00, 0x12, 0x00, 0x00, 0x00, 0x00, 0x00, 0x52, 0x80, 0x72, 0x60, 0x14, 0x10, 0x40, 0xC0,
    0x49, 0x08, 0x0A, 0x08, 0x08, 0x40, 0x20, 0x00, 0x20, 0x10, 0x05, 0x20, 0x06, 0x40, 0x12, 0x00,
    0x10, 0x80, 0x00, 0x00, 0x00, 0x00, 0x09, 0x00, 0x00, 0x00, 0x00, 0x00, 0x09, 0x00, 0x00, 0x00,
    0x12, 0x00, 0x00, 0x00, 0x33, 0x00, 0x00, 0x00, 0x21, 0x00, 0x00, 0x00, 0x61, 0x80, 0x00, 0x00,
    0x00, 0x40, 0x00, 0x80, 0x01, 0x20, 0x02, 0x40, 0x00, 0x80, 0x01, 0x00, 0x09, 0x00, 0x10, 0x80,
    0x26, 0x40, 0x49, 0x20, 0x10, 0x80, 0x20, 0x40, 0x00, 0x00, 0x00, 0x00, 0x00, 0x00, 0x00, 0x00,
    0x00, 0x01, 0x66, 0x80, 0x00, 0x00, 0x00, 0x00, 0x42, 0x00, 0x00, 0x00, 0x00, 0x00, 0x18, 0x00,
    0x00, 0x81, 0x00, 0x00, 0x66, 0x00, 0x00, 0x00, 0x00, 0x00, 0x00, 0x00, 0x00, 0x00, 0x00, 0x00,
    0x00, 0x00, 0x59, 0xA5, 0x9A, 0x00, 0x00, 0x00, 0x10, 0x81, 0x08, 0x00, 0x00, 0x00, 0x06, 0x00,
    0x60, 0x20, 0x42, 0x04, 0x19, 0x81, 0x98, 0x00, 0x00, 0x00, 0x01, 0x01, 0x10, 0x10, 0x10, 0x10,
    0x10, 0x10, 0x10, 0x10, 0x10, 0x01, 0x01, 0x10, 0x10, 0x10, 0x10, 0x10, 0x10, 0x10, 0x10, 0x10,
    0x01, 0x01, 0x80, 0x80, 0x08, 0x08, 0x08, 0x08, 0x08, 0x08, 0x08, 0x08, 0x08, 0x80, 0x80, 0x08,
    0x08, 0x08, 0x08, 0x08, 0x08, 0x08, 0x08, 0x08, 0x80, 0x80, 0x29, 0x40, 0x06, 0x20, 0x10, 0x80,
    0xA0, 0x50, 0xEB, 0x50, 0x00, 0x50, 0x00, 0x00, 0x14, 0x80, 0x04, 0x20, 0x20, 0x00, 0x29, 0x40,
    0x29, 0x40, 0x00, 0x00, 0x00, 0x00, 0x09, 0x00, 0x00, 0x00, 0x00, 0x00, 0x29, 0x40, 0x29, 0x40,
    0x45, 0x40, 0x11, 0x40, 0xA1, 0x40, 0xEB, 0x40, 0x01, 0x40, 0x01, 0x40, 0x15, 0x40, 0x05, 0x40,
    0x21, 0x40, 0x29, 0x40, 0x28, 0x00, 0x00, 0x00, 0x00, 0x00, 0x09, 0x00, 0x00, 0x00, 0x00, 0x00,
    0x29, 0x40, 0x52, 0x80, 0x54, 0x40, 0x51, 0x00, 0x50, 0xA0, 0x56, 0xA0, 0x50, 0xA0, 0x50, 0x00,
    0x51, 0x00, 0x50, 0x40, 0x50, 0x00, 0x52, 0x80, 0x02, 0x80, 0x00, 0x00, 0x00, 0x00, 0x12, 0x00,
    0x00, 0x00, 0x00, 0x00, 0x52, 0x80, 0x00, 0x00, 0x80, 0x40, 0x80, 0x40, 0x02, 0x00, 0x00, 0x00,
    0x00, 0x80, 0x04, 0x00, 0x01, 0x00, 0x08, 0x00, 0x08, 0x00, 0x02, 0x00, 0x10, 0x00, 0x04, 0x00,
    0x0C, 0x00, 0x83, 0x00, 0xB0, 0x80, 0x90, 0x00, 0x90, 0x40, 0x90, 0x40, 0x90, 0x40, 0x90, 0x00,
    0x90, 0x00, 0x90, 0x80, 0x92, 0x00, 0x94, 0x00, 0x94, 0x00, 0x94, 0x00, 0x94, 0x00, 0x94, 0x00,
    0x94, 0x00, 0x94, 0x00, 0x94, 0x00, 0x20, 0x40, 0x43, 0x40, 0x02, 0x40, 0x82, 0x40, 0x82, 0x40,
    0x82, 0x40, 0x02, 0x40, 0x02, 0x40, 0x00, 0x40, 0x1F, 0x80, 0x81, 0x00, 0xB0, 0x80, 0x90, 0x00,
    0x90, 0x40, 0x90, 0x40, 0x90, 0x40, 0x90, 0x00, 0x90, 0x00, 0x80, 0x00, 0x7E, 0x00, 0x48, 0x00,
    0x00, 0x00, 0x30, 0x00, 0x00, 0x00, 0x30, 0x00, 0x00, 0x00, 0x08, 0x50, 0x40, 0x28, 0x04, 0x18,
    0x00, 0x33, 0x00, 0x00, 0x00, 0x12, 0x00, 0x00, 0x00, 0x00, 0x00, 0x00, 0x00, 0x00, 0x00, 0x00,
    0x00, 0x00, 0x00, 0x00, 0x00, 0x00, 0x00, 0x00, 0x00, 0x00, 0x00, 0x00, 0x00, 0x00, 0x00, 0x00,
    0x00, 0x00, 0x00, 0x00, 0x00, 0x00, 0x00, 0x12, 0x00, 0x00, 0x00, 0x33, 0x00, 0x00, 0x00, 0x00,
    0x00, 0x00, 0x00, 0x59, 0xA0, 0x00, 0x00, 0x10, 0x80, 0x00, 0x00, 0x06, 0x00, 0x20, 0x40, 0x19,
    0x80, 0x00, 0x00, 0x00, 0x00, 0x00, 0x00, 0x00, 0x00, 0x59, 0xA0, 0x00, 0x00, 0x10, 0x80, 0x00,
    0x00, 0x06, 0x00, 0x20, 0x40, 0x19, 0x80, 0x00, 0x00, 0x51, 0x00, 0x88, 0x00, 0x82, 0x80, 0x88,
    0x00, 0x75, 0x00, 0x05, 0x00, 0x00, 0x00, 0x0A, 0x00, 0x00, 0x00, 0x00, 0x00, 0x14, 0x00, 0x00,
    0x00, 0x28, 0x00, 0x2B, 0x00, 0x04, 0x40, 0x50, 0x40, 0x04, 0x40, 0x22, 0x80, 0x06, 0x40, 0x04,
    0x08, 0x10, 0x00, 0x02, 0x48, 0x02, 0x20, 0x24, 0x04, 0x40, 0x12, 0x40, 0x10, 0x08, 0x10, 0x20,
    0x02, 0x60, 0x00, 0x00, 0x00, 0x00, 0x20, 0x40, 0x20, 0x40, 0x10, 0x80, 0x00, 0x00, 0x00, 0x00,
    0x10, 0x80, 0x29, 0x40, 0x30, 0xC0, 0x00, 0x00, 0x02, 0x80, 0x04, 0x40, 0x04, 0x40, 0x00, 0x00,
    0x50, 0x00, 0x88, 0x00, 0x88, 0x00, 0x00, 0x00, 0x00, 0x00, 0x00, 0x00, 0x04, 0x40, 0x04, 0x40,
    0x02, 0x80, 0x00, 0x00, 0x02, 0xD0, 0x20, 0x5A, 0x28, 0x0A, 0x05, 0x20, 0x00, 0xA0, 0x50, 0x94,
    0x4A, 0x10, 0x09, 0x40, 0x09, 0x00, 0x00, 0x00, 0x00, 0x00, 0x09, 0x00, 0x50, 0xA0, 0x09, 0x00,
    0x89, 0x10, 0x09, 0x00, 0x00, 0x00, 0x09, 0x00, 0x00, 0x00, 0x00, 0x00, 0x09, 0x00, 0x50, 0xA0,
    0x09, 0x00, 0x89, 0x10, 0x09, 0x00, 0x09, 0x00, 0x00, 0x00, 0x00, 0x00, 0x09, 0x00, 0x00, 0x00,
    0x09, 0x00, 0x89, 0x10, 0x09, 0x00, 0x50, 0xA0, 0x48, 0x00, 0x00, 0x00, 0x30, 0x00, 0x00, 0x00,
    0x00, 0x00, 0x00, 0x00, 0x00, 0x30, 0x00, 0x00, 0x00, 0x48, 0x09, 0x00, 0x00, 0x00, 0x00, 0x00,
    0x09, 0x00, 0x00, 0x00, 0x00, 0x00, 0x00, 0x00, 0x09, 0x00, 0x89, 0x10, 0x09, 0x00, 0x50, 0xA0,
    0x00, 0x00, 0x00, 0x00, 0x00, 0x00, 0x09, 0x00, 0x00, 0x00, 0x00, 0x00, 0x09, 0x00, 0x00, 0x00,
    0x00, 0x00, 0x10, 0x80, 0x40, 0x20, 0x30, 0xC0, 0x00, 0x00, 0x00, 0x00, 0x00, 0x00, 0x30, 0xC0,
    0x40, 0x20, 0x10, 0x80, 0x00, 0x00, 0x00, 0x00, 0x00, 0x90, 0x90, 0x60, 0x60, 0x90, 0x90, 0x00,
    0x00, 0x60, 0x90, 0x90, 0x00, 0x60, 0x90, 0x90, 0x00, 0x00, 0x00, 0x90, 0x90, 0x60, 0x00, 0x00,
    0x90, 0x90, 0x60, 0x60, 0x90, 0x90, 0x00, 0x24, 0x00, 0xA5, 0xA5, 0xA5, 0xA9, 0xA5, 0x95, 0xA5,
    0xA5, 0xA5, 0x00, 0x24, 0x00, 0x00, 0x48, 0x20, 0x00, 0x80, 0x80, 0x00, 0x00, 0x00, 0x00, 0x00,
    0x84, 0x00, 0x08, 0x04, 0x10, 0x08, 0x20, 0x14, 0x42, 0x22, 0x80, 0x81, 0x02, 0x00, 0x00, 0x00,
    0x00, 0x04, 0x00, 0x00, 0x04, 0x00, 0x60, 0x05, 0x05, 0x00, 0x00, 0x24, 0x14, 0x00, 0x28, 0x00,
    0x50, 0x42, 0x18, 0xA5, 0xA5, 0xA5, 0x00, 0x42, 0x24, 0x81, 0x81, 0x80, 0x00, 0x0A, 0x00, 0x00,
    0x14, 0x14, 0x00, 0x08, 0x28, 0x00, 0x24, 0x42, 0x00, 0x00, 0x18, 0x00, 0x24, 0x42, 0x00, 0xA5,
    0xA5, 0x00, 0x24, 0x24, 0x42, 0x00, 0xA5, 0xA5, 0xA5, 0x18, 0x42, 0x0A, 0x00, 0x14, 0x00, 0x28,
    0x00, 0x00, 0x00, 0x66, 0x81, 0x00, 0x00, 0x00, 0x7E, 0x81, 0x81, 0x7E, 0x00, 0x7E, 0x81, 0x00,
    0x04, 0x04, 0x08, 0x50, 0x00, 0x20, 0xA0, 0xA0, 0xA0, 0xA0, 0xA0, 0x00, 0x50, 0x40, 0x20, 0x14,
    0x08, 0x00, 0x80, 0x80, 0x40, 0x28, 0x00, 0x10, 0x14, 0x14, 0x14, 0x14, 0x14, 0x00, 0x28, 0x08,
    0x10, 0xA0, 0x40, 0x30, 0x80, 0x80, 0xA5, 0xA5, 0xA5, 0xA5, 0x81, 0x00, 0x24, 0x18, 0xA5, 0xA5,
    0xA9, 0xA5, 0x95, 0xA5, 0xA5, 0x18, 0x24, 0x20, 0x40, 0x00, 0x00, 0x00, 0x00, 0x00, 0x00, 0x00,
    0x66, 0x00, 0x24, 0x10, 0xA5, 0x05, 0x00, 0x02, 0x20, 0x40, 0x02, 0x1D, 0x81, 0x24, 0x08, 0x65,
    0x00, 0x12, 0x12, 0x05, 0x05, 0xA5, 0x18, 0x24, 0x08, 0x14, 0x00, 0x28, 0x00, 0x52, 0x22, 0x81,
    0xF8, 0x08, 0x00, 0x00, 0x18, 0x06, 0x1C, 0x02, 0x60, 0x05, 0x05, 0x25, 0x00, 0x24, 0x14, 0x00,
    0x28, 0x00, 0x5C, 0x00, 0x81, 0xA5, 0xA5, 0x00, 0x24, 0x81, 0xB9, 0x40, 0x0A, 0x0A, 0x00, 0x14,
    0x10, 0x00, 0x28, 0x00, 0x24, 0x00, 0x00, 0x00, 0x42, 0x00, 0x5A, 0xA5, 0xA5, 0x18, 0x24, 0x24,
    0x00, 0xA5, 0xA5, 0x81, 0x00, 0x3A, 0x00, 0x14, 0x00, 0x28, 0x00, 0x00, 0x66, 0x81, 0x00, 0x00,
    0x18, 0x7E, 0x81, 0x7E, 0x81, 0x00, 0x7E, 0x81, 0x00, 0x08, 0x04, 0x08, 0x50, 0x00, 0x20, 0xA0,
    0xA0, 0xA0, 0xA0, 0x20, 0x00, 0x50, 0x08, 0x04, 0x08, 0x00, 0x00, 0x40, 0x80, 0x40, 0x28, 0x00,
    0x10, 0x14, 0x14, 0x14, 0x14, 0x10, 0x00, 0x28, 0x40, 0x80, 0x40, 0x00, 0x24, 0x18, 0x45, 0x21,
    0x19, 0xA5, 0x99, 0x4C, 0x24, 0x18, 0xA5, 0x81, 0x9F, 0xA2, 0x18, 0x24, 0x24, 0x18, 0xA5, 0xA5,
    0xA5, 0xA5, 0x18, 0x24, 0x00, 0x99, 0x00, 0x00, 0x00, 0x00, 0xDB, 0x00, 0xB2, 0x98, 0x45, 0x81,
    0x99, 0xA5, 0x18, 0x24, 0x20, 0xA0, 0xA0, 0xB2, 0x98, 0xA4, 0xA5, 0xA5, 0xA5, 0x81, 0x00, 0x80,
    0x80, 0x00, 0x04, 0x09, 0x00, 0x00, 0x04, 0x10, 0x81, 0x94, 0x80, 0xC0, 0x00, 0x00, 0x00, 0x00,
    0x00, 0x00, 0x00, 0xCC, 0x00, 0x16, 0x00, 0x52, 0x80, 0x40, 0x80, 0x40, 0x80, 0x40, 0x80, 0x40,
    0x80, 0x40, 0x80, 0x00, 0x00, 0x32, 0x80, 0xA4, 0xA5, 0xA5, 0xA5, 0x81, 0x00, 0x32, 0x88, 0xA5,
    0xA5, 0xA5, 0xA5, 0x98, 0xB2, 0xA0, 0xA0, 0x90, 0x10, 0x4D, 0x19, 0x05, 0x4C, 0x32, 0xA4, 0x98,
    0xB2, 0x20, 0x20, 0x20, 0x02, 0x4E, 0x20, 0x20, 0x20, 0x29, 0x21, 0x12, 0x00, 0x00, 0x01, 0x80,
    0x01, 0xE0, 0x12, 0x20, 0x20, 0x20, 0x04, 0x20, 0x40, 0x20, 0x44, 0x60, 0x47, 0x80, 0x41, 0x80,
    0x40, 0x00, 0x4E, 0x00, 0x47, 0x00, 0x40, 0x00, 0x48, 0x00, 0x4E, 0x00, 0x42, 0xC0, 0x49, 0x20,
    0x02, 0x00, 0x00, 0x40, 0x51, 0x00, 0x78, 0x00, 0x18, 0x00, 0x00, 0x00, 0x40, 0x20, 0x40, 0x20,
    0x20, 0xA0, 0x20, 0xA0, 0x20, 0x00, 0x20, 0x00, 0x20, 0x00, 0x46, 0x00, 0x00, 0x00, 0x20, 0x00,
    0x46, 0x00, 0x00, 0x00, 0x20, 0x00, 0x20, 0x00, 0x20, 0x00, 0x20, 0x00, 0x42, 0x00, 0x42, 0x00,
    0x19, 0x00, 0x00, 0x80, 0x24, 0x80, 0x0A, 0x00, 0x08, 0x00, 0x08, 0x00, 0x08, 0x00, 0x82, 0x00,
    0xC6, 0x00, 0x08, 0x00, 0xC6, 0x00, 0x82, 0x00, 0x08, 0x00, 0x08, 0x80, 0x41, 0x40, 0x09, 0x40,
    0x80, 0x40, 0x80, 0x40, 0x00, 0x00, 0x00, 0xC0, 0x91, 0x00, 0x80, 0x20, 0x18, 0x00, 0x00, 0x80,
    0x01, 0x00, 0x00, 0x00, 0x00, 0x00, 0x00, 0x00, 0x08, 0x00, 0x10, 0x00, 0x10, 0x00, 0x88, 0x10,
    0x88, 0x10, 0x30, 0x00, 0x00, 0x00, 0x08, 0x00, 0x01, 0x00, 0x00, 0x00, 0x04, 0x00, 0x04, 0x00,
    0x00, 0x00, 0x00, 0x00, 0x49, 0x20, 0x00, 0x00, 0x04, 0x00, 0x00, 0x00, 0x4C, 0x20, 0x00, 0x00,
    0x02, 0x00, 0x02, 0x00, 0x00, 0x00, 0x08, 0x00, 0x01, 0x00, 0x91, 0x00, 0x89, 0x00, 0xB1, 0x00,
    0xB5, 0x00, 0xA5, 0x00, 0xA6, 0x10, 0xA6, 0x10, 0xB5, 0x40, 0xA1, 0x00, 0x89, 0x00, 0x91, 0x00,
    0xA1, 0x00, 0xA1, 0x00, 0xA1, 0x30, 0xA1, 0x50, 0xA1, 0x50, 0x80, 0x00, 0x80, 0xA0, 0x08, 0x00,
    0x04, 0x00, 0x50, 0x00, 0x4A, 0x00, 0x42, 0x00, 0x42, 0xA8, 0x42, 0x08, 0x4A, 0x28, 0x50, 0x48,
    0x44, 0x58, 0x40, 0x20, 0x54, 0x10, 0x44, 0x40, 0x40, 0xA8, 0x49, 0x08, 0x4B, 0x68, 0x11, 0x08,
    0x11, 0x50, 0x80, 0x10, 0x80, 0x10, 0x10, 0x80, 0x00, 0x00, 0x10, 0x80, 0x50, 0xA0, 0x89, 0x10,
    0x80, 0x10, 0x59, 0xA0, 0x19, 0x80, 0x5F, 0xA0, 0x80, 0x10, 0xC6, 0x30, 0x26, 0x40, 0x20, 0x40,
    0x20, 0x40, 0x20, 0x40, 0x29, 0x40, 0x02, 0x40, 0x19, 0x40, 0x22, 0x40, 0x2A, 0xC0, 0x36, 0xC0,
    0x36, 0xC0, 0x36, 0xC0, 0x36, 0xC0, 0x36, 0xC0, 0x35, 0x40, 0x34, 0x00, 0x33, 0x20, 0x30, 0x40,
    0x00, 0x40, 0x00, 0x40, 0x02, 0x40, 0x08, 0x20, 0x06, 0x20, 0x24, 0x40, 0x42, 0x40, 0x0C, 0x40,
    0x82, 0x40, 0x80, 0x40, 0x80, 0x40, 0x80, 0x40, 0x80, 0x40, 0x80, 0x40, 0x82, 0x40, 0x0C, 0x40,
    0x42, 0x00, 0x24, 0x00, 0x00, 0x00, 0x00, 0x00, 0x00, 0x00, 0x80, 0x40, 0x80, 0x40, 0x12, 0xA0,
    0x20, 0x20, 0x07, 0x20, 0x40, 0x20, 0x40, 0xE0, 0x40, 0x00, 0x82, 0x00, 0x8C, 0x00, 0x40, 0x00,
    0x40, 0x00, 0x82, 0x00, 0x8E, 0x00, 0x40, 0x00, 0x40, 0xC0, 0x40, 0x20, 0x06, 0x00, 0x20, 0x40,
    0x19, 0x80, 0x04, 0x00, 0x05, 0x00, 0x48, 0x40, 0x0A, 0x00, 0x08, 0x80, 0x0C, 0x00, 0x09, 0x00,
    0x00, 0x00, 0x00, 0x00, 0x40, 0xE0, 0x01, 0x00, 0x0C, 0x00, 0x08, 0x80, 0x0A, 0x00, 0x08, 0x40,
    0x49, 0x00, 0x05, 0x00, 0x04, 0x00, 0x80, 0x40, 0x80, 0x40, 0xB3, 0x40, 0xA1, 0x40, 0x00, 0x00,
    0x03, 0x00, 0x00, 0x00, 0x21, 0x00, 0x00, 0x00, 0x33, 0x00, 0x10, 0x00, 0x22, 0x00, 0x00, 0x00,
    0x00, 0x00, 0x00, 0x00, 0x12, 0x00, 0x00, 0x00, 0x00, 0x00, 0x08, 0x00, 0x04, 0x00, 0x50, 0x00,
    0x4A, 0x00, 0x4A, 0x00, 0x42, 0x50, 0x42, 0x80, 0x42, 0x28, 0x42, 0x48, 0x43, 0x48, 0x43, 0x48,
    0x43, 0x48, 0x43, 0x48, 0x4B, 0x48, 0x4B, 0x48, 0x51, 0x28, 0x05, 0x48, 0x09, 0x70, 0x01, 0x40,
    0x01, 0x40, 0x01, 0x40, 0x01, 0x40, 0x01, 0x40, 0x01, 0x80, 0x00, 0x40, 0x4A, 0x00, 0x08, 0x20,
    0x00, 0x10, 0x08, 0x80, 0x00, 0x10, 0x08, 0x20, 0x0E, 0x00, 0x00, 0x40, 0x01, 0x80, 0x08, 0x00,
    0x08, 0x00, 0x08, 0x00, 0x08, 0x00, 0x48, 0x00, 0x00, 0x00, 0x00, 0x00, 0x0C, 0x00, 0x0C, 0x00,
    0x21, 0x40, 0x40, 0x40, 0x1E, 0x40, 0x8C, 0x40, 0x8D, 0xC0, 0x8C, 0x00, 0x8C, 0x00, 0x8C, 0x00,
    0x88, 0x40, 0x88, 0x40, 0x8E, 0x40, 0x8C, 0x40, 0x8C, 0x40, 0x8C, 0x40, 0x8E, 0x40, 0x1E, 0x40,
    0x42, 0x40, 0x24, 0x40, 0x0C, 0x00, 0x0C, 0x00, 0x09, 0x00, 0x09, 0x00, 0x00, 0x00, 0x00, 0x00,
    0x00, 0x00, 0x16, 0x80, 0x16, 0x80, 0x00, 0x00, 0x60, 0x60, 0x66, 0x60, 0x00, 0x00, 0x29, 0x40,
    0x09, 0x00, 0x09, 0x00, 0x00, 0x00, 0x49, 0x20, 0x00, 0x00, 0x00, 0x00, 0x54, 0x80, 0x40, 0x40,
    0x48, 0x00, 0x40, 0x20, 0x30, 0x20, 0x01, 0x20, 0x00, 0x00, 0x78, 0x20, 0x08, 0x80, 0x01, 0x00,
    0x00, 0x00, 0x07, 0xE0, 0x40, 0x00, 0x40, 0xC0, 0x40, 0x20, 0x09, 0x20, 0x20, 0x20, 0x12, 0xA0,
    0x0C, 0x00, 0x0C, 0x00, 0x21, 0x40, 0x40, 0x40, 0x1E, 0x40, 0x8C, 0x40, 0x8D, 0xC0, 0x8C, 0x00,
    0x8C, 0x00, 0x8C, 0x00, 0x8C, 0x00, 0x8C, 0x00, 0x8C, 0x00, 0x8C, 0x00, 0x8C, 0x00, 0x8D, 0x80,
    0x8E, 0x40, 0x00, 0x00, 0x40, 0x80, 0x32, 0x00, 0x0C, 0x00, 0x00, 0x00, 0x80, 0x40, 0xFF, 0xC0,
    0x00, 0x00, 0x7F, 0x80, 0x80, 0x40, 0x80, 0x40, 0xA1, 0x40, 0xA1, 0x40, 0x00, 0x00, 0x00, 0x00,
    0x00, 0x00, 0x00, 0x00, 0x00, 0x00, 0x00, 0x00, 0x00, 0x00, 0x12, 0x00, 0x00, 0x00, 0x00, 0x00,
    0x7F, 0x80, 0x80, 0x40, 0x70, 0x80, 0x04, 0x00, 0x7C, 0x80, 0x80, 0x40, 0x80, 0x40, 0x04, 0x00,
    0x09, 0x00, 0x80, 0x00, 0x80, 0x00, 0x10, 0x00, 0x00, 0x00, 0x09, 0x00, 0x04, 0x00, 0x00, 0x80,
    0x02, 0x20, 0x00, 0x20, 0x42, 0x00, 0x42, 0x00, 0x20, 0x00, 0x20, 0x00, 0x20, 0x00, 0x20, 0x00,
    0x20, 0x00, 0x02, 0x00, 0x00, 0x00, 0x62, 0x00, 0x20, 0x00, 0x44, 0x00, 0x00, 0x00, 0x20, 0xE0,
    0x20, 0x20, 0x23, 0x00, 0x40, 0x40, 0x40, 0x80, 0x06, 0x00, 0x00, 0x00, 0x00, 0x00, 0x00, 0x00,
    0x19, 0x80, 0x20, 0x40, 0x49, 0x20, 0x50, 0xA0, 0x00, 0x00, 0x00, 0x00, 0x00, 0x00, 0x00, 0x00,
    0x00, 0x00, 0x00, 0x00, 0x00, 0x00, 0x80, 0x10, 0x80, 0x10, 0x01, 0x80, 0x00, 0x40, 0x4A, 0x00,
    0x08, 0x20, 0x08, 0x20, 0x08, 0xA0, 0x08, 0x20, 0x08, 0x20, 0x4E, 0x00, 0x00, 0x40, 0x01, 0x80,
    0x08, 0x00, 0x47, 0x80, 0x00, 0x80, 0x08, 0x00, 0x48, 0x00, 0x00, 0x00, 0x00, 0x00, 0x06, 0x00,
    0x06, 0x00, 0x06, 0x00, 0x10, 0x80, 0x20, 0x00, 0x46, 0x20, 0x16, 0x00, 0x06, 0x60, 0x06, 0x00,
    0x06, 0x00, 0x00, 0x00, 0x00, 0x00, 0x00, 0x00, 0x00, 0x00, 0x00, 0x00, 0x00, 0x00, 0x00, 0x00,
    0x50, 0x00, 0x28, 0x00, 0x00, 0x00, 0x00, 0x00, 0x10, 0x00, 0x10, 0x00, 0x10, 0x00, 0x00, 0x80,
    0x00, 0x00, 0x51, 0x40, 0x50, 0x00, 0x50, 0x00, 0x50, 0x00, 0x50, 0x00, 0x51, 0x40, 0x40, 0x80,
    0x40, 0x00, 0x51, 0x00, 0x50, 0xA0, 0x50, 0x20, 0x50, 0x20, 0x50, 0xA0, 0x51, 0x00, 0x00, 0x40,
    0x00, 0x80, 0x10, 0x00, 0x10, 0x00, 0x09, 0x00, 0x25, 0x40, 0x40, 0x40, 0x0E, 0x40, 0x80, 0x40,
    0x81, 0xC0, 0x80, 0x00, 0x80, 0x00, 0x80, 0x00, 0x81, 0xC0, 0x82, 0x40, 0x0C, 0x00, 0x40, 0x80,
    0x32, 0x00, 0x00, 0x00, 0x00, 0x00, 0x80, 0x40, 0x80, 0x40,
};
inline constexpr size_t kFontData_ui_large_mbf_size = 49882;
