#pragma once

#include <cstddef>
#include <cstdint>

// Auto-generated by tools/make_font.py from Iosevka Slab Bold @ 32px
// Size: 67168 bytes

alignas(4) inline constexpr uint8_t kFontData_ui_header_mbf[] = {
    0x4D, 0x42, 0x46, 0x34, 0x04, 0x28, 0x1F, 0x2A, 0x40, 0x00, 0x03, 0x00, 0x0F, 0x02, 0x20, 0x00,
    0x00, 0x00, 0x00, 0x00, 0xE0, 0x14, 0x00, 0x00, 0x00, 0x00, 0x00, 0x00, 0x00, 0x00, 0x00, 0x00,
    0x00, 0x00, 0x00, 0x00, 0x00, 0x00, 0x00, 0x00, 0x60, 0x65, 0x00, 0x00, 0xE0, 0xB5, 0x00, 0x00,
    0x03, 0x02, 0x20, 0x00, 0x00, 0x00, 0x5F, 0x00, 0x00, 0x00, 0xA0, 0x00, 0x00, 0x00, 0xE0, 0x00,
    0x5F, 0x00, 0x00, 0x20, 0x00, 0x00, 0xD0, 0x00, 0x3F, 0x01, 0x00, 0x00, 0x00, 0x00, 0x40, 0x00,
    0x00, 0x00, 0x00, 0x00, 0x00, 0x00, 0x00, 0x00, 0x40, 0x06, 0x18, 0x05, 0xE8, 0x00, 0x18, 0x00,
    0x00, 0x00, 0x40, 0x0C, 0x0B, 0x02, 0xE7, 0x00, 0x2E, 0x00, 0x00, 0x00, 0x40, 0x10, 0x17, 0x00,
    0xE8, 0x00, 0x5C, 0x00, 0x00, 0x00, 0x40, 0x0D, 0x1F, 0x02, 0xE4, 0x00, 0x9A, 0x00, 0x00, 0x00,
    0x40, 0x10, 0x18, 0x00, 0xE8, 0x00, 0xCA, 0x00, 0x00, 0x00, 0x40, 0x0F, 0x18, 0x01, 0xE8, 0x00,
    0xFA, 0x00, 0x00, 0x00, 0x40, 0x04, 0x0B, 0x06, 0xE7, 0x00, 0x05, 0x01, 0x00, 0x00, 0x40, 0x0B,
    0x22, 0x03, 0xE4, 0x00, 0x49, 0x01, 0x00, 0x00, 0x40, 0x0B, 0x22, 0x02, 0xE4, 0x00, 0x8D, 0x01,
    0x00, 0x00, 0x40, 0x0E, 0x0E, 0x01, 0xE6, 0x00, 0xA9, 0x01, 0x00, 0x00, 0x40, 0x0C, 0x0D, 0x02,
    0xEF, 0x00, 0xC3, 0x01, 0x00, 0x00, 0x40, 0x08, 0x0E, 0x04, 0xF9, 0x00, 0xD1, 0x01, 0x00, 0x00,
    0x40, 0x0C, 0x04, 0x02, 0xF3, 0x00, 0xD9, 0x01, 0x00, 0x00, 0x40, 0x08, 0x07, 0x04, 0xF9, 0x00,
    0xE0, 0x01, 0x00, 0x00, 0x40, 0x0E, 0x1F, 0x01, 0xE6, 0x00, 0x1E, 0x02, 0x00, 0x00, 0x40, 0x0E,
    0x18, 0x01, 0xE8, 0x00, 0x4E, 0x02, 0x00, 0x00, 0x40, 0x0E, 0x18, 0x00, 0xE8, 0x00, 0x7E, 0x02,
    0x00, 0x00, 0x40, 0x0E, 0x18, 0x01, 0xE8, 0x00, 0xAE, 0x02, 0x00, 0x00, 0x40, 0x0E, 0x18, 0x01,
    0xE8, 0x00, 0xDE, 0x02, 0x00, 0x00, 0x40, 0x0D, 0x18, 0x01, 0xE8, 0x00, 0x0E, 0x03, 0x00, 0x00,
    0x40, 0x0E, 0x18, 0x01, 0xE8, 0x00, 0x3E, 0x03, 0x00, 0x00, 0x40, 0x0E, 0x18, 0x01, 0xE8, 0x00,
    0x6E, 0x03, 0x00, 0x00, 0x40, 0x0C, 0x18, 0x02, 0xE8, 0x00, 0x9E, 0x03, 0x00, 0x00, 0x40, 0x0E,
    0x18, 0x01, 0xE8, 0x00, 0xCE, 0x03, 0x00, 0x00, 0x40, 0x0E, 0x18, 0x01, 0xE8, 0x00, 0xFE, 0x03,
    0x00, 0x00, 0x40, 0x08, 0x11, 0x04, 0xEF, 0x00, 0x0F, 0x04, 0x00, 0x00, 0x40, 0x08, 0x18, 0x04,
    0xEF, 0x00, 0x27, 0x04, 0x00, 0x00, 0x40, 0x0D, 0x12, 0x02, 0xEC, 0x00, 0x4B, 0x04, 0x00, 0x00,
    0x40, 0x0C, 0x09, 0x02, 0xF0, 0x00, 0x5D, 0x04, 0x00, 0x00, 0x40, 0x0D, 0x12, 0x01, 0xEC, 0x00,
    0x81, 0x04, 0x00, 0x00, 0x40, 0x0D, 0x18, 0x01, 0xE8, 0x00, 0xB1, 0x04, 0x00, 0x00, 0x40, 0x0C,
    0x1B, 0x02, 0xE8, 0x00, 0xE7, 0x04, 0x00, 0x00, 0x40, 0x10, 0x18, 0x00, 0xE8, 0x00, 0x17, 0x05,
    0x00, 0x00, 0x40, 0x0F, 0x18, 0x00, 0xE8, 0x00, 0x47, 0x05, 0x00, 0x00, 0x40, 0x0E, 0x18, 0x01,
    0xE8, 0x00, 0x77, 0x05, 0x00, 0x00, 0x40, 0x0F, 0x18, 0x00, 0xE8, 0x00, 0xA7, 0x05, 0x00, 0x00,
    0x40, 0x0D, 0x18, 0x01, 0xE8, 0x00, 0xD7, 0x05, 0x00, 0x00, 0x40, 0x0D, 0x18, 0x01, 0xE8, 0x00,
    0x07, 0x06, 0x00, 0x00, 0x40, 0x0D, 0x18, 0x01, 0xE8, 0x00, 0x37, 0x06, 0x00, 0x00, 0x40, 0x10,
    0x18, 0x00, 0xE8, 0x00, 0x67, 0x06, 0x00, 0x00, 0x40, 0x0C, 0x18, 0x02, 0xE8, 0x00, 0x97, 0x06,
    0x00, 0x00, 0x40, 0x0C, 0x18, 0x01, 0xE8, 0x00, 0xC7, 0x06, 0x00, 0x00, 0x40, 0x0F, 0x18, 0x01,
    0xE8, 0x00, 0xF7, 0x06, 0x00, 0x00, 0x40, 0x0E, 0x18, 0x01, 0xE8, 0x00, 0x27, 0x07, 0x00, 0x00,
    0x40, 0x10, 0x18, 0x00, 0xE8, 0x00, 0x57, 0x07, 0x00, 0x00, 0x40, 0x10, 0x18, 0x00, 0xE8, 0x00,
    0x87, 0x07, 0x00, 0x00, 0x40, 0x0E, 0x18, 0x01, 0xE8, 0x00, 0xB7, 0x07, 0x00, 0x00, 0x40, 0x0E,
    0x18, 0x01, 0xE8, 0x00, 0xE7, 0x07, 0x00, 0x00, 0x40, 0x0E, 0x1E, 0x01, 0xE8, 0x00, 0x23, 0x08,
    0x00, 0x00, 0x40, 0x10, 0x18, 0x00, 0xE8, 0x00, 0x53, 0x08, 0x00, 0x00, 0x40, 0x0D, 0x18, 0x02,
    0xE8, 0x00, 0x83, 0x08, 0x00, 0x00, 0x40, 0x0E, 0x18, 0x01, 0xE8, 0x00, 0xB3, 0x08, 0x00, 0x00,
    0x40, 0x10, 0x18, 0x00, 0xE8, 0x00, 0xE3, 0x08, 0x00, 0x00, 0x40, 0x10, 0x18, 0x00, 0xE8, 0x00,
    0x13, 0x09, 0x00, 0x00, 0x40, 0x10, 0x18, 0x00, 0xE8, 0x00, 0x43, 0x09, 0x00, 0x00, 0x40, 0x10,
    0x18, 0x00, 0xE8, 0x00, 0x73, 0x09, 0x00, 0x00, 0x40, 0x10, 0x18, 0x00, 0xE8, 0x00, 0xA3, 0x09,
    0x00, 0x00, 0x40, 0x0C, 0x18, 0x02, 0xE8, 0x00, 0xD3, 0x09, 0x00, 0x00, 0x40, 0x0A, 0x20, 0x03,
    0xE5, 0x00, 0x13, 0x0A, 0x00, 0x00, 0x40, 0x0E, 0x1F, 0x01, 0xE6, 0x00, 0x51, 0x0A, 0x00, 0x00,
    0x40, 0x0A, 0x20, 0x03, 0xE5, 0x00, 0x91, 0x0A, 0x00, 0x00, 0x40, 0x10, 0x0A, 0x00, 0xE8, 0x00,
    0xD1, 0x01, 0x00, 0x00, 0x40, 0x0C, 0x04, 0x02, 0xFF, 0x00, 0xA5, 0x0A, 0x00, 0x00, 0x40, 0x0A,
    0x0A, 0x02, 0xE5, 0x00, 0xB9, 0x0A, 0x00, 0x00, 0x40, 0x0F, 0x11, 0x01, 0xEF, 0x00, 0xDB, 0x0A,
    0x00, 0x00, 0x40, 0x0F, 0x18, 0x00, 0xE8, 0x00, 0x0B, 0x0B, 0x00, 0x00, 0x40, 0x0E, 0x11, 0x01,
    0xEF, 0x00, 0x2D, 0x0B, 0x00, 0x00, 0x40, 0x0F, 0x18, 0x01, 0xE8, 0x00, 0x5D, 0x0B, 0x00, 0x00,
    0x40, 0x0E, 0x11, 0x01, 0xEF, 0x00, 0x7F, 0x0B, 0x00, 0x00, 0x40, 0x0D, 0x18, 0x02, 0xE8, 0x00,
    0xAF, 0x0B, 0x00, 0x00, 0x40, 0x0F, 0x18, 0x01, 0xEF, 0x00, 0xDF, 0x0B, 0x00, 0x00, 0x40, 0x10,
    0x18, 0x00, 0xE8, 0x00, 0x0F, 0x0C, 0x00, 0x00, 0x40, 0x0C, 0x18, 0x02, 0xE8, 0x00, 0x3F, 0x0C,
    0x00, 0x00, 0x40, 0x0D, 0x1F, 0x00, 0xE8, 0x00, 0x7D, 0x0C, 0x00, 0x00, 0x40, 0x0F, 0x18, 0x01,
    0xE8, 0x00, 0xAD, 0x0C, 0x00, 0x00, 0x40, 0x0C, 0x18, 0x02, 0xE8, 0x00, 0xDD, 0x0C, 0x00, 0x00,
    0x40, 0x10, 0x11, 0x00, 0xEF, 0x00, 0xFF, 0x0C, 0x00, 0x00, 0x40, 0x10, 0x11, 0x00, 0xEF, 0x00,
    0x21, 0x0D, 0x00, 0x00, 0x40, 0x0E, 0x11, 0x01, 0xEF, 0x00, 0x43, 0x0D, 0x00, 0x00, 0x40, 0x0F,
    0x18, 0x00, 0xEF, 0x00, 0x73, 0x0D, 0x00, 0x00, 0x40, 0x0F, 0x18, 0x01, 0xEF, 0x00, 0xA3, 0x0D,
    0x00, 0x00, 0x40, 0x0D, 0x11, 0x02, 0xEF, 0x00, 0xC5, 0x0D, 0x00, 0x00, 0x40, 0x0C, 0x11, 0x02,
    0xEF, 0x00, 0xE7, 0x0D, 0x00, 0x00, 0x40, 0x0D, 0x18, 0x02, 0xE8, 0x00, 0x17, 0x0E, 0x00, 0x00,
    0x40, 0x10, 0x11, 0x00, 0xEF, 0x00, 0x39, 0x0E, 0x00, 0x00, 0x40, 0x10, 0x11, 0x00, 0xEF, 0x00,
    0x5B, 0x0E, 0x00, 0x00, 0x40, 0x10, 0x11, 0x00, 0xEF, 0x00, 0x7D, 0x0E, 0x00, 0x00, 0x40, 0x10,
    0x11, 0x00, 0xEF, 0x00, 0x9F, 0x0E, 0x00, 0x00, 0x40, 0x10, 0x18, 0x00, 0xEF, 0x00, 0xCF, 0x0E,
    0x00, 0x00, 0x40, 0x0C, 0x11, 0x02, 0xEF, 0x00, 0xF1, 0x0E, 0x00, 0x00, 0x40, 0x0B, 0x20, 0x02,
    0xE5, 0x00, 0x31, 0x0F, 0x00, 0x00, 0x40, 0x04, 0x20, 0x06, 0xE5, 0x00, 0x51, 0x0F, 0x00, 0x00,
    0x40, 0x0B, 0x20, 0x03, 0xE5, 0x00, 0x91, 0x0F, 0x00, 0x00, 0x40, 0x10, 0x08, 0x00, 0xF2, 0x00,
    0x00, 0x00, 0x00, 0x00, 0x40, 0x00, 0x00, 0x00, 0x00, 0x00, 0xA1, 0x0F, 0x00, 0x00, 0x40, 0x06,
    0x18, 0x05, 0xEF, 0x00, 0xB9, 0x0F, 0x00, 0x00, 0x40, 0x0E, 0x18, 0x01, 0xEB, 0x00, 0xE9, 0x0F,
    0x00, 0x00, 0x40, 0x0D, 0x18, 0x01, 0xE8, 0x00, 0x19, 0x10, 0x00, 0x00, 0x40, 0x10, 0x0F, 0x00,
    0xED, 0x00, 0x37, 0x10, 0x00, 0x00, 0x40, 0x10, 0x18, 0x00, 0xE8, 0x00, 0x67, 0x10, 0x00, 0x00,
    0x40, 0x04, 0x1F, 0x06, 0xE6, 0x00, 0x86, 0x10, 0x00, 0x00, 0x40, 0x0E, 0x20, 0x01, 0xE5, 0x00,
    0xC6, 0x10, 0x00, 0x00, 0x40, 0x0C, 0x05, 0x02, 0xE8, 0x00, 0xD0, 0x10, 0x00, 0x00, 0x40, 0x10,
    0x18, 0x00, 0xE9, 0x00, 0x00, 0x11, 0x00, 0x00, 0x40, 0x0B, 0x11, 0x03, 0xEA, 0x00, 0x22, 0x11,
    0x00, 0x00, 0x40, 0x0E, 0x12, 0x01, 0xEC, 0x00, 0x46, 0x11, 0x00, 0x00, 0x40, 0x0C, 0x08, 0x02,
    0xF3, 0x00, 0xD1, 0x01, 0x00, 0x00, 0x40, 0x0C, 0x04, 0x02, 0xF3, 0x00, 0x56, 0x11, 0x00, 0x00,
    0x40, 0x10, 0x0F, 0x00, 0xE3, 0x00, 0x74, 0x11, 0x00, 0x00, 0x40, 0x0C, 0x03, 0x02, 0xE9, 0x00,
    0x7A, 0x11, 0x00, 0x00, 0x40, 0x08, 0x08, 0x04, 0xE7, 0x00, 0x82, 0x11, 0x00, 0x00, 0x40, 0x0C,
    0x11, 0x02, 0xEF, 0x00, 0xA4, 0x11, 0x00, 0x00, 0x40, 0x0A, 0x11, 0x03, 0xE5, 0x00, 0xC6, 0x11,
    0x00, 0x00, 0x40, 0x0A, 0x11, 0x03, 0xE5, 0x00, 0xE8, 0x11, 0x00, 0x00, 0x40, 0x0A, 0x0A, 0x04,
    0xE5, 0x00, 0xFC, 0x11, 0x00, 0x00, 0x40, 0x10, 0x18, 0x00, 0xEF, 0x00, 0x2C, 0x12, 0x00, 0x00,
    0x40, 0x0C, 0x18, 0x02, 0xE8, 0x00, 0xD9, 0x01, 0x00, 0x00, 0x40, 0x08, 0x07, 0x04, 0xF1, 0x00,
    0x5C, 0x12, 0x00, 0x00, 0x40, 0x08, 0x07, 0x04, 0x00, 0x00, 0x63, 0x12, 0x00, 0x00, 0x40, 0x09,
    0x11, 0x03, 0xE5, 0x00, 0x85, 0x12, 0x00, 0x00, 0x40, 0x0A, 0x11, 0x03, 0xEA, 0x00, 0xA7, 0x12,
    0x00, 0x00, 0x40, 0x0E, 0x12, 0x01, 0xEC, 0x00, 0xCB, 0x12, 0x00, 0x00, 0x40, 0x0C, 0x21, 0x02,
    0xE4, 0x00, 0x0D, 0x13, 0x00, 0x00, 0x40, 0x0C, 0x21, 0x02, 0xE4, 0x00, 0x4F, 0x13, 0x00, 0x00,
    0x40, 0x0C, 0x21, 0x02, 0xE4, 0x00, 0x91, 0x13, 0x00, 0x00, 0x40, 0x0D, 0x18, 0x02, 0xEF, 0x00,
    0xC1, 0x13, 0x00, 0x00, 0x40, 0x10, 0x21, 0x00, 0xDF, 0x00, 0x03, 0x14, 0x00, 0x00, 0x40, 0x10,
    0x21, 0x00, 0xDF, 0x00, 0x45, 0x14, 0x00, 0x00, 0x40, 0x10, 0x20, 0x00, 0xE0, 0x00, 0x85, 0x14,
    0x00, 0x00, 0x40, 0x10, 0x20, 0x00, 0xE0, 0x00, 0xC5, 0x14, 0x00, 0x00, 0x40, 0x10, 0x1F, 0x00,
    0xE1, 0x00, 0x03, 0x15, 0x00, 0x00, 0x40, 0x10, 0x20, 0x00, 0xE0, 0x00, 0x43, 0x15, 0x00, 0x00,
    0x40, 0x0F, 0x18, 0x00, 0xE8, 0x00, 0x73, 0x15, 0x00, 0x00, 0x40, 0x0E, 0x1F, 0x01, 0xE8, 0x00,
    0xB1, 0x15, 0x00, 0x00, 0x40, 0x0D, 0x21, 0x01, 0xDF, 0x00, 0xF3, 0x15, 0x00, 0x00, 0x40, 0x0D,
    0x21, 0x01, 0xDF, 0x00, 0x35, 0x16, 0x00, 0x00, 0x40, 0x0D, 0x20, 0x01, 0xE0, 0x00, 0x75, 0x16,
    0x00, 0x00, 0x40, 0x0D, 0x1F, 0x01, 0xE1, 0x00, 0xB3, 0x16, 0x00, 0x00, 0x40, 0x0C, 0x21, 0x02,
    0xDF, 0x00, 0xF5, 0x16, 0x00, 0x00, 0x40, 0x0C, 0x21, 0x02, 0xDF, 0x00, 0x37, 0x17, 0x00, 0x00,
    0x40, 0x0C, 0x20, 0x02, 0xE0, 0x00, 0x77, 0x17, 0x00, 0x00, 0x40, 0x0C, 0x1F, 0x02, 0xE1, 0x00,
    0xB5, 0x17, 0x00, 0x00, 0x40, 0x0F, 0x18, 0x00, 0xE8, 0x00, 0xE5, 0x17, 0x00, 0x00, 0x40, 0x10,
    0x20, 0x00, 0xE0, 0x00, 0x25, 0x18, 0x00, 0x00, 0x40, 0x0E, 0x20, 0x01, 0xE0, 0x00, 0x65, 0x18,
    0x00, 0x00, 0x40, 0x0E, 0x20, 0x01, 0xE0, 0x00, 0xA5, 0x18, 0x00, 0x00, 0x40, 0x0E, 0x20, 0x01,
    0xE0, 0x00, 0xE5, 0x18, 0x00, 0x00, 0x40, 0x0E, 0x20, 0x01, 0xE0, 0x00, 0x25, 0x19, 0x00, 0x00,
    0x40, 0x0E, 0x1F, 0x01, 0xE1, 0x00, 0x63, 0x19, 0x00, 0x00, 0x40, 0x10, 0x10, 0x00, 0xED, 0x00,
    0x83, 0x19, 0x00, 0x00, 0x40, 0x0E, 0x1C, 0x01, 0xE6, 0x00, 0xBB, 0x19, 0x00, 0x00, 0x40, 0x10,
    0x21, 0x00, 0xDF, 0x00, 0xFD, 0x19, 0x00, 0x00, 0x40, 0x10, 0x21, 0x00, 0xDF, 0x00, 0x3F, 0x1A,
    0x00, 0x00, 0x40, 0x10, 0x20, 0x00, 0xE0, 0x00, 0x7F, 0x1A, 0x00, 0x00, 0x40, 0x10, 0x1F, 0x00,
    0xE1, 0x00, 0xBD, 0x1A, 0x00, 0x00, 0x40, 0x10, 0x21, 0x00, 0xDF, 0x00, 0xFF, 0x1A, 0x00, 0x00,
    0x40, 0x0E, 0x18, 0x01, 0xE8, 0x00, 0x2F, 0x1B, 0x00, 0x00, 0x40, 0x0F, 0x18, 0x00, 0xE8, 0x00,
    0x5F, 0x1B, 0x00, 0x00, 0x40, 0x0F, 0x19, 0x01, 0xE7, 0x00, 0x91, 0x1B, 0x00, 0x00, 0x40, 0x0F,
    0x19, 0x01, 0xE7, 0x00, 0xC3, 0x1B, 0x00, 0x00, 0x40, 0x0F, 0x19, 0x01, 0xE7, 0x00, 0xF5, 0x1B,
    0x00, 0x00, 0x40, 0x0F, 0x19, 0x01, 0xE7, 0x00, 0x27, 0x1C, 0x00, 0x00, 0x40, 0x0F, 0x18, 0x01,
    0xE8, 0x00, 0x57, 0x1C, 0x00, 0x00, 0x40, 0x0F, 0x19, 0x01, 0xE7, 0x00, 0x89, 0x1C, 0x00, 0x00,
    0x40, 0x0E, 0x11, 0x01, 0xEF, 0x00, 0xAB, 0x1C, 0x00, 0x00, 0x40, 0x0E, 0x18, 0x01, 0xEF, 0x00,
    0xDB, 0x1C, 0x00, 0x00, 0x40, 0x0E, 0x19, 0x01, 0xE7, 0x00, 0x0D, 0x1D, 0x00, 0x00, 0x40, 0x0E,
    0x19, 0x01, 0xE7, 0x00, 0x3F, 0x1D, 0x00, 0x00, 0x40, 0x0E, 0x19, 0x01, 0xE7, 0x00, 0x71, 0x1D,
    0x00, 0x00, 0x40, 0x0E, 0x18, 0x01, 0xE8, 0x00, 0xA1, 0x1D, 0x00, 0x00, 0x40, 0x0C, 0x1A, 0x02,
    0xE6, 0x00, 0xD5, 0x1D, 0x00, 0x00, 0x40, 0x0C, 0x1A, 0x02, 0xE6, 0x00, 0x09, 0x1E, 0x00, 0x00,
    0x40, 0x0C, 0x19, 0x02, 0xE7, 0x00, 0x3B, 0x1E, 0x00, 0x00, 0x40, 0x0C, 0x18, 0x02, 0xE8, 0x00,
    0x6B, 0x1E, 0x00, 0x00, 0x40, 0x0E, 0x18, 0x01, 0xE8, 0x00, 0x9B, 0x1E, 0x00, 0x00, 0x40, 0x10,
    0x19, 0x00, 0xE7, 0x00, 0xCD, 0x1E, 0x00, 0x00, 0x40, 0x0E, 0x19, 0x01, 0xE7, 0x00, 0xFF, 0x1E,
    0x00, 0x00, 0x40, 0x0E, 0x19, 0x01, 0xE7, 0x00, 0x31, 0x1F, 0x00, 0x00, 0x40, 0x0E, 0x19, 0x01,
    0xE7, 0x00, 0x63, 0x1F, 0x00, 0x00, 0x40, 0x0E, 0x19, 0x01, 0xE7, 0x00, 0x95, 0x1F, 0x00, 0x00,
    0x40, 0x0E, 0x18, 0x01, 0xE8, 0x00, 0xC5, 0x1F, 0x00, 0x00, 0x40, 0x0C, 0x12, 0x02, 0xEC, 0x00,
    0xE9, 0x1F, 0x00, 0x00, 0x40, 0x0E, 0x15, 0x01, 0xED, 0x00, 0x13, 0x20, 0x00, 0x00, 0x40, 0x10,
    0x1A, 0x00, 0xE6, 0x00, 0x47, 0x20, 0x00, 0x00, 0x40, 0x10, 0x1A, 0x00, 0xE6, 0x00, 0x7B, 0x20,
    0x00, 0x00, 0x40, 0x10, 0x19, 0x00, 0xE7, 0x00, 0xAD, 0x20, 0x00, 0x00, 0x40, 0x10, 0x18, 0x00,
    0xE8, 0x00, 0xDD, 0x20, 0x00, 0x00, 0x40, 0x10, 0x21, 0x00, 0xE6, 0x00, 0x1F, 0x21, 0x00, 0x00,
    0x40, 0x0F, 0x1F, 0x00, 0xE8, 0x00, 0x5D, 0x21, 0x00, 0x00, 0x40, 0x10, 0x1F, 0x00, 0xE8, 0x00,
    0x9B, 0x21, 0x00, 0x00, 0x40, 0x10, 0x1E, 0x00, 0xE2, 0x00, 0xD7, 0x21, 0x00, 0x00, 0x40, 0x0F,
    0x17, 0x01, 0xE9, 0x00, 0x05, 0x22, 0x00, 0x00, 0x40, 0x10, 0x1F, 0x00, 0xE1, 0x00, 0x43, 0x22,
    0x00, 0x00, 0x40, 0x0F, 0x18, 0x01, 0xE8, 0x00, 0x73, 0x22, 0x00, 0x00, 0x40, 0x10, 0x1F, 0x00,
    0xE8, 0x00, 0xB1, 0x22, 0x00, 0x00, 0x40, 0x0F, 0x18, 0x01, 0xEF, 0x00, 0xE1, 0x22, 0x00, 0x00,
    0x40, 0x0E, 0x20, 0x01, 0xE0, 0x00, 0x21, 0x23, 0x00, 0x00, 0x40, 0x0E, 0x19, 0x01, 0xE7, 0x00,
    0x53, 0x23, 0x00, 0x00, 0x40, 0x0E, 0x20, 0x01, 0xE0, 0x00, 0x93, 0x23, 0x00, 0x00, 0x40, 0x0E,
    0x19, 0x01, 0xE7, 0x00, 0xC5, 0x23, 0x00, 0x00, 0x40, 0x0E, 0x20, 0x01, 0xE0, 0x00, 0x05, 0x24,
    0x00, 0x00, 0x40, 0x0E, 0x18, 0x01, 0xE8, 0x00, 0x35, 0x24, 0x00, 0x00, 0x40, 0x0E, 0x21, 0x01,
    0xDF, 0x00, 0x77, 0x24, 0x00, 0x00, 0x40, 0x0E, 0x1A, 0x01, 0xE6, 0x00, 0xAB, 0x24, 0x00, 0x00,
    0x40, 0x0F, 0x21, 0x00, 0xDF, 0x00, 0xED, 0x24, 0x00, 0x00, 0x40, 0x11, 0x19, 0x01, 0xE7, 0x00,
    0xB5, 0x17, 0x00, 0x00, 0x40, 0x0F, 0x18, 0x00, 0xE8, 0x00, 0x38, 0x25, 0x00, 0x00, 0x40, 0x0F,
    0x18, 0x01, 0xE8, 0x00, 0x68, 0x25, 0x00, 0x00, 0x40, 0x0D, 0x1E, 0x01, 0xE2, 0x00, 0xA4, 0x25,
    0x00, 0x00, 0x40, 0x0E, 0x17, 0x01, 0xE9, 0x00, 0xD2, 0x25, 0x00, 0x00, 0x40, 0x0D, 0x1F, 0x01,
    0xE1, 0x00, 0x10, 0x26, 0x00, 0x00, 0x40, 0x0E, 0x18, 0x01, 0xE8, 0x00, 0x40, 0x26, 0x00, 0x00,
    0x40, 0x0D, 0x1F, 0x01, 0xE1, 0x00, 0x7E, 0x26, 0x00, 0x00, 0x40, 0x0E, 0x18, 0x01, 0xE8, 0x00,
    0xAE, 0x26, 0x00, 0x00, 0x40, 0x0E, 0x1F, 0x01, 0xE8, 0x00, 0xEC, 0x26, 0x00, 0x00, 0x40, 0x0E,
    0x18, 0x01, 0xEF, 0x00, 0x1C, 0x27, 0x00, 0x00, 0x40, 0x0D, 0x21, 0x01, 0xDF, 0x00, 0x5E, 0x27,
    0x00, 0x00, 0x40, 0x0E, 0x1A, 0x01, 0xE6, 0x00, 0x92, 0x27, 0x00, 0x00, 0x40, 0x0D, 0x20, 0x01,
    0xE0, 0x00, 0xD2, 0x27, 0x00, 0x00, 0x40, 0x0F, 0x20, 0x01, 0xE7, 0x00, 0x12, 0x28, 0x00, 0x00,
    0x40, 0x0D, 0x1F, 0x01, 0xE1, 0x00, 0x50, 0x28, 0x00, 0x00, 0x40, 0x0F, 0x1F, 0x01, 0xE8, 0x00,
    0x8E, 0x28, 0x00, 0x00, 0x40, 0x0D, 0x20, 0x01, 0xE0, 0x00, 0xCE, 0x28, 0x00, 0x00, 0x40, 0x0F,
    0x1F, 0x01, 0xE8, 0x00, 0x0C, 0x29, 0x00, 0x00, 0x40, 0x0D, 0x21, 0x01, 0xE8, 0x00, 0x4E, 0x29,
    0x00, 0x00, 0x40, 0x0F, 0x21, 0x01, 0xE6, 0x00, 0x90, 0x29, 0x00, 0x00, 0x40, 0x10, 0x20, 0x00,
    0xE0, 0x00, 0xD0, 0x29, 0x00, 0x00, 0x40, 0x11, 0x20, 0xFF, 0xE0, 0x00, 0x30, 0x2A, 0x00, 0x00,
    0x40, 0x10, 0x18, 0x00, 0xE8, 0x00, 0x60, 0x2A, 0x00, 0x00, 0x40, 0x10, 0x18, 0x00, 0xE8, 0x00,
    0x90, 0x2A, 0x00, 0x00, 0x40, 0x0E, 0x20, 0x01, 0xE0, 0x00, 0xD0, 0x2A, 0x00, 0x00, 0x40, 0x0E,
    0x19, 0x01, 0xE7, 0x00, 0x02, 0x2B, 0x00, 0x00, 0x40, 0x0C, 0x1E, 0x02, 0xE2, 0x00, 0x3E, 0x2B,
    0x00, 0x00, 0x40, 0x0C, 0x17, 0x02, 0xE9, 0x00, 0x6C, 0x2B, 0x00, 0x00, 0x40, 0x0C, 0x1F, 0x02,
    0xE1, 0x00, 0xAA, 0x2B, 0x00, 0x00, 0x40, 0x0C, 0x18, 0x02, 0xE8, 0x00, 0xDA, 0x2B, 0x00, 0x00,
    0x40, 0x0D, 0x1F, 0x02, 0xE8, 0x00, 0x18, 0x2C, 0x00, 0x00, 0x40, 0x0D, 0x1F, 0x02, 0xE8, 0x00,
    0x56, 0x2C, 0x00, 0x00, 0x40, 0x0C, 0x1F, 0x02, 0xE1, 0x00, 0x94, 0x2C, 0x00, 0x00, 0x40, 0x0C,
    0x11, 0x02, 0xEF, 0x00, 0xB6, 0x2C, 0x00, 0x00, 0x40, 0x0F, 0x18, 0x00, 0xE8, 0x00, 0xE6, 0x2C,
    0x00, 0x00, 0x40, 0x10, 0x1F, 0x00, 0xE8, 0x00, 0x24, 0x2D, 0x00, 0x00, 0x40, 0x0F, 0x20, 0x01,
    0xE0, 0x00, 0x64, 0x2D, 0x00, 0x00, 0x40, 0x0F, 0x20, 0x00, 0xE7, 0x00, 0xA4, 0x2D, 0x00, 0x00,
    0x40, 0x0F, 0x21, 0x01, 0xE8, 0x00, 0xE6, 0x2D, 0x00, 0x00, 0x40, 0x0F, 0x21, 0x01, 0xE8, 0x00,
    0x28, 0x2E, 0x00, 0x00, 0x40, 0x0F, 0x11, 0x01, 0xEF, 0x00, 0x4A, 0x2E, 0x00, 0x00, 0x40, 0x0E,
    0x21, 0x01, 0xDF, 0x00, 0x8C, 0x2E, 0x00, 0x00, 0x40, 0x0C, 0x21, 0x02, 0xDF, 0x00, 0xCE, 0x2E,
    0x00, 0x00, 0x40, 0x0E, 0x21, 0x01, 0xE8, 0x00, 0x10, 0x2F, 0x00, 0x00, 0x40, 0x0C, 0x21, 0x02,
    0xE8, 0x00, 0x52, 0x2F, 0x00, 0x00, 0x40, 0x0E, 0x19, 0x01, 0xE7, 0x00, 0x84, 0x2F, 0x00, 0x00,
    0x40, 0x0E, 0x19, 0x02, 0xE7, 0x00, 0xB6, 0x2F, 0x00, 0x00, 0x40, 0x0E, 0x18, 0x01, 0xE8, 0x00,
    0xE6, 0x2F, 0x00, 0x00, 0x40, 0x0E, 0x18, 0x01, 0xE8, 0x00, 0x16, 0x30, 0x00, 0x00, 0x40, 0x0F,
    0x18, 0x00, 0xE8, 0x00, 0x46, 0x30, 0x00, 0x00, 0x40, 0x0C, 0x18, 0x02, 0xE8, 0x00, 0x76, 0x30,
    0x00, 0x00, 0x40, 0x10, 0x21, 0x00, 0xDF, 0x00, 0xB8, 0x30, 0x00, 0x00, 0x40, 0x10, 0x19, 0x00,
    0xE7, 0x00, 0xEA, 0x30, 0x00, 0x00, 0x40, 0x10, 0x21, 0x00, 0xE8, 0x00, 0x2C, 0x31, 0x00, 0x00,
    0x40, 0x10, 0x1A, 0x00, 0xEF, 0x00, 0x60, 0x31, 0x00, 0x00, 0x40, 0x10, 0x21, 0x00, 0xDF, 0x00,
    0xA2, 0x31, 0x00, 0x00, 0x40, 0x10, 0x1A, 0x00, 0xE6, 0x00, 0xD6, 0x31, 0x00, 0x00, 0x40, 0x13,
    0x19, 0xFD, 0xE7, 0x00, 0x21, 0x32, 0x00, 0x00, 0x40, 0x0E, 0x18, 0x00, 0xE8, 0x00, 0x51, 0x32,
    0x00, 0x00, 0x40, 0x0E, 0x18, 0x00, 0xEF, 0x00, 0x81, 0x32, 0x00, 0x00, 0x40, 0x0E, 0x1E, 0x01,
    0xE2, 0x00, 0xBD, 0x32, 0x00, 0x00, 0x40, 0x0E, 0x17, 0x01, 0xE9, 0x00, 0xEB, 0x32, 0x00, 0x00,
    0x40, 0x0E, 0x1F, 0x01, 0xE1, 0x00, 0x29, 0x33, 0x00, 0x00, 0x40, 0x0E, 0x18, 0x01, 0xE8, 0x00,
    0x59, 0x33, 0x00, 0x00, 0x40, 0x0F, 0x20, 0x01, 0xE0, 0x00, 0x99, 0x33, 0x00, 0x00, 0x40, 0x0F,
    0x19, 0x01, 0xE7, 0x00, 0xCB, 0x33, 0x00, 0x00, 0x40, 0x0E, 0x18, 0x01, 0xE8, 0x00, 0xFB, 0x33,
    0x00, 0x00, 0x40, 0x0E, 0x11, 0x01, 0xEF, 0x00, 0x1D, 0x34, 0x00, 0x00, 0x40, 0x10, 0x21, 0x00,
    0xDF, 0x00, 0x5F, 0x34, 0x00, 0x00, 0x40, 0x0D, 0x19, 0x02, 0xE7, 0x00, 0x91, 0x34, 0x00, 0x00,
    0x40, 0x10, 0x21, 0x00, 0xE8, 0x00, 0xD3, 0x34, 0x00, 0x00, 0x40, 0x0D, 0x1A, 0x02, 0xEF, 0x00,
    0x07, 0x35, 0x00, 0x00, 0x40, 0x10, 0x21, 0x00, 0xDF, 0x00, 0x49, 0x35, 0x00, 0x00, 0x40, 0x0D,
    0x1A, 0x02, 0xE6, 0x00, 0x7D, 0x35, 0x00, 0x00, 0x40, 0x0D, 0x20, 0x02, 0xE0, 0x00, 0xBD, 0x35,
    0x00, 0x00, 0x40, 0x0C, 0x19, 0x02, 0xE7, 0x00, 0xEF, 0x35, 0x00, 0x00, 0x40, 0x0D, 0x20, 0x02,
    0xE0, 0x00, 0x2F, 0x36, 0x00, 0x00, 0x40, 0x0C, 0x19, 0x02, 0xE7, 0x00, 0x61, 0x36, 0x00, 0x00,
    0x40, 0x0D, 0x1F, 0x02, 0xE8, 0x00, 0x9F, 0x36, 0x00, 0x00, 0x40, 0x0C, 0x18, 0x02, 0xEF, 0x00,
    0xCF, 0x36, 0x00, 0x00, 0x40, 0x0D, 0x21, 0x02, 0xDF, 0x00, 0x11, 0x37, 0x00, 0x00, 0x40, 0x0C,
    0x1A, 0x02, 0xE6, 0x00, 0x45, 0x37, 0x00, 0x00, 0x40, 0x0E, 0x1F, 0x01, 0xE8, 0x00, 0x83, 0x37,
    0x00, 0x00, 0x40, 0x0D, 0x1F, 0x02, 0xE8, 0x00, 0xC1, 0x37, 0x00, 0x00, 0x40, 0x0E, 0x21, 0x01,
    0xDF, 0x00, 0x03, 0x38, 0x00, 0x00, 0x40, 0x0E, 0x19, 0x02, 0xE7, 0x00, 0x35, 0x38, 0x00, 0x00,
    0x40, 0x0E, 0x18, 0x01, 0xE8, 0x00, 0x65, 0x38, 0x00, 0x00, 0x40, 0x0D, 0x18, 0x02, 0xE8, 0x00,
    0x95, 0x38, 0x00, 0x00, 0x40, 0x10, 0x20, 0x00, 0xE0, 0x00, 0xD5, 0x38, 0x00, 0x00, 0x40, 0x10,
    0x19, 0x00, 0xE7, 0x00, 0x07, 0x39, 0x00, 0x00, 0x40, 0x10, 0x1E, 0x00, 0xE2, 0x00, 0x43, 0x39,
    0x00, 0x00, 0x40, 0x10, 0x17, 0x00, 0xE9, 0x00, 0x71, 0x39, 0x00, 0x00, 0x40, 0x10, 0x1F, 0x00,
    0xE1, 0x00, 0xAF, 0x39, 0x00, 0x00, 0x40, 0x10, 0x18, 0x00, 0xE8, 0x00, 0xDF, 0x39, 0x00, 0x00,
    0x40, 0x10, 0x20, 0x00, 0xE0, 0x00, 0x1F, 0x3A, 0x00, 0x00, 0x40, 0x10, 0x19, 0x00, 0xE7, 0x00,
    0x51, 0x3A, 0x00, 0x00, 0x40, 0x10, 0x21, 0x00, 0xDF, 0x00, 0x93, 0x3A, 0x00, 0x00, 0x40, 0x10,
    0x1A, 0x00, 0xE6, 0x00, 0xC7, 0x3A, 0x00, 0x00, 0x40, 0x10, 0x1F, 0x00, 0xE8, 0x00, 0x05, 0x3B,
    0x00, 0x00, 0x40, 0x10, 0x18, 0x00, 0xEF, 0x00, 0x35, 0x3B, 0x00, 0x00, 0x40, 0x10, 0x20, 0x00,
    0xE0, 0x00, 0x75, 0x3B, 0x00, 0x00, 0x40, 0x10, 0x19, 0x00, 0xE7, 0x00, 0xA7, 0x3B, 0x00, 0x00,
    0x40, 0x10, 0x20, 0x00, 0xE0, 0x00, 0xE7, 0x3B, 0x00, 0x00, 0x40, 0x10, 0x20, 0x00, 0xE7, 0x00,
    0x27, 0x3C, 0x00, 0x00, 0x40, 0x10, 0x1F, 0x00, 0xE1, 0x00, 0x65, 0x3C, 0x00, 0x00, 0x40, 0x0C,
    0x21, 0x02, 0xDF, 0x00, 0xA7, 0x3C, 0x00, 0x00, 0x40, 0x0C, 0x1A, 0x02, 0xE6, 0x00, 0xDB, 0x3C,
    0x00, 0x00, 0x40, 0x0C, 0x1F, 0x02, 0xE1, 0x00, 0x19, 0x3D, 0x00, 0x00, 0x40, 0x0C, 0x18, 0x02,
    0xE8, 0x00, 0x49, 0x3D, 0x00, 0x00, 0x40, 0x0C, 0x21, 0x02, 0xDF, 0x00, 0x8B, 0x3D, 0x00, 0x00,
    0x40, 0x0C, 0x1A, 0x02, 0xE6, 0x00, 0xBF, 0x3D, 0x00, 0x00, 0x40, 0x0D, 0x18, 0x02, 0xE8, 0x00,
    0x00, 0x00, 0x00, 0x00, 0x40, 0x00, 0x00, 0x00, 0x00, 0x00, 0x00, 0x00, 0x00, 0x00, 0x80, 0x00,
    0x00, 0x00, 0x00, 0x00, 0x00, 0x00, 0x00, 0x00, 0x40, 0x00, 0x00, 0x00, 0x00, 0x00, 0x00, 0x00,
    0x00, 0x00, 0x80, 0x00, 0x00, 0x00, 0x00, 0x00, 0x00, 0x00, 0x00, 0x00, 0x40, 0x00, 0x00, 0x00,
    0x00, 0x00, 0x00, 0x00, 0x00, 0x00, 0x40, 0x00, 0x00, 0x00, 0x00, 0x00, 0x00, 0x00, 0x00, 0x00,
    0x40, 0x00, 0x00, 0x00, 0x00, 0x00, 0x00, 0x00, 0x00, 0x00, 0x40, 0x00, 0x00, 0x00, 0x00, 0x00,
    0x00, 0x00, 0x00, 0x00, 0x40, 0x00, 0x00, 0x00, 0x00, 0x00, 0x00, 0x00, 0x00, 0x00, 0x40, 0x00,
    0x00, 0x00, 0x00, 0x00, 0x00, 0x00, 0x00, 0x00, 0x40, 0x00, 0x00, 0x00, 0x00, 0x00, 0x00, 0x00,
    0x00, 0x00, 0x00, 0x00, 0x00, 0x00, 0x00, 0x00, 0xEF, 0x3D, 0x00, 0x00, 0x00, 0x0C, 0x28, 0xFA,
    0xDF, 0x00, 0x3F, 0x3E, 0x00, 0x00, 0x00, 0x0A, 0x28, 0xFB, 0xDF, 0x00, 0x00, 0x00, 0x00, 0x00,
    0x40, 0x00, 0x00, 0x00, 0x00, 0x00, 0x00, 0x00, 0x00, 0x00, 0x40, 0x00, 0x00, 0x00, 0x00, 0x00,
    0xD1, 0x01, 0x00, 0x00, 0x40, 0x0C, 0x04, 0x02, 0xF3, 0x00, 0xD1, 0x01, 0x00, 0x00, 0x40, 0x0C,
    0x04, 0x02, 0xF3, 0x00, 0xD1, 0x01, 0x00, 0x00, 0x40, 0x0C, 0x04, 0x02, 0xF3, 0x00, 0x8F, 0x3E,
    0x00, 0x00, 0x40, 0x0F, 0x04, 0x01, 0xF3, 0x00, 0x97, 0x3E, 0x00, 0x00, 0x80, 0x20, 0x04, 0x00,
    0xF3, 0x00, 0x97, 0x3E, 0x00, 0x00, 0x80, 0x20, 0x04, 0x00, 0xF3, 0x00, 0xA7, 0x3E, 0x00, 0x00,
    0x40, 0x0A, 0x20, 0x03, 0xE5, 0x00, 0xE7, 0x3E, 0x00, 0x00, 0x40, 0x0C, 0x08, 0x02, 0xFF, 0x00,
    0xF7, 0x3E, 0x00, 0x00, 0x40, 0x07, 0x0C, 0x05, 0xE6, 0x00, 0x03, 0x3F, 0x00, 0x00, 0x40, 0x07,
    0x0C, 0x04, 0xE6, 0x00, 0x03, 0x3F, 0x00, 0x00, 0x40, 0x07, 0x0C, 0x04, 0xFA, 0x00, 0x0F, 0x3F,
    0x00, 0x00, 0x40, 0x07, 0x0C, 0x05, 0xE6, 0x00, 0x1B, 0x3F, 0x00, 0x00, 0x40, 0x0E, 0x0C, 0x01,
    0xE6, 0x00, 0x33, 0x3F, 0x00, 0x00, 0x40, 0x0E, 0x0C, 0x01, 0xE6, 0x00, 0x4B, 0x3F, 0x00, 0x00,
    0x40, 0x0E, 0x0C, 0x01, 0xFA, 0x00, 0x63, 0x3F, 0x00, 0x00, 0x40, 0x0E, 0x0C, 0x01, 0xE6, 0x00,
    0x7B, 0x3F, 0x00, 0x00, 0x40, 0x0C, 0x20, 0x02, 0xE5, 0x00, 0xBB, 0x3F, 0x00, 0x00, 0x40, 0x0C,
    0x20, 0x02, 0xE5, 0x00, 0xFB, 0x3F, 0x00, 0x00, 0x40, 0x0A, 0x0A, 0x03, 0xF0, 0x00, 0x0F, 0x40,
    0x00, 0x00, 0x40, 0x0B, 0x0D, 0x03, 0xEF, 0x00, 0xD9, 0x01, 0x00, 0x00, 0x80, 0x08, 0x07, 0x0C,
    0xF9, 0x00, 0x29, 0x40, 0x00, 0x00, 0x80, 0x18, 0x07, 0x04, 0xF9, 0x00, 0x3E, 0x40, 0x00, 0x00,
    0x80, 0x1C, 0x07, 0x02, 0xF9, 0x00, 0xD9, 0x01, 0x00, 0x00, 0x40, 0x08, 0x07, 0x04, 0xF1, 0x00,
    0x00, 0x00, 0x00, 0x00, 0x00, 0x00, 0x00, 0x00, 0x00, 0x00, 0x00, 0x00, 0x00, 0x00, 0x00, 0x00,
    0x00, 0x00, 0x00, 0x00, 0x00, 0x00, 0x00, 0x00, 0x40, 0x00, 0x00, 0x00, 0x00, 0x00, 0x00, 0x00,
    0x00, 0x00, 0x40, 0x00, 0x00, 0x00, 0x00, 0x00, 0x00, 0x00, 0x00, 0x00, 0x40, 0x00, 0x00, 0x00,
    0x00, 0x00, 0x00, 0x00, 0x00, 0x00, 0x40, 0x00, 0x00, 0x00, 0x00, 0x00, 0x00, 0x00, 0x00, 0x00,
    0x40, 0x00, 0x00, 0x00, 0x00, 0x00, 0x00, 0x00, 0x00, 0x00, 0x40, 0x00, 0x00, 0x00, 0x00, 0x00,
    0x5A, 0x40, 0x00, 0x00, 0x80, 0x17, 0x18, 0x05, 0xE8, 0x00, 0xA2, 0x40, 0x00, 0x00, 0x80, 0x1F,
    0x18, 0x01, 0xE8, 0x00, 0x02, 0x41, 0x00, 0x00, 0x40, 0x08, 0x0B, 0x04, 0xE7, 0x00, 0x0D, 0x41,
    0x00, 0x00, 0x40, 0x0E, 0x0B, 0x01, 0xE7, 0x00, 0x23, 0x41, 0x00, 0x00, 0x40, 0x11, 0x0B, 0x00,
    0xE7, 0x00, 0x44, 0x41, 0x00, 0x00, 0x40, 0x08, 0x0B, 0x04, 0xE7, 0x00, 0x4F, 0x41, 0x00, 0x00,
    0x40, 0x0E, 0x0B, 0x01, 0xE7, 0x00, 0x65, 0x41, 0x00, 0x00, 0x40, 0x11, 0x0B, 0xFF, 0xE7, 0x00,
    0x91, 0x0A, 0x00, 0x00, 0x40, 0x10, 0x0A, 0x00, 0xFD, 0x00, 0x86, 0x41, 0x00, 0x00, 0x40, 0x08,
    0x12, 0x04, 0xEC, 0x00, 0x98, 0x41, 0x00, 0x00, 0x40, 0x08, 0x12, 0x04, 0xEC, 0x00, 0xAA, 0x41,
    0x00, 0x00, 0x80, 0x20, 0x1E, 0x00, 0xE6, 0x00, 0x22, 0x42, 0x00, 0x00, 0x40, 0x0C, 0x18, 0x02,
    0xE8, 0x00, 0x52, 0x42, 0x00, 0x00, 0x40, 0x10, 0x18, 0x01, 0xE8, 0x00, 0xD1, 0x01, 0x00, 0x00,
    0x40, 0x0C, 0x04, 0x02, 0xE7, 0x00, 0x82, 0x42, 0x00, 0x00, 0x40, 0x0E, 0x05, 0x01, 0xFD, 0x00,
    0x8C, 0x42, 0x00, 0x00, 0x40, 0x0E, 0x05, 0x01, 0xE6, 0x00, 0x96, 0x42, 0x00, 0x00, 0x40, 0x10,
    0x10, 0x00, 0xF8, 0x00, 0xB6, 0x42, 0x00, 0x00, 0x80, 0x1E, 0x1C, 0x01, 0xE7, 0x00, 0xD1, 0x01,
    0x00, 0x00, 0x40, 0x0C, 0x04, 0x02, 0xF3, 0x00, 0xE0, 0x01, 0x00, 0x00, 0x40, 0x0E, 0x1F, 0x01,
    0xE6, 0x00, 0x26, 0x43, 0x00, 0x00, 0x40, 0x0A, 0x20, 0x03, 0xE5, 0x00, 0x66, 0x43, 0x00, 0x00,
    0x40, 0x0A, 0x20, 0x03, 0xE5, 0x00, 0xA6, 0x43, 0x00, 0x00, 0x40, 0x10, 0x18, 0x00, 0xE8, 0x00,
    0xD6, 0x43, 0x00, 0x00, 0x40, 0x0E, 0x18, 0x00, 0xE8, 0x00, 0x06, 0x44, 0x00, 0x00, 0x40, 0x0E,
    0x18, 0x02, 0xE8, 0x00, 0x36, 0x44, 0x00, 0x00, 0x40, 0x0C, 0x12, 0x02, 0xEE, 0x00, 0x5A, 0x44,
    0x00, 0x00, 0x40, 0x0C, 0x18, 0x02, 0xE8, 0x00, 0x8A, 0x44, 0x00, 0x00, 0x40, 0x0C, 0x0D, 0x02,
    0xEF, 0x00, 0xA4, 0x44, 0x00, 0x00, 0x40, 0x0C, 0x0D, 0x02, 0xEF, 0x00, 0x8D, 0x01, 0x00, 0x00,
    0x40, 0x0E, 0x0E, 0x01, 0xF3, 0x00, 0xBE, 0x44, 0x00, 0x00, 0x40, 0x08, 0x18, 0x04, 0xEF, 0x00,
    0xD6, 0x44, 0x00, 0x00, 0x40, 0x0E, 0x1C, 0x01, 0xE6, 0x00, 0x0E, 0x45, 0x00, 0x00, 0x40, 0x0E,
    0x1C, 0x01, 0xE7, 0x00, 0x46, 0x45, 0x00, 0x00, 0x40, 0x0E, 0x18, 0x01, 0xE8, 0x00, 0x76, 0x45,
    0x00, 0x00, 0x80, 0x20, 0x09, 0x00, 0xF2, 0x00, 0x8C, 0x42, 0x00, 0x00, 0x40, 0x0E, 0x05, 0x01,
    0xFD, 0x00, 0x9A, 0x45, 0x00, 0x00, 0x40, 0x0E, 0x0E, 0x01, 0xE5, 0x00, 0xB6, 0x45, 0x00, 0x00,
    0x40, 0x0E, 0x11, 0x01, 0xEF, 0x00, 0xD8, 0x45, 0x00, 0x00, 0x40, 0x14, 0x0B, 0xFE, 0xE7, 0x00,
    0xF9, 0x45, 0x00, 0x00, 0x40, 0x10, 0x11, 0x00, 0xEF, 0x00, 0x1B, 0x46, 0x00, 0x00, 0x40, 0x10,
    0x11, 0x00, 0xEF, 0x00, 0x3D, 0x46, 0x00, 0x00, 0x40, 0x08, 0x18, 0x04, 0xE8, 0x00, 0x55, 0x46,
    0x00, 0x00, 0x40, 0x10, 0x18, 0x00, 0xE8, 0x00, 0x85, 0x46, 0x00, 0x00, 0x40, 0x0F, 0x11, 0x01,
    0xEF, 0x00, 0xA7, 0x46, 0x00, 0x00, 0x40, 0x06, 0x11, 0x05, 0xEF, 0x00, 0xB8, 0x46, 0x00, 0x00,
    0x40, 0x06, 0x17, 0x05, 0xEC, 0x00, 0x00, 0x00, 0x00, 0x00, 0x40, 0x00, 0x00, 0x00, 0x00, 0x00,
    0x00, 0x00, 0x00, 0x00, 0x00, 0x00, 0x00, 0x00, 0x00, 0x00, 0x00, 0x00, 0x00, 0x00, 0x00, 0x00,
    0x00, 0x00, 0x00, 0x00, 0x00, 0x00, 0x00, 0x00, 0x00, 0x00, 0x00, 0x00, 0x00, 0x00, 0x00, 0x00,
    0x00, 0x00, 0x00, 0x00, 0x00, 0x00, 0x00, 0x00, 0x00, 0x00, 0x00, 0x00, 0x00, 0x00, 0x00, 0x00,
    0x00, 0x00, 0x00, 0x00, 0x00, 0x00, 0x40, 0x00, 0x00, 0x00, 0x00, 0x00, 0x00, 0x00, 0x00, 0x00,
    0x40, 0x00, 0x00, 0x00, 0x00, 0x00, 0x00, 0x00, 0x00, 0x00, 0x40, 0x00, 0x00, 0x00, 0x00, 0x00,
    0x00, 0x00, 0x00, 0x00, 0x40, 0x00, 0x00, 0x00, 0x00, 0x00, 0x00, 0x00, 0x00, 0x00, 0x40, 0x00,
    0x00, 0x00, 0x00, 0x00, 0x00, 0x00, 0x00, 0x00, 0x40, 0x00, 0x00, 0x00, 0x00, 0x00, 0x00, 0x00,
    0x00, 0x00, 0x40, 0x00, 0x00, 0x00, 0x00, 0x00, 0x00, 0x00, 0x00, 0x00, 0x40, 0x00, 0x00, 0x00,
    0x00, 0x00, 0x00, 0x00, 0x00, 0x00, 0x40, 0x00, 0x00, 0x00, 0x00, 0x00, 0x00, 0x00, 0x00, 0x00,
    0x40, 0x00, 0x00, 0x00, 0x00, 0x00, 0x00, 0x00, 0x00, 0x00, 0x40, 0x00, 0x00, 0x00, 0x00, 0x00,
    0xCF, 0x46, 0x00, 0x00, 0x40, 0x0A, 0x11, 0x03, 0xE5, 0x00, 0xF1, 0x46, 0x00, 0x00, 0x40, 0x08,
    0x12, 0x04, 0xE4, 0x00, 0x00, 0x00, 0x00, 0x00, 0x40, 0x00, 0x00, 0x00, 0x00, 0x00, 0x00, 0x00,
    0x00, 0x00, 0x40, 0x00, 0x00, 0x00, 0x00, 0x00, 0x03, 0x47, 0x00, 0x00, 0x40, 0x0A, 0x11, 0x03,
    0xE5, 0x00, 0x25, 0x47, 0x00, 0x00, 0x40, 0x0A, 0x11, 0x03, 0xE5, 0x00, 0x47, 0x47, 0x00, 0x00,
    0x40, 0x0A, 0x11, 0x03, 0xE5, 0x00, 0x69, 0x47, 0x00, 0x00, 0x40, 0x0A, 0x11, 0x03, 0xE5, 0x00,
    0x8B, 0x47, 0x00, 0x00, 0x40, 0x0A, 0x11, 0x03, 0xE5, 0x00, 0xAD, 0x47, 0x00, 0x00, 0x40, 0x0A,
    0x11, 0x03, 0xE5, 0x00, 0xCF, 0x47, 0x00, 0x00, 0x40, 0x0A, 0x0A, 0x03, 0xE9, 0x00, 0xE3, 0x47,
    0x00, 0x00, 0x40, 0x0A, 0x03, 0x03, 0xEC, 0x00, 0xE9, 0x47, 0x00, 0x00, 0x40, 0x0A, 0x07, 0x03,
    0xEA, 0x00, 0xF7, 0x47, 0x00, 0x00, 0x40, 0x08, 0x17, 0x04, 0xE3, 0x00, 0x0E, 0x48, 0x00, 0x00,
    0x40, 0x08, 0x17, 0x04, 0xE3, 0x00, 0x25, 0x48, 0x00, 0x00, 0x40, 0x0C, 0x0C, 0x02, 0xEA, 0x00,
    0x3D, 0x48, 0x00, 0x00, 0x40, 0x0A, 0x10, 0x03, 0xF3, 0x00, 0x5D, 0x48, 0x00, 0x00, 0x40, 0x09,
    0x10, 0x03, 0xF3, 0x00, 0x7D, 0x48, 0x00, 0x00, 0x40, 0x0A, 0x10, 0x03, 0xF3, 0x00, 0x9D, 0x48,
    0x00, 0x00, 0x40, 0x0A, 0x10, 0x03, 0xF3, 0x00, 0xBD, 0x48, 0x00, 0x00, 0x40, 0x0A, 0x10, 0x03,
    0xF3, 0x00, 0xDD, 0x48, 0x00, 0x00, 0x40, 0x0A, 0x10, 0x03, 0xF3, 0x00, 0xFD, 0x48, 0x00, 0x00,
    0x40, 0x0A, 0x10, 0x03, 0xF3, 0x00, 0x1D, 0x49, 0x00, 0x00, 0x40, 0x0A, 0x10, 0x03, 0xF3, 0x00,
    0x3D, 0x49, 0x00, 0x00, 0x40, 0x0A, 0x10, 0x03, 0xF3, 0x00, 0x5D, 0x49, 0x00, 0x00, 0x40, 0x0A,
    0x10, 0x03, 0xF3, 0x00, 0x7D, 0x49, 0x00, 0x00, 0x40, 0x0A, 0x0A, 0x03, 0xF7, 0x00, 0xE3, 0x47,
    0x00, 0x00, 0x40, 0x0A, 0x03, 0x03, 0xFA, 0x00, 0xE9, 0x47, 0x00, 0x00, 0x40, 0x0A, 0x07, 0x03,
    0xF8, 0x00, 0x91, 0x49, 0x00, 0x00, 0x40, 0x08, 0x18, 0x04, 0xF0, 0x00, 0xA9, 0x49, 0x00, 0x00,
    0x40, 0x08, 0x18, 0x04, 0xF0, 0x00, 0x00, 0x00, 0x00, 0x00, 0x40, 0x00, 0x00, 0x00, 0x00, 0x00,
    0xC1, 0x49, 0x00, 0x00, 0x40, 0x0B, 0x0B, 0x03, 0xF8, 0x00, 0xD7, 0x49, 0x00, 0x00, 0x40, 0x0A,
    0x0B, 0x03, 0xF8, 0x00, 0xED, 0x49, 0x00, 0x00, 0x40, 0x0A, 0x0B, 0x03, 0xF8, 0x00, 0x03, 0x4A,
    0x00, 0x00, 0x40, 0x0C, 0x0B, 0x02, 0xF8, 0x00, 0x19, 0x4A, 0x00, 0x00, 0x40, 0x0A, 0x0B, 0x03,
    0xF8, 0x00, 0x2F, 0x4A, 0x00, 0x00, 0x40, 0x0C, 0x10, 0x02, 0xF3, 0x00, 0x4F, 0x4A, 0x00, 0x00,
    0x40, 0x0B, 0x10, 0x03, 0xF3, 0x00, 0x6F, 0x4A, 0x00, 0x00, 0x40, 0x08, 0x10, 0x04, 0xF3, 0x00,
    0x7F, 0x4A, 0x00, 0x00, 0x40, 0x0C, 0x0B, 0x02, 0xF8, 0x00, 0x95, 0x4A, 0x00, 0x00, 0x40, 0x0C,
    0x0B, 0x02, 0xF8, 0x00, 0xAB, 0x4A, 0x00, 0x00, 0x40, 0x0B, 0x10, 0x02, 0xF8, 0x00, 0xCB, 0x4A,
    0x00, 0x00, 0x40, 0x0A, 0x0B, 0x03, 0xF8, 0x00, 0xE1, 0x4A, 0x00, 0x00, 0x40, 0x0B, 0x10, 0x03,
    0xF3, 0x00, 0x00, 0x00, 0x00, 0x00, 0x40, 0x00, 0x00, 0x00, 0x00, 0x00, 0x00, 0x00, 0x00, 0x00,
    0x40, 0x00, 0x00, 0x00, 0x00, 0x00, 0x00, 0x00, 0x00, 0x00, 0x40, 0x00, 0x00, 0x00, 0x00, 0x00,
    0x00, 0x00, 0x00, 0x00, 0x40, 0x00, 0x00, 0x00, 0x00, 0x00, 0x01, 0x4B, 0x00, 0x00, 0x40, 0x0E,
    0x1E, 0x01, 0xE5, 0x00, 0x00, 0x00, 0x00, 0x00, 0x40, 0x00, 0x00, 0x00, 0x00, 0x00, 0x3D, 0x4B,
    0x00, 0x00, 0x40, 0x0D, 0x18, 0x01, 0xE8, 0x00, 0x6D, 0x4B, 0x00, 0x00, 0x40, 0x0D, 0x18, 0x01,
    0xE8, 0x00, 0x9D, 0x4B, 0x00, 0x00, 0x40, 0x10, 0x15, 0x00, 0xED, 0x00, 0xC7, 0x4B, 0x00, 0x00,
    0x40, 0x0F, 0x18, 0x01, 0xE8, 0x00, 0xF7, 0x4B, 0x00, 0x00, 0x40, 0x10, 0x18, 0x00, 0xE8, 0x00,
    0x27, 0x4C, 0x00, 0x00, 0x40, 0x11, 0x18, 0xFF, 0xE8, 0x00, 0x6F, 0x4C, 0x00, 0x00, 0x40, 0x10,
    0x18, 0x00, 0xE8, 0x00, 0x9F, 0x4C, 0x00, 0x00, 0x40, 0x10, 0x11, 0x00, 0xEF, 0x00, 0xC1, 0x4C,
    0x00, 0x00, 0x40, 0x0F, 0x1E, 0x01, 0xE8, 0x00, 0xFD, 0x4C, 0x00, 0x00, 0x40, 0x0F, 0x18, 0x00,
    0xE8, 0x00, 0x2D, 0x4D, 0x00, 0x00, 0x40, 0x0F, 0x18, 0x01, 0xE8, 0x00, 0x5D, 0x4D, 0x00, 0x00,
    0x40, 0x0E, 0x18, 0x01, 0xE8, 0x00, 0x8D, 0x4D, 0x00, 0x00, 0x40, 0x11, 0x1F, 0xFF, 0xE8, 0x00,
    0x00, 0x00, 0x00, 0x00, 0x40, 0x00, 0x00, 0x00, 0x00, 0x00, 0xEA, 0x4D, 0x00, 0x00, 0x40, 0x0F,
    0x18, 0x01, 0xE8, 0x00, 0x1A, 0x4E, 0x00, 0x00, 0x40, 0x0D, 0x1E, 0x01, 0xE5, 0x00, 0x56, 0x4E,
    0x00, 0x00, 0x40, 0x10, 0x18, 0x00, 0xE8, 0x00, 0x86, 0x4E, 0x00, 0x00, 0x40, 0x0F, 0x18, 0x01,
    0xE8, 0x00, 0xB6, 0x4E, 0x00, 0x00, 0x40, 0x0E, 0x1D, 0x01, 0xE5, 0x00, 0x00, 0x00, 0x00, 0x00,
    0x40, 0x00, 0x00, 0x00, 0x00, 0x00, 0x00, 0x00, 0x00, 0x00, 0x40, 0x00, 0x00, 0x00, 0x00, 0x00,
    0xF0, 0x4E, 0x00, 0x00, 0x40, 0x0E, 0x18, 0x01, 0xE8, 0x00, 0x20, 0x4F, 0x00, 0x00, 0x40, 0x0E,
    0x18, 0x02, 0xE8, 0x00, 0x50, 0x4F, 0x00, 0x00, 0x40, 0x0F, 0x18, 0x00, 0xE8, 0x00, 0x00, 0x00,
    0x00, 0x00, 0x40, 0x00, 0x00, 0x00, 0x00, 0x00, 0x80, 0x4F, 0x00, 0x00, 0x40, 0x10, 0x16, 0x00,
    0xEA, 0x00, 0xAC, 0x4F, 0x00, 0x00, 0x40, 0x0F, 0x18, 0x00, 0xE8, 0x00, 0xDC, 0x4F, 0x00, 0x00,
    0x40, 0x0E, 0x1C, 0x01, 0xE4, 0x00, 0x14, 0x50, 0x00, 0x00, 0x40, 0x0F, 0x1F, 0x00, 0xE5, 0x00,
    0x52, 0x50, 0x00, 0x00, 0x40, 0x0E, 0x17, 0x01, 0xEF, 0x00, 0x00, 0x00, 0x00, 0x00, 0x40, 0x00,
    0x00, 0x00, 0x00, 0x00, 0x00, 0x00, 0x00, 0x00, 0x40, 0x00, 0x00, 0x00, 0x00, 0x00, 0x00, 0x00,
    0x00, 0x00, 0x40, 0x00, 0x00, 0x00, 0x00, 0x00, 0x00, 0x00, 0x00, 0x00, 0x40, 0x00, 0x00, 0x00,
    0x00, 0x00, 0x00, 0x00, 0x00, 0x00, 0x40, 0x00, 0x00, 0x00, 0x00, 0x00, 0x00, 0x00, 0x00, 0x00,
    0x40, 0x00, 0x00, 0x00, 0x00, 0x00, 0x00, 0x00, 0x00, 0x00, 0x40, 0x00, 0x00, 0x00, 0x00, 0x00,
    0x00, 0x00, 0x00, 0x00, 0x40, 0x00, 0x00, 0x00, 0x00, 0x00, 0x00, 0x00, 0x00, 0x00, 0x40, 0x00,
    0x00, 0x00, 0x00, 0x00, 0x00, 0x00, 0x00, 0x00, 0x40, 0x00, 0x00, 0x00, 0x00, 0x00, 0x00, 0x00,
    0x00, 0x00, 0x40, 0x00, 0x00, 0x00, 0x00, 0x00, 0x00, 0x00, 0x00, 0x00, 0x40, 0x00, 0x00, 0x00,
    0x00, 0x00, 0x00, 0x00, 0x00, 0x00, 0x40, 0x00, 0x00, 0x00, 0x00, 0x00, 0x00, 0x00, 0x00, 0x00,
    0x40, 0x00, 0x00, 0x00, 0x00, 0x00, 0x00, 0x00, 0x00, 0x00, 0x40, 0x00, 0x00, 0x00, 0x00, 0x00,
    0x87, 0x87, 0x87, 0x87, 0x87, 0x87, 0x87, 0x87, 0x87, 0x87, 0x87, 0x87, 0x87, 0x87, 0x87, 0xFF,
    0xFF, 0xFF, 0xCF, 0x87, 0x03, 0x03, 0x03, 0x87, 0x86, 0x1F, 0x86, 0x1F, 0x86, 0x1F, 0x86, 0x1F,
    0x86, 0x1F, 0x86, 0x1F, 0x86, 0x1F, 0x86, 0x1F, 0x86, 0x1F, 0x86, 0x1F, 0x86, 0x1F, 0xE3, 0xC7,
    0xE3, 0xC7, 0xE3, 0xC7, 0xE3, 0xC7, 0xE3, 0xC7, 0xE1, 0x87, 0x80, 0x01, 0x80, 0x01, 0x80, 0x01,
    0xE3, 0xC7, 0xE3, 0xC7, 0xE3, 0xC7, 0xE3, 0xC7, 0xE3, 0xC7, 0xE1, 0x87, 0x80, 0x01, 0x80, 0x01,
    0x80, 0x01, 0xE3, 0xC7, 0xE3, 0xC7, 0xE3, 0xC7, 0xE3, 0xC7, 0xE3, 0xC7, 0xF9, 0xFF, 0xF0, 0xFF,
    0xF0, 0xFF, 0xF0, 0xFF, 0xF0, 0xFF, 0xC0, 0x8F, 0x80, 0x0F, 0x80, 0x0F, 0x00, 0x0F, 0x09, 0x0F,
    0x09, 0x8F, 0x09, 0xFF, 0x01, 0xFF, 0x81, 0xFF, 0x80, 0xFF, 0xC0, 0x7F, 0xF0, 0x1F, 0xF8, 0x1F,
    0xF8, 0x0F, 0xF9, 0x0F, 0x19, 0x8F, 0x09, 0x0F, 0x09, 0x0F, 0x00, 0x0F, 0x00, 0x1F, 0x10, 0x3F,
    0xF0, 0xFF, 0xF0, 0xFF, 0xF0, 0xFF, 0xF0, 0xFF, 0xF0, 0xFF, 0xC1, 0xE1, 0x80, 0xE1, 0x80, 0xE3,
    0x88, 0xE3, 0x88, 0xC3, 0x88, 0xC3, 0x88, 0xC7, 0x88, 0xC7, 0x88, 0x87, 0x80, 0x8F, 0x80, 0xFF,
    0xC1, 0xEF, 0xFF, 0x83, 0xFF, 0x01, 0xF1, 0x11, 0xE1, 0x11, 0xE3, 0x11, 0xE3, 0x11, 0xE3, 0x11,
    0xC3, 0x11, 0xC7, 0x11, 0xC7, 0x01, 0x87, 0x01, 0x87, 0x83, 0xF0, 0x7F, 0xE0, 0x3F, 0xC0, 0x1F,
    0xC3, 0x1F, 0xC7, 0x0F, 0x87, 0x0F, 0xC7, 0x0F, 0xC7, 0x1F, 0xC2, 0x1F, 0xE0, 0x3F, 0xE0, 0x3F,
    0xF0, 0x7F, 0xE0, 0xFF, 0xC0, 0x7F, 0x80, 0x63, 0x84, 0x03, 0x8E, 0x03, 0x8E, 0x07, 0x8F, 0x07,
    0x8F, 0x0F, 0x87, 0x07, 0xC0, 0x07, 0xC0, 0x03, 0xF0, 0x43, 0x0F, 0x0F, 0x0F, 0x0F, 0x0F, 0x0F,
    0x0F, 0x0F, 0x0F, 0x0F, 0x0F, 0xFF, 0xFF, 0xFE, 0x7F, 0xFC, 0x3F, 0xF8, 0x3F, 0xF0, 0x7F, 0xE0,
    0xFF, 0xE1, 0xFF, 0xC1, 0xFF, 0xC3, 0xFF, 0x87, 0xFF, 0x87, 0xFF, 0x87, 0xFF, 0x87, 0xFF, 0x8F,
    0xFF, 0x0F, 0xFF, 0x0F, 0xFF, 0x0F, 0xFF, 0x0F, 0xFF, 0x0F, 0xFF, 0x0F, 0xFF, 0x8F, 0xFF, 0x87,
    0xFF, 0x87, 0xFF, 0x87, 0xFF, 0x87, 0xFF, 0xC3, 0xFF, 0xC3, 0xFF, 0xE1, 0xFF, 0xE0, 0xFF, 0xF0,
    0x7F, 0xF8, 0x3F, 0xFC, 0x3F, 0xFE, 0x7F, 0xFF, 0xFF, 0xFF, 0xFF, 0xCF, 0xFF, 0x87, 0xFF, 0x83,
    0xFF, 0xC1, 0xFF, 0xE0, 0xFF, 0xF0, 0xFF, 0xF0, 0x7F, 0xF8, 0x7F, 0xFC, 0x3F, 0xFC, 0x3F, 0xFC,
    0x3F, 0xFC, 0x3F, 0xFE, 0x3F, 0xFE, 0x1F, 0xFE, 0x1F, 0xFE, 0x1F, 0xFE, 0x1F, 0xFE, 0x1F, 0xFE,
    0x1F, 0xFE, 0x3F, 0xFC, 0x3F, 0xFC, 0x3F, 0xFC, 0x3F, 0xFC, 0x3F, 0xF8, 0x7F, 0xF8, 0x7F, 0xF0,
    0xFF, 0xE0, 0xFF, 0xC1, 0xFF, 0x83, 0xFF, 0x87, 0xFF, 0xCF, 0xFF, 0xFF, 0xFF, 0xF8, 0x7F, 0xF8,
    0x7F, 0xF8, 0x7F, 0xB8, 0x77, 0x80, 0x07, 0x00, 0x03, 0x80, 0x07, 0xF0, 0x3F, 0xF0, 0x3F, 0xE0,
    0x1F, 0xC3, 0x0F, 0xC3, 0x0F, 0xE7, 0x9F, 0xFF, 0xFF, 0xF0, 0xFF, 0xF0, 0xFF, 0xF0, 0xFF, 0xF0,
    0xFF, 0xF0, 0xFF, 0x00, 0x0F, 0x00, 0x0F, 0x00, 0x0F, 0xF0, 0xFF, 0xF0, 0xFF, 0xF0, 0xFF, 0xF0,
    0xFF, 0xF9, 0xFF, 0xFF, 0xC3, 0x81, 0x81, 0x81, 0x81, 0xC1, 0xE1, 0xE3, 0xC3, 0x87, 0x0F, 0x8F,
    0xDF, 0xFF, 0xFF, 0x00, 0x0F, 0x00, 0x0F, 0x00, 0x0F, 0xFF, 0xC3, 0x81, 0x81, 0x81, 0x81, 0xC3,
    0xFF, 0x87, 0xFF, 0x87, 0xFF, 0x87, 0xFF, 0x0F, 0xFF, 0x0F, 0xFF, 0x0F, 0xFF, 0x0F, 0xFE, 0x1F,
    0xFE, 0x1F, 0xFE, 0x1F, 0xFC, 0x3F, 0xFC, 0x3F, 0xFC, 0x3F, 0xFC, 0x3F, 0xF8, 0x7F, 0xF8, 0x7F,
    0xF8, 0x7F, 0xF0, 0xFF, 0xF0, 0xFF, 0xF0, 0xFF, 0xF0, 0xFF, 0xE1, 0xFF, 0xE1, 0xFF, 0xE1, 0xFF,
    0xC3, 0xFF, 0xC3, 0xFF, 0xC3, 0xFF, 0xC3, 0xFF, 0x87, 0xFF, 0x87, 0xFF, 0x87, 0xFF, 0xF0, 0x3F,
    0xE0, 0x1F, 0xC0, 0x0F, 0x83, 0x07, 0x87, 0x87, 0x87, 0x87, 0x8F, 0xC7, 0x8F, 0xC7, 0x8F, 0x87,
    0x8F, 0x07, 0x8E, 0x07, 0x88, 0x07, 0x80, 0x47, 0x81, 0xC7, 0x83, 0xC7, 0x87, 0xC7, 0x8F, 0xC7,
    0x8F, 0xC7, 0x87, 0x87, 0x87, 0x87, 0x83, 0x07, 0xC0, 0x0F, 0xE0, 0x1F, 0xF0, 0x3F, 0xFC, 0x3F,
    0xF8, 0x3F, 0xF0, 0x3F, 0xE0, 0x3F, 0x80, 0x3F, 0x84, 0x3F, 0xDC, 0x3F, 0xFC, 0x3F, 0xFC, 0x3F,
    0xFC, 0x3F, 0xFC, 0x3F, 0xFC, 0x3F, 0xFC, 0x3F, 0xFC, 0x3F, 0xFC, 0x3F, 0xFC, 0x3F, 0xFC, 0x3F,
    0xFC, 0x3F, 0xFC, 0x3F, 0xFC, 0x3F, 0xFC, 0x3F, 0xC0, 0x03, 0xC0, 0x03, 0xC0, 0x03, 0xF0, 0x3F,
    0xE0, 0x1F, 0xC0, 0x0F, 0x83, 0x07, 0x87, 0x87, 0x87, 0x87, 0xFF, 0x87, 0xFF, 0x87, 0xFF, 0x87,
    0xFF, 0x87, 0xFF, 0x0F, 0xFE, 0x0F, 0xFC, 0x1F, 0xF8, 0x3F, 0xF0, 0x7F, 0xE0, 0xFF, 0xC1, 0xFF,
    0xC3, 0xFF, 0xC3, 0xC7, 0x87, 0xC7, 0x87, 0xC7, 0x80, 0x07, 0x80, 0x07, 0x80, 0x07, 0xF0, 0x3F,
    0xE0, 0x1F, 0xC0, 0x0F, 0xC3, 0x07, 0x87, 0x87, 0x87, 0x87, 0xFF, 0x87, 0xFF, 0x87, 0xFF, 0x87,
    0xFF, 0x0F, 0xFC, 0x1F, 0xFC, 0x1F, 0xFC, 0x0F, 0xFF, 0x0F, 0xFF, 0x87, 0xFF, 0xC7, 0xFF, 0xC3,
    0xFF, 0xC3, 0x8F, 0xC3, 0x87, 0x87, 0x83, 0x07, 0xC0, 0x0F, 0xE0, 0x0F, 0xF0, 0x3F, 0xFF, 0x1F,
    0xFE, 0x1F, 0xFE, 0x3F, 0xFC, 0x3F, 0xFC, 0x7F, 0xF8, 0x7F, 0xF8, 0x7F, 0xF0, 0xFF, 0xF0, 0xFF,
    0xF1, 0xFF, 0xE1, 0x9F, 0xE3, 0x0F, 0xC3, 0x0F, 0xC7, 0x0F, 0x87, 0x0F, 0x87, 0x0F, 0x80, 0x07,
    0x80, 0x07, 0x80, 0x07, 0xFF, 0x0F, 0xFF, 0x0F, 0xFC, 0x07, 0xFC, 0x07, 0xFC, 0x07, 0x80, 0x07,
    0x80, 0x07, 0x80, 0x07, 0x87, 0x87, 0x87, 0x87, 0x87, 0xCF, 0x87, 0xFF, 0x87, 0xFF, 0x80, 0x3F,
    0x80, 0x1F, 0x80, 0x0F, 0x83, 0x07, 0x87, 0x87, 0xFF, 0x87, 0xFF, 0x87, 0xFF, 0xC7, 0xFF, 0xC7,
    0xFF, 0x87, 0x87, 0x87, 0x87, 0x87, 0x83, 0x07, 0xC0, 0x0F, 0xE0, 0x1F, 0xF0, 0x3F, 0xFC, 0x3F,
    0xFC, 0x3F, 0xF8, 0x7F, 0xF8, 0x7F, 0xF0, 0xFF, 0xF0, 0xFF, 0xE1, 0xFF, 0xE1, 0xFF, 0xC3, 0xFF,
    0xC0, 0x1F, 0xC0, 0x0F, 0x80, 0x0F, 0x83, 0x07, 0x87, 0x87, 0x87, 0x87, 0x87, 0xC7, 0x8F, 0xC7,
    0x87, 0x87, 0x87, 0x87, 0x87, 0x87, 0x83, 0x07, 0xC0, 0x0F, 0xE0, 0x1F, 0xF0, 0x3F, 0x00, 0x0F,
    0x00, 0x0F, 0x00, 0x0F, 0x1F, 0x0F, 0x1F, 0x0F, 0x1E, 0x1F, 0xFE, 0x1F, 0xFE, 0x1F, 0xFE, 0x1F,
    0xFC, 0x3F, 0xFC, 0x3F, 0xFC, 0x3F, 0xF8, 0x7F, 0xF8, 0x7F, 0xF8, 0x7F, 0xF8, 0x7F, 0xF0, 0xFF,
    0xF0, 0xFF, 0xF0, 0xFF, 0xF1, 0xFF, 0xE1, 0xFF, 0xE1, 0xFF, 0xE1, 0xFF, 0xC3, 0xFF, 0xF0, 0x3F,
    0xE0, 0x1F, 0xC0, 0x0F, 0x83, 0x07, 0x87, 0x87, 0x87, 0x87, 0x87, 0x87, 0x87, 0x87, 0xC3, 0x0F,
    0xC0, 0x0F, 0xE0, 0x1F, 0xF0, 0x3F, 0xE0, 0x1F, 0xC0, 0x0F, 0xC3, 0x0F, 0x87, 0x87, 0x87, 0x87,
    0x87, 0x87, 0x8F, 0xC7, 0x87, 0x87, 0x83, 0x07, 0xC0, 0x0F, 0xC0, 0x0F, 0xF0, 0x3F, 0xF0, 0x3F,
    0xE0, 0x1F, 0xC0, 0x0F, 0x83, 0x07, 0x87, 0x87, 0x87, 0x87, 0x87, 0x87, 0x8F, 0xC7, 0x8F, 0x87,
    0x87, 0x87, 0x87, 0x87, 0x83, 0x07, 0xC0, 0x07, 0xC0, 0x0F, 0xE0, 0x0F, 0xFF, 0x0F, 0xFE, 0x1F,
    0xFE, 0x1F, 0xFC, 0x3F, 0xFC, 0x3F, 0xF8, 0x7F, 0xF8, 0x7F, 0xF0, 0xFF, 0xF0, 0xFF, 0xC3, 0x81,
    0x81, 0x81, 0x81, 0xC3, 0xFF, 0xFF, 0xFF, 0xFF, 0xFF, 0xC3, 0x81, 0x81, 0x81, 0x81, 0xC3, 0xC3,
    0x81, 0x81, 0x81, 0x81, 0xC3, 0xFF, 0xFF, 0xFF, 0xFF, 0xFF, 0xC3, 0x81, 0x81, 0x81, 0x81, 0xC1,
    0xE1, 0xE3, 0xC3, 0x87, 0x0F, 0x8F, 0xDF, 0xFF, 0xFF, 0xFF, 0x8F, 0xFF, 0x07, 0xFC, 0x0F, 0xF0,
    0x3F, 0xE0, 0x7F, 0x81, 0xFF, 0x07, 0xFF, 0x0F, 0xFF, 0x0F, 0xFF, 0x07, 0xFF, 0x81, 0xFF, 0xE0,
    0x7F, 0xF0, 0x3F, 0xFC, 0x0F, 0xFE, 0x07, 0xFF, 0x8F, 0xFF, 0xFF, 0x00, 0x0F, 0x00, 0x0F, 0x00,
    0x0F, 0xFF, 0xFF, 0xFF, 0xFF, 0xFF, 0xFF, 0x00, 0x0F, 0x00, 0x0F, 0x00, 0x0F, 0xFF, 0xFF, 0x8F,
    0xFF, 0x07, 0xFF, 0x81, 0xFF, 0xE0, 0x7F, 0xF0, 0x3F, 0xFC, 0x0F, 0xFF, 0x07, 0xFF, 0x87, 0xFF,
    0x87, 0xFF, 0x07, 0xFC, 0x0F, 0xF0, 0x3F, 0xE0, 0x7F, 0x81, 0xFF, 0x03, 0xFF, 0x8F, 0xFF, 0xFF,
    0xFF, 0xF0, 0x3F, 0xE0, 0x1F, 0xC0, 0x0F, 0x83, 0x07, 0x87, 0x87, 0x87, 0x87, 0xFF, 0x87, 0xFF,
    0x87, 0xFF, 0x07, 0xFF, 0x0F, 0xFE, 0x0F, 0xFC, 0x1F, 0xFC, 0x3F, 0xF8, 0x7F, 0xF8, 0x7F, 0xF8,
    0x7F, 0xFF, 0xFF, 0xFF, 0xFF, 0xFC, 0xFF, 0xF8, 0x7F, 0xF0, 0x3F, 0xF0, 0x3F, 0xF0, 0x3F, 0xF8,
    0x7F, 0xE0, 0x7F, 0xC0, 0x3F, 0x80, 0x1F, 0x06, 0x0F, 0x0F, 0x0F, 0x1F, 0x8F, 0x1F, 0x0F, 0x1C,
    0x0F, 0x18, 0x0F, 0x18, 0x8F, 0x10, 0x8F, 0x10, 0x8F, 0x10, 0x8F, 0x10, 0x8F, 0x10, 0x8F, 0x10,
    0x8F, 0x10, 0x8F, 0x10, 0x8F, 0x18, 0x8F, 0x18, 0x0F, 0x1C, 0x1F, 0x1E, 0x7F, 0x0F, 0xFF, 0x07,
    0xFF, 0x80, 0x1F, 0xC0, 0x1F, 0xE0, 0x1F, 0xFC, 0x3F, 0xFC, 0x3F, 0xF8, 0x1F, 0xF8, 0x1F, 0xF8,
    0x1F, 0xF8, 0x1F, 0xF8, 0x1F, 0xF0, 0x0F, 0xF0, 0x0F, 0xF0, 0x0F, 0xF1, 0x8F, 0xF1, 0x8F, 0xE1,
    0x8F, 0xE1, 0x87, 0xE0, 0x07, 0xE0, 0x07, 0xE0, 0x07, 0xE3, 0xC7, 0xC3, 0xC3, 0xC3, 0xC3, 0xC3,
    0xC3, 0x81, 0x81, 0x81, 0x81, 0x81, 0x81, 0x80, 0x3F, 0x80, 0x0F, 0x80, 0x07, 0xC3, 0x87, 0xC3,
    0xC3, 0xC3, 0xC3, 0xC3, 0xC3, 0xC3, 0xC3, 0xC3, 0xC3, 0xC3, 0x87, 0xC0, 0x0F, 0xC0, 0x0F, 0xC0,
    0x07, 0xC3, 0x83, 0xC3, 0xC3, 0xC3, 0xE3, 0xC3, 0xE1, 0xC3, 0xE1, 0xC3, 0xE1, 0xC3, 0xC3, 0xC3,
    0x83, 0x80, 0x07, 0x80, 0x0F, 0x80, 0x1F, 0xE0, 0xC7, 0xC0, 0x07, 0xC0, 0x07, 0x83, 0x87, 0x87,
    0x87, 0x87, 0xC7, 0x8F, 0xFF, 0x8F, 0xFF, 0x8F, 0xFF, 0x8F, 0xFF, 0x8F, 0xFF, 0x8F, 0xFF, 0x8F,
    0xFF, 0x8F, 0xFF, 0x8F, 0xFF, 0x8F, 0xFF, 0x8F, 0xFF, 0x8F, 0xFF, 0x87, 0x87, 0x87, 0x87, 0x83,
    0x07, 0xC0, 0x0F, 0xE0, 0x1F, 0xF0, 0x3F, 0x80, 0x3F, 0x80, 0x0F, 0x80, 0x07, 0xC3, 0x03, 0xC3,
    0xC3, 0xC3, 0xC3, 0xC3, 0xC3, 0xC3, 0xE3, 0xC3, 0xE3, 0xC3, 0xE3, 0xC3, 0xE3, 0xC3, 0xE3, 0xC3,
    0xE3, 0xC3, 0xE3, 0xC3, 0xE3, 0xC3, 0xE3, 0xC3, 0xE3, 0xC3, 0xC3, 0xC3, 0xC3, 0xC3, 0xC3, 0xC3,
    0x03, 0x80, 0x07, 0x80, 0x0F, 0x80, 0x3F, 0x00, 0x07, 0x00, 0x07, 0x00, 0x07, 0x87, 0xC7, 0x87,
    0xC7, 0x87, 0xC7, 0x87, 0xFF, 0x87, 0xFF, 0x87, 0xFF, 0x87, 0xFF, 0x80, 0x1F, 0x80, 0x1F, 0x80,
    0x1F, 0x87, 0xFF, 0x87, 0xFF, 0x87, 0xFF, 0x87, 0xFF, 0x87, 0xFF, 0x87, 0xC7, 0x87, 0xC7, 0x87,
    0xC7, 0x00, 0x07, 0x00, 0x07, 0x00, 0x07, 0x80, 0x07, 0x80, 0x07, 0x80, 0x07, 0xC3, 0xC7, 0xC3,
    0xC7, 0xC3, 0xC7, 0xC3, 0xFF, 0xC3, 0xFF, 0xC3, 0xFF, 0xC3, 0xFF, 0xC0, 0x1F, 0xC0, 0x1F, 0xC0,
    0x1F, 0xC3, 0xFF, 0xC3, 0xFF, 0xC3, 0xFF, 0xC3, 0xFF, 0xC3, 0xFF, 0xC3, 0xFF, 0xC3, 0xFF, 0xC3,
    0xFF, 0x80, 0xFF, 0x80, 0xFF, 0x80, 0xFF, 0xE0, 0xC7, 0xC0, 0x07, 0xC0, 0x07, 0x83, 0x87, 0x87,
    0x87, 0x87, 0xC7, 0x8F, 0xFF, 0x8F, 0xFF, 0x8F, 0xFF, 0x8F, 0xFF, 0x8F, 0xFF, 0x8E, 0x07, 0x8E,
    0x07, 0x8E, 0x07, 0x8F, 0x87, 0x8F, 0x87, 0x8F, 0x87, 0x8F, 0x87, 0x87, 0x87, 0x87, 0x87, 0x87,
    0x07, 0x80, 0x07, 0xC0, 0x47, 0xE0, 0xC7, 0x81, 0x81, 0x81, 0x81, 0x81, 0x81, 0xC3, 0xC3, 0xC3,
    0xC3, 0xC3, 0xC3, 0xC3, 0xC3, 0xC3, 0xC3, 0xC3, 0xC3, 0xC3, 0xC3, 0xC0, 0x03, 0xC0, 0x03, 0xC0,
    0x03, 0xC3, 0xC3, 0xC3, 0xC3, 0xC3, 0xC3, 0xC3, 0xC3, 0xC3, 0xC3, 0xC3, 0xC3, 0xC3, 0xC3, 0xC3,
    0xC3, 0x81, 0x81, 0x81, 0x81, 0x81, 0x81, 0x00, 0x0F, 0x00, 0x0F, 0x00, 0x0F, 0xF0, 0xFF, 0xF0,
    0xFF, 0xF0, 0xFF, 0xF0, 0xFF, 0xF0, 0xFF, 0xF0, 0xFF, 0xF0, 0xFF, 0xF0, 0xFF, 0xF0, 0xFF, 0xF0,
    0xFF, 0xF0, 0xFF, 0xF0, 0xFF, 0xF0, 0xFF, 0xF0, 0xFF, 0xF0, 0xFF, 0xF0, 0xFF, 0xF0, 0xFF, 0xF0,
    0xFF, 0x00, 0x0F, 0x00, 0x0F, 0x00, 0x0F, 0xF0, 0x0F, 0xF0, 0x0F, 0xF0, 0x0F, 0xFF, 0x0F, 0xFF,
    0x0F, 0xFF, 0x0F, 0xFF, 0x0F, 0xFF, 0x0F, 0xFF, 0x0F, 0xFF, 0x0F, 0xFF, 0x0F, 0xFF, 0x0F, 0xFF,
    0x0F, 0xFF, 0x0F, 0xFF, 0x0F, 0xFF, 0x0F, 0xFF, 0x0F, 0xFF, 0x0F, 0x0F, 0x0F, 0x8F, 0x0F, 0x86,
    0x0F, 0x80, 0x1F, 0xC0, 0x3F, 0xE0, 0x7F, 0x03, 0x83, 0x03, 0x83, 0x03, 0x03, 0x87, 0x0F, 0x86,
    0x1F, 0x86, 0x1F, 0x86, 0x3F, 0x84, 0x3F, 0x80, 0x7F, 0x80, 0x7F, 0x80, 0xFF, 0x80, 0xFF, 0x80,
    0x7F, 0x80, 0x7F, 0x80, 0x3F, 0x80, 0x3F, 0x86, 0x3F, 0x86, 0x1F, 0x87, 0x1F, 0x87, 0x0F, 0x87,
    0x0F, 0x03, 0x83, 0x03, 0x83, 0x03, 0xC3, 0x80, 0xFF, 0x80, 0xFF, 0x80, 0xFF, 0xC3, 0xFF, 0xC3,
    0xFF, 0xC3, 0xFF, 0xC3, 0xFF, 0xC3, 0xFF, 0xC3, 0xFF, 0xC3, 0xFF, 0xC3, 0xFF, 0xC3, 0xFF, 0xC3,
    0xFF, 0xC3, 0xFF, 0xC3, 0xFF, 0xC3, 0xFF, 0xC3, 0xFF, 0xC3, 0xFF, 0xC3, 0xC7, 0xC3, 0xC7, 0xC3,
    0xC7, 0x80, 0x07, 0x80, 0x07, 0x80, 0x07, 0x07, 0xE0, 0x03, 0xC0, 0x03, 0xC0, 0x83, 0xC1, 0x83,
    0xC1, 0x81, 0x81, 0x81, 0x81, 0x81, 0x81, 0x81, 0x81, 0x88, 0x11, 0x80, 0x01, 0x80, 0x01, 0x84,
    0x21, 0x84, 0x21, 0x84, 0x21, 0x84, 0x21, 0x86, 0x61, 0x87, 0xE1, 0x87, 0xE1, 0x87, 0xE1, 0x87,
    0xE1, 0x03, 0xC0, 0x03, 0xC0, 0x03, 0xC0, 0x83, 0x81, 0x83, 0x81, 0x81, 0x81, 0xC1, 0xC3, 0xC1,
    0xC3, 0xC1, 0xC3, 0xC0, 0xC3, 0xC0, 0xC3, 0xC0, 0xC3, 0xC0, 0x43, 0xC0, 0x43, 0xC0, 0x43, 0xC2,
    0x03, 0xC2, 0x03, 0xC2, 0x03, 0xC3, 0x03, 0xC3, 0x03, 0xC3, 0x03, 0xC3, 0x83, 0xC3, 0x83, 0xC3,
    0x83, 0x81, 0x83, 0x81, 0xC3, 0x81, 0xC3, 0xF0, 0x3F, 0xE0, 0x1F, 0xC0, 0x0F, 0x83, 0x07, 0x87,
    0x87, 0x87, 0x87, 0x8F, 0xC7, 0x8F, 0xC7, 0x8F, 0xC7, 0x8F, 0xC7, 0x8F, 0xC7, 0x8F, 0xC7, 0x8F,
    0xC7, 0x8F, 0xC7, 0x8F, 0xC7, 0x8F, 0xC7, 0x8F, 0xC7, 0x8F, 0xC7, 0x87, 0x87, 0x87, 0x87, 0x83,
    0x07, 0xC0, 0x0F, 0xE0, 0x1F, 0xF0, 0x3F, 0x00, 0x3F, 0x00, 0x1F, 0x00, 0x0F, 0x87, 0x07, 0x87,
    0x87, 0x87, 0xC7, 0x87, 0xC3, 0x87, 0xC3, 0x87, 0xC3, 0x87, 0xC7, 0x87, 0x87, 0x87, 0x07, 0x80,
    0x0F, 0x80, 0x1F, 0x80, 0x3F, 0x87, 0xFF, 0x87, 0xFF, 0x87, 0xFF, 0x87, 0xFF, 0x87, 0xFF, 0x87,
    0xFF, 0x01, 0xFF, 0x01, 0xFF, 0x01, 0xFF, 0xF0, 0x3F, 0xE0, 0x1F, 0xC0, 0x0F, 0x83, 0x07, 0x87,
    0x87, 0x87, 0x87, 0x8F, 0xC7, 0x8F, 0xC7, 0x8F, 0xC7, 0x8F, 0xC7, 0x8F, 0xC7, 0x8F, 0xC7, 0x8F,
    0xC7, 0x8F, 0xC7, 0x8F, 0xC7, 0x8F, 0xC7, 0x8F, 0xC7, 0x8F, 0xC7, 0x87, 0x87, 0x87, 0x87, 0x83,
    0x07, 0xC0, 0x0F, 0xC0, 0x0F, 0xF0, 0x3F, 0xF8, 0x7F, 0xFC, 0x7F, 0xFC, 0x3F, 0xFC, 0x07, 0xFE,
    0x07, 0xFF, 0x07, 0x80, 0x1F, 0x80, 0x0F, 0x80, 0x07, 0xC3, 0x83, 0xC3, 0xC3, 0xC3, 0xC3, 0xC3,
    0xC3, 0xC3, 0xE3, 0xC3, 0xC3, 0xC3, 0xC3, 0xC3, 0xC3, 0xC3, 0x83, 0xC0, 0x07, 0xC0, 0x0F, 0xC0,
    0x1F, 0xC2, 0x1F, 0xC3, 0x0F, 0xC3, 0x0F, 0xC3, 0x87, 0xC3, 0x87, 0xC3, 0x87, 0x81, 0xC1, 0x81,
    0xC1, 0x81, 0xE1, 0xE1, 0x8F, 0x80, 0x0F, 0x80, 0x0F, 0x07, 0x0F, 0x0F, 0x0F, 0x0F, 0x8F, 0x0F,
    0xFF, 0x0F, 0xFF, 0x07, 0xFF, 0x83, 0xFF, 0x81, 0xFF, 0xC0, 0x7F, 0xE0, 0x3F, 0xF8, 0x1F, 0xFC,
    0x0F, 0xFF, 0x0F, 0xFF, 0x0F, 0xFF, 0x0F, 0x1F, 0x8F, 0x0F, 0x0F, 0x0F, 0x0F, 0x00, 0x0F, 0x00,
    0x1F, 0x18, 0x3F, 0x80, 0x07, 0x80, 0x07, 0x80, 0x07, 0x88, 0x47, 0x88, 0x47, 0x98, 0x67, 0xF8,
    0x7F, 0xF8, 0x7F, 0xF8, 0x7F, 0xF8, 0x7F, 0xF8, 0x7F, 0xF8, 0x7F, 0xF8, 0x7F, 0xF8, 0x7F, 0xF8,
    0x7F, 0xF8, 0x7F, 0xF8, 0x7F, 0xF8, 0x7F, 0xF8, 0x7F, 0xF8, 0x7F, 0xF8, 0x7F, 0xE0, 0x1F, 0xE0,
    0x1F, 0xE0, 0x1F, 0x81, 0x81, 0x81, 0x81, 0x81, 0x81, 0xC3, 0xC3, 0xC3, 0xC3, 0xC3, 0xC3, 0xC3,
    0xC3, 0xC3, 0xC3, 0xC3, 0xC3, 0xC3, 0xC3, 0xC3, 0xC3, 0xC3, 0xC3, 0xC3, 0xC3, 0xC3, 0xC3, 0xC3,
    0xC3, 0xC3, 0xC3, 0xC3, 0xC3, 0xC3, 0xC3, 0xC3, 0xC3, 0xC3, 0xC3, 0xC1, 0x83, 0xE0, 0x07, 0xF0,
    0x0F, 0xF8, 0x1F, 0x81, 0x81, 0x81, 0x81, 0x81, 0x81, 0xC3, 0xC3, 0xC3, 0xC3, 0xC3, 0xC3, 0xE3,
    0xC7, 0xE3, 0xC7, 0xE1, 0x87, 0xE1, 0x87, 0xE1, 0x87, 0xE1, 0x87, 0xF1, 0x8F, 0xF1, 0x8F, 0xF0,
    0x0F, 0xF0, 0x0F, 0xF0, 0x0F, 0xF8, 0x1F, 0xF8, 0x1F, 0xF8, 0x1F, 0xF8, 0x1F, 0xF8, 0x1F, 0xFC,
    0x3F, 0xFC, 0x3F, 0x03, 0xC0, 0x03, 0xC0, 0x03, 0xC0, 0x87, 0xE1, 0x87, 0xE1, 0x87, 0xE1, 0x87,
    0xE1, 0xC4, 0x23, 0xC4, 0x23, 0xC4, 0x23, 0xC4, 0x23, 0xC4, 0x23, 0xC4, 0x23, 0xC4, 0x23, 0xC0,
    0x03, 0xC0, 0x03, 0xE0, 0x07, 0xE1, 0x87, 0xE1, 0x87, 0xE1, 0x87, 0xE1, 0x87, 0xE1, 0x87, 0xE1,
    0x87, 0xE1, 0x87, 0x81, 0x81, 0x81, 0x81, 0x81, 0x81, 0xE1, 0x87, 0xE1, 0x87, 0xF1, 0x8F, 0xF0,
    0x0F, 0xF0, 0x0F, 0xF8, 0x1F, 0xF8, 0x1F, 0xFC, 0x3F, 0xFC, 0x3F, 0xFC, 0x3F, 0xFC, 0x3F, 0xF8,
    0x1F, 0xF8, 0x1F, 0xF0, 0x0F, 0xF0, 0x0F, 0xF1, 0x8F, 0xE1, 0x87, 0xE1, 0x87, 0x81, 0x81, 0x81,
    0x81, 0x81, 0x81, 0x81, 0x81, 0x81, 0x81, 0x81, 0x81, 0xC3, 0xC3, 0xE1, 0x87, 0xE1, 0x87, 0xE1,
    0x87, 0xF0, 0x0F, 0xF0, 0x0F, 0xF8, 0x1F, 0xF8, 0x1F, 0xF8, 0x1F, 0xFC, 0x3F, 0xFC, 0x3F, 0xFC,
    0x3F, 0xFC, 0x3F, 0xFC, 0x3F, 0xFC, 0x3F, 0xFC, 0x3F, 0xFC, 0x3F, 0xFC, 0x3F, 0xF0, 0x0F, 0xF0,
    0x0F, 0xF0, 0x0F, 0x00, 0x0F, 0x00, 0x0F, 0x00, 0x0F, 0x1E, 0x0F, 0x1E, 0x1F, 0x1E, 0x1F, 0xFC,
    0x1F, 0xFC, 0x3F, 0xF8, 0x3F, 0xF8, 0x7F, 0xF0, 0x7F, 0xF0, 0xFF, 0xF0, 0xFF, 0xE0, 0xFF, 0xE1,
    0xFF, 0xC1, 0xFF, 0xC3, 0xFF, 0x83, 0xFF, 0x87, 0x8F, 0x87, 0x8F, 0x07, 0x8F, 0x00, 0x0F, 0x00,
    0x0F, 0x00, 0x0F, 0xFF, 0xFF, 0x80, 0x3F, 0x80, 0x3F, 0x80, 0x3F, 0x8F, 0xFF, 0x8F, 0xFF, 0x8F,
    0xFF, 0x8F, 0xFF, 0x8F, 0xFF, 0x8F, 0xFF, 0x8F, 0xFF, 0x8F, 0xFF, 0x8F, 0xFF, 0x8F, 0xFF, 0x8F,
    0xFF, 0x8F, 0xFF, 0x8F, 0xFF, 0x8F, 0xFF, 0x8F, 0xFF, 0x8F, 0xFF, 0x8F, 0xFF, 0x8F, 0xFF, 0x8F,
    0xFF, 0x8F, 0xFF, 0x8F, 0xFF, 0x8F, 0xFF, 0x8F, 0xFF, 0x8F, 0xFF, 0x8F, 0xFF, 0x80, 0x3F, 0x80,
    0x3F, 0x80, 0x3F, 0x87, 0xFF, 0x87, 0xFF, 0x87, 0xFF, 0xC3, 0xFF, 0xC3, 0xFF, 0xC3, 0xFF, 0xC3,
    0xFF, 0xE1, 0xFF, 0xE1, 0xFF, 0xE1, 0xFF, 0xF0, 0xFF, 0xF0, 0xFF, 0xF0, 0xFF, 0xF0, 0xFF, 0xF8,
    0x7F, 0xF8, 0x7F, 0xF8, 0x7F, 0xFC, 0x3F, 0xFC, 0x3F, 0xFC, 0x3F, 0xFC, 0x3F, 0xFE, 0x1F, 0xFE,
    0x1F, 0xFE, 0x1F, 0xFF, 0x0F, 0xFF, 0x0F, 0xFF, 0x0F, 0xFF, 0x0F, 0xFF, 0x87, 0xFF, 0x87, 0xFF,
    0x87, 0xFF, 0xFF, 0x00, 0x7F, 0x00, 0x7F, 0x00, 0x7F, 0xFC, 0x7F, 0xFC, 0x7F, 0xFC, 0x7F, 0xFC,
    0x7F, 0xFC, 0x7F, 0xFC, 0x7F, 0xFC, 0x7F, 0xFC, 0x7F, 0xFC, 0x7F, 0xFC, 0x7F, 0xFC, 0x7F, 0xFC,
    0x7F, 0xFC, 0x7F, 0xFC, 0x7F, 0xFC, 0x7F, 0xFC, 0x7F, 0xFC, 0x7F, 0xFC, 0x7F, 0xFC, 0x7F, 0xFC,
    0x7F, 0xFC, 0x7F, 0xFC, 0x7F, 0xFC, 0x7F, 0xFC, 0x7F, 0xFC, 0x7F, 0x00, 0x7F, 0x00, 0x7F, 0x00,
    0x7F, 0xFC, 0x3F, 0xF8, 0x1F, 0xF0, 0x0F, 0xF0, 0x0F, 0xE1, 0x87, 0xC1, 0x83, 0xC3, 0xC3, 0x87,
    0xE1, 0xC7, 0xE3, 0xFF, 0xFF, 0xFF, 0xFF, 0xCF, 0xFF, 0x87, 0xFF, 0x83, 0xFF, 0xC1, 0xFF, 0xE1,
    0xFF, 0xF0, 0xFF, 0xF8, 0x7F, 0xFC, 0x7F, 0xFC, 0xFF, 0xF0, 0x3F, 0xC0, 0x0F, 0xC0, 0x0F, 0x83,
    0x07, 0x87, 0x87, 0xFF, 0x87, 0xFF, 0x87, 0xF0, 0x07, 0xC0, 0x07, 0x80, 0x07, 0x83, 0x87, 0x87,
    0x87, 0x8F, 0x87, 0x87, 0x07, 0x80, 0x03, 0xC0, 0x03, 0xE0, 0x83, 0x83, 0xFF, 0x83, 0xFF, 0x83,
    0xFF, 0xC3, 0xFF, 0xC3, 0xFF, 0xC3, 0xFF, 0xC3, 0xFF, 0xC2, 0x0F, 0xC0, 0x07, 0xC0, 0x03, 0xC1,
    0x83, 0xC3, 0xC3, 0xC3, 0xC3, 0xC3, 0xE3, 0xC3, 0xE3, 0xC3, 0xE3, 0xC3, 0xE3, 0xC3, 0xE3, 0xC3,
    0xC3, 0xC3, 0xC3, 0xC1, 0xC3, 0x80, 0x03, 0x80, 0x07, 0x82, 0x0F, 0xE0, 0xC7, 0xC0, 0x07, 0xC0,
    0x07, 0x83, 0x87, 0x87, 0x87, 0x87, 0xC7, 0x8F, 0xFF, 0x8F, 0xFF, 0x8F, 0xFF, 0x8F, 0xFF, 0x8F,
    0xFF, 0x87, 0x87, 0x87, 0x87, 0x83, 0x07, 0xC0, 0x0F, 0xC0, 0x1F, 0xF0, 0x3F, 0xFF, 0x07, 0xFF,
    0x07, 0xFF, 0x07, 0xFF, 0x87, 0xFF, 0x87, 0xFF, 0x87, 0xFF, 0x87, 0xE0, 0x87, 0xC0, 0x07, 0x80,
    0x07, 0x83, 0x07, 0x87, 0x87, 0x87, 0x87, 0x8F, 0x87, 0x8F, 0x87, 0x8F, 0x87, 0x8F, 0x87, 0x8F,
    0x87, 0x87, 0x87, 0x87, 0x87, 0x87, 0x07, 0x80, 0x03, 0xC0, 0x03, 0xE0, 0x83, 0xF0, 0x3F, 0xE0,
    0x1F, 0xC0, 0x0F, 0x83, 0x07, 0x87, 0x87, 0x87, 0x87, 0x87, 0x87, 0x80, 0x07, 0x80, 0x07, 0x80,
    0x07, 0x8F, 0xFF, 0x87, 0xFF, 0x87, 0x87, 0x83, 0x07, 0xC0, 0x07, 0xE0, 0x0F, 0xF0, 0x3F, 0xFC,
    0x3F, 0xF0, 0x0F, 0xF0, 0x0F, 0xE0, 0x07, 0xE1, 0x87, 0xE1, 0xFF, 0xE1, 0xFF, 0xE1, 0xFF, 0xE1,
    0xFF, 0x00, 0x0F, 0x00, 0x0F, 0x00, 0x0F, 0xE1, 0xFF, 0xE1, 0xFF, 0xE1, 0xFF, 0xE1, 0xFF, 0xE1,
    0xFF, 0xE1, 0xFF, 0xE1, 0xFF, 0xE1, 0xFF, 0xE1, 0xFF, 0x00, 0x1F, 0x00, 0x1F, 0x00, 0x1F, 0xE0,
    0x83, 0xC0, 0x03, 0x80, 0x03, 0x87, 0x07, 0x87, 0x87, 0x87, 0x87, 0x8F, 0x87, 0x8F, 0x87, 0x8F,
    0x87, 0x8F, 0x87, 0x8F, 0x87, 0x87, 0x87, 0x87, 0x87, 0x83, 0x07, 0x80, 0x07, 0xC0, 0x07, 0xE0,
    0x87, 0xFF, 0x87, 0xFF, 0x87, 0x87, 0x87, 0x83, 0x07, 0xC0, 0x0F, 0xC0, 0x1F, 0xF0, 0x3F, 0x83,
    0xFF, 0x83, 0xFF, 0x83, 0xFF, 0xC3, 0xFF, 0xC3, 0xFF, 0xC3, 0xFF, 0xC3, 0xFF, 0xC2, 0x0F, 0xC0,
    0x07, 0xC0, 0x07, 0xC1, 0x83, 0xC3, 0xC3, 0xC3, 0xC3, 0xC3, 0xC3, 0xC3, 0xC3, 0xC3, 0xC3, 0xC3,
    0xC3, 0xC3, 0xC3, 0xC3, 0xC3, 0xC3, 0xC3, 0xC3, 0xC3, 0x81, 0x81, 0x81, 0x81, 0x81, 0x81, 0xF0,
    0xFF, 0xF0, 0x7F, 0xE0, 0x7F, 0xF0, 0x7F, 0xF0, 0xFF, 0xFF, 0xFF, 0xFF, 0xFF, 0x80, 0xFF, 0x80,
    0xFF, 0x80, 0xFF, 0xF0, 0xFF, 0xF0, 0xFF, 0xF0, 0xFF, 0xF0, 0xFF, 0xF0, 0xFF, 0xF0, 0xFF, 0xF0,
    0xFF, 0xF0, 0xFF, 0xF0, 0xFF, 0xF0, 0xFF, 0xF0, 0xFF, 0x00, 0x0F, 0x00, 0x0F, 0x00, 0x0F, 0xFF,
    0x0F, 0xFE, 0x0F, 0xFE, 0x0F, 0xFE, 0x0F, 0xFF, 0x0F, 0xFF, 0xFF, 0xFF, 0xFF, 0xF0, 0x0F, 0xF0,
    0x0F, 0xF0, 0x0F, 0xFF, 0x0F, 0xFF, 0x0F, 0xFF, 0x0F, 0xFF, 0x0F, 0xFF, 0x0F, 0xFF, 0x0F, 0xFF,
    0x0F, 0xFF, 0x0F, 0xFF, 0x0F, 0xFF, 0x0F, 0xFF, 0x0F, 0xFF, 0x0F, 0xFF, 0x0F, 0xFF, 0x0F, 0xFF,
    0x0F, 0x9F, 0x0F, 0x0F, 0x0F, 0x06, 0x1F, 0x80, 0x1F, 0xC0, 0x3F, 0xE0, 0x7F, 0x07, 0xFF, 0x07,
    0xFF, 0x07, 0xFF, 0x87, 0xFF, 0x87, 0xFF, 0x87, 0xFF, 0x87, 0xFF, 0x87, 0x83, 0x87, 0x83, 0x87,
    0x03, 0x86, 0x0F, 0x86, 0x1F, 0x84, 0x3F, 0x80, 0x7F, 0x80, 0x7F, 0x80, 0x7F, 0x80, 0x3F, 0x80,
    0x3F, 0x82, 0x1F, 0x86, 0x1F, 0x87, 0x0F, 0x03, 0x83, 0x03, 0x83, 0x03, 0xC3, 0x80, 0xFF, 0x80,
    0xFF, 0x80, 0xFF, 0xF0, 0xFF, 0xF0, 0xFF, 0xF0, 0xFF, 0xF0, 0xFF, 0xF0, 0xFF, 0xF0, 0xFF, 0xF0,
    0xFF, 0xF0, 0xFF, 0xF0, 0xFF, 0xF0, 0xFF, 0xF0, 0xFF, 0xF0, 0xFF, 0xF0, 0xFF, 0xF0, 0xFF, 0xF0,
    0xFF, 0xF0, 0xFF, 0xF0, 0xFF, 0xF0, 0xFF, 0x00, 0x0F, 0x00, 0x0F, 0x00, 0x0F, 0x00, 0xC7, 0x00,
    0x03, 0x00, 0x01, 0x84, 0x21, 0x84, 0x21, 0x84, 0x21, 0x84, 0x21, 0x84, 0x21, 0x84, 0x21, 0x84,
    0x21, 0x84, 0x21, 0x84, 0x21, 0x84, 0x21, 0x84, 0x21, 0x04, 0x20, 0x04, 0x20, 0x04, 0x20, 0x82,
    0x0F, 0x80, 0x07, 0x80, 0x07, 0xC1, 0x83, 0xC3, 0xC3, 0xC3, 0xC3, 0xC3, 0xC3, 0xC3, 0xC3, 0xC3,
    0xC3, 0xC3, 0xC3, 0xC3, 0xC3, 0xC3, 0xC3, 0xC3, 0xC3, 0xC3, 0xC3, 0x81, 0x81, 0x81, 0x81, 0x81,
    0x81, 0xF0, 0x3F, 0xE0, 0x1F, 0xC0, 0x0F, 0x83, 0x07, 0x87, 0x87, 0x87, 0x87, 0x8F, 0xC7, 0x8F,
    0xC7, 0x8F, 0xC7, 0x8F, 0xC7, 0x8F, 0xC7, 0x87, 0x87, 0x87, 0x87, 0x83, 0x07, 0xC0, 0x0F, 0xE0,
    0x1F, 0xF0, 0x3F, 0x82, 0x0F, 0x80, 0x07, 0x80, 0x03, 0xC1, 0xC3, 0xC3, 0xC3, 0xC3, 0xC3, 0xC3,
    0xE3, 0xC3, 0xE3, 0xC3, 0xE3, 0xC3, 0xE3, 0xC3, 0xE3, 0xC3, 0xC3, 0xC3, 0xC3, 0xC1, 0x83, 0xC0,
    0x03, 0xC0, 0x07, 0xC2, 0x0F, 0xC3, 0xFF, 0xC3, 0xFF, 0xC3, 0xFF, 0xC3, 0xFF, 0x80, 0xFF, 0x80,
    0xFF, 0x80, 0xFF, 0xE0, 0x83, 0xC0, 0x03, 0x80, 0x03, 0x87, 0x07, 0x87, 0x87, 0x87, 0x87, 0x8F,
    0x87, 0x8F, 0x87, 0x8F, 0x87, 0x8F, 0x87, 0x8F, 0x87, 0x87, 0x87, 0x87, 0x87, 0x83, 0x07, 0x80,
    0x07, 0xC0, 0x07, 0xE0, 0x87, 0xFF, 0x87, 0xFF, 0x87, 0xFF, 0x87, 0xFF, 0x87, 0xFE, 0x03, 0xFE,
    0x03, 0xFE, 0x03, 0x03, 0x1F, 0x02, 0x0F, 0x00, 0x07, 0xC1, 0x87, 0xC1, 0x87, 0xC3, 0xFF, 0xC3,
    0xFF, 0xC3, 0xFF, 0xC3, 0xFF, 0xC3, 0xFF, 0xC3, 0xFF, 0xC3, 0xFF, 0xC3, 0xFF, 0xC3, 0xFF, 0x00,
    0x7F, 0x00, 0x7F, 0x00, 0x7F, 0xC0, 0x8F, 0x80, 0x0F, 0x80, 0x0F, 0x0F, 0x0F, 0x0F, 0x8F, 0x0F,
    0x8F, 0x83, 0xFF, 0x80, 0x7F, 0xC0, 0x3F, 0xF0, 0x1F, 0xFC, 0x0F, 0x1F, 0x0F, 0x1F, 0x0F, 0x0F,
    0x0F, 0x00, 0x0F, 0x00, 0x1F, 0x10, 0x3F, 0xE3, 0xFF, 0xE3, 0xFF, 0xE3, 0xFF, 0xE3, 0xFF, 0xE3,
    0xFF, 0xE3, 0xFF, 0xE3, 0xFF, 0x00, 0x0F, 0x00, 0x0F, 0x00, 0x0F, 0xE1, 0xFF, 0xE3, 0xFF, 0xE3,
    0xFF, 0xE3, 0xFF, 0xE3, 0xFF, 0xE3, 0xFF, 0xE3, 0xFF, 0xE3, 0xFF, 0xE1, 0x87, 0xE1, 0x87, 0xE1,
    0x0F, 0xE0, 0x0F, 0xF0, 0x1F, 0xF8, 0x3F, 0x83, 0x83, 0x83, 0x83, 0x83, 0x83, 0xC3, 0xC3, 0xC3,
    0xC3, 0xC3, 0xC3, 0xC3, 0xC3, 0xC3, 0xC3, 0xC3, 0xC3, 0xC3, 0xC3, 0xC3, 0xC3, 0xC3, 0xC3, 0xC3,
    0xC3, 0xC1, 0x83, 0xE0, 0x01, 0xE0, 0x01, 0xF0, 0x41, 0x81, 0x81, 0x81, 0x81, 0x81, 0x81, 0xC3,
    0xC3, 0xE3, 0xC7, 0xE1, 0x87, 0xE1, 0x87, 0xE1, 0x87, 0xF1, 0x8F, 0xF1, 0x8F, 0xF0, 0x0F, 0xF0,
    0x0F, 0xF8, 0x1F, 0xF8, 0x1F, 0xF8, 0x1F, 0xF8, 0x1F, 0xFC, 0x3F, 0x03, 0xC0, 0x03, 0xC0, 0x03,
    0xC0, 0x87, 0xE1, 0x87, 0xE1, 0xC4, 0x23, 0xC4, 0x23, 0xC4, 0x23, 0xC4, 0x23, 0xC4, 0x23, 0xC0,
    0x03, 0xE0, 0x07, 0xE1, 0x87, 0xE1, 0x87, 0xE1, 0x87, 0xE1, 0x87, 0xE1, 0x87, 0x81, 0x81, 0x81,
    0x81, 0x81, 0x81, 0xE1, 0x87, 0xF0, 0x0F, 0xF0, 0x0F, 0xF8, 0x1F, 0xFC, 0x3F, 0xFC, 0x3F, 0xFC,
    0x3F, 0xF8, 0x1F, 0xF0, 0x0F, 0xF0, 0x0F, 0xE1, 0x87, 0x81, 0x81, 0x81, 0x81, 0x81, 0x81, 0x81,
    0x81, 0x81, 0x81, 0x81, 0x81, 0xC3, 0xC3, 0xE3, 0xC7, 0xE1, 0x87, 0xE1, 0x87, 0xF1, 0x87, 0xF1,
    0x8F, 0xF0, 0x8F, 0xF0, 0x0F, 0xF8, 0x1F, 0xF8, 0x1F, 0xF8, 0x1F, 0xF8, 0x1F, 0xFC, 0x3F, 0xFC,
    0x3F, 0xFC, 0x3F, 0xFC, 0x3F, 0xF8, 0x7F, 0xF8, 0x7F, 0xC0, 0x7F, 0xC0, 0xFF, 0xC1, 0xFF, 0x00,
    0x0F, 0x00, 0x0F, 0x00, 0x0F, 0x1F, 0x0F, 0x1E, 0x1F, 0x1C, 0x3F, 0xFC, 0x3F, 0xF8, 0x7F, 0xF0,
    0xFF, 0xE1, 0xFF, 0xC3, 0xFF, 0xC3, 0x8F, 0x87, 0x8F, 0x0F, 0x8F, 0x00, 0x0F, 0x00, 0x0F, 0x00,
    0x0F, 0xFE, 0x1F, 0xF8, 0x1F, 0xF0, 0x1F, 0xE0, 0x7F, 0xE1, 0xFF, 0xE1, 0xFF, 0xE1, 0xFF, 0xE1,
    0xFF, 0xE1, 0xFF, 0xF0, 0xFF, 0xF0, 0xFF, 0xF0, 0xFF, 0xF0, 0xFF, 0xF0, 0xFF, 0xC1, 0xFF, 0x01,
    0xFF, 0x03, 0xFF, 0x01, 0xFF, 0xE0, 0xFF, 0xF0, 0xFF, 0xF0, 0xFF, 0xF0, 0xFF, 0xF0, 0xFF, 0xE1,
    0xFF, 0xE1, 0xFF, 0xE1, 0xFF, 0xE1, 0xFF, 0xE1, 0xFF, 0xE0, 0x7F, 0xF0, 0x1F, 0xF8, 0x1F, 0xFE,
    0x1F, 0xFF, 0x0F, 0x0F, 0x0F, 0x0F, 0x0F, 0x0F, 0x0F, 0x0F, 0x0F, 0x0F, 0x0F, 0x0F, 0x0F, 0x0F,
    0x0F, 0x0F, 0x0F, 0x0F, 0x0F, 0x0F, 0x0F, 0x0F, 0x0F, 0x0F, 0x0F, 0x0F, 0x0F, 0x0F, 0x0F, 0x0F,
    0x0F, 0x0F, 0xFF, 0x03, 0xFF, 0x01, 0xFF, 0xC0, 0xFF, 0xF0, 0xFF, 0xF0, 0xFF, 0xF0, 0xFF, 0xF0,
    0xFF, 0xF0, 0xFF, 0xE1, 0xFF, 0xE1, 0xFF, 0xE1, 0xFF, 0xE1, 0xFF, 0xE1, 0xFF, 0xF0, 0x7F, 0xF0,
    0x1F, 0xF8, 0x1F, 0xF0, 0x1F, 0xE0, 0xFF, 0xE1, 0xFF, 0xE1, 0xFF, 0xE1, 0xFF, 0xE1, 0xFF, 0xF0,
    0xFF, 0xF0, 0xFF, 0xF0, 0xFF, 0xF0, 0xFF, 0xF0, 0xFF, 0xC0, 0xFF, 0x01, 0xFF, 0x03, 0xFF, 0x0F,
    0xFF, 0xFB, 0xFF, 0xE0, 0xF1, 0xE0, 0x71, 0xC0, 0x61, 0x84, 0x03, 0x86, 0x03, 0x8F, 0x07, 0xCF,
    0x8F, 0x87, 0x03, 0x03, 0x03, 0x87, 0xCF, 0xFF, 0xFF, 0xFF, 0x87, 0x87, 0x87, 0x87, 0x87, 0x87,
    0x87, 0x87, 0x87, 0x87, 0x87, 0x87, 0x87, 0x87, 0x87, 0xFC, 0xFF, 0xF8, 0x7F, 0xF8, 0x7F, 0xF8,
    0x7F, 0xE0, 0x47, 0xC0, 0x07, 0x80, 0x07, 0x80, 0x87, 0x84, 0x87, 0x84, 0xC7, 0x8C, 0xFF, 0x8C,
    0xFF, 0x8C, 0xFF, 0x8C, 0xFF, 0x8C, 0xFF, 0x84, 0x87, 0x84, 0x87, 0x80, 0x07, 0xC0, 0x0F, 0xE0,
    0x1F, 0xF0, 0x3F, 0xF8, 0x7F, 0xF8, 0x7F, 0xF8, 0x7F, 0xF8, 0x3F, 0xF0, 0x1F, 0xE0, 0x0F, 0xE1,
    0x0F, 0xE1, 0x87, 0xE1, 0x8F, 0xE1, 0xFF, 0xE1, 0xFF, 0xE1, 0xFF, 0xE1, 0xFF, 0xE1, 0xFF, 0x80,
    0x3F, 0x80, 0x3F, 0xE1, 0xFF, 0xE1, 0xFF, 0xE1, 0xFF, 0xE1, 0xFF, 0xE1, 0xFF, 0xC3, 0xC7, 0xC3,
    0xC7, 0x83, 0xC7, 0x80, 0x07, 0x80, 0x07, 0x80, 0x07, 0xFF, 0xFF, 0xCF, 0xF3, 0x80, 0x01, 0xC0,
    0x03, 0xE0, 0x07, 0xE3, 0xC7, 0xC3, 0xC3, 0xC7, 0xE3, 0xC7, 0xE3, 0xC3, 0xC3, 0xE1, 0x87, 0xC0,
    0x03, 0x80, 0x01, 0x8E, 0x73, 0xFF, 0xFF, 0x81, 0x81, 0x81, 0x81, 0x81, 0x81, 0xC3, 0xC3, 0xE1,
    0x87, 0xE1, 0x87, 0xE1, 0x87, 0xF1, 0x8F, 0xF0, 0x0F, 0xF0, 0x0F, 0xF8, 0x1F, 0xF8, 0x1F, 0xF8,
    0x1F, 0xE0, 0x07, 0xC0, 0x03, 0xC0, 0x03, 0xFC, 0x3F, 0xC0, 0x03, 0xC0, 0x03, 0xFC, 0x3F, 0xFC,
    0x3F, 0xF0, 0x0F, 0xF0, 0x0F, 0xF0, 0x0F, 0x0F, 0x0F, 0x0F, 0x0F, 0x0F, 0x0F, 0x0F, 0x0F, 0x0F,
    0x0F, 0x0F, 0x0F, 0x0F, 0x0F, 0xFF, 0xFF, 0xFF, 0x0F, 0x0F, 0x0F, 0x0F, 0x0F, 0x0F, 0x0F, 0x0F,
    0x0F, 0x0F, 0x0F, 0x0F, 0x0F, 0x0F, 0xF0, 0x3F, 0xE0, 0x1F, 0xC0, 0x0F, 0x83, 0x07, 0x87, 0x87,
    0x87, 0x87, 0x87, 0xFF, 0x87, 0xFF, 0x83, 0xFF, 0xC1, 0xFF, 0xC0, 0x7F, 0xC0, 0x1F, 0xC0, 0x0F,
    0x87, 0x07, 0x87, 0x87, 0x87, 0x87, 0x87, 0x87, 0x87, 0x87, 0x83, 0x87, 0xC0, 0x0F, 0xE0, 0x0F,
    0xF0, 0x0F, 0xFE, 0x0F, 0xFF, 0x07, 0xFF, 0x87, 0xFF, 0x87, 0x87, 0x87, 0x87, 0x87, 0x83, 0x07,
    0xC0, 0x0F, 0xE0, 0x1F, 0xF0, 0x3F, 0xCF, 0x3F, 0x86, 0x1F, 0x06, 0x0F, 0x86, 0x1F, 0x8F, 0x1F,
    0xF8, 0x1F, 0xE0, 0x07, 0xC3, 0xC3, 0xC7, 0xE3, 0x8F, 0xF1, 0x8E, 0xD1, 0x98, 0x19, 0x98, 0x19,
    0x99, 0x99, 0x91, 0xF9, 0x91, 0xF9, 0x91, 0xF9, 0x91, 0xF9, 0x91, 0xF9, 0x91, 0xF9, 0x91, 0x99,
    0x99, 0x99, 0x98, 0x19, 0x8C, 0x31, 0x8F, 0xF1, 0xC7, 0xE3, 0xC3, 0xC3, 0xE0, 0x07, 0xF8, 0x1F,
    0xC0, 0xFF, 0x80, 0x7F, 0x80, 0x7F, 0x0C, 0x3F, 0xFE, 0x3F, 0xF0, 0x3F, 0x80, 0x3F, 0x80, 0x3F,
    0x0E, 0x3F, 0x00, 0x3F, 0x80, 0x3F, 0x82, 0x3F, 0xFF, 0xFF, 0xFF, 0xFF, 0xFF, 0xFF, 0x00, 0x3F,
    0x00, 0x3F, 0xFF, 0xFF, 0xF8, 0xE3, 0xF8, 0xE3, 0xF1, 0xC7, 0xF1, 0xC7, 0xE3, 0x8F, 0xC3, 0x0F,
    0x86, 0x1F, 0x0C, 0x3F, 0x0C, 0x3F, 0x86, 0x1F, 0xC3, 0x0F, 0xE3, 0x8F, 0xE1, 0x87, 0xF1, 0xC7,
    0xF8, 0xE3, 0xF8, 0xE3, 0xFF, 0xFF, 0x00, 0x0F, 0x00, 0x0F, 0x00, 0x0F, 0xFF, 0x8F, 0xFF, 0x8F,
    0xFF, 0x8F, 0xFF, 0x8F, 0xFF, 0x8F, 0xF8, 0x1F, 0xE0, 0x07, 0xC7, 0xE3, 0x88, 0x31, 0x98, 0x19,
    0x99, 0x99, 0x19, 0x98, 0x18, 0x18, 0x18, 0x38, 0x99, 0x39, 0x99, 0x19, 0x89, 0x91, 0xC7, 0xE3,
    0xE0, 0x07, 0xF0, 0x0F, 0x00, 0x0F, 0x00, 0x0F, 0x00, 0x0F, 0xC3, 0x81, 0x00, 0x18, 0x18, 0x00,
    0x81, 0xC3, 0xF0, 0xFF, 0xF0, 0xFF, 0xF0, 0xFF, 0xF0, 0xFF, 0xF0, 0xFF, 0x00, 0x0F, 0x00, 0x0F,
    0x00, 0x0F, 0xF0, 0xFF, 0xF0, 0xFF, 0xF0, 0xFF, 0xF0, 0xFF, 0xF9, 0xFF, 0xFF, 0xFF, 0x00, 0x0F,
    0x00, 0x0F, 0x00, 0x0F, 0xC0, 0xFF, 0x80, 0x7F, 0x80, 0x7F, 0x0C, 0x3F, 0x9E, 0x3F, 0xFE, 0x3F,
    0xFC, 0x3F, 0xFC, 0x7F, 0xF0, 0x7F, 0xE0, 0xFF, 0xC3, 0xFF, 0xC7, 0xFF, 0x87, 0xFF, 0x8E, 0x3F,
    0x00, 0x3F, 0x00, 0x3F, 0x00, 0x3F, 0xE0, 0xFF, 0x80, 0x7F, 0x80, 0x7F, 0x8C, 0x3F, 0x9E, 0x3F,
    0xFC, 0x3F, 0xFC, 0x7F, 0xF0, 0xFF, 0xF0, 0xFF, 0xF0, 0x7F, 0xFC, 0x3F, 0xFE, 0x3F, 0x9E, 0x3F,
    0x1E, 0x3F, 0x80, 0x3F, 0x80, 0x7F, 0xC0, 0xFF, 0xFF, 0xFF, 0xFC, 0xFF, 0xF8, 0x7F, 0xF0, 0x7F,
    0xE0, 0xFF, 0xE1, 0xFF, 0xC3, 0xFF, 0x87, 0xFF, 0x8F, 0xFF, 0xCF, 0xFF, 0x83, 0x83, 0x83, 0x83,
    0x83, 0x83, 0xC3, 0xC3, 0xC3, 0xC3, 0xC3, 0xC3, 0xC3, 0xC3, 0xC3, 0xC3, 0xC3, 0xC3, 0xC3, 0xC3,
    0xC3, 0xC3, 0xC3, 0xC3, 0xC3, 0xC3, 0xC1, 0x83, 0xC0, 0x01, 0xC0, 0x01, 0xC0, 0x41, 0xC3, 0xFF,
    0xC3, 0xFF, 0xC3, 0xFF, 0xC3, 0xFF, 0xC3, 0xFF, 0xC3, 0xFF, 0xC3, 0xFF, 0xE0, 0x0F, 0xC0, 0x0F,
    0x80, 0x8F, 0x00, 0x8F, 0x00, 0x8F, 0x00, 0x8F, 0x00, 0x8F, 0x00, 0x8F, 0x00, 0x8F, 0x00, 0x8F,
    0x80, 0x8F, 0x80, 0x8F, 0xE0, 0x8F, 0xF8, 0x8F, 0xF8, 0x8F, 0xF8, 0x8F, 0xF8, 0x8F, 0xF8, 0x8F,
    0xF8, 0x8F, 0xF8, 0x8F, 0xF8, 0x8F, 0xF8, 0x8F, 0xF8, 0x8F, 0xF8, 0x8F, 0xC3, 0xC3, 0xE1, 0xF8,
    0x80, 0x81, 0x83, 0xE1, 0xFF, 0xC1, 0xFF, 0x81, 0xFF, 0x01, 0xFF, 0xB1, 0xFF, 0xF1, 0xFF, 0xF1,
    0xFF, 0xF1, 0xFF, 0xF1, 0xFF, 0xF1, 0xFF, 0xF1, 0xFF, 0xF1, 0xFF, 0xF1, 0xFF, 0xF1, 0xFF, 0x80,
    0x7F, 0x80, 0x7F, 0x80, 0x7F, 0xC0, 0xFF, 0x80, 0x7F, 0x80, 0x7F, 0x1E, 0x3F, 0x1E, 0x3F, 0x1E,
    0x3F, 0x1E, 0x3F, 0x1E, 0x3F, 0x1E, 0x3F, 0x80, 0x7F, 0x80, 0x7F, 0xC0, 0xFF, 0xFF, 0xFF, 0xFF,
    0xFF, 0xFF, 0xFF, 0x00, 0x3F, 0x00, 0x3F, 0xFF, 0xFF, 0x1C, 0x7F, 0x1C, 0x7F, 0x8E, 0x3F, 0x86,
    0x3F, 0xC7, 0x1F, 0xC3, 0x0F, 0xE1, 0x87, 0xF0, 0xC3, 0xF0, 0xC3, 0xE1, 0x87, 0xC3, 0x0F, 0xC7,
    0x1F, 0x86, 0x1F, 0x8E, 0x3F, 0x1C, 0x7F, 0x1C, 0x7F, 0xFF, 0xFF, 0xF9, 0xFF, 0xF0, 0xFF, 0xE0,
    0xFF, 0xC0, 0xFF, 0xF8, 0xFF, 0xF8, 0xFF, 0xF8, 0xFF, 0xF8, 0xFF, 0xF8, 0xFF, 0xF8, 0xFF, 0xF8,
    0xFF, 0xE0, 0x7F, 0xE0, 0x7F, 0xFF, 0xFF, 0xFF, 0xFF, 0xFF, 0xFF, 0x00, 0x0F, 0x00, 0x0F, 0xFF,
    0xFF, 0xFF, 0xFF, 0xFC, 0x7F, 0xFC, 0xFF, 0xF8, 0xFF, 0xF1, 0xFF, 0xF1, 0xFF, 0xE3, 0xFF, 0xE6,
    0x7F, 0xC4, 0x7F, 0xC0, 0x3F, 0xC0, 0x3F, 0xFC, 0x7F, 0xFC, 0x3F, 0xFC, 0x3F, 0xF9, 0xFF, 0xF0,
    0xFF, 0xE0, 0xFF, 0xC0, 0xFF, 0xF8, 0xFF, 0xF8, 0xFF, 0xF8, 0xFF, 0xF8, 0xFF, 0xF8, 0xFF, 0xF8,
    0xFF, 0xF8, 0xFF, 0xE0, 0x7F, 0xE0, 0x7F, 0xFF, 0xFF, 0xFF, 0xFF, 0xFF, 0xFF, 0x00, 0x0F, 0x00,
    0x0F, 0xFF, 0xFF, 0xFF, 0xFF, 0xE0, 0x7F, 0xC0, 0x3F, 0xC6, 0x3F, 0xFE, 0x3F, 0xFE, 0x3F, 0xFC,
    0x3F, 0xF8, 0x7F, 0xF0, 0xFF, 0xE1, 0xFF, 0xE3, 0xFF, 0xC3, 0x3F, 0xC0, 0x3F, 0xC0, 0x3F, 0xF0,
    0xFF, 0xE0, 0x7F, 0xC0, 0x3F, 0xC6, 0x3F, 0xFE, 0x3F, 0xFC, 0x3F, 0xF8, 0x7F, 0xF8, 0x7F, 0xFE,
    0x3F, 0xFE, 0x3F, 0xC6, 0x3F, 0xC0, 0x3F, 0xE0, 0x7F, 0xFF, 0xFF, 0xFF, 0xFF, 0xFF, 0xFF, 0x00,
    0x0F, 0x00, 0x0F, 0xFF, 0xFF, 0xFF, 0xFF, 0xFC, 0x7F, 0xFC, 0xFF, 0xF8, 0xFF, 0xF1, 0xFF, 0xF1,
    0xFF, 0xE3, 0xFF, 0xE6, 0x7F, 0xC4, 0x7F, 0xC0, 0x3F, 0xC0, 0x3F, 0xFC, 0x7F, 0xFC, 0x3F, 0xFC,
    0x3F, 0xF0, 0xFF, 0xE0, 0x7F, 0xE0, 0x7F, 0xE0, 0x7F, 0xF0, 0xFF, 0xF9, 0xFF, 0xFF, 0xFF, 0xFF,
    0xFF, 0xF0, 0xFF, 0xF0, 0xFF, 0xF0, 0xFF, 0xE1, 0xFF, 0xC1, 0xFF, 0x83, 0xFF, 0x87, 0xFF, 0x07,
    0xFF, 0x0F, 0xFF, 0x0F, 0xFF, 0x0F, 0x0F, 0x0F, 0x0F, 0x06, 0x0F, 0x80, 0x1F, 0xC0, 0x3F, 0xE0,
    0x7F, 0xFF, 0xFF, 0xFD, 0xFF, 0xF0, 0xFF, 0xF8, 0x7F, 0xFC, 0x7F, 0xFE, 0x3F, 0xFF, 0x7F, 0xFF,
    0xFF, 0xFF, 0xFF, 0xFC, 0x3F, 0xFC, 0x3F, 0xF8, 0x1F, 0xF8, 0x1F, 0xF8, 0x1F, 0xF8, 0x1F, 0xF8,
    0x1F, 0xF0, 0x0F, 0xF0, 0x0F, 0xF0, 0x0F, 0xF1, 0x8F, 0xF1, 0x8F, 0xE1, 0x8F, 0xE1, 0x87, 0xE0,
    0x07, 0xE0, 0x07, 0xE0, 0x07, 0xE3, 0xC7, 0xC3, 0xC3, 0xC3, 0xC3, 0xC3, 0xC3, 0x81, 0x81, 0x81,
    0x81, 0x81, 0x81, 0xFF, 0xFF, 0xFF, 0xBF, 0xFF, 0x0F, 0xFE, 0x1F, 0xFE, 0x3F, 0xFC, 0x7F, 0xFE,
    0xFF, 0xFF, 0xFF, 0xFF, 0xFF, 0xFC, 0x3F, 0xFC, 0x3F, 0xF8, 0x1F, 0xF8, 0x1F, 0xF8, 0x1F, 0xF8,
    0x1F, 0xF8, 0x1F, 0xF0, 0x0F, 0xF0, 0x0F, 0xF0, 0x0F, 0xF1, 0x8F, 0xF1, 0x8F, 0xE1, 0x8F, 0xE1,
    0x87, 0xE0, 0x07, 0xE0, 0x07, 0xE0, 0x07, 0xE3, 0xC7, 0xC3, 0xC3, 0xC3, 0xC3, 0xC3, 0xC3, 0x81,
    0x81, 0x81, 0x81, 0x81, 0x81, 0xFC, 0x3F, 0xF8, 0x1F, 0xF8, 0x1F, 0xF1, 0x8F, 0xE3, 0xC7, 0xF7,
    0xEF, 0xFF, 0xFF, 0xFF, 0xFF, 0xFC, 0x3F, 0xFC, 0x3F, 0xF8, 0x1F, 0xF8, 0x1F, 0xF8, 0x1F, 0xF8,
    0x1F, 0xF8, 0x1F, 0xF0, 0x0F, 0xF0, 0x0F, 0xF0, 0x0F, 0xF1, 0x8F, 0xF1, 0x8F, 0xE1, 0x8F, 0xE1,
    0x87, 0xE0, 0x07, 0xE0, 0x07, 0xE0, 0x07, 0xE3, 0xC7, 0xC3, 0xC3, 0xC3, 0xC3, 0xC3, 0xC3, 0x81,
    0x81, 0x81, 0x81, 0x81, 0x81, 0xFF, 0xFF, 0xF0, 0xE7, 0xE0, 0x43, 0xC0, 0x07, 0xC6, 0x07, 0xE7,
    0x0F, 0xFF, 0xFF, 0xFF, 0xFF, 0xFC, 0x3F, 0xFC, 0x3F, 0xF8, 0x1F, 0xF8, 0x1F, 0xF8, 0x1F, 0xF8,
    0x1F, 0xF8, 0x1F, 0xF0, 0x0F, 0xF0, 0x0F, 0xF0, 0x0F, 0xF1, 0x8F, 0xF1, 0x8F, 0xE1, 0x8F, 0xE1,
    0x87, 0xE0, 0x07, 0xE0, 0x07, 0xE0, 0x07, 0xE3, 0xC7, 0xC3, 0xC3, 0xC3, 0xC3, 0xC3, 0xC3, 0x81,
    0x81, 0x81, 0x81, 0x81, 0x81, 0xE3, 0xC7, 0xE1, 0x87, 0xC1, 0x83, 0xE1, 0x87, 0xF3, 0xCF, 0xFF,
    0xFF, 0xFF, 0xFF, 0xFC, 0x3F, 0xFC, 0x3F, 0xF8, 0x1F, 0xF8, 0x1F, 0xF8, 0x1F, 0xF8, 0x1F, 0xF8,
    0x1F, 0xF0, 0x0F, 0xF0, 0x0F, 0xF0, 0x0F, 0xF1, 0x8F, 0xF1, 0x8F, 0xE1, 0x8F, 0xE1, 0x87, 0xE0,
    0x07, 0xE0, 0x07, 0xE0, 0x07, 0xE3, 0xC7, 0xC3, 0xC3, 0xC3, 0xC3, 0xC3, 0xC3, 0x81, 0x81, 0x81,
    0x81, 0x81, 0x81, 0xFC, 0x3F, 0xF8, 0x1F, 0xF9, 0x9F, 0xF9, 0x9F, 0xF9, 0x9F, 0xF8, 0x1F, 0xFC,
    0x3F, 0xFF, 0xFF, 0xFC, 0x3F, 0xFC, 0x3F, 0xF8, 0x1F, 0xF8, 0x1F, 0xF8, 0x1F, 0xF8, 0x1F, 0xF8,
    0x1F, 0xF0, 0x0F, 0xF0, 0x0F, 0xF0, 0x0F, 0xF1, 0x8F, 0xF1, 0x8F, 0xE1, 0x8F, 0xE1, 0x87, 0xE0,
    0x07, 0xE0, 0x07, 0xE0, 0x07, 0xE3, 0xC7, 0xC3, 0xC3, 0xC3, 0xC3, 0xC3, 0xC3, 0x81, 0x81, 0x81,
    0x81, 0x81, 0x81, 0xF0, 0x01, 0xF0, 0x01, 0xF0, 0x01, 0xF8, 0x31, 0xF8, 0x31, 0xF0, 0x31, 0xF0,
    0x3F, 0xF0, 0x3F, 0xF0, 0x3F, 0xF0, 0x3F, 0xE0, 0x03, 0xE2, 0x03, 0xE2, 0x03, 0xE2, 0x3F, 0xE2,
    0x3F, 0xE0, 0x3F, 0xC0, 0x3F, 0xC0, 0x3F, 0xC6, 0x31, 0xC6, 0x31, 0xC6, 0x31, 0x02, 0x01, 0x02,
    0x01, 0x02, 0x01, 0xE0, 0xC7, 0xC0, 0x07, 0xC0, 0x07, 0x83, 0x87, 0x87, 0x87, 0x87, 0xC7, 0x8F,
    0xFF, 0x8F, 0xFF, 0x8F, 0xFF, 0x8F, 0xFF, 0x8F, 0xFF, 0x8F, 0xFF, 0x8F, 0xFF, 0x8F, 0xFF, 0x8F,
    0xFF, 0x8F, 0xFF, 0x8F, 0xFF, 0x8F, 0xFF, 0x87, 0x87, 0x87, 0x87, 0x83, 0x07, 0xC0, 0x0F, 0xE0,
    0x1F, 0xF0, 0x3F, 0xF8, 0x7F, 0xF8, 0x7F, 0xFC, 0x3F, 0xFF, 0x1F, 0xF0, 0x1F, 0xF0, 0x3F, 0xF0,
    0x7F, 0xFF, 0xFF, 0xFB, 0xFF, 0xE1, 0xFF, 0xF0, 0xFF, 0xF8, 0xFF, 0xFC, 0x7F, 0xFE, 0xFF, 0xFF,
    0xFF, 0xFF, 0xFF, 0x00, 0x07, 0x00, 0x07, 0x00, 0x07, 0x87, 0xC7, 0x87, 0xC7, 0x87, 0xC7, 0x87,
    0xFF, 0x87, 0xFF, 0x87, 0xFF, 0x87, 0xFF, 0x80, 0x1F, 0x80, 0x1F, 0x80, 0x1F, 0x87, 0xFF, 0x87,
    0xFF, 0x87, 0xFF, 0x87, 0xFF, 0x87, 0xFF, 0x87, 0xC7, 0x87, 0xC7, 0x87, 0xC7, 0x00, 0x07, 0x00,
    0x07, 0x00, 0x07, 0xFF, 0xFF, 0xFF, 0x7F, 0xFE, 0x1F, 0xFC, 0x3F, 0xFC, 0x7F, 0xF8, 0xFF, 0xFD,
    0xFF, 0xFF, 0xFF, 0xFF, 0xFF, 0x00, 0x07, 0x00, 0x07, 0x00, 0x07, 0x87, 0xC7, 0x87, 0xC7, 0x87,
    0xC7, 0x87, 0xFF, 0x87, 0xFF, 0x87, 0xFF, 0x87, 0xFF, 0x80, 0x1F, 0x80, 0x1F, 0x80, 0x1F, 0x87,
    0xFF, 0x87, 0xFF, 0x87, 0xFF, 0x87, 0xFF, 0x87, 0xFF, 0x87, 0xC7, 0x87, 0xC7, 0x87, 0xC7, 0x00,
    0x07, 0x00, 0x07, 0x00, 0x07, 0xF8, 0x7F, 0xF0, 0x3F, 0xF0, 0x3F, 0xE3, 0x1F, 0xC7, 0x8F, 0xEF,
    0xDF, 0xFF, 0xFF, 0xFF, 0xFF, 0x00, 0x07, 0x00, 0x07, 0x00, 0x07, 0x87, 0xC7, 0x87, 0xC7, 0x87,
    0xC7, 0x87, 0xFF, 0x87, 0xFF, 0x87, 0xFF, 0x87, 0xFF, 0x80, 0x1F, 0x80, 0x1F, 0x80, 0x1F, 0x87,
    0xFF, 0x87, 0xFF, 0x87, 0xFF, 0x87, 0xFF, 0x87, 0xFF, 0x87, 0xC7, 0x87, 0xC7, 0x87, 0xC7, 0x00,
    0x07, 0x00, 0x07, 0x00, 0x07, 0xC7, 0x8F, 0xC3, 0x0F, 0x83, 0x07, 0xC3, 0x0F, 0xE7, 0x9F, 0xFF,
    0xFF, 0xFF, 0xFF, 0x00, 0x07, 0x00, 0x07, 0x00, 0x07, 0x87, 0xC7, 0x87, 0xC7, 0x87, 0xC7, 0x87,
    0xFF, 0x87, 0xFF, 0x87, 0xFF, 0x87, 0xFF, 0x80, 0x1F, 0x80, 0x1F, 0x80, 0x1F, 0x87, 0xFF, 0x87,
    0xFF, 0x87, 0xFF, 0x87, 0xFF, 0x87, 0xFF, 0x87, 0xC7, 0x87, 0xC7, 0x87, 0xC7, 0x00, 0x07, 0x00,
    0x07, 0x00, 0x07, 0xFF, 0xFF, 0xF7, 0xFF, 0xC3, 0xFF, 0xE1, 0xFF, 0xF1, 0xFF, 0xF8, 0xFF, 0xFD,
    0xFF, 0xFF, 0xFF, 0xFF, 0xFF, 0x00, 0x0F, 0x00, 0x0F, 0x00, 0x0F, 0xF0, 0xFF, 0xF0, 0xFF, 0xF0,
    0xFF, 0xF0, 0xFF, 0xF0, 0xFF, 0xF0, 0xFF, 0xF0, 0xFF, 0xF0, 0xFF, 0xF0, 0xFF, 0xF0, 0xFF, 0xF0,
    0xFF, 0xF0, 0xFF, 0xF0, 0xFF, 0xF0, 0xFF, 0xF0, 0xFF, 0xF0, 0xFF, 0xF0, 0xFF, 0xF0, 0xFF, 0x00,
    0x0F, 0x00, 0x0F, 0x00, 0x0F, 0xFF, 0xFF, 0xFE, 0xFF, 0xFC, 0x3F, 0xF8, 0x7F, 0xF8, 0xFF, 0xF1,
    0xFF, 0xFB, 0xFF, 0xFF, 0xFF, 0xFF, 0xFF, 0x00, 0x0F, 0x00, 0x0F, 0x00, 0x0F, 0xF0, 0xFF, 0xF0,
    0xFF, 0xF0, 0xFF, 0xF0, 0xFF, 0xF0, 0xFF, 0xF0, 0xFF, 0xF0, 0xFF, 0xF0, 0xFF, 0xF0, 0xFF, 0xF0,
    0xFF, 0xF0, 0xFF, 0xF0, 0xFF, 0xF0, 0xFF, 0xF0, 0xFF, 0xF0, 0xFF, 0xF0, 0xFF, 0xF0, 0xFF, 0xF0,
    0xFF, 0x00, 0x0F, 0x00, 0x0F, 0x00, 0x0F, 0xF0, 0xFF, 0xE0, 0x7F, 0xE0, 0x7F, 0xC6, 0x3F, 0x8F,
    0x1F, 0xDF, 0xBF, 0xFF, 0xFF, 0xFF, 0xFF, 0x00, 0x0F, 0x00, 0x0F, 0x00, 0x0F, 0xF0, 0xFF, 0xF0,
    0xFF, 0xF0, 0xFF, 0xF0, 0xFF, 0xF0, 0xFF, 0xF0, 0xFF, 0xF0, 0xFF, 0xF0, 0xFF, 0xF0, 0xFF, 0xF0,
    0xFF, 0xF0, 0xFF, 0xF0, 0xFF, 0xF0, 0xFF, 0xF0, 0xFF, 0xF0, 0xFF, 0xF0, 0xFF, 0xF0, 0xFF, 0xF0,
    0xFF, 0x00, 0x0F, 0x00, 0x0F, 0x00, 0x0F, 0x8F, 0x1F, 0x86, 0x1F, 0x06, 0x0F, 0x86, 0x1F, 0xCF,
    0x3F, 0xFF, 0xFF, 0xFF, 0xFF, 0x00, 0x0F, 0x00, 0x0F, 0x00, 0x0F, 0xF0, 0xFF, 0xF0, 0xFF, 0xF0,
    0xFF, 0xF0, 0xFF, 0xF0, 0xFF, 0xF0, 0xFF, 0xF0, 0xFF, 0xF0, 0xFF, 0xF0, 0xFF, 0xF0, 0xFF, 0xF0,
    0xFF, 0xF0, 0xFF, 0xF0, 0xFF, 0xF0, 0xFF, 0xF0, 0xFF, 0xF0, 0xFF, 0xF0, 0xFF, 0xF0, 0xFF, 0x00,
    0x0F, 0x00, 0x0F, 0x00, 0x0F, 0x80, 0x3F, 0x80, 0x0F, 0x80, 0x07, 0xC3, 0x03, 0xC3, 0xC3, 0xC3,
    0xC3, 0xC3, 0xC3, 0xC3, 0xE3, 0xC3, 0xE3, 0xC3, 0xE3, 0xC3, 0xE3, 0x00, 0xE3, 0x00, 0xE3, 0xC3,
    0xE3, 0xC3, 0xE3, 0xC3, 0xE3, 0xC3, 0xE3, 0xC3, 0xC3, 0xC3, 0xC3, 0xC3, 0xC3, 0xC3, 0x03, 0x80,
    0x07, 0x80, 0x0F, 0x80, 0x3F, 0xFF, 0xFF, 0xF0, 0xE7, 0xE0, 0x43, 0xC0, 0x07, 0xC6, 0x07, 0xE7,
    0x0F, 0xFF, 0xFF, 0xFF, 0xFF, 0x83, 0x81, 0x83, 0x81, 0x81, 0x81, 0xC1, 0xC3, 0xC1, 0xC3, 0xC1,
    0xC3, 0xC0, 0xC3, 0xC0, 0xC3, 0xC0, 0xC3, 0xC0, 0x43, 0xC0, 0x43, 0xC0, 0x43, 0xC2, 0x03, 0xC2,
    0x03, 0xC2, 0x03, 0xC3, 0x03, 0xC3, 0x03, 0xC3, 0x03, 0xC3, 0x83, 0xC3, 0x83, 0xC3, 0x83, 0x81,
    0x83, 0x81, 0xC3, 0x81, 0xC3, 0xFB, 0xFF, 0xF1, 0xFF, 0xE1, 0xFF, 0xF0, 0xFF, 0xF8, 0x7F, 0xFC,
    0x7F, 0xFF, 0xFF, 0xFF, 0xFF, 0xF0, 0x3F, 0xE0, 0x1F, 0xC0, 0x0F, 0x83, 0x07, 0x87, 0x87, 0x87,
    0x87, 0x8F, 0xC7, 0x8F, 0xC7, 0x8F, 0xC7, 0x8F, 0xC7, 0x8F, 0xC7, 0x8F, 0xC7, 0x8F, 0xC7, 0x8F,
    0xC7, 0x8F, 0xC7, 0x8F, 0xC7, 0x8F, 0xC7, 0x8F, 0xC7, 0x87, 0x87, 0x87, 0x87, 0x83, 0x07, 0xC0,
    0x0F, 0xE0, 0x1F, 0xF0, 0x3F, 0xFF, 0x7F, 0xFE, 0x3F, 0xFE, 0x1F, 0xFC, 0x3F, 0xF8, 0x7F, 0xF8,
    0xFF, 0xFF, 0xFF, 0xFF, 0xFF, 0xF0, 0x3F, 0xE0, 0x1F, 0xC0, 0x0F, 0x83, 0x07, 0x87, 0x87, 0x87,
    0x87, 0x8F, 0xC7, 0x8F, 0xC7, 0x8F, 0xC7, 0x8F, 0xC7, 0x8F, 0xC7, 0x8F, 0xC7, 0x8F, 0xC7, 0x8F,
    0xC7, 0x8F, 0xC7, 0x8F, 0xC7, 0x8F, 0xC7, 0x8F, 0xC7, 0x87, 0x87, 0x87, 0x87, 0x83, 0x07, 0xC0,
    0x0F, 0xE0, 0x1F, 0xF0, 0x3F, 0xF8, 0x7F, 0xF0, 0x3F, 0xE0, 0x1F, 0xE3, 0x1F, 0xC7, 0x8F, 0xEF,
    0xDF, 0xFF, 0xFF, 0xFF, 0xFF, 0xF0, 0x3F, 0xE0, 0x1F, 0xC0, 0x0F, 0x83, 0x07, 0x87, 0x87, 0x87,
    0x87, 0x8F, 0xC7, 0x8F, 0xC7, 0x8F, 0xC7, 0x8F, 0xC7, 0x8F, 0xC7, 0x8F, 0xC7, 0x8F, 0xC7, 0x8F,
    0xC7, 0x8F, 0xC7, 0x8F, 0xC7, 0x8F, 0xC7, 0x8F, 0xC7, 0x87, 0x87, 0x87, 0x87, 0x83, 0x07, 0xC0,
    0x0F, 0xE0, 0x1F, 0xF0, 0x3F, 0xFF, 0xFF, 0xE1, 0xCF, 0xC0, 0x87, 0x80, 0x0F, 0x8C, 0x0F, 0xCE,
    0x1F, 0xFF, 0xFF, 0xFF, 0xFF, 0xF0, 0x3F, 0xE0, 0x1F, 0xC0, 0x0F, 0x83, 0x07, 0x87, 0x87, 0x87,
    0x87, 0x8F, 0xC7, 0x8F, 0xC7, 0x8F, 0xC7, 0x8F, 0xC7, 0x8F, 0xC7, 0x8F, 0xC7, 0x8F, 0xC7, 0x8F,
    0xC7, 0x8F, 0xC7, 0x8F, 0xC7, 0x8F, 0xC7, 0x8F, 0xC7, 0x87, 0x87, 0x87, 0x87, 0x83, 0x07, 0xC0,
    0x0F, 0xE0, 0x1F, 0xF0, 0x3F, 0xC7, 0x8F, 0xC3, 0x0F, 0x83, 0x07, 0xC3, 0x0F, 0xE7, 0x9F, 0xFF,
    0xFF, 0xFF, 0xFF, 0xF0, 0x3F, 0xE0, 0x1F, 0xC0, 0x0F, 0x83, 0x07, 0x87, 0x87, 0x87, 0x87, 0x8F,
    0xC7, 0x8F, 0xC7, 0x8F, 0xC7, 0x8F, 0xC7, 0x8F, 0xC7, 0x8F, 0xC7, 0x8F, 0xC7, 0x8F, 0xC7, 0x8F,
    0xC7, 0x8F, 0xC7, 0x8F, 0xC7, 0x8F, 0xC7, 0x87, 0x87, 0x87, 0x87, 0x83, 0x07, 0xC0, 0x0F, 0xE0,
    0x1F, 0xF0, 0x3F, 0xFF, 0xFF, 0x8F, 0xF1, 0x87, 0xE1, 0x83, 0xC1, 0xC1, 0x83, 0xE0, 0x07, 0xF0,
    0x0F, 0xF8, 0x1F, 0xF8, 0x1F, 0xF0, 0x0F, 0xE0, 0x07, 0xC1, 0x83, 0x83, 0xC1, 0x87, 0xE1, 0x8F,
    0xF1, 0xFF, 0xFF, 0xFF, 0xFF, 0xFF, 0xC7, 0xF0, 0x07, 0xE0, 0x07, 0xC0, 0x0F, 0x83, 0x07, 0x87,
    0x07, 0x87, 0x07, 0x8F, 0x07, 0x8E, 0x07, 0x8E, 0x07, 0x8C, 0x07, 0x8C, 0x07, 0x8C, 0x47, 0x88,
    0xC7, 0x80, 0xC7, 0x80, 0xC7, 0x81, 0xC7, 0x81, 0xC7, 0x83, 0xC7, 0x83, 0x87, 0x83, 0x87, 0x83,
    0x07, 0xC0, 0x0F, 0x80, 0x1F, 0x80, 0x3F, 0x8F, 0xFF, 0xFF, 0xFF, 0xFF, 0xFF, 0xFD, 0xFF, 0xF0,
    0xFF, 0xF8, 0x7F, 0xFC, 0x7F, 0xFE, 0x3F, 0xFF, 0x7F, 0xFF, 0xFF, 0xFF, 0xFF, 0x81, 0x81, 0x81,
    0x81, 0x81, 0x81, 0xC3, 0xC3, 0xC3, 0xC3, 0xC3, 0xC3, 0xC3, 0xC3, 0xC3, 0xC3, 0xC3, 0xC3, 0xC3,
    0xC3, 0xC3, 0xC3, 0xC3, 0xC3, 0xC3, 0xC3, 0xC3, 0xC3, 0xC3, 0xC3, 0xC3, 0xC3, 0xC3, 0xC3, 0xC3,
    0xC3, 0xC3, 0xC3, 0xC3, 0xC3, 0xC1, 0x83, 0xE0, 0x07, 0xF0, 0x0F, 0xF8, 0x1F, 0xFF, 0xFF, 0xFF,
    0xBF, 0xFF, 0x0F, 0xFE, 0x1F, 0xFE, 0x3F, 0xFC, 0x7F, 0xFE, 0xFF, 0xFF, 0xFF, 0xFF, 0xFF, 0x81,
    0x81, 0x81, 0x81, 0x81, 0x81, 0xC3, 0xC3, 0xC3, 0xC3, 0xC3, 0xC3, 0xC3, 0xC3, 0xC3, 0xC3, 0xC3,
    0xC3, 0xC3, 0xC3, 0xC3, 0xC3, 0xC3, 0xC3, 0xC3, 0xC3, 0xC3, 0xC3, 0xC3, 0xC3, 0xC3, 0xC3, 0xC3,
    0xC3, 0xC3, 0xC3, 0xC3, 0xC3, 0xC3, 0xC3, 0xC1, 0x83, 0xE0, 0x07, 0xF0, 0x0F, 0xF8, 0x1F, 0xFC,
    0x3F, 0xF8, 0x1F, 0xF0, 0x0F, 0xF1, 0x8F, 0xE3, 0xC7, 0xF7, 0xEF, 0xFF, 0xFF, 0xFF, 0xFF, 0x81,
    0x81, 0x81, 0x81, 0x81, 0x81, 0xC3, 0xC3, 0xC3, 0xC3, 0xC3, 0xC3, 0xC3, 0xC3, 0xC3, 0xC3, 0xC3,
    0xC3, 0xC3, 0xC3, 0xC3, 0xC3, 0xC3, 0xC3, 0xC3, 0xC3, 0xC3, 0xC3, 0xC3, 0xC3, 0xC3, 0xC3, 0xC3,
    0xC3, 0xC3, 0xC3, 0xC3, 0xC3, 0xC3, 0xC3, 0xC1, 0x83, 0xE0, 0x07, 0xF0, 0x0F, 0xF8, 0x1F, 0xE3,
    0xC7, 0xE1, 0x87, 0xC1, 0x83, 0xE1, 0x87, 0xF3, 0xCF, 0xFF, 0xFF, 0xFF, 0xFF, 0x81, 0x81, 0x81,
    0x81, 0x81, 0x81, 0xC3, 0xC3, 0xC3, 0xC3, 0xC3, 0xC3, 0xC3, 0xC3, 0xC3, 0xC3, 0xC3, 0xC3, 0xC3,
    0xC3, 0xC3, 0xC3, 0xC3, 0xC3, 0xC3, 0xC3, 0xC3, 0xC3, 0xC3, 0xC3, 0xC3, 0xC3, 0xC3, 0xC3, 0xC3,
    0xC3, 0xC3, 0xC3, 0xC3, 0xC3, 0xC1, 0x83, 0xE0, 0x07, 0xF0, 0x0F, 0xF8, 0x1F, 0xFF, 0xFF, 0xFF,
    0xBF, 0xFF, 0x0F, 0xFE, 0x1F, 0xFE, 0x3F, 0xFC, 0x7F, 0xFE, 0xFF, 0xFF, 0xFF, 0xFF, 0xFF, 0x81,
    0x81, 0x81, 0x81, 0x81, 0x81, 0xC3, 0xC3, 0xE1, 0x87, 0xE1, 0x87, 0xE1, 0x87, 0xF0, 0x0F, 0xF0,
    0x0F, 0xF8, 0x1F, 0xF8, 0x1F, 0xF8, 0x1F, 0xFC, 0x3F, 0xFC, 0x3F, 0xFC, 0x3F, 0xFC, 0x3F, 0xFC,
    0x3F, 0xFC, 0x3F, 0xFC, 0x3F, 0xFC, 0x3F, 0xFC, 0x3F, 0xF0, 0x0F, 0xF0, 0x0F, 0xF0, 0x0F, 0x01,
    0xFF, 0x01, 0xFF, 0x01, 0xFF, 0x87, 0xFF, 0x87, 0xFF, 0x87, 0xFF, 0x80, 0x3F, 0x80, 0x0F, 0x80,
    0x07, 0x87, 0x87, 0x87, 0x87, 0x87, 0xC7, 0x87, 0xC7, 0x87, 0x87, 0x87, 0x87, 0x80, 0x07, 0x80,
    0x0F, 0x80, 0x1F, 0x87, 0xFF, 0x87, 0xFF, 0x87, 0xFF, 0x01, 0xFF, 0x01, 0xFF, 0x01, 0xFF, 0xF8,
    0x3F, 0xF0, 0x0F, 0xE0, 0x07, 0xC1, 0x87, 0xC3, 0x87, 0xC3, 0xC3, 0xC3, 0xC3, 0xC3, 0xC3, 0xC3,
    0x87, 0xC3, 0x87, 0xC3, 0x07, 0xC0, 0x0F, 0xC0, 0x0F, 0xC0, 0x07, 0xC3, 0x83, 0xC3, 0xC3, 0xC3,
    0xC3, 0xC3, 0xE3, 0xC3, 0xC3, 0xC3, 0xC3, 0xC3, 0x03, 0x80, 0x07, 0x80, 0x0F, 0x80, 0x3F, 0xFB,
    0xFF, 0xF1, 0xFF, 0xE1, 0xFF, 0xF0, 0xFF, 0xF8, 0x7F, 0xFC, 0x7F, 0xFF, 0xFF, 0xFF, 0xFF, 0xF0,
    0x3F, 0xC0, 0x0F, 0xC0, 0x0F, 0x83, 0x07, 0x87, 0x87, 0xFF, 0x87, 0xFF, 0x87, 0xF0, 0x07, 0xC0,
    0x07, 0x80, 0x07, 0x83, 0x87, 0x87, 0x87, 0x8F, 0x87, 0x87, 0x07, 0x80, 0x03, 0xC0, 0x03, 0xE0,
    0x83, 0xFF, 0x7F, 0xFE, 0x3F, 0xFE, 0x1F, 0xFC, 0x3F, 0xF8, 0x7F, 0xF8, 0xFF, 0xFF, 0xFF, 0xFF,
    0xFF, 0xF0, 0x3F, 0xC0, 0x0F, 0xC0, 0x0F, 0x83, 0x07, 0x87, 0x87, 0xFF, 0x87, 0xFF, 0x87, 0xF0,
    0x07, 0xC0, 0x07, 0x80, 0x07, 0x83, 0x87, 0x87, 0x87, 0x8F, 0x87, 0x87, 0x07, 0x80, 0x03, 0xC0,
    0x03, 0xE0, 0x83, 0xF8, 0x7F, 0xF0, 0x3F, 0xE0, 0x1F, 0xE3, 0x1F, 0xC7, 0x8F, 0xEF, 0xDF, 0xFF,
    0xFF, 0xFF, 0xFF, 0xF0, 0x3F, 0xC0, 0x0F, 0xC0, 0x0F, 0x83, 0x07, 0x87, 0x87, 0xFF, 0x87, 0xFF,
    0x87, 0xF0, 0x07, 0xC0, 0x07, 0x80, 0x07, 0x83, 0x87, 0x87, 0x87, 0x8F, 0x87, 0x87, 0x07, 0x80,
    0x03, 0xC0, 0x03, 0xE0, 0x83, 0xFF, 0xFF, 0xE1, 0xCF, 0xC0, 0x87, 0x80, 0x0F, 0x8C, 0x0F, 0xCE,
    0x1F, 0xFF, 0xFF, 0xFF, 0xFF, 0xF0, 0x3F, 0xC0, 0x0F, 0xC0, 0x0F, 0x83, 0x07, 0x87, 0x87, 0xFF,
    0x87, 0xFF, 0x87, 0xF0, 0x07, 0xC0, 0x07, 0x80, 0x07, 0x83, 0x87, 0x87, 0x87, 0x8F, 0x87, 0x87,
    0x07, 0x80, 0x03, 0xC0, 0x03, 0xE0, 0x83, 0xC7, 0x8F, 0xC3, 0x0F, 0x83, 0x07, 0xC3, 0x0F, 0xE7,
    0x9F, 0xFF, 0xFF, 0xFF, 0xFF, 0xF0, 0x3F, 0xC0, 0x0F, 0xC0, 0x0F, 0x83, 0x07, 0x87, 0x87, 0xFF,
    0x87, 0xFF, 0x87, 0xF0, 0x07, 0xC0, 0x07, 0x80, 0x07, 0x83, 0x87, 0x87, 0x87, 0x8F, 0x87, 0x87,
    0x07, 0x80, 0x03, 0xC0, 0x03, 0xE0, 0x83, 0xF8, 0x7F, 0xF0, 0x3F, 0xF3, 0x3F, 0xF3, 0x3F, 0xF0,
    0x3F, 0xF8, 0x7F, 0xFF, 0xFF, 0xFF, 0xFF, 0xF0, 0x3F, 0xC0, 0x0F, 0xC0, 0x0F, 0x83, 0x07, 0x87,
    0x87, 0xFF, 0x87, 0xFF, 0x87, 0xF0, 0x07, 0xC0, 0x07, 0x80, 0x07, 0x83, 0x87, 0x87, 0x87, 0x8F,
    0x87, 0x87, 0x07, 0x80, 0x03, 0xC0, 0x03, 0xE0, 0x83, 0xC2, 0x0F, 0x80, 0x07, 0x80, 0x03, 0x08,
    0x63, 0x08, 0x63, 0xF8, 0x63, 0xF8, 0x63, 0xC0, 0x03, 0x80, 0x03, 0x00, 0x03, 0x08, 0x7F, 0x18,
    0x7F, 0x18, 0x63, 0x08, 0x43, 0x00, 0x03, 0x80, 0x07, 0xC2, 0x0F, 0xE0, 0xC7, 0xC0, 0x07, 0xC0,
    0x07, 0x83, 0x87, 0x87, 0x87, 0x87, 0xC7, 0x8F, 0xFF, 0x8F, 0xFF, 0x8F, 0xFF, 0x8F, 0xFF, 0x8F,
    0xFF, 0x87, 0x87, 0x87, 0x87, 0x83, 0x07, 0xC0, 0x0F, 0xC0, 0x1F, 0xF0, 0x3F, 0xF8, 0x7F, 0xF8,
    0x7F, 0xFC, 0x3F, 0xFF, 0x1F, 0xF0, 0x1F, 0xF0, 0x3F, 0xF0, 0x7F, 0xFB, 0xFF, 0xF1, 0xFF, 0xE1,
    0xFF, 0xF0, 0xFF, 0xF8, 0x7F, 0xFC, 0x7F, 0xFF, 0xFF, 0xFF, 0xFF, 0xF0, 0x3F, 0xE0, 0x1F, 0xC0,
    0x0F, 0x83, 0x07, 0x87, 0x87, 0x87, 0x87, 0x87, 0x87, 0x80, 0x07, 0x80, 0x07, 0x80, 0x07, 0x8F,
    0xFF, 0x87, 0xFF, 0x87, 0x87, 0x83, 0x07, 0xC0, 0x07, 0xE0, 0x0F, 0xF0, 0x3F, 0xFF, 0x7F, 0xFE,
    0x3F, 0xFE, 0x1F, 0xFC, 0x3F, 0xF8, 0x7F, 0xF8, 0xFF, 0xFF, 0xFF, 0xFF, 0xFF, 0xF0, 0x3F, 0xE0,
    0x1F, 0xC0, 0x0F, 0x83, 0x07, 0x87, 0x87, 0x87, 0x87, 0x87, 0x87, 0x80, 0x07, 0x80, 0x07, 0x80,
    0x07, 0x8F, 0xFF, 0x87, 0xFF, 0x87, 0x87, 0x83, 0x07, 0xC0, 0x07, 0xE0, 0x0F, 0xF0, 0x3F, 0xF8,
    0x7F, 0xF0, 0x3F, 0xE0, 0x1F, 0xE3, 0x1F, 0xC7, 0x8F, 0xEF, 0xDF, 0xFF, 0xFF, 0xFF, 0xFF, 0xF0,
    0x3F, 0xE0, 0x1F, 0xC0, 0x0F, 0x83, 0x07, 0x87, 0x87, 0x87, 0x87, 0x87, 0x87, 0x80, 0x07, 0x80,
    0x07, 0x80, 0x07, 0x8F, 0xFF, 0x87, 0xFF, 0x87, 0x87, 0x83, 0x07, 0xC0, 0x07, 0xE0, 0x0F, 0xF0,
    0x3F, 0xC7, 0x8F, 0xC3, 0x0F, 0x83, 0x07, 0xC3, 0x0F, 0xE7, 0x9F, 0xFF, 0xFF, 0xFF, 0xFF, 0xF0,
    0x3F, 0xE0, 0x1F, 0xC0, 0x0F, 0x83, 0x07, 0x87, 0x87, 0x87, 0x87, 0x87, 0x87, 0x80, 0x07, 0x80,
    0x07, 0x80, 0x07, 0x8F, 0xFF, 0x87, 0xFF, 0x87, 0x87, 0x83, 0x07, 0xC0, 0x07, 0xE0, 0x0F, 0xF0,
    0x3F, 0xFF, 0xFF, 0xF7, 0xFF, 0xC3, 0xFF, 0xE1, 0xFF, 0xF0, 0xFF, 0xF8, 0xFF, 0xFC, 0xFF, 0xFF,
    0xFF, 0xFF, 0xFF, 0x80, 0xFF, 0x80, 0xFF, 0x80, 0xFF, 0xF0, 0xFF, 0xF0, 0xFF, 0xF0, 0xFF, 0xF0,
    0xFF, 0xF0, 0xFF, 0xF0, 0xFF, 0xF0, 0xFF, 0xF0, 0xFF, 0xF0, 0xFF, 0xF0, 0xFF, 0xF0, 0xFF, 0x00,
    0x0F, 0x00, 0x0F, 0x00, 0x0F, 0xFF, 0xFF, 0xFE, 0x7F, 0xFC, 0x3F, 0xFC, 0x3F, 0xF8, 0x7F, 0xF0,
    0xFF, 0xF9, 0xFF, 0xFF, 0xFF, 0xFF, 0xFF, 0x80, 0xFF, 0x80, 0xFF, 0x80, 0xFF, 0xF0, 0xFF, 0xF0,
    0xFF, 0xF0, 0xFF, 0xF0, 0xFF, 0xF0, 0xFF, 0xF0, 0xFF, 0xF0, 0xFF, 0xF0, 0xFF, 0xF0, 0xFF, 0xF0,
    0xFF, 0xF0, 0xFF, 0x00, 0x0F, 0x00, 0x0F, 0x00, 0x0F, 0xF0, 0xFF, 0xE0, 0x7F, 0xE0, 0x3F, 0xC6,
    0x3F, 0xC7, 0x1F, 0xCF, 0xBF, 0xFF, 0xFF, 0xFF, 0xFF, 0x80, 0xFF, 0x80, 0xFF, 0x80, 0xFF, 0xF0,
    0xFF, 0xF0, 0xFF, 0xF0, 0xFF, 0xF0, 0xFF, 0xF0, 0xFF, 0xF0, 0xFF, 0xF0, 0xFF, 0xF0, 0xFF, 0xF0,
    0xFF, 0xF0, 0xFF, 0xF0, 0xFF, 0x00, 0x0F, 0x00, 0x0F, 0x00, 0x0F, 0x8F, 0x1F, 0x86, 0x1F, 0x06,
    0x0F, 0x86, 0x1F, 0xCF, 0x3F, 0xFF, 0xFF, 0xFF, 0xFF, 0x80, 0xFF, 0x80, 0xFF, 0x80, 0xFF, 0xF0,
    0xFF, 0xF0, 0xFF, 0xF0, 0xFF, 0xF0, 0xFF, 0xF0, 0xFF, 0xF0, 0xFF, 0xF0, 0xFF, 0xF0, 0xFF, 0xF0,
    0xFF, 0xF0, 0xFF, 0xF0, 0xFF, 0x00, 0x0F, 0x00, 0x0F, 0x00, 0x0F, 0xF7, 0xFF, 0xF1, 0xFF, 0xE0,
    0xFF, 0xF0, 0x7F, 0xF8, 0x0F, 0xF8, 0x07, 0xC0, 0x0F, 0xC0, 0x0F, 0xEF, 0x0F, 0xF3, 0x87, 0xE0,
    0x87, 0xC0, 0x07, 0x80, 0x07, 0x87, 0x87, 0x87, 0x87, 0x87, 0x87, 0x8F, 0xC7, 0x8F, 0xC7, 0x87,
    0x87, 0x87, 0x87, 0x83, 0x07, 0xC0, 0x0F, 0xE0, 0x1F, 0xF0, 0x3F, 0xFF, 0xFF, 0xF0, 0xE7, 0xE0,
    0x43, 0xC0, 0x07, 0xC6, 0x07, 0xE7, 0x0F, 0xFF, 0xFF, 0xFF, 0xFF, 0x82, 0x0F, 0x80, 0x07, 0x80,
    0x07, 0xC1, 0x83, 0xC3, 0xC3, 0xC3, 0xC3, 0xC3, 0xC3, 0xC3, 0xC3, 0xC3, 0xC3, 0xC3, 0xC3, 0xC3,
    0xC3, 0xC3, 0xC3, 0xC3, 0xC3, 0xC3, 0xC3, 0x81, 0x81, 0x81, 0x81, 0x81, 0x81, 0xFB, 0xFF, 0xF1,
    0xFF, 0xE1, 0xFF, 0xF0, 0xFF, 0xF8, 0x7F, 0xFC, 0x7F, 0xFF, 0xFF, 0xFF, 0xFF, 0xF0, 0x3F, 0xE0,
    0x1F, 0xC0, 0x0F, 0x83, 0x07, 0x87, 0x87, 0x87, 0x87, 0x8F, 0xC7, 0x8F, 0xC7, 0x8F, 0xC7, 0x8F,
    0xC7, 0x8F, 0xC7, 0x87, 0x87, 0x87, 0x87, 0x83, 0x07, 0xC0, 0x0F, 0xE0, 0x1F, 0xF0, 0x3F, 0xFF,
    0x7F, 0xFE, 0x3F, 0xFE, 0x1F, 0xFC, 0x3F, 0xF8, 0x7F, 0xF8, 0xFF, 0xFF, 0xFF, 0xFF, 0xFF, 0xF0,
    0x3F, 0xE0, 0x1F, 0xC0, 0x0F, 0x83, 0x07, 0x87, 0x87, 0x87, 0x87, 0x8F, 0xC7, 0x8F, 0xC7, 0x8F,
    0xC7, 0x8F, 0xC7, 0x8F, 0xC7, 0x87, 0x87, 0x87, 0x87, 0x83, 0x07, 0xC0, 0x0F, 0xE0, 0x1F, 0xF0,
    0x3F, 0xF8, 0x7F, 0xF0, 0x3F, 0xE0, 0x1F, 0xE3, 0x1F, 0xC7, 0x8F, 0xEF, 0xDF, 0xFF, 0xFF, 0xFF,
    0xFF, 0xF0, 0x3F, 0xE0, 0x1F, 0xC0, 0x0F, 0x83, 0x07, 0x87, 0x87, 0x87, 0x87, 0x8F, 0xC7, 0x8F,
    0xC7, 0x8F, 0xC7, 0x8F, 0xC7, 0x8F, 0xC7, 0x87, 0x87, 0x87, 0x87, 0x83, 0x07, 0xC0, 0x0F, 0xE0,
    0x1F, 0xF0, 0x3F, 0xFF, 0xFF, 0xE1, 0xCF, 0xC0, 0x87, 0x80, 0x0F, 0x8C, 0x0F, 0xCE, 0x1F, 0xFF,
    0xFF, 0xFF, 0xFF, 0xF0, 0x3F, 0xE0, 0x1F, 0xC0, 0x0F, 0x83, 0x07, 0x87, 0x87, 0x87, 0x87, 0x8F,
    0xC7, 0x8F, 0xC7, 0x8F, 0xC7, 0x8F, 0xC7, 0x8F, 0xC7, 0x87, 0x87, 0x87, 0x87, 0x83, 0x07, 0xC0,
    0x0F, 0xE0, 0x1F, 0xF0, 0x3F, 0xC7, 0x8F, 0xC3, 0x0F, 0x83, 0x07, 0xC3, 0x0F, 0xE7, 0x9F, 0xFF,
    0xFF, 0xFF, 0xFF, 0xF0, 0x3F, 0xE0, 0x1F, 0xC0, 0x0F, 0x83, 0x07, 0x87, 0x87, 0x87, 0x87, 0x8F,
    0xC7, 0x8F, 0xC7, 0x8F, 0xC7, 0x8F, 0xC7, 0x8F, 0xC7, 0x87, 0x87, 0x87, 0x87, 0x83, 0x07, 0xC0,
    0x0F, 0xE0, 0x1F, 0xF0, 0x3F, 0xFF, 0xFF, 0xF0, 0xFF, 0xE0, 0x7F, 0xE0, 0x7F, 0xF0, 0xFF, 0xF0,
    0xFF, 0xFF, 0xFF, 0xFF, 0xFF, 0x00, 0x0F, 0x00, 0x0F, 0x00, 0x0F, 0xFF, 0xFF, 0xFF, 0xFF, 0xF0,
    0xFF, 0xE0, 0x7F, 0xE0, 0x7F, 0xF0, 0xFF, 0xF0, 0xFF, 0xFF, 0xFF, 0xFF, 0xC7, 0xF0, 0x07, 0xE0,
    0x07, 0xC0, 0x0F, 0x83, 0x07, 0x87, 0x07, 0x86, 0x07, 0x8C, 0x07, 0x8C, 0x07, 0x88, 0x47, 0x80,
    0xC7, 0x80, 0xC7, 0x81, 0x87, 0x83, 0x87, 0x83, 0x07, 0xC0, 0x0F, 0x80, 0x1F, 0x80, 0x3F, 0x8F,
    0xFF, 0xFF, 0xFF, 0xFF, 0xFF, 0xFD, 0xFF, 0xF0, 0xFF, 0xF8, 0x7F, 0xFC, 0x7F, 0xFE, 0x3F, 0xFF,
    0x7F, 0xFF, 0xFF, 0xFF, 0xFF, 0x83, 0x83, 0x83, 0x83, 0x83, 0x83, 0xC3, 0xC3, 0xC3, 0xC3, 0xC3,
    0xC3, 0xC3, 0xC3, 0xC3, 0xC3, 0xC3, 0xC3, 0xC3, 0xC3, 0xC3, 0xC3, 0xC3, 0xC3, 0xC3, 0xC3, 0xC1,
    0x83, 0xE0, 0x01, 0xE0, 0x01, 0xF0, 0x41, 0xFF, 0xFF, 0xFF, 0xBF, 0xFF, 0x0F, 0xFE, 0x1F, 0xFE,
    0x3F, 0xFC, 0x7F, 0xFE, 0xFF, 0xFF, 0xFF, 0xFF, 0xFF, 0x83, 0x83, 0x83, 0x83, 0x83, 0x83, 0xC3,
    0xC3, 0xC3, 0xC3, 0xC3, 0xC3, 0xC3, 0xC3, 0xC3, 0xC3, 0xC3, 0xC3, 0xC3, 0xC3, 0xC3, 0xC3, 0xC3,
    0xC3, 0xC3, 0xC3, 0xC1, 0x83, 0xE0, 0x01, 0xE0, 0x01, 0xF0, 0x41, 0xFC, 0x3F, 0xF8, 0x1F, 0xF0,
    0x0F, 0xF1, 0x8F, 0xE3, 0xC7, 0xF7, 0xEF, 0xFF, 0xFF, 0xFF, 0xFF, 0x83, 0x83, 0x83, 0x83, 0x83,
    0x83, 0xC3, 0xC3, 0xC3, 0xC3, 0xC3, 0xC3, 0xC3, 0xC3, 0xC3, 0xC3, 0xC3, 0xC3, 0xC3, 0xC3, 0xC3,
    0xC3, 0xC3, 0xC3, 0xC3, 0xC3, 0xC1, 0x83, 0xE0, 0x01, 0xE0, 0x01, 0xF0, 0x41, 0xE3, 0xC7, 0xE1,
    0x87, 0xC1, 0x83, 0xE1, 0x87, 0xF3, 0xCF, 0xFF, 0xFF, 0xFF, 0xFF, 0x83, 0x83, 0x83, 0x83, 0x83,
    0x83, 0xC3, 0xC3, 0xC3, 0xC3, 0xC3, 0xC3, 0xC3, 0xC3, 0xC3, 0xC3, 0xC3, 0xC3, 0xC3, 0xC3, 0xC3,
    0xC3, 0xC3, 0xC3, 0xC3, 0xC3, 0xC1, 0x83, 0xE0, 0x01, 0xE0, 0x01, 0xF0, 0x41, 0xFF, 0xFF, 0xFF,
    0xBF, 0xFF, 0x0F, 0xFE, 0x1F, 0xFE, 0x3F, 0xFC, 0x7F, 0xFE, 0xFF, 0xFF, 0xFF, 0xFF, 0xFF, 0x81,
    0x81, 0x81, 0x81, 0x81, 0x81, 0xC3, 0xC3, 0xE3, 0xC7, 0xE1, 0x87, 0xE1, 0x87, 0xF1, 0x87, 0xF1,
    0x8F, 0xF0, 0x8F, 0xF0, 0x0F, 0xF8, 0x1F, 0xF8, 0x1F, 0xF8, 0x1F, 0xF8, 0x1F, 0xFC, 0x3F, 0xFC,
    0x3F, 0xFC, 0x3F, 0xFC, 0x3F, 0xF8, 0x7F, 0xF8, 0x7F, 0xC0, 0x7F, 0xC0, 0xFF, 0xC1, 0xFF, 0x83,
    0xFF, 0x83, 0xFF, 0x83, 0xFF, 0xC3, 0xFF, 0xC3, 0xFF, 0xC3, 0xFF, 0xC3, 0xFF, 0xC2, 0x0F, 0xC0,
    0x07, 0xC0, 0x03, 0xC1, 0x83, 0xC3, 0xC3, 0xC3, 0xC3, 0xC3, 0xE3, 0xC3, 0xE3, 0xC3, 0xE3, 0xC3,
    0xE3, 0xC3, 0xE3, 0xC3, 0xC3, 0xC3, 0xC3, 0xC1, 0x83, 0xC0, 0x03, 0xC0, 0x07, 0xC2, 0x0F, 0xC3,
    0xFF, 0xC3, 0xFF, 0xC3, 0xFF, 0xC3, 0xFF, 0x80, 0xFF, 0x80, 0xFF, 0x80, 0xFF, 0xE3, 0xC7, 0xE1,
    0x87, 0xC1, 0x83, 0xE1, 0x87, 0xF3, 0xCF, 0xFF, 0xFF, 0xFF, 0xFF, 0x81, 0x81, 0x81, 0x81, 0x81,
    0x81, 0xC3, 0xC3, 0xE3, 0xC7, 0xE1, 0x87, 0xE1, 0x87, 0xF1, 0x87, 0xF1, 0x8F, 0xF0, 0x8F, 0xF0,
    0x0F, 0xF8, 0x1F, 0xF8, 0x1F, 0xF8, 0x1F, 0xF8, 0x1F, 0xFC, 0x3F, 0xFC, 0x3F, 0xFC, 0x3F, 0xFC,
    0x3F, 0xF8, 0x7F, 0xF8, 0x7F, 0xC0, 0x7F, 0xC0, 0xFF, 0xC1, 0xFF, 0xE0, 0x07, 0xE0, 0x07, 0xE0,
    0x07, 0xFF, 0xFF, 0xFF, 0xFF, 0xFF, 0xFF, 0xFC, 0x3F, 0xFC, 0x3F, 0xF8, 0x1F, 0xF8, 0x1F, 0xF8,
    0x1F, 0xF8, 0x1F, 0xF8, 0x1F, 0xF0, 0x0F, 0xF0, 0x0F, 0xF0, 0x0F, 0xF1, 0x8F, 0xF1, 0x8F, 0xE1,
    0x8F, 0xE1, 0x87, 0xE0, 0x07, 0xE0, 0x07, 0xE0, 0x07, 0xE3, 0xC7, 0xC3, 0xC3, 0xC3, 0xC3, 0xC3,
    0xC3, 0x81, 0x81, 0x81, 0x81, 0x81, 0x81, 0xC0, 0x0F, 0xC0, 0x0F, 0xC0, 0x0F, 0xFF, 0xFF, 0xFF,
    0xFF, 0xFF, 0xFF, 0xF0, 0x3F, 0xC0, 0x0F, 0xC0, 0x0F, 0x83, 0x07, 0x87, 0x87, 0xFF, 0x87, 0xFF,
    0x87, 0xF0, 0x07, 0xC0, 0x07, 0x80, 0x07, 0x83, 0x87, 0x87, 0x87, 0x8F, 0x87, 0x87, 0x07, 0x80,
    0x03, 0xC0, 0x03, 0xE0, 0x83, 0xE3, 0xC7, 0xF1, 0x8F, 0xF0, 0x0F, 0xF8, 0x1F, 0xFC, 0x3F, 0xFF,
    0xFF, 0xFF, 0xFF, 0xFC, 0x3F, 0xFC, 0x3F, 0xF8, 0x1F, 0xF8, 0x1F, 0xF8, 0x1F, 0xF8, 0x1F, 0xF8,
    0x1F, 0xF0, 0x0F, 0xF0, 0x0F, 0xF0, 0x0F, 0xF1, 0x8F, 0xF1, 0x8F, 0xE1, 0x8F, 0xE1, 0x87, 0xE0,
    0x07, 0xE0, 0x07, 0xE0, 0x07, 0xE3, 0xC7, 0xC3, 0xC3, 0xC3, 0xC3, 0xC3, 0xC3, 0x81, 0x81, 0x81,
    0x81, 0x81, 0x81, 0xC7, 0x8F, 0xE3, 0x1F, 0xE0, 0x1F, 0xF0, 0x3F, 0xF8, 0x7F, 0xFF, 0xFF, 0xFF,
    0xFF, 0xF0, 0x3F, 0xC0, 0x0F, 0x80, 0x0F, 0x83, 0x07, 0x87, 0x87, 0xFF, 0x87, 0xFF, 0x87, 0xF0,
    0x07, 0xC0, 0x07, 0x80, 0x07, 0x83, 0x87, 0x87, 0x87, 0x8F, 0x87, 0x87, 0x07, 0x80, 0x03, 0xC0,
    0x03, 0xE0, 0x83, 0xFC, 0x3F, 0xFC, 0x3F, 0xF8, 0x1F, 0xF8, 0x1F, 0xF8, 0x1F, 0xF8, 0x1F, 0xF8,
    0x1F, 0xF0, 0x0F, 0xF0, 0x0F, 0xF0, 0x0F, 0xF1, 0x8F, 0xF1, 0x8F, 0xE1, 0x8F, 0xE1, 0x87, 0xE0,
    0x07, 0xE0, 0x07, 0xE0, 0x07, 0xE3, 0xC7, 0xC3, 0xC3, 0xC3, 0xC3, 0xC3, 0xC3, 0x81, 0x81, 0x81,
    0x81, 0x81, 0x81, 0xFF, 0xC7, 0xFF, 0xC7, 0xFF, 0x8F, 0xFF, 0x8F, 0xFF, 0x83, 0xFF, 0x81, 0xFF,
    0xE3, 0xF0, 0x3F, 0xC0, 0x0F, 0xC0, 0x0F, 0x83, 0x07, 0x87, 0x87, 0xFF, 0x87, 0xFF, 0x87, 0xF0,
    0x07, 0xC0, 0x07, 0x80, 0x07, 0x83, 0x87, 0x87, 0x87, 0x8F, 0x87, 0x87, 0x07, 0x80, 0x03, 0xC0,
    0x03, 0xE0, 0x83, 0xFF, 0xE3, 0xFF, 0xC7, 0xFF, 0x8F, 0xFF, 0x8F, 0xFF, 0x83, 0xFF, 0xC1, 0xFF,
    0xE1, 0xFF, 0x7F, 0xFE, 0x3F, 0xFE, 0x1F, 0xFC, 0x3F, 0xF8, 0x7F, 0xF8, 0xFF, 0xFF, 0xFF, 0xFF,
    0xFF, 0xE0, 0xC7, 0xC0, 0x07, 0xC0, 0x07, 0x83, 0x87, 0x87, 0x87, 0x87, 0xC7, 0x8F, 0xFF, 0x8F,
    0xFF, 0x8F, 0xFF, 0x8F, 0xFF, 0x8F, 0xFF, 0x8F, 0xFF, 0x8F, 0xFF, 0x8F, 0xFF, 0x8F, 0xFF, 0x8F,
    0xFF, 0x8F, 0xFF, 0x8F, 0xFF, 0x87, 0x87, 0x87, 0x87, 0x83, 0x07, 0xC0, 0x0F, 0xE0, 0x1F, 0xF0,
    0x3F, 0xFF, 0x7F, 0xFE, 0x3F, 0xFE, 0x1F, 0xFC, 0x3F, 0xF8, 0x7F, 0xF8, 0xFF, 0xFF, 0xFF, 0xFF,
    0xFF, 0xE0, 0xC7, 0xC0, 0x07, 0xC0, 0x07, 0x83, 0x87, 0x87, 0x87, 0x87, 0xC7, 0x8F, 0xFF, 0x8F,
    0xFF, 0x8F, 0xFF, 0x8F, 0xFF, 0x8F, 0xFF, 0x87, 0x87, 0x87, 0x87, 0x83, 0x07, 0xC0, 0x0F, 0xC0,
    0x1F, 0xF0, 0x3F, 0xF8, 0x7F, 0xF0, 0x3F, 0xF0, 0x3F, 0xE3, 0x1F, 0xC7, 0x8F, 0xE7, 0x9F, 0xFF,
    0xFF, 0xFF, 0xFF, 0xE0, 0xC7, 0xC0, 0x07, 0xC0, 0x07, 0x83, 0x87, 0x87, 0x87, 0x87, 0xC7, 0x8F,
    0xFF, 0x8F, 0xFF, 0x8F, 0xFF, 0x8F, 0xFF, 0x8F, 0xFF, 0x8F, 0xFF, 0x8F, 0xFF, 0x8F, 0xFF, 0x8F,
    0xFF, 0x8F, 0xFF, 0x8F, 0xFF, 0x8F, 0xFF, 0x87, 0x87, 0x87, 0x87, 0x83, 0x07, 0xC0, 0x0F, 0xE0,
    0x1F, 0xF0, 0x3F, 0xF8, 0x7F, 0xF0, 0x3F, 0xE0, 0x1F, 0xE3, 0x1F, 0xC7, 0x8F, 0xEF, 0xDF, 0xFF,
    0xFF, 0xFF, 0xFF, 0xE0, 0x47, 0xC0, 0x07, 0xC0, 0x07, 0x87, 0x87, 0x87, 0x87, 0x87, 0xC7, 0x8F,
    0xFF, 0x8F, 0xFF, 0x8F, 0xFF, 0x8F, 0xFF, 0x8F, 0xFF, 0x87, 0x87, 0x87, 0x87, 0x83, 0x07, 0xC0,
    0x0F, 0xC0, 0x1F, 0xF0, 0x3F, 0xFF, 0xFF, 0xF8, 0x7F, 0xF0, 0x3F, 0xF0, 0x3F, 0xF8, 0x7F, 0xF8,
    0x7F, 0xFF, 0xFF, 0xFF, 0xFF, 0xE0, 0xC7, 0xC0, 0x07, 0xC0, 0x07, 0x83, 0x87, 0x87, 0x87, 0x87,
    0xC7, 0x8F, 0xFF, 0x8F, 0xFF, 0x8F, 0xFF, 0x8F, 0xFF, 0x8F, 0xFF, 0x8F, 0xFF, 0x8F, 0xFF, 0x8F,
    0xFF, 0x8F, 0xFF, 0x8F, 0xFF, 0x8F, 0xFF, 0x8F, 0xFF, 0x87, 0x87, 0x87, 0x87, 0x83, 0x07, 0xC0,
    0x0F, 0xE0, 0x1F, 0xF0, 0x3F, 0xF8, 0x7F, 0xF8, 0x7F, 0xF0, 0x3F, 0xF0, 0x3F, 0xF8, 0x7F, 0xFF,
    0xFF, 0xFF, 0xFF, 0xE0, 0xC7, 0xC0, 0x07, 0xC0, 0x07, 0x83, 0x87, 0x87, 0x87, 0x87, 0xC7, 0x8F,
    0xFF, 0x8F, 0xFF, 0x8F, 0xFF, 0x8F, 0xFF, 0x8F, 0xFF, 0x87, 0x87, 0x87, 0x87, 0x83, 0x07, 0xC0,
    0x0F, 0xC0, 0x1F, 0xF0, 0x3F, 0xFF, 0xFF, 0xE7, 0x9F, 0xC3, 0x0F, 0xE3, 0x1F, 0xF0, 0x3F, 0xF0,
    0x3F, 0xF8, 0x7F, 0xFF, 0xFF, 0xFF, 0xFF, 0xE0, 0xC7, 0xC0, 0x07, 0xC0, 0x07, 0x83, 0x87, 0x87,
    0x87, 0x87, 0xC7, 0x8F, 0xFF, 0x8F, 0xFF, 0x8F, 0xFF, 0x8F, 0xFF, 0x8F, 0xFF, 0x8F, 0xFF, 0x8F,
    0xFF, 0x8F, 0xFF, 0x8F, 0xFF, 0x8F, 0xFF, 0x8F, 0xFF, 0x8F, 0xFF, 0x87, 0x87, 0x87, 0x87, 0x83,
    0x07, 0xC0, 0x0F, 0xE0, 0x1F, 0xF0, 0x3F, 0xFF, 0xFF, 0xE7, 0x9F, 0xC3, 0x0F, 0xE3, 0x1F, 0xF0,
    0x3F, 0xF0, 0x3F, 0xF8, 0x7F, 0xFF, 0xFF, 0xFF, 0xFF, 0xE0, 0xC7, 0xC0, 0x07, 0xC0, 0x07, 0x83,
    0x87, 0x87, 0x87, 0x87, 0xC7, 0x8F, 0xFF, 0x8F, 0xFF, 0x8F, 0xFF, 0x8F, 0xFF, 0x8F, 0xFF, 0x87,
    0x87, 0x87, 0x87, 0x83, 0x07, 0xC0, 0x0F, 0xC0, 0x1F, 0xF0, 0x3F, 0xFF, 0xFF, 0xF3, 0xCF, 0xE1,
    0x87, 0xF1, 0x8F, 0xF8, 0x1F, 0xF8, 0x1F, 0xFC, 0x3F, 0xFF, 0xFF, 0xFF, 0xFF, 0x80, 0x3F, 0x80,
    0x0F, 0x80, 0x07, 0xC3, 0x03, 0xC3, 0xC3, 0xC3, 0xC3, 0xC3, 0xC3, 0xC3, 0xE3, 0xC3, 0xE3, 0xC3,
    0xE3, 0xC3, 0xE3, 0xC3, 0xE3, 0xC3, 0xE3, 0xC3, 0xE3, 0xC3, 0xE3, 0xC3, 0xE3, 0xC3, 0xE3, 0xC3,
    0xC3, 0xC3, 0xC3, 0xC3, 0xC3, 0xC3, 0x03, 0x80, 0x07, 0x80, 0x0F, 0x80, 0x3F, 0xFF, 0xF8, 0xFF,
    0xFE, 0x08, 0x7F, 0xFE, 0x08, 0x7F, 0xFE, 0x0C, 0xFF, 0xFF, 0x08, 0xFF, 0xFF, 0x09, 0xFF, 0xFF,
    0x0F, 0xFF, 0xFF, 0x0F, 0xFF, 0xE1, 0x0F, 0xFF, 0xC0, 0x0F, 0xFF, 0x80, 0x0F, 0xFF, 0x82, 0x0F,
    0xFF, 0x87, 0x0F, 0xFF, 0x87, 0x0F, 0xFF, 0x8F, 0x0F, 0xFF, 0x8F, 0x0F, 0xFF, 0x8F, 0x0F, 0xFF,
    0x8F, 0x0F, 0xFF, 0x8F, 0x0F, 0xFF, 0x8F, 0x0F, 0xFF, 0x87, 0x0F, 0xFF, 0x87, 0x0F, 0xFF, 0x80,
    0x07, 0xFF, 0xC0, 0x07, 0xFF, 0xE1, 0x07, 0xFF, 0xFF, 0x07, 0xFF, 0x07, 0xFF, 0x07, 0xFF, 0x87,
    0xFC, 0x01, 0xFC, 0x01, 0xFF, 0x87, 0xE0, 0x87, 0xC0, 0x07, 0x80, 0x07, 0x83, 0x07, 0x87, 0x87,
    0x87, 0x87, 0x8F, 0x87, 0x8F, 0x87, 0x8F, 0x87, 0x8F, 0x87, 0x8F, 0x87, 0x87, 0x87, 0x87, 0x87,
    0x87, 0x07, 0x80, 0x03, 0xC0, 0x03, 0xE0, 0x83, 0xC0, 0x0F, 0xC0, 0x0F, 0xC0, 0x0F, 0xFF, 0xFF,
    0xFF, 0xFF, 0xFF, 0xFF, 0x00, 0x07, 0x00, 0x07, 0x00, 0x07, 0x87, 0xC7, 0x87, 0xC7, 0x87, 0xC7,
    0x87, 0xFF, 0x87, 0xFF, 0x87, 0xFF, 0x87, 0xFF, 0x80, 0x1F, 0x80, 0x1F, 0x80, 0x1F, 0x87, 0xFF,
    0x87, 0xFF, 0x87, 0xFF, 0x87, 0xFF, 0x87, 0xFF, 0x87, 0xC7, 0x87, 0xC7, 0x87, 0xC7, 0x00, 0x07,
    0x00, 0x07, 0x00, 0x07, 0xC0, 0x0F, 0xC0, 0x0F, 0xC0, 0x0F, 0xFF, 0xFF, 0xFF, 0xFF, 0xFF, 0xFF,
    0xF0, 0x3F, 0xE0, 0x1F, 0xC0, 0x0F, 0x83, 0x07, 0x87, 0x87, 0x87, 0x87, 0x87, 0x87, 0x80, 0x07,
    0x80, 0x07, 0x80, 0x07, 0x8F, 0xFF, 0x87, 0xFF, 0x87, 0x87, 0x83, 0x07, 0xC0, 0x07, 0xE0, 0x0F,
    0xF0, 0x3F, 0xC7, 0x8F, 0xE3, 0x1F, 0xE0, 0x1F, 0xF0, 0x3F, 0xF8, 0x7F, 0xFF, 0xFF, 0xFF, 0xFF,
    0x00, 0x07, 0x00, 0x07, 0x00, 0x07, 0x87, 0xC7, 0x87, 0xC7, 0x87, 0xC7, 0x87, 0xFF, 0x87, 0xFF,
    0x87, 0xFF, 0x87, 0xFF, 0x80, 0x1F, 0x80, 0x1F, 0x80, 0x1F, 0x87, 0xFF, 0x87, 0xFF, 0x87, 0xFF,
    0x87, 0xFF, 0x87, 0xFF, 0x87, 0xC7, 0x87, 0xC7, 0x87, 0xC7, 0x00, 0x07, 0x00, 0x07, 0x00, 0x07,
    0xC7, 0x8F, 0xE3, 0x1F, 0xE0, 0x1F, 0xF0, 0x3F, 0xF8, 0x7F, 0xFF, 0xFF, 0xFF, 0xFF, 0xF0, 0x3F,
    0xE0, 0x1F, 0xC0, 0x0F, 0x83, 0x07, 0x87, 0x87, 0x87, 0x87, 0x87, 0x87, 0x80, 0x07, 0x80, 0x07,
    0x80, 0x07, 0x8F, 0xFF, 0x87, 0xFF, 0x87, 0x87, 0x83, 0x07, 0xC0, 0x07, 0xE0, 0x0F, 0xF0, 0x3F,
    0xF8, 0x7F, 0xF8, 0x7F, 0xF0, 0x3F, 0xF0, 0x3F, 0xF8, 0x7F, 0xFF, 0xFF, 0xFF, 0xFF, 0x00, 0x07,
    0x00, 0x07, 0x00, 0x07, 0x87, 0xC7, 0x87, 0xC7, 0x87, 0xC7, 0x87, 0xFF, 0x87, 0xFF, 0x87, 0xFF,
    0x87, 0xFF, 0x80, 0x1F, 0x80, 0x1F, 0x80, 0x1F, 0x87, 0xFF, 0x87, 0xFF, 0x87, 0xFF, 0x87, 0xFF,
    0x87, 0xFF, 0x87, 0xC7, 0x87, 0xC7, 0x87, 0xC7, 0x00, 0x07, 0x00, 0x07, 0x00, 0x07, 0xF8, 0x7F,
    0xF8, 0x7F, 0xF0, 0x3F, 0xF0, 0x3F, 0xF8, 0x7F, 0xFF, 0xFF, 0xFF, 0xFF, 0xF0, 0x3F, 0xE0, 0x1F,
    0xC0, 0x0F, 0x83, 0x07, 0x87, 0x87, 0x87, 0x87, 0x87, 0x87, 0x80, 0x07, 0x80, 0x07, 0x80, 0x07,
    0x8F, 0xFF, 0x87, 0xFF, 0x87, 0x87, 0x83, 0x07, 0xC0, 0x07, 0xE0, 0x0F, 0xF0, 0x3F, 0x00, 0x07,
    0x00, 0x07, 0x00, 0x07, 0x87, 0xC7, 0x87, 0xC7, 0x87, 0xC7, 0x87, 0xFF, 0x87, 0xFF, 0x87, 0xFF,
    0x87, 0xFF, 0x80, 0x1F, 0x80, 0x1F, 0x80, 0x1F, 0x87, 0xFF, 0x87, 0xFF, 0x87, 0xFF, 0x87, 0xFF,
    0x87, 0xFF, 0x87, 0xC7, 0x87, 0xC7, 0x87, 0xC7, 0x00, 0x07, 0x00, 0x07, 0x00, 0x07, 0xFF, 0x8F,
    0xFF, 0x8F, 0xFF, 0x1F, 0xFF, 0x1F, 0xFF, 0x07, 0xFF, 0x03, 0xFF, 0xC7, 0xF0, 0x3F, 0xE0, 0x1F,
    0xC0, 0x0F, 0x83, 0x07, 0x87, 0x87, 0x87, 0x87, 0x87, 0x87, 0x80, 0x07, 0x80, 0x07, 0x80, 0x07,
    0x8F, 0xFF, 0x87, 0xFF, 0x87, 0x87, 0x83, 0x07, 0xC0, 0x07, 0xE0, 0x07, 0xF0, 0x0F, 0xFF, 0x8F,
    0xFF, 0x1F, 0xFF, 0x1F, 0xFF, 0x1F, 0xFF, 0x07, 0xFF, 0x07, 0xFF, 0x87, 0xFF, 0xFF, 0xE7, 0x9F,
    0xC3, 0x0F, 0xE3, 0x1F, 0xF0, 0x3F, 0xF0, 0x3F, 0xF8, 0x7F, 0xFF, 0xFF, 0xFF, 0xFF, 0x00, 0x07,
    0x00, 0x07, 0x00, 0x07, 0x87, 0xC7, 0x87, 0xC7, 0x87, 0xC7, 0x87, 0xFF, 0x87, 0xFF, 0x87, 0xFF,
    0x87, 0xFF, 0x80, 0x1F, 0x80, 0x1F, 0x80, 0x1F, 0x87, 0xFF, 0x87, 0xFF, 0x87, 0xFF, 0x87, 0xFF,
    0x87, 0xFF, 0x87, 0xC7, 0x87, 0xC7, 0x87, 0xC7, 0x00, 0x07, 0x00, 0x07, 0x00, 0x07, 0xFF, 0xFF,
    0xE7, 0x9F, 0xC3, 0x0F, 0xE3, 0x1F, 0xF0, 0x3F, 0xF0, 0x3F, 0xF8, 0x7F, 0xFF, 0xFF, 0xFF, 0xFF,
    0xF0, 0x3F, 0xE0, 0x1F, 0xC0, 0x0F, 0x83, 0x07, 0x87, 0x87, 0x87, 0x87, 0x87, 0x87, 0x80, 0x07,
    0x80, 0x07, 0x80, 0x07, 0x8F, 0xFF, 0x87, 0xFF, 0x87, 0x87, 0x83, 0x07, 0xC0, 0x07, 0xE0, 0x0F,
    0xF0, 0x3F, 0xF8, 0x7F, 0xF0, 0x3F, 0xF0, 0x3F, 0xE3, 0x1F, 0xC7, 0x8F, 0xE7, 0x9F, 0xFF, 0xFF,
    0xFF, 0xFF, 0xE0, 0xC7, 0xC0, 0x07, 0xC0, 0x07, 0x83, 0x87, 0x87, 0x87, 0x87, 0xC7, 0x8F, 0xFF,
    0x8F, 0xFF, 0x8F, 0xFF, 0x8F, 0xFF, 0x8F, 0xFF, 0x8E, 0x07, 0x8E, 0x07, 0x8E, 0x07, 0x8F, 0x87,
    0x8F, 0x87, 0x8F, 0x87, 0x8F, 0x87, 0x87, 0x87, 0x87, 0x87, 0x87, 0x07, 0x80, 0x07, 0xC0, 0x47,
    0xE0, 0xC7, 0xF8, 0x7F, 0xF0, 0x3F, 0xF0, 0x3F, 0xE3, 0x1F, 0xC7, 0x8F, 0xE7, 0x9F, 0xFF, 0xFF,
    0xFF, 0xFF, 0xE0, 0x83, 0xC0, 0x03, 0x80, 0x03, 0x83, 0x07, 0x87, 0x87, 0x87, 0x87, 0x8F, 0x87,
    0x8F, 0x87, 0x8F, 0x87, 0x8F, 0x87, 0x8F, 0x87, 0x87, 0x87, 0x87, 0x87, 0x83, 0x07, 0x80, 0x07,
    0xC0, 0x07, 0xE0, 0x87, 0xFF, 0x87, 0xFF, 0x87, 0x87, 0x87, 0x83, 0x07, 0xC0, 0x0F, 0xC0, 0x1F,
    0xF0, 0x3F, 0xC7, 0x8F, 0xE3, 0x1F, 0xE0, 0x1F, 0xF0, 0x3F, 0xF8, 0x7F, 0xFF, 0xFF, 0xFF, 0xFF,
    0xE0, 0xC7, 0xC0, 0x07, 0xC0, 0x07, 0x83, 0x87, 0x87, 0x87, 0x87, 0xC7, 0x8F, 0xFF, 0x8F, 0xFF,
    0x8F, 0xFF, 0x8F, 0xFF, 0x8F, 0xFF, 0x8E, 0x07, 0x8E, 0x07, 0x8E, 0x07, 0x8F, 0x87, 0x8F, 0x87,
    0x8F, 0x87, 0x8F, 0x87, 0x87, 0x87, 0x87, 0x87, 0x87, 0x07, 0x80, 0x07, 0xC0, 0x47, 0xE0, 0xC7,
    0xC7, 0x8F, 0xE3, 0x1F, 0xE0, 0x1F, 0xF0, 0x3F, 0xF8, 0x7F, 0xFF, 0xFF, 0xFF, 0xFF, 0xE0, 0x83,
    0xC0, 0x03, 0x80, 0x03, 0x87, 0x07, 0x87, 0x87, 0x87, 0x87, 0x8F, 0x87, 0x8F, 0x87, 0x8F, 0x87,
    0x8F, 0x87, 0x8F, 0x87, 0x87, 0x87, 0x87, 0x87, 0x83, 0x07, 0x80, 0x07, 0xC0, 0x07, 0xE0, 0x87,
    0xFF, 0x87, 0xFF, 0x87, 0x87, 0x87, 0x83, 0x07, 0xC0, 0x0F, 0xC0, 0x1F, 0xF0, 0x3F, 0xFF, 0xFF,
    0xF8, 0x7F, 0xF0, 0x3F, 0xF0, 0x3F, 0xF8, 0x7F, 0xF8, 0x7F, 0xFF, 0xFF, 0xFF, 0xFF, 0xE0, 0xC7,
    0xC0, 0x07, 0xC0, 0x07, 0x83, 0x87, 0x87, 0x87, 0x87, 0xC7, 0x8F, 0xFF, 0x8F, 0xFF, 0x8F, 0xFF,
    0x8F, 0xFF, 0x8F, 0xFF, 0x8E, 0x07, 0x8E, 0x07, 0x8E, 0x07, 0x8F, 0x87, 0x8F, 0x87, 0x8F, 0x87,
    0x8F, 0x87, 0x87, 0x87, 0x87, 0x87, 0x87, 0x07, 0x80, 0x07, 0xC0, 0x47, 0xE0, 0xC7, 0xF8, 0x7F,
    0xF8, 0x7F, 0xF0, 0x3F, 0xF0, 0x3F, 0xF8, 0x7F, 0xFF, 0xFF, 0xFF, 0xFF, 0xE0, 0x83, 0xC0, 0x03,
    0x80, 0x03, 0x87, 0x07, 0x87, 0x87, 0x87, 0x87, 0x8F, 0x87, 0x8F, 0x87, 0x8F, 0x87, 0x8F, 0x87,
    0x8F, 0x87, 0x87, 0x87, 0x87, 0x87, 0x83, 0x07, 0x80, 0x07, 0xC0, 0x07, 0xE0, 0x87, 0xFF, 0x87,
    0xFF, 0x87, 0x87, 0x87, 0x83, 0x07, 0xC0, 0x0F, 0xC0, 0x1F, 0xF0, 0x3F, 0xE0, 0xC7, 0xC0, 0x07,
    0xC0, 0x07, 0x83, 0x87, 0x87, 0x87, 0x87, 0xC7, 0x8F, 0xFF, 0x8F, 0xFF, 0x8F, 0xFF, 0x8F, 0xFF,
    0x8F, 0xFF, 0x8E, 0x07, 0x8E, 0x07, 0x8E, 0x07, 0x8F, 0x87, 0x8F, 0x87, 0x8F, 0x87, 0x8F, 0x87,
    0x87, 0x87, 0x87, 0x87, 0x87, 0x07, 0x80, 0x07, 0xC0, 0x47, 0xE0, 0xC7, 0xFF, 0xFF, 0xFC, 0xFF,
    0xF8, 0x7F, 0xF8, 0x7F, 0xF8, 0x7F, 0xFC, 0x7F, 0xF8, 0xFF, 0xFD, 0xFF, 0xFF, 0xFF, 0xFF, 0xFF,
    0xFE, 0xFF, 0xFC, 0x7F, 0xF8, 0xFF, 0xF8, 0x7F, 0xF8, 0x7F, 0xF8, 0x7F, 0xFC, 0xFF, 0xFF, 0xFF,
    0xE0, 0x83, 0xC0, 0x03, 0x80, 0x03, 0x87, 0x07, 0x87, 0x87, 0x87, 0x87, 0x8F, 0x87, 0x8F, 0x87,
    0x8F, 0x87, 0x8F, 0x87, 0x8F, 0x87, 0x87, 0x87, 0x87, 0x87, 0x83, 0x07, 0x80, 0x07, 0xC0, 0x07,
    0xE0, 0x87, 0xFF, 0x87, 0xFF, 0x87, 0x87, 0x87, 0x83, 0x07, 0xC0, 0x0F, 0xC0, 0x1F, 0xF0, 0x3F,
    0xFC, 0x3F, 0xF8, 0x1F, 0xF8, 0x1F, 0xF1, 0x8F, 0xE3, 0xC7, 0xF7, 0xEF, 0xFF, 0xFF, 0xFF, 0xFF,
    0x81, 0x81, 0x81, 0x81, 0x81, 0x81, 0xC3, 0xC3, 0xC3, 0xC3, 0xC3, 0xC3, 0xC3, 0xC3, 0xC3, 0xC3,
    0xC3, 0xC3, 0xC3, 0xC3, 0xC0, 0x03, 0xC0, 0x03, 0xC0, 0x03, 0xC3, 0xC3, 0xC3, 0xC3, 0xC3, 0xC3,
    0xC3, 0xC3, 0xC3, 0xC3, 0xC3, 0xC3, 0xC3, 0xC3, 0xC3, 0xC3, 0x81, 0x81, 0x81, 0x81, 0x81, 0x81,
    0xE1, 0xFF, 0xFF, 0xC1, 0xFF, 0xFF, 0x80, 0xFF, 0xFF, 0x8C, 0x7F, 0xFF, 0x1C, 0x7F, 0xFF, 0xBE,
    0x7F, 0xFF, 0xFF, 0xFF, 0xFF, 0xFF, 0xFF, 0xFF, 0xC1, 0xFF, 0xFF, 0xC1, 0xFF, 0xFF, 0xC1, 0xFF,
    0xFF, 0xE1, 0xFF, 0xFF, 0xE1, 0xFF, 0xFF, 0xE1, 0xFF, 0xFF, 0xE1, 0xFF, 0xFF, 0xE1, 0x07, 0xFF,
    0xE0, 0x03, 0xFF, 0xE0, 0x03, 0xFF, 0xE0, 0xC1, 0xFF, 0xE1, 0xE1, 0xFF, 0xE1, 0xE1, 0xFF, 0xE1,
    0xE1, 0xFF, 0xE1, 0xE1, 0xFF, 0xE1, 0xE1, 0xFF, 0xE1, 0xE1, 0xFF, 0xE1, 0xE1, 0xFF, 0xE1, 0xE1,
    0xFF, 0xE1, 0xE1, 0xFF, 0xE1, 0xE1, 0xFF, 0xC0, 0xC0, 0xFF, 0xC0, 0xC0, 0xFF, 0xC0, 0xC0, 0xFF,
    0x81, 0x81, 0x81, 0x81, 0x81, 0x81, 0xC3, 0xC3, 0xC3, 0xC3, 0x80, 0x01, 0x00, 0x00, 0x00, 0x00,
    0xC3, 0xC3, 0xC3, 0xC3, 0xC0, 0x03, 0xC0, 0x03, 0xC0, 0x03, 0xC3, 0xC3, 0xC3, 0xC3, 0xC3, 0xC3,
    0xC3, 0xC3, 0xC3, 0xC3, 0xC3, 0xC3, 0xC3, 0xC3, 0xC3, 0xC3, 0x81, 0x81, 0x81, 0x81, 0x81, 0x81,
    0x83, 0xFF, 0x83, 0xFF, 0x83, 0xFF, 0xC3, 0xFF, 0xC3, 0xFF, 0x00, 0xFF, 0x00, 0xFF, 0xC2, 0x0F,
    0xC0, 0x07, 0xC0, 0x07, 0xC1, 0x83, 0xC3, 0xC3, 0xC3, 0xC3, 0xC3, 0xC3, 0xC3, 0xC3, 0xC3, 0xC3,
    0xC3, 0xC3, 0xC3, 0xC3, 0xC3, 0xC3, 0xC3, 0xC3, 0xC3, 0xC3, 0x81, 0x81, 0x81, 0x81, 0x81, 0x81,
    0xFF, 0xFF, 0xE1, 0xCF, 0xC0, 0x87, 0x80, 0x0F, 0x8C, 0x0F, 0xCE, 0x1F, 0xFF, 0xFF, 0xFF, 0xFF,
    0x80, 0x07, 0x80, 0x07, 0x80, 0x07, 0xF8, 0x7F, 0xF8, 0x7F, 0xF8, 0x7F, 0xF8, 0x7F, 0xF8, 0x7F,
    0xF8, 0x7F, 0xF8, 0x7F, 0xF8, 0x7F, 0xF8, 0x7F, 0xF8, 0x7F, 0xF8, 0x7F, 0xF8, 0x7F, 0xF8, 0x7F,
    0xF8, 0x7F, 0xF8, 0x7F, 0xF8, 0x7F, 0xF8, 0x7F, 0xF8, 0x7F, 0x80, 0x07, 0x80, 0x07, 0x80, 0x07,
    0xFF, 0xFF, 0xE1, 0xCF, 0xC0, 0x87, 0x80, 0x0F, 0x8C, 0x0F, 0xCE, 0x1F, 0xFF, 0xFF, 0xFF, 0xFF,
    0xC0, 0x7F, 0xC0, 0x7F, 0xC0, 0x7F, 0xF8, 0x7F, 0xF8, 0x7F, 0xF8, 0x7F, 0xF8, 0x7F, 0xF8, 0x7F,
    0xF8, 0x7F, 0xF8, 0x7F, 0xF8, 0x7F, 0xF8, 0x7F, 0xF8, 0x7F, 0xF8, 0x7F, 0x80, 0x07, 0x80, 0x07,
    0x80, 0x07, 0x80, 0x1F, 0x80, 0x1F, 0x80, 0x1F, 0xFF, 0xFF, 0xFF, 0xFF, 0xFF, 0xFF, 0x00, 0x0F,
    0x00, 0x0F, 0x00, 0x0F, 0xF0, 0xFF, 0xF0, 0xFF, 0xF0, 0xFF, 0xF0, 0xFF, 0xF0, 0xFF, 0xF0, 0xFF,
    0xF0, 0xFF, 0xF0, 0xFF, 0xF0, 0xFF, 0xF0, 0xFF, 0xF0, 0xFF, 0xF0, 0xFF, 0xF0, 0xFF, 0xF0, 0xFF,
    0xF0, 0xFF, 0xF0, 0xFF, 0xF0, 0xFF, 0xF0, 0xFF, 0x00, 0x0F, 0x00, 0x0F, 0x00, 0x0F, 0x80, 0x1F,
    0x80, 0x1F, 0x80, 0x1F, 0xFF, 0xFF, 0xFF, 0xFF, 0xFF, 0xFF, 0x80, 0xFF, 0x80, 0xFF, 0x80, 0xFF,
    0xF0, 0xFF, 0xF0, 0xFF, 0xF0, 0xFF, 0xF0, 0xFF, 0xF0, 0xFF, 0xF0, 0xFF, 0xF0, 0xFF, 0xF0, 0xFF,
    0xF0, 0xFF, 0xF0, 0xFF, 0xF0, 0xFF, 0x00, 0x0F, 0x00, 0x0F, 0x00, 0x0F, 0x8F, 0x1F, 0xC6, 0x3F,
    0xC0, 0x3F, 0xE0, 0x7F, 0xF0, 0xFF, 0xFF, 0xFF, 0xFF, 0xFF, 0x00, 0x0F, 0x00, 0x0F, 0x00, 0x0F,
    0xF0, 0xFF, 0xF0, 0xFF, 0xF0, 0xFF, 0xF0, 0xFF, 0xF0, 0xFF, 0xF0, 0xFF, 0xF0, 0xFF, 0xF0, 0xFF,
    0xF0, 0xFF, 0xF0, 0xFF, 0xF0, 0xFF, 0xF0, 0xFF, 0xF0, 0xFF, 0xF0, 0xFF, 0xF0, 0xFF, 0xF0, 0xFF,
    0xF0, 0xFF, 0xF0, 0xFF, 0x00, 0x0F, 0x00, 0x0F, 0x00, 0x0F, 0xCF, 0x1F, 0xC6, 0x1F, 0xC0, 0x3F,
    0xE0, 0x3F, 0xF0, 0xFF, 0xFF, 0xFF, 0xFF, 0xFF, 0x80, 0xFF, 0x80, 0xFF, 0x80, 0xFF, 0xF0, 0xFF,
    0xF0, 0xFF, 0xF0, 0xFF, 0xF0, 0xFF, 0xF0, 0xFF, 0xF0, 0xFF, 0xF0, 0xFF, 0xF0, 0xFF, 0xF0, 0xFF,
    0xF0, 0xFF, 0xF0, 0xFF, 0x00, 0x0F, 0x00, 0x0F, 0x00, 0x0F, 0x00, 0x0F, 0x00, 0x0F, 0x00, 0x0F,
    0xF0, 0xFF, 0xF0, 0xFF, 0xF0, 0xFF, 0xF0, 0xFF, 0xF0, 0xFF, 0xF0, 0xFF, 0xF0, 0xFF, 0xF0, 0xFF,
    0xF0, 0xFF, 0xF0, 0xFF, 0xF0, 0xFF, 0xF0, 0xFF, 0xF0, 0xFF, 0xF0, 0xFF, 0xF0, 0xFF, 0xF0, 0xFF,
    0xF0, 0xFF, 0xF0, 0xFF, 0x00, 0x0F, 0x00, 0x0F, 0x00, 0x0F, 0xFF, 0x1F, 0xFE, 0x3F, 0xFE, 0x3F,
    0xFE, 0x3F, 0xFE, 0x0F, 0xFE, 0x0F, 0xFF, 0x0F, 0xF0, 0xFF, 0xF0, 0x7F, 0xE0, 0x7F, 0xF0, 0x7F,
    0xF0, 0xFF, 0xFF, 0xFF, 0xFF, 0xFF, 0x80, 0xFF, 0x80, 0xFF, 0x80, 0xFF, 0xF0, 0xFF, 0xF0, 0xFF,
    0xF0, 0xFF, 0xF0, 0xFF, 0xF0, 0xFF, 0xF0, 0xFF, 0xF0, 0xFF, 0xF0, 0xFF, 0xF0, 0xFF, 0xF0, 0xFF,
    0xF0, 0xFF, 0x00, 0x0F, 0x00, 0x0F, 0x00, 0x0F, 0xFF, 0x1F, 0xFE, 0x3F, 0xFE, 0x3F, 0xFE, 0x3F,
    0xFE, 0x0F, 0xFE, 0x0F, 0xFF, 0x0F, 0xF0, 0xFF, 0xF0, 0xFF, 0xE0, 0x7F, 0xE0, 0x7F, 0xF0, 0xFF,
    0xFF, 0xFF, 0xFF, 0xFF, 0x00, 0x0F, 0x00, 0x0F, 0x00, 0x0F, 0xF0, 0xFF, 0xF0, 0xFF, 0xF0, 0xFF,
    0xF0, 0xFF, 0xF0, 0xFF, 0xF0, 0xFF, 0xF0, 0xFF, 0xF0, 0xFF, 0xF0, 0xFF, 0xF0, 0xFF, 0xF0, 0xFF,
    0xF0, 0xFF, 0xF0, 0xFF, 0xF0, 0xFF, 0xF0, 0xFF, 0xF0, 0xFF, 0xF0, 0xFF, 0xF0, 0xFF, 0x00, 0x0F,
    0x00, 0x0F, 0x00, 0x0F, 0x80, 0xFF, 0x80, 0xFF, 0x80, 0xFF, 0xF0, 0xFF, 0xF0, 0xFF, 0xF0, 0xFF,
    0xF0, 0xFF, 0xF0, 0xFF, 0xF0, 0xFF, 0xF0, 0xFF, 0xF0, 0xFF, 0xF0, 0xFF, 0xF0, 0xFF, 0xF0, 0xFF,
    0x00, 0x0F, 0x00, 0x0F, 0x00, 0x0F, 0x00, 0x81, 0x00, 0x81, 0x00, 0x81, 0xC3, 0xE1, 0xC3, 0xE1,
    0xC3, 0xE1, 0xC3, 0xE1, 0xC3, 0xE1, 0xC3, 0xE1, 0xC3, 0xE1, 0xC3, 0xE1, 0xC3, 0xE1, 0xC3, 0xE1,
    0xC3, 0xE1, 0xC3, 0xE1, 0xC3, 0xE1, 0xC3, 0xE1, 0xC3, 0xE3, 0xC3, 0x03, 0xC3, 0x03, 0xC3, 0x03,
    0x00, 0x03, 0x00, 0x87, 0x00, 0xC7, 0xE3, 0xF1, 0xC1, 0xE0, 0xC1, 0xE0, 0xC1, 0xE0, 0xE3, 0xF1,
    0xFF, 0xFF, 0xFF, 0xFF, 0x83, 0xC1, 0x83, 0xC1, 0x83, 0xC1, 0xE3, 0xF1, 0xE3, 0xF1, 0xE3, 0xF1,
    0xE3, 0xF1, 0xE3, 0xF1, 0xE3, 0xF1, 0xE3, 0xF1, 0xE3, 0xF1, 0xE3, 0xF1, 0xE3, 0xF1, 0xE3, 0xF1,
    0x00, 0xF1, 0x00, 0xF1, 0x00, 0xF1, 0xFF, 0xF1, 0xFF, 0xF1, 0xFE, 0x31, 0xFE, 0x21, 0xFE, 0x01,
    0xFF, 0x03, 0xFF, 0x87, 0xFE, 0x0F, 0xFC, 0x0F, 0xFC, 0x07, 0xF8, 0xC3, 0xF9, 0xE3, 0xFD, 0xF7,
    0xFF, 0xFF, 0xFF, 0xFF, 0xF0, 0x0F, 0xF0, 0x0F, 0xF0, 0x0F, 0xFF, 0x0F, 0xFF, 0x0F, 0xFF, 0x0F,
    0xFF, 0x0F, 0xFF, 0x0F, 0xFF, 0x0F, 0xFF, 0x0F, 0xFF, 0x0F, 0xFF, 0x0F, 0xFF, 0x0F, 0xFF, 0x0F,
    0xFF, 0x0F, 0xFF, 0x0F, 0xFF, 0x0F, 0xFF, 0x0F, 0x0F, 0x0F, 0x8F, 0x0F, 0x86, 0x0F, 0x80, 0x1F,
    0xC0, 0x3F, 0xE0, 0x7F, 0xFE, 0x0F, 0xFE, 0x07, 0xFC, 0x07, 0xFC, 0x63, 0xF8, 0xF3, 0xFD, 0xF7,
    0xFF, 0xFF, 0xFF, 0xFF, 0xF0, 0x0F, 0xF0, 0x0F, 0xF0, 0x0F, 0xFF, 0x0F, 0xFF, 0x0F, 0xFF, 0x0F,
    0xFF, 0x0F, 0xFF, 0x0F, 0xFF, 0x0F, 0xFF, 0x0F, 0xFF, 0x0F, 0xFF, 0x0F, 0xFF, 0x0F, 0xFF, 0x0F,
    0xFF, 0x0F, 0xFF, 0x0F, 0xFF, 0x0F, 0xFF, 0x0F, 0x9F, 0x0F, 0x0F, 0x0F, 0x06, 0x1F, 0x80, 0x1F,
    0xC0, 0x3F, 0xE0, 0x7F, 0x03, 0x83, 0x03, 0x83, 0x03, 0x03, 0x87, 0x0F, 0x86, 0x1F, 0x86, 0x1F,
    0x86, 0x3F, 0x84, 0x3F, 0x80, 0x7F, 0x80, 0x7F, 0x80, 0xFF, 0x80, 0xFF, 0x80, 0x7F, 0x80, 0x7F,
    0x80, 0x3F, 0x80, 0x3F, 0x86, 0x3F, 0x86, 0x1F, 0x87, 0x1F, 0x87, 0x0F, 0x87, 0x0F, 0x03, 0x83,
    0x03, 0x83, 0x03, 0xC3, 0xFF, 0xFF, 0xFC, 0xFF, 0xF8, 0x7F, 0xF8, 0x7F, 0xF8, 0x7F, 0xFC, 0x7F,
    0xF8, 0xFF, 0xFD, 0xFF, 0xFF, 0xFF, 0x07, 0xFF, 0x07, 0xFF, 0x07, 0xFF, 0x87, 0xFF, 0x87, 0xFF,
    0x87, 0xFF, 0x87, 0xFF, 0x87, 0x83, 0x87, 0x83, 0x87, 0x03, 0x86, 0x0F, 0x86, 0x1F, 0x84, 0x3F,
    0x80, 0x7F, 0x80, 0x7F, 0x80, 0x7F, 0x80, 0x3F, 0x80, 0x3F, 0x82, 0x1F, 0x86, 0x1F, 0x87, 0x0F,
    0x03, 0x83, 0x03, 0x83, 0x03, 0xC3, 0xFF, 0xFF, 0xFC, 0xFF, 0xF8, 0x7F, 0xF8, 0x7F, 0xF8, 0x7F,
    0xFC, 0x7F, 0xF8, 0xFF, 0xFD, 0xFF, 0xFF, 0xFF, 0x07, 0x83, 0x07, 0x83, 0x07, 0x03, 0x86, 0x0F,
    0x86, 0x1F, 0x84, 0x3F, 0x80, 0x7F, 0x80, 0x7F, 0x80, 0x7F, 0x80, 0x3F, 0x80, 0x3F, 0x82, 0x1F,
    0x86, 0x1F, 0x87, 0x0F, 0x03, 0x83, 0x03, 0x83, 0x03, 0xC3, 0xFF, 0xFF, 0xFB, 0xFF, 0xF1, 0xFF,
    0xE1, 0xFF, 0xC3, 0xFF, 0xC7, 0xFF, 0xCF, 0xFF, 0xFF, 0xFF, 0xFF, 0xFF, 0x80, 0xFF, 0x80, 0xFF,
    0x80, 0xFF, 0xC3, 0xFF, 0xC3, 0xFF, 0xC3, 0xFF, 0xC3, 0xFF, 0xC3, 0xFF, 0xC3, 0xFF, 0xC3, 0xFF,
    0xC3, 0xFF, 0xC3, 0xFF, 0xC3, 0xFF, 0xC3, 0xFF, 0xC3, 0xFF, 0xC3, 0xFF, 0xC3, 0xFF, 0xC3, 0xFF,
    0xC3, 0xC7, 0xC3, 0xC7, 0xC3, 0xC7, 0x80, 0x07, 0x80, 0x07, 0x80, 0x07, 0xFF, 0xFF, 0xFE, 0x7F,
    0xFC, 0x3F, 0xFC, 0x3F, 0xF8, 0x7F, 0xF0, 0xFF, 0xF9, 0xFF, 0xFF, 0xFF, 0xFF, 0xFF, 0x80, 0xFF,
    0x80, 0xFF, 0x80, 0xFF, 0xF0, 0xFF, 0xF0, 0xFF, 0xF0, 0xFF, 0xF0, 0xFF, 0xF0, 0xFF, 0xF0, 0xFF,
    0xF0, 0xFF, 0xF0, 0xFF, 0xF0, 0xFF, 0xF0, 0xFF, 0xF0, 0xFF, 0xF0, 0xFF, 0xF0, 0xFF, 0xF0, 0xFF,
    0xF0, 0xFF, 0xF0, 0xFF, 0xF0, 0xFF, 0xF0, 0xFF, 0x00, 0x0F, 0x00, 0x0F, 0x00, 0x0F, 0x80, 0xFF,
    0x80, 0xFF, 0x80, 0xFF, 0xC3, 0xFF, 0xC3, 0xFF, 0xC3, 0xFF, 0xC3, 0xFF, 0xC3, 0xFF, 0xC3, 0xFF,
    0xC3, 0xFF, 0xC3, 0xFF, 0xC3, 0xFF, 0xC3, 0xFF, 0xC3, 0xFF, 0xC3, 0xFF, 0xC3, 0xFF, 0xC3, 0xFF,
    0xC3, 0xFF, 0xC3, 0xC7, 0xC3, 0xC7, 0xC3, 0xC7, 0x80, 0x07, 0x80, 0x07, 0x80, 0x07, 0xFF, 0xFF,
    0xFC, 0xFF, 0xF8, 0x7F, 0xF8, 0x7F, 0xF8, 0x7F, 0xFC, 0x7F, 0xF8, 0xFF, 0xFD, 0xFF, 0xFF, 0xFF,
    0x80, 0xFF, 0x80, 0xFF, 0x80, 0xFF, 0xF0, 0xFF, 0xF0, 0xFF, 0xF0, 0xFF, 0xF0, 0xFF, 0xF0, 0xFF,
    0xF0, 0xFF, 0xF0, 0xFF, 0xF0, 0xFF, 0xF0, 0xFF, 0xF0, 0xFF, 0xF0, 0xFF, 0xF0, 0xFF, 0xF0, 0xFF,
    0xF0, 0xFF, 0xF0, 0xFF, 0xF0, 0xFF, 0xF0, 0xFF, 0xF0, 0xFF, 0x00, 0x0F, 0x00, 0x0F, 0x00, 0x0F,
    0xFF, 0xFF, 0xFD, 0xFF, 0xF0, 0xFF, 0xF0, 0xFF, 0xF8, 0xFF, 0xF8, 0xFF, 0xF9, 0xFF, 0xF9, 0xFF,
    0xFF, 0xFF, 0xFF, 0xC7, 0x80, 0xC7, 0x80, 0xC7, 0x80, 0xE7, 0xC3, 0xC7, 0xC3, 0xCF, 0xC3, 0xFF,
    0xC3, 0xFF, 0xC3, 0xFF, 0xC3, 0xFF, 0xC3, 0xFF, 0xC3, 0xFF, 0xC3, 0xFF, 0xC3, 0xFF, 0xC3, 0xFF,
    0xC3, 0xFF, 0xC3, 0xFF, 0xC3, 0xFF, 0xC3, 0xFF, 0xC3, 0xC7, 0xC3, 0xC7, 0xC3, 0xC7, 0x80, 0x07,
    0x80, 0x07, 0x80, 0x07, 0xFF, 0xC7, 0x80, 0x87, 0x80, 0xC7, 0x80, 0xC7, 0xF0, 0xC7, 0xF0, 0xCF,
    0xF0, 0xFF, 0xF0, 0xFF, 0xF0, 0xFF, 0xF0, 0xFF, 0xF0, 0xFF, 0xF0, 0xFF, 0xF0, 0xFF, 0xF0, 0xFF,
    0xF0, 0xFF, 0xF0, 0xFF, 0xF0, 0xFF, 0xF0, 0xFF, 0xF0, 0xFF, 0xF0, 0xFF, 0xF0, 0xFF, 0xF0, 0xFF,
    0x00, 0x0F, 0x00, 0x0F, 0x00, 0x0F, 0x80, 0xFF, 0x80, 0xFF, 0x80, 0xFF, 0xC3, 0xFF, 0xC3, 0xFF,
    0xC3, 0xFF, 0xC3, 0xFF, 0xC3, 0xFF, 0xC3, 0x0F, 0xC2, 0x0F, 0xC2, 0x07, 0xC2, 0x07, 0xC2, 0x0F,
    0xC3, 0x1F, 0xC3, 0xFF, 0xC3, 0xFF, 0xC3, 0xFF, 0xC3, 0xFF, 0xC3, 0xE7, 0xC3, 0xC7, 0xC3, 0xC7,
    0x80, 0x07, 0x80, 0x07, 0x80, 0x07, 0x00, 0xFF, 0x00, 0xFF, 0x00, 0xFF, 0xF0, 0xFF, 0xF0, 0xFF,
    0xF0, 0xFF, 0xF0, 0xFF, 0xF0, 0xFF, 0xF0, 0x87, 0xF0, 0x03, 0xF0, 0x03, 0xF0, 0x03, 0xF0, 0x83,
    0xF0, 0xCF, 0xF0, 0xFF, 0xF0, 0xFF, 0xF0, 0xFF, 0xF0, 0xFF, 0xF0, 0xFF, 0xF0, 0xFF, 0xF0, 0xFF,
    0x00, 0x1F, 0x00, 0x1F, 0x00, 0x1F, 0xC0, 0x7F, 0xC0, 0x7F, 0xC0, 0x7F, 0xE1, 0xFF, 0xE1, 0xFF,
    0xE1, 0xFF, 0xE1, 0xFF, 0xE1, 0xFF, 0xE1, 0xFF, 0xE0, 0x3F, 0xE0, 0x3F, 0xE0, 0x7F, 0xC1, 0xFF,
    0x01, 0xFF, 0x81, 0xFF, 0xE1, 0xFF, 0xE1, 0xFF, 0xE1, 0xFF, 0xE1, 0xE3, 0xE1, 0xE3, 0xE1, 0xE3,
    0xC0, 0x03, 0xC0, 0x03, 0xC0, 0x03, 0x80, 0xFF, 0x80, 0xFF, 0x80, 0xFF, 0xF0, 0xFF, 0xF0, 0xFF,
    0xF0, 0xFF, 0xF0, 0xFF, 0xF0, 0xFF, 0xF0, 0xBF, 0xF0, 0x1F, 0xF0, 0x1F, 0xE0, 0x7F, 0x80, 0xFF,
    0x80, 0xFF, 0xD0, 0xFF, 0xF0, 0xFF, 0xF0, 0xFF, 0xF0, 0xFF, 0xF0, 0xFF, 0xF0, 0xFF, 0xF0, 0xFF,
    0x00, 0x0F, 0x00, 0x0F, 0x00, 0x0F, 0xFF, 0xFF, 0xFF, 0xBF, 0xFF, 0x0F, 0xFE, 0x1F, 0xFE, 0x3F,
    0xFC, 0x7F, 0xFE, 0xFF, 0xFF, 0xFF, 0xFF, 0xFF, 0x83, 0x81, 0x83, 0x81, 0x81, 0x81, 0xC1, 0xC3,
    0xC1, 0xC3, 0xC1, 0xC3, 0xC0, 0xC3, 0xC0, 0xC3, 0xC0, 0xC3, 0xC0, 0x43, 0xC0, 0x43, 0xC0, 0x43,
    0xC2, 0x03, 0xC2, 0x03, 0xC2, 0x03, 0xC3, 0x03, 0xC3, 0x03, 0xC3, 0x03, 0xC3, 0x83, 0xC3, 0x83,
    0xC3, 0x83, 0x81, 0x83, 0x81, 0xC3, 0x81, 0xC3, 0xFF, 0xBF, 0xFF, 0x1F, 0xFF, 0x0F, 0xFE, 0x1F,
    0xFC, 0x3F, 0xFC, 0x7F, 0xFF, 0xFF, 0xFF, 0xFF, 0x82, 0x0F, 0x80, 0x07, 0x80, 0x07, 0xC1, 0x83,
    0xC3, 0xC3, 0xC3, 0xC3, 0xC3, 0xC3, 0xC3, 0xC3, 0xC3, 0xC3, 0xC3, 0xC3, 0xC3, 0xC3, 0xC3, 0xC3,
    0xC3, 0xC3, 0xC3, 0xC3, 0x81, 0x81, 0x81, 0x81, 0x81, 0x81, 0x83, 0x81, 0x83, 0x81, 0x81, 0x81,
    0xC1, 0xC3, 0xC1, 0xC3, 0xC1, 0xC3, 0xC0, 0xC3, 0xC0, 0xC3, 0xC0, 0xC3, 0xC0, 0x43, 0xC0, 0x43,
    0xC0, 0x43, 0xC2, 0x03, 0xC2, 0x03, 0xC2, 0x03, 0xC3, 0x03, 0xC3, 0x03, 0xC3, 0x03, 0xC3, 0x83,
    0xC3, 0x83, 0xC3, 0x83, 0x81, 0x83, 0x81, 0xC3, 0x81, 0xC3, 0xFF, 0xFF, 0xFE, 0x7F, 0xFC, 0x3F,
    0xFC, 0x3F, 0xFC, 0x3F, 0xFE, 0x3F, 0xFC, 0x7F, 0xFE, 0xFF, 0xFF, 0xFF, 0x82, 0x0F, 0x80, 0x07,
    0x80, 0x07, 0xC1, 0x83, 0xC3, 0xC3, 0xC3, 0xC3, 0xC3, 0xC3, 0xC3, 0xC3, 0xC3, 0xC3, 0xC3, 0xC3,
    0xC3, 0xC3, 0xC3, 0xC3, 0xC3, 0xC3, 0xC3, 0xC3, 0x81, 0x81, 0x81, 0x81, 0x81, 0x81, 0xFF, 0xFF,
    0xFE, 0x7F, 0xFC, 0x3F, 0xFC, 0x3F, 0xFC, 0x3F, 0xFE, 0x3F, 0xFC, 0x7F, 0xFE, 0xFF, 0xFF, 0xFF,
    0xFF, 0xFF, 0xF3, 0xCF, 0xE1, 0x87, 0xF1, 0x8F, 0xF8, 0x1F, 0xF8, 0x1F, 0xFC, 0x3F, 0xFF, 0xFF,
    0xFF, 0xFF, 0x83, 0x81, 0x83, 0x81, 0x81, 0x81, 0xC1, 0xC3, 0xC1, 0xC3, 0xC1, 0xC3, 0xC0, 0xC3,
    0xC0, 0xC3, 0xC0, 0xC3, 0xC0, 0x43, 0xC0, 0x43, 0xC0, 0x43, 0xC2, 0x03, 0xC2, 0x03, 0xC2, 0x03,
    0xC3, 0x03, 0xC3, 0x03, 0xC3, 0x03, 0xC3, 0x83, 0xC3, 0x83, 0xC3, 0x83, 0x81, 0x83, 0x81, 0xC3,
    0x81, 0xC3, 0xFF, 0xFF, 0xF3, 0xCF, 0xE1, 0x87, 0xF1, 0x8F, 0xF8, 0x1F, 0xF8, 0x1F, 0xFC, 0x3F,
    0xFF, 0xFF, 0xFF, 0xFF, 0x82, 0x0F, 0x80, 0x07, 0x80, 0x07, 0xC1, 0x83, 0xC3, 0xC3, 0xC3, 0xC3,
    0xC3, 0xC3, 0xC3, 0xC3, 0xC3, 0xC3, 0xC3, 0xC3, 0xC3, 0xC3, 0xC3, 0xC3, 0xC3, 0xC3, 0xC3, 0xC3,
    0x81, 0x81, 0x81, 0x81, 0x81, 0x81, 0x8F, 0xFF, 0xFF, 0x8F, 0xFF, 0xFF, 0x8F, 0xFF, 0xFF, 0x8F,
    0xFF, 0xFF, 0x8F, 0xFF, 0xFF, 0x9F, 0xFF, 0xFF, 0xDF, 0xFF, 0xFF, 0xFF, 0xFF, 0xFF, 0xF0, 0x41,
    0xFF, 0xF0, 0x00, 0xFF, 0xF0, 0x00, 0xFF, 0xF8, 0x30, 0x7F, 0xF8, 0x78, 0x7F, 0xF8, 0x78, 0x7F,
    0xF8, 0x78, 0x7F, 0xF8, 0x78, 0x7F, 0xF8, 0x78, 0x7F, 0xF8, 0x78, 0x7F, 0xF8, 0x78, 0x7F, 0xF8,
    0x78, 0x7F, 0xF8, 0x78, 0x7F, 0xF8, 0x78, 0x7F, 0xF0, 0x30, 0x3F, 0xF0, 0x30, 0x3F, 0xF0, 0x30,
    0x3F, 0x82, 0x0F, 0x80, 0x07, 0x80, 0x07, 0xC1, 0x83, 0xC3, 0xC3, 0xC3, 0xC3, 0xC3, 0xC3, 0xC3,
    0xC3, 0xC3, 0xC3, 0xC3, 0xC3, 0xC3, 0xC3, 0xC3, 0xC3, 0xC3, 0xC3, 0xC3, 0xC3, 0xC3, 0xC3, 0xC3,
    0xC3, 0xC3, 0xC3, 0xC3, 0xC3, 0xC3, 0xC3, 0xC3, 0xC3, 0xC3, 0xC3, 0x81, 0x87, 0x81, 0x87, 0x81,
    0x8F, 0x82, 0x0F, 0x80, 0x07, 0x80, 0x07, 0xC1, 0x83, 0xC3, 0xC3, 0xC3, 0xC3, 0xC3, 0xC3, 0xC3,
    0xC3, 0xC3, 0xC3, 0xC3, 0xC3, 0xC3, 0xC3, 0xC3, 0xC3, 0xC3, 0xC3, 0xC3, 0xC3, 0x81, 0xC3, 0x81,
    0xC3, 0x81, 0xC3, 0xFF, 0xC3, 0xFF, 0xC3, 0xFF, 0xC3, 0xFF, 0x83, 0xFE, 0x07, 0xFE, 0x0F, 0xFE,
    0x1F, 0xC0, 0x0F, 0xC0, 0x0F, 0xC0, 0x0F, 0xFF, 0xFF, 0xFF, 0xFF, 0xFF, 0xFF, 0xF0, 0x3F, 0xE0,
    0x1F, 0xC0, 0x0F, 0x83, 0x07, 0x87, 0x87, 0x87, 0x87, 0x8F, 0xC7, 0x8F, 0xC7, 0x8F, 0xC7, 0x8F,
    0xC7, 0x8F, 0xC7, 0x8F, 0xC7, 0x8F, 0xC7, 0x8F, 0xC7, 0x8F, 0xC7, 0x8F, 0xC7, 0x8F, 0xC7, 0x8F,
    0xC7, 0x87, 0x87, 0x87, 0x87, 0x83, 0x07, 0xC0, 0x0F, 0xE0, 0x1F, 0xF0, 0x3F, 0xC0, 0x0F, 0xC0,
    0x0F, 0xC0, 0x0F, 0xFF, 0xFF, 0xFF, 0xFF, 0xFF, 0xFF, 0xF0, 0x3F, 0xE0, 0x1F, 0xC0, 0x0F, 0x83,
    0x07, 0x87, 0x87, 0x87, 0x87, 0x8F, 0xC7, 0x8F, 0xC7, 0x8F, 0xC7, 0x8F, 0xC7, 0x8F, 0xC7, 0x87,
    0x87, 0x87, 0x87, 0x83, 0x07, 0xC0, 0x0F, 0xE0, 0x1F, 0xF0, 0x3F, 0xC7, 0x8F, 0xE3, 0x1F, 0xE0,
    0x1F, 0xF0, 0x3F, 0xF8, 0x7F, 0xFF, 0xFF, 0xFF, 0xFF, 0xF0, 0x3F, 0xE0, 0x1F, 0xC0, 0x0F, 0x83,
    0x07, 0x87, 0x87, 0x87, 0x87, 0x8F, 0xC7, 0x8F, 0xC7, 0x8F, 0xC7, 0x8F, 0xC7, 0x8F, 0xC7, 0x8F,
    0xC7, 0x8F, 0xC7, 0x8F, 0xC7, 0x8F, 0xC7, 0x8F, 0xC7, 0x8F, 0xC7, 0x8F, 0xC7, 0x87, 0x87, 0x87,
    0x87, 0x83, 0x07, 0xC0, 0x0F, 0xE0, 0x1F, 0xF0, 0x3F, 0xC7, 0x8F, 0xE3, 0x1F, 0xE0, 0x1F, 0xF0,
    0x3F, 0xF8, 0x7F, 0xFF, 0xFF, 0xFF, 0xFF, 0xF0, 0x3F, 0xE0, 0x1F, 0xC0, 0x0F, 0x83, 0x07, 0x87,
    0x87, 0x87, 0x87, 0x8F, 0xC7, 0x8F, 0xC7, 0x8F, 0xC7, 0x8F, 0xC7, 0x8F, 0xC7, 0x87, 0x87, 0x87,
    0x87, 0x83, 0x07, 0xC0, 0x0F, 0xE0, 0x1F, 0xF0, 0x3F, 0xFD, 0xEF, 0xF8, 0xC7, 0xF0, 0xC3, 0xE1,
    0x87, 0xC3, 0x0F, 0xE7, 0x1F, 0xFF, 0xFF, 0xFF, 0xFF, 0xF0, 0x3F, 0xE0, 0x1F, 0xC0, 0x0F, 0x83,
    0x07, 0x87, 0x87, 0x87, 0x87, 0x8F, 0xC7, 0x8F, 0xC7, 0x8F, 0xC7, 0x8F, 0xC7, 0x8F, 0xC7, 0x8F,
    0xC7, 0x8F, 0xC7, 0x8F, 0xC7, 0x8F, 0xC7, 0x8F, 0xC7, 0x8F, 0xC7, 0x8F, 0xC7, 0x87, 0x87, 0x87,
    0x87, 0x83, 0x07, 0xC0, 0x0F, 0xE0, 0x1F, 0xF0, 0x3F, 0xFD, 0xEF, 0xF8, 0xC7, 0xF0, 0x83, 0xE1,
    0x87, 0xC3, 0x0F, 0xE7, 0x1F, 0xFF, 0xFF, 0xFF, 0xFF, 0xF0, 0x3F, 0xE0, 0x1F, 0xC0, 0x0F, 0x83,
    0x07, 0x87, 0x87, 0x87, 0x87, 0x8F, 0xC7, 0x8F, 0xC7, 0x8F, 0xC7, 0x8F, 0xC7, 0x8F, 0xC7, 0x87,
    0x87, 0x87, 0x87, 0x83, 0x07, 0xC0, 0x0F, 0xE0, 0x1F, 0xF0, 0x3F, 0xC0, 0x03, 0x80, 0x03, 0x00,
    0x03, 0x0C, 0x63, 0x1C, 0x63, 0x1C, 0x63, 0x1C, 0x7F, 0x1C, 0x7F, 0x1C, 0x7F, 0x1C, 0x7F, 0x1C,
    0x07, 0x1C, 0x07, 0x1C, 0x07, 0x1C, 0x7F, 0x1C, 0x7F, 0x1C, 0x7F, 0x1C, 0x7F, 0x1C, 0x7F, 0x1C,
    0x63, 0x1C, 0x63, 0x0C, 0x63, 0x00, 0x03, 0x80, 0x03, 0xC0, 0x03, 0xC6, 0x0F, 0x80, 0x07, 0x00,
    0x03, 0x18, 0x63, 0x18, 0x63, 0x18, 0x63, 0x18, 0x63, 0x18, 0x03, 0x18, 0x03, 0x18, 0x03, 0x18,
    0x7F, 0x18, 0x7F, 0x18, 0x63, 0x18, 0x43, 0x00, 0x03, 0x80, 0x07, 0xC6, 0x0F, 0xFF, 0xFF, 0xFF,
    0xBF, 0xFF, 0x0F, 0xFE, 0x1F, 0xFE, 0x3F, 0xFC, 0x7F, 0xFE, 0xFF, 0xFF, 0xFF, 0xFF, 0xFF, 0x80,
    0x1F, 0x80, 0x0F, 0x80, 0x07, 0xC3, 0x83, 0xC3, 0xC3, 0xC3, 0xC3, 0xC3, 0xC3, 0xC3, 0xE3, 0xC3,
    0xC3, 0xC3, 0xC3, 0xC3, 0xC3, 0xC3, 0x83, 0xC0, 0x07, 0xC0, 0x0F, 0xC0, 0x1F, 0xC2, 0x1F, 0xC3,
    0x0F, 0xC3, 0x0F, 0xC3, 0x87, 0xC3, 0x87, 0xC3, 0x87, 0x81, 0xC1, 0x81, 0xC1, 0x81, 0xE1, 0xFE,
    0xFF, 0xFC, 0x7F, 0xFC, 0x3F, 0xF8, 0x7F, 0xF0, 0xFF, 0xF1, 0xFF, 0xFF, 0xFF, 0xFF, 0xFF, 0x03,
    0x1F, 0x02, 0x0F, 0x00, 0x07, 0xC1, 0x87, 0xC1, 0x87, 0xC3, 0xFF, 0xC3, 0xFF, 0xC3, 0xFF, 0xC3,
    0xFF, 0xC3, 0xFF, 0xC3, 0xFF, 0xC3, 0xFF, 0xC3, 0xFF, 0xC3, 0xFF, 0x00, 0x7F, 0x00, 0x7F, 0x00,
    0x7F, 0x80, 0x1F, 0x80, 0x0F, 0x80, 0x07, 0xC3, 0x83, 0xC3, 0xC3, 0xC3, 0xC3, 0xC3, 0xC3, 0xC3,
    0xE3, 0xC3, 0xC3, 0xC3, 0xC3, 0xC3, 0xC3, 0xC3, 0x83, 0xC0, 0x07, 0xC0, 0x0F, 0xC0, 0x1F, 0xC2,
    0x1F, 0xC3, 0x0F, 0xC3, 0x0F, 0xC3, 0x87, 0xC3, 0x87, 0xC3, 0x87, 0x81, 0xC1, 0x81, 0xC1, 0x81,
    0xE1, 0xFF, 0xFF, 0xFE, 0x7F, 0xFC, 0x3F, 0xFC, 0x3F, 0xFC, 0x3F, 0xFE, 0x3F, 0xFC, 0x7F, 0xFE,
    0xFF, 0xFF, 0xFF, 0x03, 0x1F, 0x02, 0x0F, 0x00, 0x07, 0xC1, 0x87, 0xC1, 0x87, 0xC3, 0xFF, 0xC3,
    0xFF, 0xC3, 0xFF, 0xC3, 0xFF, 0xC3, 0xFF, 0xC3, 0xFF, 0xC3, 0xFF, 0xC3, 0xFF, 0xC3, 0xFF, 0x00,
    0x7F, 0x00, 0x7F, 0x00, 0x7F, 0xFF, 0xFF, 0xF7, 0xFF, 0xC3, 0xFF, 0xC3, 0xFF, 0xE3, 0xFF, 0xE3,
    0xFF, 0xE7, 0xFF, 0xE7, 0xFF, 0xFF, 0xFF, 0xFF, 0xFF, 0xF3, 0xCF, 0xE1, 0x87, 0xF1, 0x8F, 0xF8,
    0x1F, 0xF8, 0x1F, 0xFC, 0x3F, 0xFF, 0xFF, 0xFF, 0xFF, 0x80, 0x1F, 0x80, 0x0F, 0x80, 0x07, 0xC3,
    0x83, 0xC3, 0xC3, 0xC3, 0xC3, 0xC3, 0xC3, 0xC3, 0xE3, 0xC3, 0xC3, 0xC3, 0xC3, 0xC3, 0xC3, 0xC3,
    0x83, 0xC0, 0x07, 0xC0, 0x0F, 0xC0, 0x1F, 0xC2, 0x1F, 0xC3, 0x0F, 0xC3, 0x0F, 0xC3, 0x87, 0xC3,
    0x87, 0xC3, 0x87, 0x81, 0xC1, 0x81, 0xC1, 0x81, 0xE1, 0xFF, 0xFF, 0xCF, 0x3F, 0x8E, 0x1F, 0xC6,
    0x3F, 0xE0, 0x7F, 0xE0, 0x7F, 0xF0, 0xFF, 0xFF, 0xFF, 0xFF, 0xFF, 0x03, 0x1F, 0x02, 0x0F, 0x00,
    0x07, 0xC1, 0x87, 0xC1, 0x87, 0xC3, 0xFF, 0xC3, 0xFF, 0xC3, 0xFF, 0xC3, 0xFF, 0xC3, 0xFF, 0xC3,
    0xFF, 0xC3, 0xFF, 0xC3, 0xFF, 0xC3, 0xFF, 0x00, 0x7F, 0x00, 0x7F, 0x00, 0x7F, 0xFE, 0xFF, 0xFC,
    0x7F, 0xFC, 0x3F, 0xF8, 0x7F, 0xF0, 0xFF, 0xF1, 0xFF, 0xFF, 0xFF, 0xFF, 0xFF, 0xE1, 0x8F, 0x80,
    0x0F, 0x80, 0x0F, 0x07, 0x0F, 0x0F, 0x0F, 0x0F, 0x8F, 0x0F, 0xFF, 0x0F, 0xFF, 0x07, 0xFF, 0x83,
    0xFF, 0x81, 0xFF, 0xC0, 0x7F, 0xE0, 0x3F, 0xF8, 0x1F, 0xFC, 0x0F, 0xFF, 0x0F, 0xFF, 0x0F, 0xFF,
    0x0F, 0x1F, 0x8F, 0x0F, 0x0F, 0x0F, 0x0F, 0x00, 0x0F, 0x00, 0x1F, 0x18, 0x3F, 0xFE, 0xFF, 0xFC,
    0x7F, 0xFC, 0x3F, 0xF8, 0x7F, 0xF0, 0xFF, 0xF1, 0xFF, 0xFF, 0xFF, 0xFF, 0xFF, 0xC0, 0x8F, 0x80,
    0x0F, 0x80, 0x0F, 0x0F, 0x0F, 0x0F, 0x8F, 0x0F, 0x8F, 0x83, 0xFF, 0x80, 0x7F, 0xC0, 0x3F, 0xF0,
    0x1F, 0xFC, 0x0F, 0x1F, 0x0F, 0x1F, 0x0F, 0x0F, 0x0F, 0x00, 0x0F, 0x00, 0x1F, 0x10, 0x3F, 0xF0,
    0xFF, 0xE0, 0x7F, 0xE0, 0x7F, 0xC6, 0x3F, 0x8F, 0x1F, 0xCF, 0x3F, 0xFF, 0xFF, 0xFF, 0xFF, 0xE1,
    0x8F, 0x80, 0x0F, 0x80, 0x0F, 0x07, 0x0F, 0x0F, 0x0F, 0x0F, 0x8F, 0x0F, 0xFF, 0x0F, 0xFF, 0x07,
    0xFF, 0x83, 0xFF, 0x81, 0xFF, 0xC0, 0x7F, 0xE0, 0x3F, 0xF8, 0x1F, 0xFC, 0x0F, 0xFF, 0x0F, 0xFF,
    0x0F, 0xFF, 0x0F, 0x1F, 0x8F, 0x0F, 0x0F, 0x0F, 0x0F, 0x00, 0x0F, 0x00, 0x1F, 0x18, 0x3F, 0xF0,
    0xFF, 0xE0, 0x7F, 0xC0, 0x3F, 0xC6, 0x3F, 0x8F, 0x1F, 0xDF, 0xBF, 0xFF, 0xFF, 0xFF, 0xFF, 0xC0,
    0x8F, 0x80, 0x0F, 0x80, 0x0F, 0x0F, 0x0F, 0x0F, 0x8F, 0x07, 0x8F, 0x81, 0xFF, 0x80, 0x7F, 0xC0,
    0x3F, 0xF0, 0x1F, 0xFC, 0x0F, 0x1F, 0x0F, 0x1F, 0x0F, 0x0F, 0x0F, 0x00, 0x0F, 0x00, 0x1F, 0x10,
    0x3F, 0xE1, 0x8F, 0x80, 0x0F, 0x80, 0x0F, 0x07, 0x0F, 0x0F, 0x0F, 0x0F, 0x8F, 0x0F, 0xFF, 0x0F,
    0xFF, 0x07, 0xFF, 0x83, 0xFF, 0x81, 0xFF, 0xC0, 0x7F, 0xE0, 0x3F, 0xF8, 0x1F, 0xFE, 0x0F, 0xFF,
    0x0F, 0xFF, 0x0F, 0xFF, 0x8F, 0x1F, 0x0F, 0x0F, 0x0F, 0x06, 0x0F, 0x00, 0x0F, 0x00, 0x1F, 0x10,
    0x3F, 0xF0, 0xFF, 0xF0, 0xFF, 0xF8, 0x7F, 0xFE, 0x3F, 0xE0, 0x3F, 0xE0, 0x7F, 0xE0, 0xFF, 0xC0,
    0x8F, 0x80, 0x0F, 0x80, 0x0F, 0x0F, 0x0F, 0x0F, 0x8F, 0x0F, 0x8F, 0x83, 0xFF, 0x80, 0x7F, 0xC0,
    0x3F, 0xF0, 0x1F, 0xFC, 0x0F, 0x1F, 0x0F, 0x1F, 0x0F, 0x0E, 0x0F, 0x00, 0x0F, 0x00, 0x1F, 0x10,
    0x3F, 0xF0, 0xFF, 0xF0, 0xFF, 0xF8, 0x7F, 0xFE, 0x3F, 0xE0, 0x3F, 0xE0, 0x7F, 0xE0, 0xFF, 0xFF,
    0xFF, 0xCF, 0x3F, 0x86, 0x1F, 0xC6, 0x3F, 0xE0, 0x7F, 0xE0, 0x7F, 0xF0, 0xFF, 0xFF, 0xFF, 0xFF,
    0xFF, 0xE1, 0x8F, 0x80, 0x0F, 0x80, 0x0F, 0x07, 0x0F, 0x0F, 0x0F, 0x0F, 0x8F, 0x0F, 0xFF, 0x0F,
    0xFF, 0x07, 0xFF, 0x83, 0xFF, 0x81, 0xFF, 0xC0, 0x7F, 0xE0, 0x3F, 0xF8, 0x1F, 0xFC, 0x0F, 0xFF,
    0x0F, 0xFF, 0x0F, 0xFF, 0x0F, 0x1F, 0x8F, 0x0F, 0x0F, 0x0F, 0x0F, 0x00, 0x0F, 0x00, 0x1F, 0x18,
    0x3F, 0xFF, 0xFF, 0xCF, 0x3F, 0x86, 0x1F, 0xC6, 0x3F, 0xE0, 0x7F, 0xE0, 0x7F, 0xF0, 0xFF, 0xFF,
    0xFF, 0xFF, 0xFF, 0xC0, 0x8F, 0x80, 0x0F, 0x80, 0x0F, 0x0F, 0x0F, 0x0F, 0x8F, 0x0F, 0x8F, 0x83,
    0xFF, 0x80, 0x7F, 0xC0, 0x3F, 0xF0, 0x1F, 0xFC, 0x0F, 0x1F, 0x0F, 0x1F, 0x0F, 0x0F, 0x0F, 0x00,
    0x0F, 0x00, 0x1F, 0x10, 0x3F, 0x80, 0x07, 0x80, 0x07, 0x80, 0x07, 0x88, 0x47, 0x88, 0x47, 0x98,
    0x67, 0xF8, 0x7F, 0xF8, 0x7F, 0xF8, 0x7F, 0xF8, 0x7F, 0xF8, 0x7F, 0xF8, 0x7F, 0xF8, 0x7F, 0xF8,
    0x7F, 0xF8, 0x7F, 0xF8, 0x7F, 0xF8, 0x7F, 0xF8, 0x7F, 0xF8, 0x7F, 0xF8, 0x7F, 0xF8, 0x7F, 0xE0,
    0x1F, 0xE0, 0x1F, 0xE0, 0x1F, 0xF8, 0x7F, 0xF8, 0x7F, 0xFC, 0x3F, 0xFF, 0x1F, 0xF0, 0x1F, 0xF0,
    0x3F, 0xF0, 0x7F, 0xE3, 0xFF, 0xE3, 0xFF, 0xE3, 0xFF, 0xE3, 0xFF, 0xE3, 0xFF, 0xE3, 0xFF, 0xE3,
    0xFF, 0x00, 0x0F, 0x00, 0x0F, 0x00, 0x0F, 0xE1, 0xFF, 0xE3, 0xFF, 0xE3, 0xFF, 0xE3, 0xFF, 0xE3,
    0xFF, 0xE3, 0xFF, 0xE3, 0xFF, 0xE3, 0xFF, 0xE1, 0x87, 0xE1, 0x87, 0xE1, 0x07, 0xE0, 0x0F, 0xF0,
    0x1F, 0xF8, 0x3F, 0xFC, 0x7F, 0xFC, 0x7F, 0xFC, 0x3F, 0xFF, 0x1F, 0xF0, 0x1F, 0xF0, 0x3F, 0xF0,
    0x7F, 0xFF, 0xFF, 0xE7, 0x9F, 0xC3, 0x0F, 0xE3, 0x1F, 0xF0, 0x3F, 0xF0, 0x3F, 0xF8, 0x7F, 0xFF,
    0xFF, 0xFF, 0xFF, 0x80, 0x07, 0x80, 0x07, 0x80, 0x07, 0x88, 0x47, 0x88, 0x47, 0x98, 0x67, 0xF8,
    0x7F, 0xF8, 0x7F, 0xF8, 0x7F, 0xF8, 0x7F, 0xF8, 0x7F, 0xF8, 0x7F, 0xF8, 0x7F, 0xF8, 0x7F, 0xF8,
    0x7F, 0xF8, 0x7F, 0xF8, 0x7F, 0xF8, 0x7F, 0xF8, 0x7F, 0xF8, 0x7F, 0xF8, 0x7F, 0xE0, 0x1F, 0xE0,
    0x1F, 0xE0, 0x1F, 0xFF, 0xC7, 0xE3, 0x87, 0xE3, 0xC7, 0xE3, 0xC7, 0xE3, 0xC7, 0xE3, 0xCF, 0xE3,
    0xFF, 0xE3, 0xFF, 0x00, 0x0F, 0x00, 0x0F, 0x00, 0x0F, 0xE1, 0xFF, 0xE3, 0xFF, 0xE3, 0xFF, 0xE3,
    0xFF, 0xE3, 0xFF, 0xE3, 0xFF, 0xE3, 0xFF, 0xE3, 0xFF, 0xE1, 0x87, 0xE1, 0x87, 0xE1, 0x0F, 0xE0,
    0x0F, 0xF0, 0x1F, 0xF8, 0x3F, 0x80, 0x07, 0x80, 0x07, 0x80, 0x07, 0x88, 0x47, 0x88, 0x47, 0x98,
    0x67, 0xF8, 0x7F, 0xF8, 0x7F, 0xF8, 0x7F, 0xF8, 0x7F, 0xF8, 0x7F, 0xF8, 0x7F, 0xE0, 0x1F, 0xE0,
    0x1F, 0xE0, 0x1F, 0xF8, 0x7F, 0xF8, 0x7F, 0xF8, 0x7F, 0xF8, 0x7F, 0xF8, 0x7F, 0xF8, 0x7F, 0xE0,
    0x1F, 0xE0, 0x1F, 0xE0, 0x1F, 0xE3, 0xFF, 0xE3, 0xFF, 0xE3, 0xFF, 0xE3, 0xFF, 0xE3, 0xFF, 0xE3,
    0xFF, 0xE3, 0xFF, 0x00, 0x0F, 0x00, 0x0F, 0x00, 0x0F, 0xE1, 0xFF, 0xE3, 0xFF, 0xE3, 0xFF, 0x80,
    0x7F, 0x80, 0x7F, 0x80, 0x7F, 0xE3, 0xFF, 0xE3, 0xFF, 0xE1, 0x87, 0xE1, 0x87, 0xE1, 0x0F, 0xE0,
    0x0F, 0xF0, 0x1F, 0xF8, 0x3F, 0xFF, 0xFF, 0xF0, 0xE7, 0xE0, 0x43, 0xC0, 0x07, 0xC6, 0x07, 0xE7,
    0x0F, 0xFF, 0xFF, 0xFF, 0xFF, 0x81, 0x81, 0x81, 0x81, 0x81, 0x81, 0xC3, 0xC3, 0xC3, 0xC3, 0xC3,
    0xC3, 0xC3, 0xC3, 0xC3, 0xC3, 0xC3, 0xC3, 0xC3, 0xC3, 0xC3, 0xC3, 0xC3, 0xC3, 0xC3, 0xC3, 0xC3,
    0xC3, 0xC3, 0xC3, 0xC3, 0xC3, 0xC3, 0xC3, 0xC3, 0xC3, 0xC3, 0xC3, 0xC3, 0xC3, 0xC1, 0x83, 0xE0,
    0x07, 0xF0, 0x0F, 0xF8, 0x1F, 0xFF, 0xFF, 0xF0, 0xE7, 0xE0, 0x43, 0xC0, 0x07, 0xC6, 0x07, 0xE7,
    0x0F, 0xFF, 0xFF, 0xFF, 0xFF, 0x83, 0x83, 0x83, 0x83, 0x83, 0x83, 0xC3, 0xC3, 0xC3, 0xC3, 0xC3,
    0xC3, 0xC3, 0xC3, 0xC3, 0xC3, 0xC3, 0xC3, 0xC3, 0xC3, 0xC3, 0xC3, 0xC3, 0xC3, 0xC3, 0xC3, 0xC1,
    0x83, 0xE0, 0x01, 0xE0, 0x01, 0xF0, 0x41, 0xE0, 0x07, 0xE0, 0x07, 0xE0, 0x07, 0xFF, 0xFF, 0xFF,
    0xFF, 0xFF, 0xFF, 0x81, 0x81, 0x81, 0x81, 0x81, 0x81, 0xC3, 0xC3, 0xC3, 0xC3, 0xC3, 0xC3, 0xC3,
    0xC3, 0xC3, 0xC3, 0xC3, 0xC3, 0xC3, 0xC3, 0xC3, 0xC3, 0xC3, 0xC3, 0xC3, 0xC3, 0xC3, 0xC3, 0xC3,
    0xC3, 0xC3, 0xC3, 0xC3, 0xC3, 0xC3, 0xC3, 0xC3, 0xC3, 0xC3, 0xC3, 0xC1, 0x83, 0xE0, 0x07, 0xF0,
    0x0F, 0xF8, 0x1F, 0xE0, 0x07, 0xE0, 0x07, 0xE0, 0x07, 0xFF, 0xFF, 0xFF, 0xFF, 0xFF, 0xFF, 0x83,
    0x83, 0x83, 0x83, 0x83, 0x83, 0xC3, 0xC3, 0xC3, 0xC3, 0xC3, 0xC3, 0xC3, 0xC3, 0xC3, 0xC3, 0xC3,
    0xC3, 0xC3, 0xC3, 0xC3, 0xC3, 0xC3, 0xC3, 0xC3, 0xC3, 0xC1, 0x83, 0xE0, 0x01, 0xE0, 0x01, 0xF0,
    0x41, 0xE3, 0xC7, 0xF1, 0x8F, 0xF0, 0x0F, 0xF8, 0x1F, 0xFC, 0x3F, 0xFF, 0xFF, 0xFF, 0xFF, 0x81,
    0x81, 0x81, 0x81, 0x81, 0x81, 0xC3, 0xC3, 0xC3, 0xC3, 0xC3, 0xC3, 0xC3, 0xC3, 0xC3, 0xC3, 0xC3,
    0xC3, 0xC3, 0xC3, 0xC3, 0xC3, 0xC3, 0xC3, 0xC3, 0xC3, 0xC3, 0xC3, 0xC3, 0xC3, 0xC3, 0xC3, 0xC3,
    0xC3, 0xC3, 0xC3, 0xC3, 0xC3, 0xC3, 0xC3, 0xC1, 0x83, 0xE0, 0x07, 0xF0, 0x0F, 0xF8, 0x1F, 0xE3,
    0xC7, 0xF1, 0x8F, 0xF0, 0x0F, 0xF8, 0x1F, 0xFC, 0x3F, 0xFF, 0xFF, 0xFF, 0xFF, 0x83, 0x83, 0x83,
    0x83, 0x83, 0x83, 0xC3, 0xC3, 0xC3, 0xC3, 0xC3, 0xC3, 0xC3, 0xC3, 0xC3, 0xC3, 0xC3, 0xC3, 0xC3,
    0xC3, 0xC3, 0xC3, 0xC3, 0xC3, 0xC3, 0xC3, 0xC1, 0x83, 0xE0, 0x01, 0xE0, 0x01, 0xF0, 0x41, 0xFC,
    0x3F, 0xF8, 0x1F, 0xF9, 0x9F, 0xF9, 0x9F, 0xF8, 0x1F, 0xFC, 0x3F, 0xFF, 0xFF, 0xFF, 0xFF, 0x81,
    0x81, 0x81, 0x81, 0x81, 0x81, 0xC3, 0xC3, 0xC3, 0xC3, 0xC3, 0xC3, 0xC3, 0xC3, 0xC3, 0xC3, 0xC3,
    0xC3, 0xC3, 0xC3, 0xC3, 0xC3, 0xC3, 0xC3, 0xC3, 0xC3, 0xC3, 0xC3, 0xC3, 0xC3, 0xC3, 0xC3, 0xC3,
    0xC3, 0xC3, 0xC3, 0xC3, 0xC3, 0xC3, 0xC3, 0xC1, 0x83, 0xE0, 0x07, 0xF0, 0x0F, 0xF8, 0x1F, 0xFC,
    0x3F, 0xF8, 0x1F, 0xF9, 0x9F, 0xF9, 0x9F, 0xF8, 0x1F, 0xFC, 0x3F, 0xFF, 0xFF, 0xFF, 0xFF, 0x83,
    0x83, 0x83, 0x83, 0x83, 0x83, 0xC3, 0xC3, 0xC3, 0xC3, 0xC3, 0xC3, 0xC3, 0xC3, 0xC3, 0xC3, 0xC3,
    0xC3, 0xC3, 0xC3, 0xC3, 0xC3, 0xC3, 0xC3, 0xC3, 0xC3, 0xC1, 0x83, 0xE0, 0x01, 0xE0, 0x01, 0xF0,
    0x41, 0xFF, 0xFF, 0xFE, 0xF3, 0xFC, 0x61, 0xF8, 0x41, 0xF0, 0x87, 0xE1, 0x8F, 0xF3, 0x9F, 0xFF,
    0xFF, 0xFF, 0xFF, 0x81, 0x81, 0x81, 0x81, 0x81, 0x81, 0xC3, 0xC3, 0xC3, 0xC3, 0xC3, 0xC3, 0xC3,
    0xC3, 0xC3, 0xC3, 0xC3, 0xC3, 0xC3, 0xC3, 0xC3, 0xC3, 0xC3, 0xC3, 0xC3, 0xC3, 0xC3, 0xC3, 0xC3,
    0xC3, 0xC3, 0xC3, 0xC3, 0xC3, 0xC3, 0xC3, 0xC3, 0xC3, 0xC3, 0xC3, 0xC1, 0x83, 0xE0, 0x07, 0xF0,
    0x0F, 0xF8, 0x1F, 0xFF, 0xFF, 0xFE, 0xF3, 0xFC, 0x61, 0xF8, 0x41, 0xF0, 0x87, 0xE1, 0x8F, 0xF3,
    0x9F, 0xFF, 0xFF, 0xFF, 0xFF, 0x83, 0x83, 0x83, 0x83, 0x83, 0x83, 0xC3, 0xC3, 0xC3, 0xC3, 0xC3,
    0xC3, 0xC3, 0xC3, 0xC3, 0xC3, 0xC3, 0xC3, 0xC3, 0xC3, 0xC3, 0xC3, 0xC3, 0xC3, 0xC3, 0xC3, 0xC1,
    0x83, 0xE0, 0x01, 0xE0, 0x01, 0xF0, 0x41, 0x81, 0x81, 0x81, 0x81, 0x81, 0x81, 0xC3, 0xC3, 0xC3,
    0xC3, 0xC3, 0xC3, 0xC3, 0xC3, 0xC3, 0xC3, 0xC3, 0xC3, 0xC3, 0xC3, 0xC3, 0xC3, 0xC3, 0xC3, 0xC3,
    0xC3, 0xC3, 0xC3, 0xC3, 0xC3, 0xC3, 0xC3, 0xC3, 0xC3, 0xC3, 0xC3, 0xC3, 0xC3, 0xC3, 0xC3, 0xC1,
    0x83, 0xE0, 0x07, 0xF0, 0x0F, 0xF8, 0x1F, 0xFC, 0x7F, 0xF8, 0xFF, 0xF8, 0xFF, 0xF0, 0xFF, 0xF8,
    0x3F, 0xF8, 0x1F, 0xFC, 0x3F, 0x83, 0x83, 0x83, 0x83, 0x83, 0x83, 0xC3, 0xC3, 0xC3, 0xC3, 0xC3,
    0xC3, 0xC3, 0xC3, 0xC3, 0xC3, 0xC3, 0xC3, 0xC3, 0xC3, 0xC3, 0xC3, 0xC3, 0xC3, 0xC3, 0xC3, 0xC1,
    0x83, 0xE0, 0x01, 0xE0, 0x01, 0xF0, 0x41, 0xFF, 0xF1, 0xFF, 0xE3, 0xFF, 0xC7, 0xFF, 0xC7, 0xFF,
    0xC1, 0xFF, 0xE0, 0xFF, 0xF0, 0xFC, 0x3F, 0xF8, 0x1F, 0xF8, 0x1F, 0xF1, 0x8F, 0xE3, 0xC7, 0xF7,
    0xEF, 0xFF, 0xFF, 0xFF, 0xFF, 0x03, 0xC0, 0x03, 0xC0, 0x03, 0xC0, 0x87, 0xE1, 0x87, 0xE1, 0x87,
    0xE1, 0x87, 0xE1, 0xC4, 0x23, 0xC4, 0x23, 0xC4, 0x23, 0xC4, 0x23, 0xC4, 0x23, 0xC4, 0x23, 0xC4,
    0x23, 0xC0, 0x03, 0xC0, 0x03, 0xE0, 0x07, 0xE1, 0x87, 0xE1, 0x87, 0xE1, 0x87, 0xE1, 0x87, 0xE1,
    0x87, 0xE1, 0x87, 0xE1, 0x87, 0xFC, 0x3F, 0xF8, 0x1F, 0xF8, 0x1F, 0xF1, 0x8F, 0xE3, 0xC7, 0xF7,
    0xEF, 0xFF, 0xFF, 0xFF, 0xFF, 0x03, 0xC0, 0x03, 0xC0, 0x03, 0xC0, 0x87, 0xE1, 0x87, 0xE1, 0xC4,
    0x23, 0xC4, 0x23, 0xC4, 0x23, 0xC4, 0x23, 0xC4, 0x23, 0xC0, 0x03, 0xE0, 0x07, 0xE1, 0x87, 0xE1,
    0x87, 0xE1, 0x87, 0xE1, 0x87, 0xE1, 0x87, 0xFC, 0x3F, 0xF8, 0x1F, 0xF8, 0x1F, 0xF1, 0x8F, 0xE3,
    0xC7, 0xF7, 0xEF, 0xFF, 0xFF, 0xFF, 0xFF, 0x81, 0x81, 0x81, 0x81, 0x81, 0x81, 0xC3, 0xC3, 0xE1,
    0x87, 0xE1, 0x87, 0xE1, 0x87, 0xF0, 0x0F, 0xF0, 0x0F, 0xF8, 0x1F, 0xF8, 0x1F, 0xF8, 0x1F, 0xFC,
    0x3F, 0xFC, 0x3F, 0xFC, 0x3F, 0xFC, 0x3F, 0xFC, 0x3F, 0xFC, 0x3F, 0xFC, 0x3F, 0xFC, 0x3F, 0xFC,
    0x3F, 0xF0, 0x0F, 0xF0, 0x0F, 0xF0, 0x0F, 0xFC, 0x3F, 0xF8, 0x1F, 0xF8, 0x1F, 0xF1, 0x8F, 0xE3,
    0xC7, 0xF7, 0xEF, 0xFF, 0xFF, 0xFF, 0xFF, 0x81, 0x81, 0x81, 0x81, 0x81, 0x81, 0xC3, 0xC3, 0xE3,
    0xC7, 0xE1, 0x87, 0xE1, 0x87, 0xF1, 0x87, 0xF1, 0x8F, 0xF0, 0x8F, 0xF0, 0x0F, 0xF8, 0x1F, 0xF8,
    0x1F, 0xF8, 0x1F, 0xF8, 0x1F, 0xFC, 0x3F, 0xFC, 0x3F, 0xFC, 0x3F, 0xFC, 0x3F, 0xF8, 0x7F, 0xF8,
    0x7F, 0xC0, 0x7F, 0xC0, 0xFF, 0xC1, 0xFF, 0xE3, 0xC7, 0xE1, 0x87, 0xC1, 0x83, 0xE1, 0x87, 0xF3,
    0xCF, 0xFF, 0xFF, 0xFF, 0xFF, 0x81, 0x81, 0x81, 0x81, 0x81, 0x81, 0xC3, 0xC3, 0xE1, 0x87, 0xE1,
    0x87, 0xE1, 0x87, 0xF0, 0x0F, 0xF0, 0x0F, 0xF8, 0x1F, 0xF8, 0x1F, 0xF8, 0x1F, 0xFC, 0x3F, 0xFC,
    0x3F, 0xFC, 0x3F, 0xFC, 0x3F, 0xFC, 0x3F, 0xFC, 0x3F, 0xFC, 0x3F, 0xFC, 0x3F, 0xFC, 0x3F, 0xF0,
    0x0F, 0xF0, 0x0F, 0xF0, 0x0F, 0xFF, 0xFF, 0xFE, 0xFF, 0xFC, 0x3F, 0xF8, 0x7F, 0xF8, 0xFF, 0xF1,
    0xFF, 0xFB, 0xFF, 0xFF, 0xFF, 0xFF, 0xFF, 0x00, 0x0F, 0x00, 0x0F, 0x00, 0x0F, 0x1E, 0x0F, 0x1E,
    0x1F, 0x1E, 0x1F, 0xFC, 0x1F, 0xFC, 0x3F, 0xF8, 0x3F, 0xF8, 0x7F, 0xF0, 0x7F, 0xF0, 0xFF, 0xF0,
    0xFF, 0xE0, 0xFF, 0xE1, 0xFF, 0xC1, 0xFF, 0xC3, 0xFF, 0x83, 0xFF, 0x87, 0x8F, 0x87, 0x8F, 0x07,
    0x8F, 0x00, 0x0F, 0x00, 0x0F, 0x00, 0x0F, 0xFF, 0xFF, 0xFE, 0xFF, 0xFC, 0x3F, 0xF8, 0x7F, 0xF8,
    0xFF, 0xF1, 0xFF, 0xFB, 0xFF, 0xFF, 0xFF, 0xFF, 0xFF, 0x00, 0x0F, 0x00, 0x0F, 0x00, 0x0F, 0x1F,
    0x0F, 0x1E, 0x1F, 0x1C, 0x3F, 0xFC, 0x3F, 0xF8, 0x7F, 0xF0, 0xFF, 0xE1, 0xFF, 0xC3, 0xFF, 0xC3,
    0x8F, 0x87, 0x8F, 0x0F, 0x8F, 0x00, 0x0F, 0x00, 0x0F, 0x00, 0x0F, 0xF0, 0xFF, 0xF0, 0xFF, 0xE0,
    0x7F, 0xE0, 0x7F, 0xF0, 0xFF, 0xFF, 0xFF, 0xFF, 0xFF, 0x00, 0x0F, 0x00, 0x0F, 0x00, 0x0F, 0x1E,
    0x0F, 0x1E, 0x1F, 0x1E, 0x1F, 0xFC, 0x1F, 0xFC, 0x3F, 0xF8, 0x3F, 0xF8, 0x7F, 0xF0, 0x7F, 0xF0,
    0xFF, 0xF0, 0xFF, 0xE0, 0xFF, 0xE1, 0xFF, 0xC1, 0xFF, 0xC3, 0xFF, 0x83, 0xFF, 0x87, 0x8F, 0x87,
    0x8F, 0x07, 0x8F, 0x00, 0x0F, 0x00, 0x0F, 0x00, 0x0F, 0xF0, 0xFF, 0xF0, 0xFF, 0xE0, 0x7F, 0xE0,
    0x7F, 0xF0, 0xFF, 0xFF, 0xFF, 0xFF, 0xFF, 0x00, 0x0F, 0x00, 0x0F, 0x00, 0x0F, 0x1F, 0x0F, 0x1E,
    0x1F, 0x1C, 0x3F, 0xFC, 0x3F, 0xF8, 0x7F, 0xF0, 0xFF, 0xE1, 0xFF, 0xC3, 0xFF, 0xC3, 0x8F, 0x87,
    0x8F, 0x0F, 0x8F, 0x00, 0x0F, 0x00, 0x0F, 0x00, 0x0F, 0xFF, 0xFF, 0xCF, 0x3F, 0x86, 0x1F, 0xC6,
    0x3F, 0xE0, 0x7F, 0xE0, 0x7F, 0xF0, 0xFF, 0xFF, 0xFF, 0xFF, 0xFF, 0x00, 0x0F, 0x00, 0x0F, 0x00,
    0x0F, 0x1E, 0x0F, 0x1E, 0x1F, 0x1E, 0x1F, 0xFC, 0x1F, 0xFC, 0x3F, 0xF8, 0x3F, 0xF8, 0x7F, 0xF0,
    0x7F, 0xF0, 0xFF, 0xF0, 0xFF, 0xE0, 0xFF, 0xE1, 0xFF, 0xC1, 0xFF, 0xC3, 0xFF, 0x83, 0xFF, 0x87,
    0x8F, 0x87, 0x8F, 0x07, 0x8F, 0x00, 0x0F, 0x00, 0x0F, 0x00, 0x0F, 0xFF, 0xFF, 0xCF, 0x3F, 0x86,
    0x1F, 0xC6, 0x3F, 0xE0, 0x7F, 0xE0, 0x7F, 0xF0, 0xFF, 0xFF, 0xFF, 0xFF, 0xFF, 0x00, 0x0F, 0x00,
    0x0F, 0x00, 0x0F, 0x1F, 0x0F, 0x1E, 0x1F, 0x1C, 0x3F, 0xFC, 0x3F, 0xF8, 0x7F, 0xF0, 0xFF, 0xE1,
    0xFF, 0xC3, 0xFF, 0xC3, 0x8F, 0x87, 0x8F, 0x0F, 0x8F, 0x00, 0x0F, 0x00, 0x0F, 0x00, 0x0F, 0xF8,
    0x3F, 0xF0, 0x1F, 0xE0, 0x0F, 0xE1, 0x0F, 0xC3, 0x87, 0xC3, 0x87, 0xC3, 0xFF, 0xC3, 0xFF, 0xC3,
    0xFF, 0xC3, 0xFF, 0xC3, 0xFF, 0xC3, 0xFF, 0xC3, 0xFF, 0xC3, 0xFF, 0xC3, 0xFF, 0xC3, 0xFF, 0xC3,
    0xFF, 0xC3, 0xFF, 0xC3, 0xFF, 0xC3, 0xFF, 0xC3, 0xFF, 0x00, 0x7F, 0x00, 0x7F, 0x00, 0x7F, 0xFF,
    0xFF, 0xF9, 0xFF, 0xF0, 0xFF, 0xE6, 0x7F, 0xCF, 0x3F, 0x8F, 0x1F, 0xCF, 0x3F, 0xE6, 0x7F, 0xF0,
    0xFF, 0xF9, 0xFF, 0xF9, 0xFF, 0xF9, 0xFF, 0xF9, 0xFF, 0xF9, 0xFF, 0xF9, 0xFF, 0xF9, 0xFF, 0xF9,
    0xFF, 0xF9, 0xFF, 0xF9, 0xFF, 0xF9, 0xFF, 0xF9, 0xFF, 0xF9, 0xFF, 0xF9, 0xFF, 0xF9, 0xFF, 0xF9,
    0xFF, 0xF9, 0xFF, 0xF9, 0xFF, 0xF9, 0xFF, 0xF9, 0xFF, 0xF9, 0xFF, 0xF9, 0xFF, 0xF9, 0xFF, 0xF9,
    0xFF, 0xF9, 0xFF, 0xF9, 0xFF, 0xF9, 0xFF, 0xF9, 0xFF, 0xF9, 0xFF, 0xF9, 0xFF, 0xF9, 0xFF, 0xBF,
    0x7F, 0x1E, 0x3F, 0x8C, 0x7F, 0xC0, 0xFF, 0xE1, 0xFF, 0xE1, 0xFF, 0xC0, 0xFF, 0x8C, 0x7F, 0x1E,
    0x3F, 0xF3, 0xFF, 0xF3, 0xFF, 0xF3, 0xFF, 0xF3, 0xFF, 0xF3, 0xFF, 0xF3, 0xFF, 0xF3, 0xFF, 0xF3,
    0xFF, 0xF3, 0xFF, 0xF3, 0xFF, 0xF3, 0xFF, 0xF3, 0xFF, 0xF3, 0xFF, 0xF3, 0xFF, 0xF3, 0xFF, 0xF3,
    0xFF, 0xF3, 0xFF, 0xF3, 0xFF, 0xF3, 0xFF, 0xF3, 0xFF, 0xF3, 0xFF, 0xF3, 0xFF, 0xF3, 0xFF, 0xF3,
    0xFF, 0xF3, 0xFF, 0xF3, 0xFF, 0xF3, 0xFF, 0xF3, 0xFF, 0xF3, 0xFF, 0xF3, 0xFF, 0xF3, 0xFF, 0xFF,
    0xFF, 0x00, 0x03, 0x00, 0x03, 0x00, 0x03, 0xFF, 0xFF, 0xFF, 0xFF, 0x00, 0x00, 0x00, 0x00, 0x00,
    0x00, 0x00, 0x00, 0x00, 0x00, 0x00, 0x00, 0xFF, 0xFF, 0x8C, 0x7F, 0x8C, 0x7F, 0x8C, 0x7F, 0x8C,
    0x7F, 0x8C, 0x7F, 0x8C, 0x7F, 0x8C, 0x7F, 0x8C, 0x7F, 0x8C, 0x7F, 0x8C, 0x7F, 0x8C, 0x7F, 0x8C,
    0x7F, 0x8C, 0x7F, 0x8C, 0x7F, 0x8C, 0x7F, 0x8C, 0x7F, 0x8C, 0x7F, 0x8C, 0x7F, 0x8C, 0x7F, 0x8C,
    0x7F, 0x8C, 0x7F, 0x8C, 0x7F, 0x8C, 0x7F, 0x8C, 0x7F, 0x8C, 0x7F, 0x8C, 0x7F, 0x8C, 0x7F, 0x8C,
    0x7F, 0x8C, 0x7F, 0x8C, 0x7F, 0x8C, 0x7F, 0xFF, 0xFF, 0x00, 0x0F, 0x00, 0x0F, 0x00, 0x0F, 0xFF,
    0xFF, 0x00, 0x0F, 0x00, 0x0F, 0x00, 0x0F, 0xFF, 0xE3, 0xE3, 0xC7, 0x8F, 0x8F, 0x8F, 0x07, 0x03,
    0x03, 0x03, 0x87, 0xE7, 0xC3, 0x81, 0x81, 0x81, 0xC1, 0xE3, 0xE3, 0xC7, 0x87, 0x8F, 0xDF, 0xCF,
    0x87, 0x03, 0x03, 0x03, 0x07, 0x8F, 0x8F, 0xC7, 0xC3, 0xE3, 0xF7, 0xFF, 0xFF, 0xF3, 0xE7, 0xE1,
    0xC3, 0xC3, 0xC7, 0xC7, 0x8F, 0x8F, 0x1F, 0x8F, 0x0F, 0x83, 0x07, 0x83, 0x07, 0x83, 0x07, 0x83,
    0x07, 0x87, 0x8F, 0xC7, 0xCF, 0x83, 0x07, 0x83, 0x07, 0x83, 0x07, 0x83, 0x07, 0xC3, 0x87, 0xE3,
    0xC7, 0xC7, 0x8F, 0x87, 0x8F, 0x8F, 0x1F, 0x1F, 0x1F, 0xDF, 0xBF, 0xEF, 0xCF, 0x83, 0x07, 0x83,
    0x07, 0x83, 0x07, 0x83, 0x07, 0x83, 0x87, 0xE3, 0xC7, 0xC7, 0x87, 0xC7, 0x8F, 0x8F, 0x1F, 0x1F,
    0x1F, 0xDF, 0xBF, 0xCF, 0xCF, 0x83, 0x07, 0x83, 0x07, 0x83, 0x07, 0x83, 0x07, 0x87, 0x07, 0x8F,
    0x1F, 0xC7, 0x8F, 0xC7, 0x87, 0xE3, 0xC7, 0xE3, 0xE3, 0xF7, 0xEF, 0xFF, 0xFF, 0xF0, 0xFF, 0xF0,
    0xFF, 0xF0, 0xFF, 0xF0, 0xFF, 0xF0, 0xFF, 0xF0, 0xFF, 0xF0, 0xFF, 0xF0, 0xFF, 0xF0, 0xFF, 0x00,
    0x0F, 0x00, 0x0F, 0x00, 0x0F, 0xF0, 0xFF, 0xF0, 0xFF, 0xF0, 0xFF, 0xF0, 0xFF, 0xF0, 0xFF, 0xF0,
    0xFF, 0xF0, 0xFF, 0xF0, 0xFF, 0xF0, 0xFF, 0xF0, 0xFF, 0xF0, 0xFF, 0xF0, 0xFF, 0xF0, 0xFF, 0xF0,
    0xFF, 0xF0, 0xFF, 0xF0, 0xFF, 0xF0, 0xFF, 0xF0, 0xFF, 0xF0, 0xFF, 0xFF, 0xFF, 0xF0, 0xFF, 0xF0,
    0xFF, 0xF0, 0xFF, 0xF0, 0xFF, 0xF0, 0xFF, 0xF0, 0xFF, 0xF0, 0xFF, 0xF0, 0xFF, 0xF0, 0xFF, 0x00,
    0x0F, 0x00, 0x0F, 0x00, 0x0F, 0xF0, 0xFF, 0xF0, 0xFF, 0xF0, 0xFF, 0xF0, 0xFF, 0xF0, 0xFF, 0xF0,
    0xFF, 0xF0, 0xFF, 0x00, 0x0F, 0x00, 0x0F, 0x00, 0x0F, 0xF0, 0xFF, 0xF0, 0xFF, 0xF0, 0xFF, 0xF0,
    0xFF, 0xF0, 0xFF, 0xF0, 0xFF, 0xF0, 0xFF, 0xF0, 0xFF, 0xF0, 0xFF, 0xE1, 0xFF, 0x80, 0x7F, 0x80,
    0x7F, 0x00, 0x3F, 0x00, 0x3F, 0x00, 0x3F, 0x00, 0x3F, 0x00, 0x3F, 0x80, 0x7F, 0xC0, 0xFF, 0x7F,
    0xFF, 0x1F, 0xFF, 0x07, 0xFF, 0x01, 0xFF, 0x00, 0xFF, 0x00, 0x3F, 0x00, 0x3F, 0x00, 0x7F, 0x01,
    0xFF, 0x07, 0xFF, 0x1F, 0xFF, 0x3F, 0xFF, 0xFF, 0xFF, 0xFF, 0xFF, 0xFF, 0xC3, 0xFF, 0xC3, 0x81,
    0xFF, 0x81, 0x81, 0xFF, 0x81, 0x81, 0xFF, 0x81, 0x81, 0xFF, 0x81, 0xC3, 0xFF, 0xC3, 0xFF, 0xFF,
    0xFF, 0xFF, 0x83, 0xF0, 0xFC, 0x1F, 0x03, 0xE0, 0x7C, 0x0F, 0x01, 0xE0, 0x78, 0x0F, 0x01, 0xE0,
    0x78, 0x0F, 0x03, 0xE0, 0x7C, 0x0F, 0x87, 0xF0, 0xFE, 0x1F, 0xC3, 0xE1, 0xFF, 0x81, 0xE3, 0xFF,
    0x01, 0xC3, 0xFF, 0x11, 0xC7, 0xFF, 0x11, 0x87, 0xFF, 0x11, 0x8F, 0xFF, 0x11, 0x8F, 0xFF, 0x11,
    0x1F, 0xFF, 0x11, 0x1F, 0xFF, 0x80, 0x3F, 0xFF, 0x82, 0x3F, 0xFF, 0xFC, 0x7F, 0xFF, 0xFC, 0x7F,
    0xFF, 0xF8, 0x83, 0x83, 0xF8, 0x01, 0x03, 0xF8, 0x11, 0x11, 0xF1, 0x11, 0x11, 0xF1, 0x11, 0x11,
    0xE3, 0x11, 0x11, 0xE3, 0x11, 0x11, 0xC7, 0x11, 0x11, 0xC7, 0x01, 0x01, 0x8F, 0x81, 0x03, 0x8F,
    0x83, 0x87, 0xC3, 0xE1, 0xFF, 0xFF, 0x81, 0xE3, 0xFF, 0xFF, 0x01, 0xC3, 0xFF, 0xFF, 0x11, 0xC7,
    0xFF, 0xFF, 0x11, 0xC7, 0xFF, 0xFF, 0x11, 0x8F, 0xFF, 0xFF, 0x11, 0x8F, 0xFF, 0xFF, 0x11, 0x1F,
    0xFF, 0xFF, 0x01, 0x1F, 0xFF, 0xFF, 0x80, 0x3F, 0xFF, 0xFF, 0x82, 0x3F, 0xFF, 0xFF, 0xFC, 0x7F,
    0xFF, 0xFF, 0xFC, 0x7F, 0xFF, 0xFF, 0xFC, 0x03, 0x83, 0x83, 0xF8, 0x01, 0x01, 0x03, 0xF8, 0x11,
    0x11, 0x01, 0xF1, 0x11, 0x11, 0x11, 0xF1, 0x11, 0x11, 0x11, 0xE3, 0x11, 0x11, 0x11, 0xE3, 0x11,
    0x11, 0x11, 0xC7, 0x11, 0x11, 0x11, 0xC7, 0x01, 0x01, 0x01, 0x87, 0x81, 0x03, 0x03, 0x8F, 0xC3,
    0x83, 0x87, 0xE0, 0xE0, 0xE1, 0xC1, 0xC3, 0xC3, 0xC3, 0x87, 0x87, 0x87, 0x8F, 0xE0, 0x83, 0xE0,
    0x83, 0xE1, 0x87, 0xE1, 0x87, 0xC1, 0x07, 0xC3, 0x0F, 0xC3, 0x0F, 0x82, 0x1F, 0x86, 0x1F, 0x86,
    0x1F, 0x86, 0x3F, 0xE3, 0x18, 0xFF, 0xE2, 0x10, 0xFF, 0xC2, 0x10, 0xFF, 0xC2, 0x31, 0xFF, 0xC6,
    0x21, 0xFF, 0xC4, 0x21, 0xFF, 0x84, 0x63, 0xFF, 0x8C, 0x63, 0xFF, 0x8C, 0x43, 0xFF, 0x08, 0xC7,
    0xFF, 0x18, 0xC7, 0xFF, 0x07, 0x07, 0x87, 0x83, 0xC3, 0xC3, 0xC3, 0xE1, 0xE1, 0xE1, 0xF1, 0x04,
    0x1F, 0x86, 0x1F, 0x86, 0x1F, 0x82, 0x0F, 0xC3, 0x0F, 0xC3, 0x0F, 0xC3, 0x0F, 0xE1, 0x87, 0xE1,
    0x87, 0xE1, 0x87, 0xF1, 0xC7, 0x8C, 0x63, 0xFF, 0x84, 0x23, 0xFF, 0x84, 0x21, 0xFF, 0xC6, 0x21,
    0xFF, 0xC2, 0x31, 0xFF, 0xC2, 0x11, 0xFF, 0xE3, 0x10, 0xFF, 0xE3, 0x18, 0xFF, 0xE1, 0x18, 0xFF,
    0xF1, 0x88, 0x7F, 0xF1, 0x8C, 0x7F, 0xFF, 0xF8, 0xF8, 0xF1, 0xF1, 0xE3, 0xC3, 0x87, 0x0F, 0x0F,
    0x87, 0xC3, 0xE3, 0xE1, 0xF1, 0xF8, 0xF8, 0xFF, 0xFF, 0x1F, 0x1F, 0x8F, 0x8F, 0xC7, 0xC3, 0xE1,
    0xF0, 0xF0, 0xE1, 0xC3, 0xC7, 0x87, 0x8F, 0x1F, 0x1F, 0xFF, 0xFF, 0xFE, 0x7F, 0xFF, 0x8F, 0xFC,
    0x3F, 0xF1, 0x87, 0xFC, 0x3F, 0xE1, 0xC3, 0xFE, 0x7F, 0xC7, 0xE1, 0xFF, 0xFF, 0x8F, 0xF8, 0xFF,
    0xFF, 0x1F, 0xFC, 0x7F, 0xFE, 0x3F, 0xFE, 0x3F, 0xFC, 0x7F, 0xFF, 0x1F, 0xF8, 0xFF, 0xFF, 0x8F,
    0xF1, 0xFF, 0xFF, 0xC3, 0xC3, 0xFF, 0xFF, 0xE1, 0x87, 0xFF, 0xFF, 0xF0, 0x0F, 0xFF, 0x8F, 0xF8,
    0x1F, 0xF1, 0x87, 0xFC, 0x3F, 0xE1, 0x87, 0xFC, 0x1F, 0xE1, 0xCF, 0xF8, 0x0F, 0xF3, 0xFF, 0xF1,
    0x87, 0xFF, 0xFF, 0xE3, 0xC3, 0xFF, 0xFF, 0xC7, 0xE1, 0xFF, 0xFF, 0x8F, 0xF0, 0xFF, 0xFF, 0x1F,
    0xF8, 0x7F, 0xFE, 0x3F, 0xFC, 0x3F, 0xFC, 0x7F, 0xFE, 0x1F, 0xF8, 0xFF, 0xFF, 0x0F, 0xE1, 0xFF,
    0xFF, 0x87, 0xC3, 0xFE, 0x7F, 0xC3, 0x87, 0xFC, 0x3F, 0xE1, 0x8F, 0xFC, 0x3F, 0xF1, 0xFF, 0xFE,
    0x7F, 0xFF, 0x8F, 0x1F, 0x8F, 0x1F, 0x8F, 0x1F, 0x8F, 0x1F, 0x8F, 0x1F, 0x8F, 0x1F, 0x8F, 0x1F,
    0x8F, 0x1F, 0x8F, 0x1F, 0x8F, 0x1F, 0x8F, 0x1F, 0x8F, 0x1F, 0x8F, 0x1F, 0x8F, 0x1F, 0x8F, 0x1F,
    0xFF, 0xFF, 0xFF, 0xFF, 0xFF, 0xFF, 0x8F, 0x1F, 0x06, 0x0F, 0x06, 0x0F, 0x06, 0x0F, 0x06, 0x0F,
    0x8F, 0x1F, 0xCF, 0x07, 0x0E, 0x03, 0x0C, 0x01, 0x88, 0x21, 0x80, 0x70, 0x80, 0x70, 0x87, 0xF0,
    0xC3, 0xE1, 0xC3, 0xE1, 0xC3, 0xC1, 0xC3, 0x83, 0xE1, 0x07, 0xE1, 0x07, 0xE0, 0x0F, 0xE0, 0x1F,
    0xF0, 0x1F, 0xF7, 0xFF, 0xFF, 0xFF, 0xFC, 0xFF, 0xF8, 0x7F, 0xF0, 0x3F, 0xF0, 0x3F, 0xF0, 0x3F,
    0xF8, 0x7F, 0xFF, 0xFF, 0xC7, 0x8F, 0x80, 0x07, 0xC0, 0x0F, 0xF0, 0x3F, 0xF0, 0x3F, 0xC0, 0x0F,
    0x80, 0x07, 0xC7, 0x8F, 0xDF, 0xEF, 0xFF, 0xF7, 0xFF, 0xE1, 0xFF, 0xE1, 0xFF, 0xC3, 0xFF, 0x87,
    0xFF, 0x0F, 0xFE, 0x1F, 0xFC, 0x1F, 0xF8, 0x1F, 0xF8, 0x1F, 0xF0, 0x0F, 0xE1, 0x87, 0xC3, 0xC3,
    0x87, 0xE1, 0x87, 0xE1, 0xEF, 0xF7, 0xFF, 0xF8, 0x7F, 0xFF, 0xFF, 0xF8, 0x7F, 0xFF, 0xFF, 0xF8,
    0x7F, 0xFF, 0xFF, 0xB8, 0x77, 0xFF, 0xFF, 0x80, 0x07, 0xFF, 0xFF, 0x00, 0x03, 0xFF, 0xFF, 0x80,
    0x07, 0xFF, 0xFF, 0xF0, 0x3F, 0xFF, 0xFF, 0xF0, 0x3F, 0xFF, 0xFF, 0xE0, 0x1F, 0xFF, 0xFF, 0xC3,
    0x0F, 0xFF, 0xFF, 0xC3, 0x0F, 0xFF, 0xFF, 0xF7, 0xBF, 0xFF, 0xFF, 0xFF, 0xFF, 0xFF, 0xF8, 0x7F,
    0xF8, 0x7F, 0xF8, 0x7F, 0xF8, 0x7F, 0xF8, 0x7F, 0xF8, 0x7F, 0xB8, 0x77, 0xB8, 0x77, 0x80, 0x07,
    0x80, 0x07, 0x00, 0x03, 0x00, 0x03, 0x80, 0x07, 0x80, 0x07, 0xF0, 0x3F, 0xF0, 0x3F, 0xF0, 0x3F,
    0xF0, 0x3F, 0xE0, 0x1F, 0xE0, 0x1F, 0xC3, 0x0F, 0xC3, 0x0F, 0xC3, 0x0F, 0xC3, 0x0F, 0xE7, 0x9F,
    0xE7, 0x9F, 0xFF, 0xFF, 0xFF, 0xFF, 0xFF, 0xFF, 0x80, 0x3F, 0x80, 0x3F, 0x80, 0x3F, 0x8F, 0xFF,
    0x8F, 0xFF, 0x8F, 0xFF, 0x8F, 0xFF, 0x8F, 0xFF, 0x8F, 0xFF, 0x8F, 0xFF, 0x8F, 0xFF, 0x8F, 0xFF,
    0x8F, 0xFF, 0x8F, 0xFF, 0x80, 0x3F, 0x80, 0x3F, 0x80, 0x3F, 0x8F, 0xFF, 0x8F, 0xFF, 0x8F, 0xFF,
    0x8F, 0xFF, 0x8F, 0xFF, 0x8F, 0xFF, 0x8F, 0xFF, 0x8F, 0xFF, 0x8F, 0xFF, 0x8F, 0xFF, 0x8F, 0xFF,
    0x80, 0x3F, 0x80, 0x3F, 0x80, 0x3F, 0xFF, 0xFF, 0x00, 0x7F, 0x00, 0x7F, 0x00, 0x7F, 0xFC, 0x7F,
    0xFC, 0x7F, 0xFC, 0x7F, 0xFC, 0x7F, 0xFC, 0x7F, 0xFC, 0x7F, 0xFC, 0x7F, 0xFC, 0x7F, 0xFC, 0x7F,
    0xFC, 0x7F, 0xFC, 0x7F, 0x00, 0x7F, 0x00, 0x7F, 0x00, 0x7F, 0xFC, 0x7F, 0xFC, 0x7F, 0xFC, 0x7F,
    0xFC, 0x7F, 0xFC, 0x7F, 0xFC, 0x7F, 0xFC, 0x7F, 0xFC, 0x7F, 0xFC, 0x7F, 0xFC, 0x7F, 0xFC, 0x7F,
    0x00, 0x7F, 0x00, 0x7F, 0x00, 0x7F, 0xE1, 0x87, 0xC1, 0x03, 0x80, 0x01, 0x88, 0x11, 0x88, 0x11,
    0x08, 0x11, 0xF8, 0x71, 0xF8, 0xF1, 0xF8, 0xF1, 0xF0, 0xE1, 0xF0, 0xE1, 0xF1, 0xC3, 0xE1, 0xC3,
    0xE3, 0xC7, 0xE3, 0xC7, 0xE3, 0xC7, 0xFF, 0xFF, 0xFF, 0xFF, 0xE3, 0xC7, 0xC1, 0x83, 0xC1, 0x83,
    0xC1, 0x83, 0xC1, 0x83, 0xE3, 0xC7, 0xE1, 0xC7, 0xC1, 0xC7, 0x80, 0xC7, 0x88, 0xC7, 0x88, 0x47,
    0x08, 0x47, 0xF8, 0x47, 0xF8, 0xC7, 0xF8, 0xC7, 0xF0, 0xC7, 0xF0, 0xC7, 0xF1, 0xC7, 0xE1, 0xC7,
    0xE3, 0xC7, 0xE3, 0xC7, 0xE3, 0xFF, 0xFF, 0xFF, 0xFF, 0xFF, 0xE3, 0xC7, 0xC1, 0x83, 0xC1, 0x83,
    0xC1, 0x83, 0xC1, 0x83, 0xE3, 0xC7, 0x8E, 0x1F, 0x8C, 0x0F, 0x8C, 0x07, 0x8C, 0x47, 0x88, 0x47,
    0x88, 0x47, 0x8F, 0xC7, 0x8F, 0xC7, 0x8F, 0xC7, 0x8F, 0x87, 0x8F, 0x87, 0x8F, 0x0F, 0x8F, 0x0F,
    0x8F, 0x1F, 0x8F, 0x1F, 0xFF, 0x1F, 0xFF, 0xFF, 0xFF, 0xFF, 0x8F, 0x1F, 0x06, 0x0F, 0x06, 0x0F,
    0x06, 0x0F, 0x06, 0x0F, 0x8F, 0x1F, 0x7F, 0xEF, 0x00, 0x0F, 0x00, 0x0F, 0x00, 0x0F, 0xFF, 0x0F,
    0xFE, 0x1F, 0xFE, 0x1F, 0xFE, 0x1F, 0xFC, 0x3F, 0xFC, 0x3F, 0xF8, 0x7F, 0xF8, 0x7F, 0xF8, 0x7F,
    0xF0, 0xFF, 0xF0, 0xFF, 0xE1, 0xFF, 0xE1, 0xFF, 0xF9, 0xFF, 0x00, 0x7F, 0x00, 0x3F, 0x10, 0x1F,
    0x10, 0x0F, 0x10, 0x0F, 0x10, 0x0F, 0x10, 0x0F, 0x10, 0x0F, 0x10, 0x0F, 0x10, 0x0F, 0x10, 0x1F,
    0x10, 0x1F, 0x10, 0x7F, 0x11, 0xFF, 0x11, 0xFF, 0x11, 0xFF, 0x11, 0xFF, 0x11, 0xFF, 0x11, 0xFF,
    0x11, 0xFF, 0x11, 0xFF, 0x11, 0xFF, 0x11, 0xFF, 0x11, 0xFF, 0xE0, 0x0F, 0x80, 0x0F, 0x80, 0x8F,
    0x00, 0x8F, 0x00, 0x8F, 0x00, 0x8F, 0x00, 0x8F, 0x00, 0x8F, 0x00, 0x8F, 0x80, 0x8F, 0x80, 0x0F,
    0xC0, 0x0F, 0xFF, 0xFF, 0x00, 0x7F, 0x00, 0x1F, 0x10, 0x1F, 0x10, 0x0F, 0x10, 0x0F, 0x10, 0x0F,
    0x10, 0x0F, 0x10, 0x0F, 0x10, 0x0F, 0x10, 0x1F, 0x00, 0x1F, 0x00, 0x3F, 0xFF, 0xFF, 0xC3, 0x81,
    0x81, 0x81, 0x81, 0xC3, 0xFF, 0xFF, 0xFF, 0xFF, 0xFF, 0xC3, 0x81, 0x81, 0x81, 0x81, 0x83, 0x87,
    0xC7, 0xC3, 0xE1, 0xF0, 0xF1, 0xFB, 0xF0, 0x3F, 0xC0, 0x0F, 0x80, 0x07, 0xC7, 0x8F, 0xFF, 0xFF,
    0xFF, 0xFF, 0xFF, 0xFF, 0xFF, 0xFF, 0xFF, 0xFF, 0xFF, 0xFF, 0xFF, 0xFF, 0xFF, 0xFF, 0xFF, 0xFF,
    0xFF, 0xFF, 0xFF, 0xFF, 0xFF, 0xFF, 0xFF, 0xFF, 0xFF, 0xFF, 0xFF, 0xFF, 0xFF, 0xFF, 0xFF, 0xFF,
    0xFF, 0xFF, 0xFF, 0xFF, 0xFF, 0xFF, 0xC7, 0x8F, 0x80, 0x07, 0xC0, 0x0F, 0xF0, 0x3F, 0xF8, 0x7F,
    0xF8, 0x7F, 0xF8, 0x7F, 0xB8, 0x77, 0x80, 0x07, 0x00, 0x03, 0x80, 0x07, 0xF0, 0x3F, 0xF0, 0x3F,
    0xE0, 0x1F, 0xC3, 0x0F, 0xC3, 0x0F, 0xF7, 0xBF, 0xFF, 0xFF, 0xF8, 0x7F, 0xF8, 0x7F, 0xF8, 0x7F,
    0xB8, 0x77, 0x80, 0x07, 0x00, 0x03, 0x80, 0x07, 0xF0, 0x3F, 0xF0, 0x3F, 0xE0, 0x1F, 0xC3, 0x0F,
    0xC3, 0x0F, 0xE7, 0x9F, 0xFF, 0xFF, 0xC3, 0xC7, 0x81, 0x87, 0x81, 0x8F, 0x81, 0x8F, 0x81, 0x1F,
    0xC3, 0x1F, 0xFF, 0x1F, 0xFE, 0x3F, 0xFE, 0x3F, 0xFC, 0x3F, 0xFC, 0x7F, 0xFC, 0x7F, 0xF8, 0xFF,
    0xF8, 0xFF, 0xF0, 0xFF, 0xF1, 0xFF, 0xF1, 0xFF, 0xE3, 0xFF, 0xE3, 0x0F, 0xE2, 0x07, 0xC6, 0x07,
    0xC6, 0x07, 0x86, 0x07, 0x8F, 0x0F, 0xFF, 0x07, 0xFF, 0xFF, 0xFC, 0x01, 0xFF, 0xF3, 0xF8, 0x00,
    0xFF, 0xE1, 0xF0, 0x70, 0x7F, 0xC3, 0xE1, 0xF8, 0x3F, 0x83, 0xC3, 0xFE, 0x0F, 0x07, 0x87, 0xFF,
    0x00, 0x0F, 0x8F, 0xFF, 0x80, 0x3F, 0xFF, 0xFF, 0xE0, 0xFF, 0xFC, 0xFF, 0xF8, 0x7F, 0xC8, 0x4F,
    0x80, 0x07, 0xC0, 0x0F, 0xE0, 0x1F, 0x00, 0x03, 0x00, 0x03, 0x80, 0x07, 0xE0, 0x1F, 0xC0, 0x0F,
    0x80, 0x0F, 0xE8, 0x5F, 0xF8, 0x7F, 0xFF, 0x8F, 0xFF, 0x07, 0xFF, 0x07, 0xFF, 0x07, 0xFF, 0x07,
    0xC7, 0x8F, 0x83, 0xFF, 0x83, 0xFF, 0x83, 0xFF, 0x83, 0xFF, 0xC7, 0xFF, 0xFF, 0x8F, 0xFF, 0x07,
    0xFF, 0x07, 0xFF, 0x07, 0xFF, 0x07, 0xFF, 0x8F, 0xE3, 0x11, 0x8F, 0xE2, 0x11, 0x0F, 0xE2, 0x31,
    0x1F, 0xC2, 0x23, 0x1F, 0xC6, 0x22, 0x1F, 0xC4, 0x62, 0x3F, 0xC4, 0x42, 0x3F, 0x8C, 0x46, 0x3F,
    0x88, 0xC4, 0x7F, 0x88, 0xC4, 0x7F, 0x18, 0x8C, 0x7F, 0xFC, 0x3F, 0xF8, 0x1F, 0xF8, 0x1F, 0xF8,
    0x1F, 0xFC, 0x3F, 0xC6, 0x63, 0x83, 0xC1, 0x83, 0xC1, 0x81, 0x81, 0x83, 0xC1, 0xC7, 0xE3, 0xFE,
    0x7F, 0xFC, 0x3F, 0xF8, 0x1F, 0xF8, 0x1F, 0xF8, 0x1F, 0xFC, 0x3F, 0xC7, 0xE3, 0x83, 0xC1, 0x81,
    0x81, 0x83, 0xC1, 0x83, 0xC1, 0xC6, 0x63, 0xFC, 0x3F, 0xF8, 0x1F, 0xF8, 0x1F, 0xF8, 0x1F, 0xFC,
    0x3F, 0xC7, 0xE3, 0x83, 0xC1, 0x83, 0xC1, 0x81, 0x81, 0x83, 0xC1, 0xC7, 0xE3, 0xC3, 0x81, 0x81,
    0x81, 0x81, 0xC3, 0xFF, 0xFF, 0xFF, 0xFF, 0xFF, 0xFF, 0xFF, 0xFF, 0xFF, 0xFF, 0xFF, 0xFF, 0xC3,
    0x81, 0x81, 0x81, 0x81, 0xC3, 0xFC, 0x3F, 0xF8, 0x1F, 0xF8, 0x1F, 0xF8, 0x1F, 0xF8, 0x1F, 0xFE,
    0x7F, 0xFF, 0xFF, 0xFF, 0xFF, 0xFF, 0xFF, 0xC7, 0xE3, 0x83, 0xC1, 0x81, 0x81, 0x83, 0xC1, 0x83,
    0xC1, 0xC7, 0xE3, 0xFF, 0xFF, 0xFF, 0xFF, 0xFF, 0xFF, 0xFE, 0x7F, 0xFC, 0x3F, 0xF8, 0x1F, 0xF8,
    0x1F, 0xF8, 0x1F, 0xFC, 0x3F, 0xF8, 0x7F, 0xF8, 0x7F, 0xD8, 0x6F, 0x88, 0x47, 0x88, 0x47, 0x88,
    0x47, 0xF8, 0x7F, 0x00, 0x03, 0x00, 0x03, 0x00, 0x03, 0xF8, 0x7F, 0x88, 0x47, 0x88, 0x47, 0x88,
    0x47, 0xD8, 0x6F, 0xF8, 0x7F, 0xF8, 0x7F, 0x87, 0x87, 0x87, 0x87, 0xCF, 0xFF, 0x87, 0x87, 0x87,
    0x87, 0xCF, 0xFF, 0xCF, 0x87, 0x87, 0x87, 0x87, 0x87, 0x87, 0x87, 0x87, 0xCF, 0xFF, 0xCF, 0x87,
    0x87, 0x87, 0x87, 0xFF, 0xCF, 0x87, 0x87, 0x87, 0x87, 0xFF, 0xCF, 0x87, 0x87, 0x87, 0x87, 0xC0,
    0xFF, 0x80, 0x7F, 0x80, 0x7F, 0x1E, 0x3F, 0x1E, 0x3F, 0x1E, 0x3F, 0x1C, 0x3F, 0x10, 0x3F, 0x00,
    0x3F, 0x06, 0x3F, 0x0E, 0x3F, 0x1E, 0x3F, 0x1E, 0x3F, 0x1E, 0x3F, 0x80, 0x7F, 0x80, 0x7F, 0xC0,
    0xFF, 0xE7, 0xC3, 0xC3, 0xC3, 0xE7, 0xFF, 0x03, 0x03, 0x83, 0xE3, 0xE3, 0xE3, 0xE3, 0xE3, 0xE3,
    0x00, 0x00, 0x00, 0xF8, 0xFF, 0xF8, 0xFF, 0xF1, 0xFF, 0xF1, 0xFF, 0xE3, 0xFF, 0xE3, 0xFF, 0xC7,
    0xFF, 0xC4, 0xFF, 0x8C, 0x7F, 0x8C, 0x7F, 0x1C, 0x7F, 0x00, 0x3F, 0x00, 0x3F, 0x80, 0x7F, 0xF8,
    0x7F, 0xF0, 0x7F, 0xF0, 0x7F, 0x80, 0x7F, 0x80, 0x7F, 0x80, 0x7F, 0x8E, 0x7F, 0x8F, 0xFF, 0x8F,
    0xFF, 0x80, 0xFF, 0x80, 0x7F, 0x80, 0x7F, 0x8C, 0x3F, 0xFE, 0x3F, 0xFE, 0x3F, 0xFE, 0x3F, 0x0C,
    0x3F, 0x80, 0x7F, 0x80, 0x7F, 0xC1, 0xFF, 0xF1, 0xFF, 0xF1, 0xFF, 0xE3, 0xFF, 0xE3, 0xFF, 0xC3,
    0xFF, 0xC7, 0xFF, 0x80, 0xFF, 0x80, 0x7F, 0x80, 0x7F, 0x0C, 0x3F, 0x1E, 0x3F, 0x1E, 0x3F, 0x1E,
    0x3F, 0x0C, 0x3F, 0x80, 0x7F, 0x80, 0x7F, 0xC1, 0xFF, 0x00, 0x3F, 0x00, 0x3F, 0x00, 0x3F, 0x1C,
    0x7F, 0xFC, 0x7F, 0xFC, 0x7F, 0xF8, 0xFF, 0xF8, 0xFF, 0xF8, 0xFF, 0xF0, 0xFF, 0xF1, 0xFF, 0xF1,
    0xFF, 0xE1, 0xFF, 0xE3, 0xFF, 0xE3, 0xFF, 0xE3, 0xFF, 0xC7, 0xFF, 0xC0, 0xFF, 0x80, 0x7F, 0x80,
    0x7F, 0x8C, 0x7F, 0x8C, 0x7F, 0x8C, 0x7F, 0x80, 0x7F, 0xC0, 0xFF, 0xC0, 0xFF, 0x80, 0x7F, 0x8C,
    0x7F, 0x0C, 0x3F, 0x1E, 0x3F, 0x1E, 0x3F, 0x00, 0x3F, 0x80, 0x7F, 0xC0, 0xFF, 0xE1, 0xFF, 0x80,
    0x7F, 0x80, 0x7F, 0x0C, 0x3F, 0x1E, 0x3F, 0x1E, 0x3F, 0x1E, 0x3F, 0x0C, 0x3F, 0x80, 0x7F, 0x80,
    0x7F, 0xC0, 0x7F, 0xF8, 0xFF, 0xF0, 0xFF, 0xF1, 0xFF, 0xF1, 0xFF, 0xE3, 0xFF, 0xE3, 0xFF, 0xF3,
    0xFF, 0xF3, 0xFF, 0xF3, 0xFF, 0xF3, 0xFF, 0x00, 0x3F, 0x00, 0x3F, 0xE1, 0xFF, 0xF3, 0xFF, 0xF3,
    0xFF, 0xF3, 0xFF, 0xFF, 0xFF, 0x00, 0x3F, 0x00, 0x3F, 0xFF, 0xFF, 0x00, 0x3F, 0x00, 0x3F, 0xFF,
    0xFF, 0xFF, 0xFF, 0x00, 0x3F, 0x00, 0x3F, 0xFD, 0xF0, 0xE0, 0xE3, 0xC7, 0x87, 0x8F, 0x8F, 0x8F,
    0x0F, 0x0F, 0x0F, 0x0F, 0x8F, 0x8F, 0x8F, 0x87, 0xC7, 0xC3, 0xE1, 0xF0, 0xF9, 0xFF, 0xBF, 0x0F,
    0x07, 0xC7, 0xE3, 0xE1, 0xF1, 0xF1, 0xF1, 0xF0, 0xF0, 0xF0, 0xF0, 0xF1, 0xF1, 0xF1, 0xE1, 0xE3,
    0xC3, 0x87, 0x0F, 0x9F, 0xFF, 0x88, 0x7F, 0x80, 0x3F, 0x80, 0x3F, 0x86, 0x1F, 0x8F, 0x1F, 0x8F,
    0x1F, 0x8F, 0x1F, 0x8F, 0x1F, 0x8F, 0x1F, 0x86, 0x1F, 0x86, 0x1F, 0x86, 0x1F, 0xC0, 0xFF, 0x80,
    0x7F, 0x00, 0x3F, 0x1E, 0x3F, 0x1E, 0x3F, 0x1E, 0x3F, 0x18, 0x3F, 0x10, 0x3F, 0x02, 0x3F, 0x06,
    0x3F, 0x1E, 0x3F, 0x1E, 0x3F, 0x1E, 0x3F, 0x00, 0x3F, 0x80, 0x7F, 0xC0, 0xFF, 0xE1, 0xFF, 0xC1,
    0xFF, 0x81, 0xFF, 0x11, 0xFF, 0xB1, 0xFF, 0xF1, 0xFF, 0xF1, 0xFF, 0xF1, 0xFF, 0xF1, 0xFF, 0xF1,
    0xFF, 0xF1, 0xFF, 0xF1, 0xFF, 0xF1, 0xFF, 0x80, 0x7F, 0x80, 0x7F, 0x80, 0x7F, 0xC0, 0xFF, 0x80,
    0x7F, 0x80, 0x7F, 0x0C, 0x3F, 0xFE, 0x3F, 0xFE, 0x3F, 0xFC, 0x7F, 0xF8, 0x7F, 0xF0, 0xFF, 0xE1,
    0xFF, 0xC3, 0xFF, 0x87, 0xFF, 0x8E, 0x3F, 0x00, 0x3F, 0x00, 0x3F, 0x00, 0x3F, 0xC0, 0xFF, 0x80,
    0x7F, 0x80, 0x7F, 0x0C, 0x3F, 0xFE, 0x3F, 0xFC, 0x7F, 0xF0, 0x7F, 0xF0, 0xFF, 0xF0, 0x7F, 0xFC,
    0x3F, 0xFE, 0x3F, 0x9E, 0x3F, 0x1E, 0x3F, 0x80, 0x3F, 0x80, 0x7F, 0xC0, 0xFF, 0xF8, 0xFF, 0xF8,
    0xFF, 0xF1, 0xFF, 0xF1, 0xFF, 0xE3, 0xFF, 0xE3, 0xFF, 0xC7, 0xFF, 0x84, 0x7F, 0x8C, 0x7F, 0x1C,
    0x7F, 0x00, 0x3F, 0x00, 0x3F, 0x80, 0x7F, 0xF8, 0x7F, 0xF0, 0x7F, 0xF0, 0x7F, 0x80, 0x7F, 0x80,
    0x7F, 0x80, 0x7F, 0x8E, 0x7F, 0x8F, 0xFF, 0x80, 0xFF, 0x80, 0x7F, 0x80, 0x7F, 0x8C, 0x3F, 0xFE,
    0x3F, 0xFE, 0x3F, 0xFE, 0x3F, 0x0C, 0x3F, 0x80, 0x7F, 0x80, 0x7F, 0xC1, 0xFF, 0xF1, 0xFF, 0xF1,
    0xFF, 0xE3, 0xFF, 0xE3, 0xFF, 0xC3, 0xFF, 0xC7, 0xFF, 0x80, 0xFF, 0x80, 0x7F, 0x00, 0x7F, 0x0C,
    0x3F, 0x1E, 0x3F, 0x1E, 0x3F, 0x0C, 0x3F, 0x80, 0x7F, 0x80, 0x7F, 0xC0, 0xFF, 0x00, 0x3F, 0x00,
    0x3F, 0x00, 0x3F, 0x1C, 0x7F, 0xFC, 0x7F, 0xF8, 0x7F, 0xF8, 0xFF, 0xF8, 0xFF, 0xF8, 0xFF, 0xF1,
    0xFF, 0xF1, 0xFF, 0xF1, 0xFF, 0xE3, 0xFF, 0xE3, 0xFF, 0xE3, 0xFF, 0xC7, 0xFF, 0xC0, 0xFF, 0x80,
    0x7F, 0x80, 0x7F, 0x8C, 0x7F, 0x8C, 0x7F, 0x8C, 0x7F, 0xC0, 0xFF, 0xC0, 0xFF, 0xC0, 0xFF, 0x80,
    0x7F, 0x0C, 0x3F, 0x1E, 0x3F, 0x1E, 0x3F, 0x00, 0x3F, 0x80, 0x7F, 0xC0, 0xFF, 0xC0, 0xFF, 0x80,
    0x7F, 0x80, 0x7F, 0x0C, 0x3F, 0x1E, 0x3F, 0x1E, 0x3F, 0x0C, 0x3F, 0x80, 0x3F, 0x80, 0x7F, 0xC0,
    0x7F, 0xF8, 0xFF, 0xF0, 0xFF, 0xF1, 0xFF, 0xF1, 0xFF, 0xE3, 0xFF, 0xE3, 0xFF, 0xF3, 0xFF, 0xF3,
    0xFF, 0xF3, 0xFF, 0xF3, 0xFF, 0x00, 0x3F, 0x00, 0x3F, 0xE1, 0xFF, 0xF3, 0xFF, 0xF3, 0xFF, 0xF3,
    0xFF, 0xFF, 0xF9, 0xF0, 0xE1, 0xC3, 0xC7, 0x87, 0x8F, 0x8F, 0x8F, 0x0F, 0x0F, 0x0F, 0x0F, 0x8F,
    0x8F, 0x8F, 0x87, 0xC7, 0xE3, 0xE0, 0xF0, 0xFD, 0xFF, 0xFF, 0x9F, 0x0F, 0x87, 0xC3, 0xE3, 0xE1,
    0xF1, 0xF1, 0xF1, 0xF0, 0xF0, 0xF0, 0xF0, 0xF1, 0xF1, 0xF1, 0xE1, 0xE3, 0xC7, 0x07, 0x0F, 0xBF,
    0xFF, 0xC0, 0xFF, 0x80, 0x7F, 0x00, 0x7F, 0xFE, 0x3F, 0xC0, 0x3F, 0x80, 0x3F, 0x00, 0x3F, 0x1C,
    0x3F, 0x00, 0x3F, 0x80, 0x3F, 0x82, 0x3F, 0xC0, 0xFF, 0x80, 0x7F, 0x00, 0x3F, 0x00, 0x3F, 0x00,
    0x3F, 0x00, 0x3F, 0x1F, 0xFF, 0x0E, 0x3F, 0x00, 0x3F, 0x80, 0x7F, 0xC0, 0xFF, 0xC0, 0xFF, 0x80,
    0x7F, 0x00, 0x3F, 0x1E, 0x3F, 0x1E, 0x3F, 0x1E, 0x3F, 0x1E, 0x3F, 0x1E, 0x3F, 0x00, 0x3F, 0x80,
    0x7F, 0xC0, 0xFF, 0x86, 0x1F, 0x86, 0x1F, 0x80, 0x1F, 0xE0, 0x7F, 0xF0, 0xFF, 0xF0, 0xFF, 0xF0,
    0xFF, 0xE0, 0x7F, 0x80, 0x1F, 0x86, 0x1F, 0x86, 0x1F, 0x00, 0xFF, 0x00, 0x7F, 0x0C, 0x3F, 0x9E,
    0x3F, 0x00, 0x3F, 0x00, 0x3F, 0x00, 0x3F, 0x1E, 0x3F, 0x80, 0x3F, 0x80, 0x7F, 0xC0, 0xFF, 0x8F,
    0xFF, 0x8F, 0xFF, 0x8F, 0xFF, 0x8F, 0xFF, 0x8F, 0xFF, 0x88, 0x7F, 0x80, 0x3F, 0x86, 0x3F, 0x86,
    0x1F, 0x8F, 0x1F, 0x8F, 0x1F, 0x8F, 0x1F, 0x8F, 0x1F, 0x86, 0x1F, 0x86, 0x1F, 0x86, 0x1F, 0x0F,
    0xFF, 0x0F, 0xFF, 0x0F, 0xFF, 0x8F, 0xFF, 0x8F, 0xFF, 0x8E, 0x3F, 0x8C, 0x3F, 0x88, 0x3F, 0x80,
    0xFF, 0x81, 0xFF, 0x81, 0xFF, 0x81, 0xFF, 0x88, 0xFF, 0x08, 0x3F, 0x0C, 0x3F, 0x0E, 0x3F, 0x03,
    0x03, 0x83, 0xE3, 0xE3, 0xE3, 0xE3, 0xE3, 0xE3, 0xE3, 0xE3, 0xE3, 0xE3, 0x00, 0x00, 0x00, 0x01,
    0x3F, 0x00, 0x1F, 0x80, 0x1F, 0x89, 0x1F, 0x89, 0x1F, 0x89, 0x1F, 0x89, 0x1F, 0x89, 0x1F, 0x89,
    0x1F, 0x09, 0x0F, 0x09, 0x0F, 0x88, 0x7F, 0x80, 0x3F, 0x80, 0x3F, 0x86, 0x1F, 0x8F, 0x1F, 0x8F,
    0x1F, 0x8F, 0x1F, 0x8F, 0x1F, 0x86, 0x1F, 0x86, 0x1F, 0x86, 0x1F, 0x88, 0x7F, 0x80, 0x3F, 0x80,
    0x1F, 0x87, 0x1F, 0x8F, 0x1F, 0x8F, 0x1F, 0x8F, 0x1F, 0x87, 0x1F, 0x86, 0x1F, 0x80, 0x3F, 0x88,
    0x7F, 0x8F, 0xFF, 0x8F, 0xFF, 0x87, 0xFF, 0x83, 0xFF, 0x83, 0xFF, 0xC0, 0x3F, 0x80, 0x3F, 0x80,
    0x3F, 0x8E, 0x3F, 0x82, 0x7F, 0xC0, 0xFF, 0x90, 0x7F, 0x1C, 0x3F, 0x00, 0x3F, 0x00, 0x7F, 0x00,
    0xFF, 0xC3, 0xFF, 0xC3, 0xFF, 0xC3, 0xFF, 0xC3, 0xFF, 0xC3, 0xFF, 0x80, 0x7F, 0x80, 0x7F, 0x80,
    0xFF, 0xC3, 0xFF, 0xC3, 0xFF, 0xC3, 0xFF, 0xC3, 0xFF, 0xC2, 0x3F, 0xE0, 0x3F, 0xE0, 0x3F, 0xF0,
    0x7F, 0xFF, 0xFF, 0xFF, 0x93, 0xFF, 0x33, 0xE0, 0x07, 0xC0, 0x07, 0xC0, 0x07, 0x82, 0x07, 0x86,
    0x07, 0x84, 0xC7, 0x8C, 0x9F, 0x8C, 0x9F, 0x8C, 0x9F, 0x89, 0x3F, 0x89, 0x3F, 0x81, 0x3F, 0x82,
    0x7F, 0x82, 0x7F, 0x82, 0x7F, 0x84, 0xFF, 0x84, 0xFF, 0x84, 0xFF, 0x84, 0x87, 0x81, 0x87, 0x81,
    0x07, 0x80, 0x0F, 0x80, 0x1F, 0x90, 0x3F, 0x33, 0xFF, 0x27, 0xFF, 0xFF, 0xFF, 0x80, 0x07, 0x80,
    0x07, 0x80, 0x07, 0xC3, 0xC7, 0xC3, 0xC7, 0xC3, 0xC7, 0xC3, 0xFF, 0xC3, 0xFF, 0xC3, 0xFF, 0xC3,
    0xFF, 0x00, 0x7F, 0x00, 0x7F, 0xC3, 0xFF, 0xC3, 0xFF, 0x00, 0x7F, 0x00, 0x7F, 0xC3, 0xFF, 0xC3,
    0xFF, 0xC3, 0xFF, 0xC3, 0xFF, 0xC3, 0xFF, 0x80, 0xFF, 0x80, 0xFF, 0x80, 0xFF, 0xF8, 0x3F, 0xF0,
    0x1F, 0xE0, 0x0F, 0xE1, 0x0F, 0xE1, 0x87, 0xE1, 0x8F, 0xE1, 0xFF, 0xE1, 0xFF, 0xE1, 0xFF, 0x80,
    0x3F, 0x80, 0x3F, 0xE1, 0xFF, 0xE1, 0xFF, 0xE1, 0xFF, 0x80, 0x3F, 0x80, 0x3F, 0x80, 0x7F, 0xE1,
    0xFF, 0xC3, 0xC7, 0xC3, 0xC7, 0x83, 0xC7, 0x80, 0x07, 0x80, 0x07, 0x80, 0x07, 0xFF, 0xE7, 0xFF,
    0xE7, 0x00, 0xC7, 0x00, 0x03, 0x00, 0x01, 0x84, 0x01, 0x84, 0x01, 0x84, 0x01, 0x84, 0x21, 0x84,
    0x21, 0x84, 0x21, 0x84, 0x21, 0x84, 0x21, 0x84, 0x21, 0x80, 0x21, 0x80, 0x21, 0x00, 0x20, 0x00,
    0x20, 0x00, 0x20, 0xE7, 0xFF, 0xE7, 0xFF, 0x07, 0x03, 0x03, 0x03, 0x83, 0x87, 0x83, 0x87, 0x83,
    0x87, 0x81, 0x87, 0x81, 0x87, 0x81, 0x87, 0x00, 0x03, 0x00, 0x03, 0x00, 0x03, 0x88, 0xC7, 0x8C,
    0x47, 0x00, 0x03, 0x00, 0x03, 0x00, 0x03, 0x86, 0x07, 0x86, 0x07, 0x86, 0x07, 0x87, 0x07, 0x87,
    0x07, 0x87, 0x07, 0x03, 0x07, 0x03, 0x87, 0x07, 0xC7, 0x03, 0xC7, 0x01, 0xC7, 0x91, 0xC7, 0x98,
    0xC7, 0x98, 0xC7, 0x98, 0xC7, 0x98, 0x80, 0x98, 0x80, 0x99, 0x80, 0x91, 0xC7, 0x81, 0xC7, 0x83,
    0xC7, 0x83, 0xC7, 0x9F, 0xC7, 0x9F, 0xC7, 0x9F, 0xC7, 0x9F, 0xC5, 0x9F, 0xC0, 0x9F, 0xC0, 0x9F,
    0xC0, 0x0F, 0xC1, 0x0F, 0xE1, 0x0F, 0xE3, 0x83, 0xFF, 0xFF, 0x81, 0xFF, 0xFF, 0x80, 0xFF, 0xFF,
    0x88, 0xFF, 0xFF, 0x8C, 0xFF, 0xFF, 0x8C, 0xFF, 0xFF, 0x8C, 0xFF, 0xFF, 0x8C, 0x60, 0x7F, 0x8C,
    0xC0, 0x7F, 0x8C, 0xC0, 0x7F, 0x88, 0xC4, 0x7F, 0x80, 0xC4, 0x7F, 0x81, 0xC4, 0x7F, 0x81, 0xC3,
    0xFF, 0x81, 0xC1, 0xFF, 0x81, 0xE0, 0xFF, 0x89, 0xF0, 0xFF, 0x88, 0xF8, 0x7F, 0x88, 0xCC, 0x7F,
    0x88, 0xCC, 0x7F, 0x88, 0xCC, 0x7F, 0x8C, 0x40, 0xFF, 0x8C, 0x40, 0xFF, 0x8C, 0x41, 0xFF, 0x03,
    0xC0, 0x03, 0xC0, 0x03, 0xC0, 0x87, 0xE1, 0x87, 0xE1, 0x87, 0xE1, 0x87, 0xE1, 0xC4, 0x23, 0x80,
    0x01, 0x00, 0x00, 0x00, 0x00, 0xC4, 0x23, 0xC4, 0x23, 0xC4, 0x23, 0x80, 0x01, 0x00, 0x00, 0x00,
    0x00, 0xE1, 0x87, 0xE1, 0x87, 0xE1, 0x87, 0xE1, 0x87, 0xE1, 0x87, 0xE1, 0x87, 0xE1, 0x87, 0x80,
    0x71, 0x80, 0x31, 0x8E, 0x11, 0x8F, 0x11, 0x8F, 0x11, 0x88, 0x11, 0x88, 0x11, 0x88, 0x11, 0x88,
    0x11, 0x88, 0x11, 0x88, 0x11, 0x88, 0x11, 0x88, 0xF1, 0x88, 0xF1, 0x88, 0xE1, 0x88, 0x03, 0x88,
    0x07, 0xFF, 0x07, 0xFF, 0x07, 0xFF, 0x07, 0xFF, 0x87, 0xFC, 0x01, 0xFC, 0x01, 0xFF, 0x87, 0xE0,
    0x87, 0xC0, 0x07, 0x80, 0x07, 0x83, 0x07, 0x87, 0x87, 0x87, 0x87, 0x8F, 0x87, 0x8F, 0x87, 0x8F,
    0x87, 0x8F, 0x87, 0x8F, 0x87, 0x87, 0x87, 0x87, 0x87, 0x87, 0x07, 0x80, 0x03, 0xC0, 0x03, 0xE0,
    0x83, 0xFF, 0xFF, 0xFF, 0xFF, 0xFF, 0xFF, 0x80, 0x07, 0x80, 0x07, 0x80, 0x07, 0xF0, 0x63, 0xE0,
    0x03, 0xE0, 0x03, 0xC1, 0xC3, 0xC3, 0xC3, 0xC3, 0xE3, 0xC7, 0xFF, 0xC7, 0xFF, 0x80, 0xFF, 0x00,
    0x7F, 0x00, 0x7F, 0xC7, 0xFF, 0xC7, 0xFF, 0x00, 0x7F, 0x00, 0x7F, 0x80, 0xFF, 0xC7, 0xFF, 0xC7,
    0xFF, 0xC3, 0xC3, 0xC3, 0xC3, 0xC1, 0x83, 0xE0, 0x07, 0xF0, 0x0F, 0xF8, 0x1F, 0x03, 0x83, 0x03,
    0x83, 0x03, 0x83, 0x87, 0x0F, 0x87, 0x1F, 0x86, 0x1F, 0x86, 0x3F, 0x84, 0x3F, 0x84, 0x7F, 0x80,
    0x7F, 0x80, 0xFF, 0x00, 0x03, 0x00, 0x03, 0x00, 0x03, 0x80, 0x3F, 0x80, 0x3F, 0x86, 0x3F, 0x86,
    0x1F, 0x87, 0x1F, 0x87, 0x0F, 0x87, 0x0F, 0x03, 0x83, 0x03, 0x83, 0x03, 0xC3, 0x80, 0x07, 0x80,
    0x07, 0x80, 0x07, 0x88, 0x47, 0x88, 0x47, 0x98, 0x67, 0xF8, 0x7F, 0xF8, 0x1F, 0xF8, 0x1F, 0xF0,
    0x1F, 0xC0, 0x7F, 0xE0, 0x7F, 0xE8, 0x5F, 0xF8, 0x1F, 0xF8, 0x0F, 0xE0, 0x3F, 0xE0, 0x7F, 0xE0,
    0x7F, 0xF8, 0x7F, 0xF8, 0x7F, 0xF8, 0x7F, 0xE0, 0x1F, 0xE0, 0x1F, 0xE0, 0x1F, 0x83, 0xFF, 0xFF,
    0x81, 0xFF, 0xFF, 0x80, 0xFF, 0xFF, 0x88, 0xFF, 0xFF, 0x88, 0xFF, 0xFF, 0x8C, 0xFF, 0xFF, 0x8C,
    0xFF, 0xFF, 0x8C, 0x71, 0xFF, 0x8C, 0x60, 0xFF, 0x8C, 0x40, 0xFF, 0x8C, 0x44, 0x7F, 0x8C, 0x44,
    0x7F, 0x8C, 0x4C, 0x7F, 0x8C, 0x4C, 0x7F, 0x8C, 0x4C, 0x7F, 0x8C, 0x4C, 0x7F, 0x8C, 0x4C, 0x7F,
    0x8C, 0xCC, 0x7F, 0x8C, 0xCC, 0x7F, 0x88, 0xCC, 0x7F, 0x88, 0xC4, 0x7F, 0x80, 0xC0, 0x7F, 0x81,
    0xC0, 0xFF, 0x83, 0xC8, 0xFF, 0xFF, 0xCF, 0xFF, 0xFF, 0xCF, 0xFF, 0xFF, 0xCF, 0xFF, 0xFF, 0xCF,
    0xFF, 0xFF, 0xCF, 0xFF, 0xFF, 0xCF, 0xFF, 0xFF, 0xCF, 0xFF, 0x00, 0x3F, 0x00, 0x0F, 0x00, 0x0F,
    0x87, 0x07, 0x87, 0x87, 0x00, 0x03, 0x87, 0xC3, 0x87, 0xC3, 0x00, 0x03, 0x87, 0x83, 0x87, 0x87,
    0x87, 0x07, 0x80, 0x0F, 0x80, 0x1F, 0x80, 0x3F, 0x87, 0xFF, 0x87, 0xFF, 0x87, 0xFF, 0x87, 0xFF,
    0x87, 0xFF, 0x87, 0xFF, 0x01, 0xFF, 0x01, 0xFF, 0x01, 0xFF, 0xFF, 0xFF, 0xFC, 0xFF, 0xFC, 0xFF,
    0xE0, 0xC7, 0xC0, 0x07, 0xC0, 0x07, 0x80, 0x87, 0x84, 0x87, 0x84, 0xC7, 0x8C, 0xFF, 0x8C, 0xFF,
    0x8C, 0xFF, 0x8C, 0xFF, 0x8C, 0xFF, 0x8C, 0x07, 0x8C, 0x07, 0x8C, 0x07, 0x8C, 0x87, 0x8C, 0x87,
    0x8C, 0x87, 0x8C, 0x87, 0x84, 0x87, 0x84, 0x87, 0x80, 0x07, 0x80, 0x07, 0xC0, 0x47, 0xE0, 0xC7,
    0xFC, 0xFF, 0xFC, 0xFF, 0xFF, 0xFF, 0xFC, 0x3F, 0xFC, 0x3F, 0xF8, 0x1F, 0xF8, 0x1F, 0xF8, 0x1F,
    0xF8, 0x1F, 0xF8, 0x1F, 0xF0, 0x0F, 0xF0, 0x0F, 0x80, 0x01, 0x80, 0x01, 0xC0, 0x01, 0xC0, 0x01,
    0x80, 0x01, 0x80, 0x01, 0xE1, 0x87, 0xE3, 0xC7, 0xE3, 0xC7, 0xC3, 0xC3, 0xC3, 0xC3, 0xC3, 0xC3,
    0x81, 0x81, 0x81, 0x81, 0x81, 0x81, 0x8C, 0x3F, 0x80, 0x0F, 0x80, 0x0F, 0x87, 0x07, 0x87, 0x87,
    0x8F, 0x87, 0xFF, 0x87, 0xFF, 0x87, 0x00, 0x03, 0x00, 0x03, 0x00, 0x03, 0xF0, 0x1F, 0xE0, 0x3F,
    0x00, 0x03, 0x00, 0x03, 0x00, 0x03, 0x87, 0xFF, 0x87, 0xFF, 0x8F, 0xC7, 0x87, 0x87, 0x87, 0x87,
    0x80, 0x07, 0xC0, 0x07, 0xE0, 0xC7, 0xFF, 0xFF, 0xFC, 0xFF, 0xFC, 0xFF, 0xE0, 0xC7, 0xC0, 0x07,
    0xC0, 0x07, 0x80, 0x87, 0x84, 0x87, 0x84, 0xC7, 0x8C, 0xFF, 0x8C, 0xFF, 0x8C, 0xFF, 0x8C, 0xFF,
    0x8C, 0xFF, 0x8C, 0xFF, 0x8C, 0xFF, 0x8C, 0xFF, 0x8C, 0xFF, 0x8C, 0xFF, 0x8C, 0xFF, 0x8C, 0xFF,
    0x84, 0x87, 0x84, 0x87, 0x80, 0x07, 0xC0, 0x0F, 0xE0, 0x1F, 0xF0, 0x3F, 0xFC, 0xFF, 0xFC, 0xFF,
    0x80, 0x07, 0x80, 0x07, 0x80, 0x07, 0xFF, 0xFF, 0xFF, 0xFF, 0x80, 0x07, 0x80, 0x07, 0x80, 0x07,
    0x88, 0x47, 0x88, 0x47, 0x98, 0x67, 0xF8, 0x7F, 0xF8, 0x7F, 0xF8, 0x7F, 0xF8, 0x7F, 0xF8, 0x7F,
    0xF8, 0x7F, 0xF8, 0x7F, 0xF8, 0x7F, 0xF8, 0x7F, 0xF8, 0x7F, 0xE0, 0x1F, 0xE0, 0x1F, 0xE0, 0x1F,
    0x00, 0x0F, 0x00, 0x0F, 0x00, 0x0F, 0x00, 0x0F, 0xFC, 0x3F, 0xFC, 0x3F, 0x00, 0x0F, 0x00, 0x0F,
    0x00, 0x0F, 0xFC, 0x1F, 0xFC, 0x3F, 0xF8, 0x3F, 0x00, 0x7F, 0x00, 0xFF, 0x01, 0xFF, 0xF0, 0xFF,
    0xF0, 0x7F, 0xF8, 0x7F, 0xFC, 0x3F, 0xFC, 0x3F, 0xFE, 0x1F, 0xFE, 0x03, 0xFF, 0x03, 0xFF, 0x83,
    0xC0, 0x7F, 0xC0, 0x7F, 0xC0, 0x7F, 0xE1, 0xFF, 0xE1, 0xFF, 0xE1, 0xFF, 0xE1, 0xFF, 0xE1, 0x7F,
    0xE0, 0x3F, 0xE0, 0x3F, 0x80, 0xFF, 0x81, 0xFF, 0x81, 0x7F, 0xE0, 0x3F, 0xE0, 0x3F, 0x80, 0xFF,
    0x81, 0xFF, 0x81, 0xFF, 0xE1, 0xE3, 0xE1, 0xC3, 0xE1, 0x83, 0xC0, 0x07, 0xC0, 0x07, 0xC0, 0x1F,
    0xFC, 0x3F, 0xFC, 0x3F, 0xFC, 0x3F, 0xFC, 0x3F, 0xFC, 0x3F, 0xF0, 0x0F, 0xE0, 0x07, 0xC0, 0x03,
    0xC4, 0x23, 0x84, 0x21, 0x84, 0x21, 0x84, 0x21, 0x84, 0x21, 0x84, 0x21, 0x84, 0x21, 0x84, 0x21,
    0x84, 0x21, 0x84, 0x21, 0x84, 0x21, 0x03, 0xC0, 0x03, 0xC0, 0x03, 0xC0, 0x80, 0x1F, 0x80, 0x0F,
    0x80, 0x07, 0xC3, 0x83, 0xC3, 0xC3, 0xC3, 0xE3, 0xC3, 0xE1, 0xC3, 0xE1, 0xC3, 0xE1, 0xC3, 0xE3,
    0xC3, 0xC3, 0xC3, 0x83, 0x80, 0x07, 0x80, 0x0F, 0x80, 0x1F, 0xC3, 0xFF, 0xC1, 0xFF, 0x80, 0x0F,
    0x80, 0x0F, 0xC3, 0xFF, 0xC3, 0xFF, 0x80, 0xFF, 0x80, 0xFF, 0x80, 0xFF, 0xFF, 0xFF, 0xF0, 0x3F,
    0xF0, 0x3F, 0xF0, 0x3F, 0xF0, 0x3F, 0xC0, 0x0F, 0x80, 0x07, 0x80, 0x03, 0x00, 0x03, 0x10, 0x23,
    0x10, 0x3F, 0x10, 0x3F, 0x10, 0x3F, 0x10, 0x3F, 0x1F, 0xFF, 0x1F, 0xFF, 0x1F, 0xFF, 0x1F, 0xFF,
    0x1F, 0xFF, 0x1F, 0xFF, 0x1F, 0xFF, 0x1F, 0xFF, 0x1F, 0xFF, 0x8F, 0xFF, 0xC7, 0xFF, 0x00, 0x03,
    0x00, 0x03, 0x00, 0x03, 0xF1, 0x9F, 0xF1, 0x9F, 0xF1, 0x9F, 0x80, 0x1F, 0x80, 0x0F, 0x80, 0x07,
    0xC7, 0xC7, 0xC7, 0xC3, 0xC7, 0xE3, 0xC7, 0xE3, 0xC7, 0xE3, 0xC7, 0xC3, 0xC7, 0xC7, 0xC0, 0x0F,
    0xC0, 0x1F, 0xC0, 0x0F, 0xC7, 0x87, 0xC7, 0xE3, 0xC7, 0xE3, 0xC7, 0xE1, 0xC7, 0xF1, 0xC7, 0xE1,
    0xC7, 0xE3, 0xC7, 0xC3, 0x80, 0x07, 0x80, 0x0F, 0x80, 0x1F, 0xF1, 0x9F, 0xF1, 0x9F, 0xF1, 0x9F,
    0xF9, 0x9F, 0xE0, 0xC7, 0xC0, 0x07, 0xC0, 0x07, 0x83, 0x87, 0x87, 0x87, 0x87, 0xC7, 0x8F, 0xFF,
    0x8F, 0xFF, 0x8F, 0xFF, 0x8F, 0xFF, 0x8F, 0xFF, 0x87, 0x87, 0x87, 0x87, 0x83, 0x07, 0xC0, 0x0F,
    0xE0, 0x1F, 0xF0, 0x3F, 0xFF, 0xFF, 0xFF, 0xFF, 0xFF, 0xFF, 0x80, 0x07, 0x80, 0x07, 0x80, 0x07,
    0x48, 0x48, 0x48, 0x48, 0x48, 0x48, 0x48, 0x48, 0x48, 0x48, 0x48, 0x48, 0x48, 0x48, 0x00, 0x00,
    0x00, 0x00, 0x48, 0x84, 0x84, 0x84, 0x00, 0x48, 0x70, 0xE0, 0x89, 0x10, 0x89, 0x10, 0x09, 0x00,
    0x09, 0x00, 0x09, 0x00, 0x09, 0x00, 0x09, 0x00, 0x00, 0x00, 0x00, 0x00, 0x00, 0x00, 0x02, 0x40,
    0x12, 0x48, 0x12, 0x48, 0x12, 0x48, 0x12, 0x48, 0x10, 0x08, 0x80, 0x01, 0x80, 0x01, 0x80, 0x01,
    0x12, 0x48, 0x12, 0x48, 0x12, 0x48, 0x12, 0x48, 0x12, 0x48, 0x10, 0x08, 0x80, 0x01, 0x80, 0x01,
    0x80, 0x01, 0x12, 0x48, 0x12, 0x48, 0x12, 0x48, 0x12, 0x48, 0x12, 0x48, 0x09, 0x00, 0x00, 0x00,
    0x00, 0x00, 0x00, 0x00, 0x00, 0x00, 0x10, 0x80, 0x40, 0x00, 0x80, 0x00, 0x88, 0x00, 0x19, 0x00,
    0x09, 0x80, 0x99, 0x70, 0x01, 0x00, 0x81, 0x00, 0x00, 0x00, 0x00, 0x40, 0x18, 0x00, 0x08, 0x10,
    0x08, 0x10, 0x09, 0x80, 0x19, 0x88, 0x09, 0x08, 0x09, 0x00, 0x00, 0x10, 0x10, 0x10, 0x18, 0x20,
    0x01, 0x80, 0x00, 0x00, 0x00, 0x00, 0x00, 0x00, 0x00, 0x00, 0x00, 0x02, 0x41, 0x10, 0x00, 0x02,
    0x90, 0xA0, 0x80, 0x84, 0x80, 0xA0, 0x80, 0x80, 0x80, 0xC8, 0x90, 0x80, 0x00, 0x38, 0x41, 0x00,
    0x00, 0x28, 0x00, 0x82, 0x00, 0x00, 0x1D, 0x29, 0x01, 0x01, 0x13, 0x01, 0x01, 0x01, 0x25, 0x01,
    0x21, 0x01, 0x05, 0x09, 0x40, 0x00, 0x08, 0x82, 0x40, 0x00, 0x00, 0xC0, 0x20, 0x20, 0x20, 0x20,
    0x01, 0x10, 0x40, 0x00, 0x00, 0x80, 0x40, 0x00, 0x05, 0x10, 0x25, 0x20, 0x20, 0x20, 0x10, 0x00,
    0x10, 0x00, 0x20, 0x80, 0x20, 0x9E, 0x04, 0x42, 0x0A, 0x44, 0x8A, 0x00, 0x81, 0x00, 0x89, 0x08,
    0x08, 0x88, 0x48, 0x80, 0x43, 0x04, 0x00, 0x44, 0x19, 0x02, 0x60, 0x00, 0x00, 0x00, 0x00, 0x00,
    0x90, 0x90, 0x90, 0x90, 0x90, 0x00, 0x00, 0x00, 0x80, 0x02, 0x00, 0x04, 0x00, 0x08, 0x40, 0x00,
    0x00, 0x01, 0x00, 0x00, 0x00, 0x04, 0x00, 0x04, 0x00, 0x40, 0x00, 0x08, 0x00, 0x80, 0x00, 0x88,
    0x00, 0x08, 0x00, 0x00, 0x00, 0x00, 0x00, 0x00, 0x00, 0x00, 0x00, 0x08, 0x00, 0x88, 0x00, 0x80,
    0x00, 0x08, 0x00, 0x40, 0x00, 0x04, 0x00, 0x04, 0x00, 0x22, 0x00, 0x20, 0x00, 0x01, 0x00, 0x08,
    0xC0, 0x04, 0x20, 0x02, 0x40, 0x00, 0x00, 0x00, 0x00, 0x00, 0x00, 0x20, 0x00, 0x08, 0x00, 0x04,
    0x00, 0x42, 0x00, 0x00, 0x00, 0x10, 0x00, 0x00, 0x00, 0x04, 0x00, 0x04, 0x00, 0x00, 0x40, 0x02,
    0x00, 0x00, 0x20, 0x02, 0x20, 0x02, 0x00, 0x00, 0x00, 0x00, 0x00, 0x00, 0x00, 0x00, 0x00, 0x02,
    0x00, 0x02, 0x20, 0x00, 0x20, 0x02, 0x00, 0x00, 0x40, 0x04, 0x00, 0x04, 0x00, 0x08, 0x80, 0x00,
    0x80, 0x10, 0x00, 0x62, 0x00, 0x84, 0x00, 0x48, 0x00, 0x00, 0x00, 0x00, 0x00, 0x04, 0x80, 0x04,
    0x80, 0x04, 0x80, 0x60, 0x18, 0x84, 0x84, 0x80, 0x04, 0xA0, 0x14, 0x08, 0x40, 0x10, 0x20, 0x13,
    0x20, 0x23, 0x10, 0x60, 0x18, 0x08, 0x40, 0x00, 0x00, 0x00, 0x00, 0x00, 0x00, 0x00, 0x00, 0x00,
    0x00, 0x00, 0x00, 0x00, 0x00, 0x00, 0x00, 0xF0, 0xF0, 0x00, 0x00, 0x00, 0x00, 0x00, 0x00, 0x00,
    0x00, 0x09, 0x00, 0x18, 0x42, 0x42, 0x00, 0x00, 0x40, 0x22, 0x00, 0x00, 0x20, 0x40, 0x08, 0x40,
    0x00, 0x00, 0x00, 0x00, 0x00, 0x00, 0x00, 0x00, 0x00, 0x18, 0x42, 0x42, 0x00, 0x00, 0x42, 0x24,
    0x00, 0x04, 0x00, 0x48, 0x00, 0x00, 0x00, 0x08, 0x00, 0x80, 0x00, 0x10, 0x01, 0x00, 0x00, 0x00,
    0x01, 0x20, 0x00, 0x00, 0x00, 0x20, 0x02, 0x00, 0x00, 0x40, 0x04, 0x00, 0x00, 0x00, 0x04, 0x80,
    0x00, 0x00, 0x00, 0x80, 0x08, 0x00, 0x01, 0x00, 0x10, 0x00, 0x00, 0x00, 0x12, 0x00, 0x00, 0x00,
    0x02, 0x00, 0x20, 0x00, 0x04, 0x00, 0x40, 0x00, 0x00, 0x00, 0x48, 0x00, 0x80, 0x00, 0x14, 0xA0,
    0x20, 0x10, 0x40, 0x08, 0x43, 0x08, 0x08, 0x40, 0x80, 0x04, 0x88, 0x44, 0x88, 0x44, 0x88, 0x04,
    0x88, 0x84, 0x8A, 0x04, 0x88, 0x44, 0x88, 0x44, 0x81, 0x44, 0x84, 0x44, 0x80, 0x44, 0x88, 0x44,
    0x88, 0x44, 0x80, 0x04, 0x08, 0x40, 0x43, 0x08, 0x40, 0x08, 0x20, 0x10, 0x1C, 0xE0, 0x04, 0x00,
    0x08, 0x00, 0x10, 0x00, 0x20, 0x00, 0x00, 0x00, 0x00, 0x00, 0x10, 0x00, 0x00, 0x00, 0x00, 0x00,
    0x00, 0x00, 0x00, 0x00, 0x00, 0x00, 0x00, 0x00, 0x00, 0x00, 0x00, 0x00, 0x00, 0x00, 0x00, 0x00,
    0x00, 0x00, 0x00, 0x00, 0x00, 0x00, 0x00, 0x00, 0x00, 0x00, 0x00, 0x00, 0x00, 0x00, 0x04, 0x80,
    0x20, 0x10, 0x00, 0x00, 0x07, 0x80, 0x40, 0x08, 0x00, 0x00, 0x78, 0x00, 0x00, 0x00, 0x00, 0x40,
    0x00, 0x88, 0x00, 0x88, 0x01, 0x10, 0x06, 0x20, 0x08, 0x40, 0x10, 0x80, 0x11, 0x00, 0x02, 0x00,
    0x02, 0x00, 0x40, 0x00, 0x04, 0x20, 0x40, 0x20, 0x00, 0x00, 0x00, 0x00, 0x00, 0x00, 0x04, 0x80,
    0x20, 0x10, 0x20, 0x00, 0x47, 0x80, 0x40, 0x08, 0x48, 0x40, 0x78, 0x00, 0x00, 0x48, 0x00, 0x80,
    0x01, 0x88, 0x04, 0x10, 0x04, 0x00, 0x04, 0x00, 0x03, 0x88, 0x00, 0x40, 0x00, 0x44, 0x00, 0x40,
    0x70, 0x00, 0x88, 0x40, 0x08, 0x04, 0x43, 0x08, 0x40, 0x08, 0x20, 0x00, 0x14, 0x60, 0x01, 0x10,
    0x01, 0x20, 0x02, 0x20, 0x02, 0x40, 0x00, 0x40, 0x00, 0x00, 0x00, 0x00, 0x00, 0x00, 0x08, 0x00,
    0x11, 0x00, 0x12, 0x90, 0x22, 0x90, 0x24, 0x90, 0x44, 0x90, 0x00, 0x90, 0x00, 0x90, 0x80, 0x00,
    0x80, 0x00, 0x80, 0x00, 0x00, 0x90, 0x00, 0x90, 0x02, 0x00, 0x02, 0x00, 0x02, 0x00, 0x40, 0x00,
    0x40, 0x00, 0x40, 0x00, 0x48, 0x00, 0x48, 0x00, 0x48, 0x48, 0x48, 0x00, 0x48, 0x00, 0x44, 0x80,
    0x40, 0x10, 0x40, 0x10, 0x47, 0x80, 0x40, 0x08, 0x78, 0x00, 0x00, 0x04, 0x00, 0x44, 0x00, 0x44,
    0x00, 0x04, 0x00, 0x00, 0x40, 0x08, 0x07, 0x80, 0x00, 0x10, 0x20, 0x10, 0x04, 0x80, 0x02, 0x00,
    0x04, 0x00, 0x04, 0x00, 0x08, 0x00, 0x08, 0x80, 0x11, 0x00, 0x11, 0x00, 0x22, 0x00, 0x02, 0x80,
    0x04, 0x20, 0x40, 0x10, 0x00, 0x08, 0x40, 0x08, 0x08, 0x40, 0x00, 0x04, 0x80, 0x44, 0x88, 0x44,
    0x80, 0x04, 0x00, 0x00, 0x00, 0x08, 0x07, 0x80, 0x00, 0x00, 0x20, 0x10, 0x04, 0x80, 0x00, 0x00,
    0x00, 0x00, 0x00, 0x00, 0x20, 0x90, 0x20, 0x00, 0x40, 0x10, 0x01, 0x00, 0x00, 0x20, 0x02, 0x00,
    0x00, 0x20, 0x02, 0x00, 0x00, 0x00, 0x00, 0x40, 0x04, 0x00, 0x00, 0x80, 0x08, 0x00, 0x00, 0x80,
    0x08, 0x00, 0x00, 0x00, 0x11, 0x00, 0x10, 0x00, 0x02, 0x00, 0x20, 0x00, 0x02, 0x00, 0x04, 0x80,
    0x20, 0x10, 0x00, 0x00, 0x07, 0x80, 0x40, 0x08, 0x48, 0x48, 0x40, 0x08, 0x04, 0x80, 0x04, 0x80,
    0x03, 0x00, 0x10, 0x20, 0x08, 0x40, 0x00, 0x00, 0x00, 0x00, 0x43, 0x08, 0x44, 0x88, 0x08, 0x40,
    0x80, 0x04, 0x88, 0x44, 0x08, 0x40, 0x43, 0x08, 0x40, 0x08, 0x00, 0x00, 0x18, 0x60, 0x04, 0x80,
    0x20, 0x10, 0x00, 0x00, 0x07, 0x80, 0x40, 0x08, 0x00, 0x00, 0x80, 0x04, 0x88, 0x44, 0x88, 0x04,
    0x80, 0x00, 0x08, 0x40, 0x40, 0x08, 0x40, 0x00, 0x20, 0x08, 0x10, 0x80, 0x05, 0x00, 0x01, 0x10,
    0x02, 0x20, 0x02, 0x20, 0x04, 0x40, 0x00, 0x40, 0x00, 0x80, 0x00, 0x80, 0x01, 0x00, 0x24, 0x42,
    0x00, 0x00, 0x42, 0x42, 0x18, 0x00, 0x00, 0x00, 0x18, 0x42, 0x42, 0x00, 0x00, 0x42, 0x24, 0x24,
    0x42, 0x00, 0x00, 0x42, 0x42, 0x18, 0x00, 0x00, 0x00, 0x18, 0x42, 0x42, 0x00, 0x00, 0x40, 0x22,
    0x00, 0x00, 0x20, 0x40, 0x08, 0x40, 0x00, 0x00, 0x30, 0x00, 0x10, 0x01, 0x80, 0x02, 0x10, 0x00,
    0x60, 0x30, 0x00, 0x03, 0x00, 0x84, 0x00, 0x00, 0x00, 0x00, 0x00, 0x0C, 0x00, 0x00, 0x00, 0x30,
    0x00, 0x00, 0x60, 0x06, 0x00, 0x00, 0x00, 0x00, 0x40, 0x00, 0x30, 0xFF, 0xF0, 0x00, 0x00, 0x00,
    0x00, 0x00, 0x00, 0x00, 0x00, 0x00, 0x00, 0xFF, 0xF0, 0x00, 0x00, 0x00, 0x00, 0x60, 0x00, 0x40,
    0x00, 0x0C, 0x00, 0x42, 0x00, 0x30, 0x00, 0x00, 0x60, 0x06, 0x00, 0x01, 0x08, 0x00, 0x00, 0x00,
    0x00, 0x01, 0x80, 0x00, 0x00, 0x00, 0x60, 0x30, 0x00, 0x03, 0x00, 0x00, 0x00, 0x10, 0x00, 0x60,
    0x00, 0x14, 0xA0, 0x20, 0x10, 0x40, 0x00, 0x07, 0x80, 0x08, 0x48, 0x00, 0x00, 0x78, 0x40, 0x00,
    0x08, 0x00, 0x00, 0x01, 0x00, 0x02, 0x00, 0x02, 0x20, 0x04, 0x40, 0x00, 0x40, 0x04, 0x00, 0x04,
    0x80, 0x00, 0x00, 0x00, 0x00, 0x04, 0x80, 0x08, 0x40, 0x08, 0x40, 0x08, 0x40, 0x00, 0x00, 0x04,
    0x80, 0x09, 0x00, 0x40, 0x20, 0x40, 0x00, 0x06, 0x00, 0x80, 0x10, 0x00, 0x00, 0x01, 0x00, 0x24,
    0x00, 0x24, 0x00, 0x29, 0x40, 0x20, 0x40, 0x20, 0x40, 0x20, 0x40, 0x20, 0x40, 0x20, 0x40, 0x20,
    0x40, 0x20, 0x40, 0x20, 0x00, 0x29, 0x90, 0x24, 0x00, 0x04, 0x20, 0x00, 0x40, 0x80, 0x00, 0x04,
    0x00, 0x40, 0x00, 0x40, 0x00, 0x08, 0x00, 0x04, 0x20, 0x04, 0x20, 0x00, 0x00, 0x04, 0x20, 0x00,
    0x00, 0x00, 0x00, 0x08, 0x10, 0x01, 0x80, 0x08, 0x10, 0x08, 0x10, 0x01, 0x80, 0x10, 0x08, 0x00,
    0x08, 0x02, 0x40, 0x10, 0x08, 0x00, 0x00, 0x20, 0x00, 0x22, 0x44, 0x00, 0x00, 0x24, 0x24, 0x04,
    0x20, 0x82, 0x41, 0x82, 0x41, 0x82, 0x41, 0x80, 0x60, 0x80, 0x10, 0x80, 0x00, 0x00, 0x84, 0x00,
    0x40, 0x00, 0x00, 0x00, 0x04, 0x00, 0x00, 0x00, 0x40, 0x00, 0x80, 0x00, 0x08, 0x00, 0x00, 0x00,
    0x08, 0x00, 0xC0, 0x00, 0x20, 0x00, 0x22, 0x00, 0x00, 0x00, 0x00, 0x00, 0x20, 0x00, 0x22, 0x00,
    0xC4, 0x80, 0x04, 0x80, 0x08, 0x80, 0x40, 0x09, 0xC0, 0x20, 0x40, 0x40, 0x00, 0x40, 0x80, 0x08,
    0x00, 0x80, 0x40, 0x88, 0x00, 0x88, 0x00, 0x88, 0x00, 0x88, 0x00, 0x88, 0x00, 0x88, 0x00, 0x88,
    0x00, 0x88, 0x00, 0x88, 0x00, 0x88, 0x00, 0x88, 0x00, 0x88, 0x78, 0x80, 0x00, 0x08, 0x08, 0x43,
    0x80, 0x40, 0x00, 0x20, 0x10, 0x18, 0x80, 0x80, 0xE0, 0x80, 0x10, 0x80, 0x08, 0x01, 0x00, 0x00,
    0x44, 0x00, 0x00, 0x00, 0x02, 0x00, 0x22, 0x00, 0x22, 0x00, 0x22, 0x00, 0x22, 0x00, 0x22, 0x00,
    0x22, 0x00, 0x22, 0x00, 0x22, 0x00, 0x22, 0x00, 0x22, 0x00, 0x02, 0x00, 0x00, 0x00, 0x44, 0x01,
    0x00, 0x80, 0x08, 0x80, 0x10, 0x80, 0xE0, 0x00, 0x00, 0x00, 0x00, 0x00, 0x00, 0x48, 0x20, 0x48,
    0x20, 0x48, 0x18, 0x48, 0x00, 0x48, 0x00, 0x48, 0x00, 0x48, 0x00, 0x40, 0x00, 0x40, 0x00, 0x40,
    0x00, 0x48, 0x00, 0x48, 0x00, 0x48, 0x00, 0x48, 0x00, 0x48, 0x00, 0x48, 0x10, 0x48, 0x20, 0x48,
    0x20, 0x00, 0x00, 0x00, 0x00, 0x00, 0x00, 0x00, 0x00, 0x00, 0x00, 0x00, 0x00, 0x04, 0x20, 0x00,
    0x20, 0x00, 0x18, 0x00, 0x00, 0x00, 0x00, 0x00, 0x00, 0x00, 0x00, 0x00, 0x00, 0x00, 0x00, 0x00,
    0x00, 0x04, 0x00, 0x00, 0x00, 0x00, 0x00, 0x00, 0x00, 0x00, 0x00, 0x00, 0x00, 0x00, 0x00, 0x04,
    0x00, 0x00, 0x00, 0x00, 0x00, 0x00, 0x00, 0x09, 0xC0, 0x20, 0x40, 0x40, 0x00, 0x40, 0x80, 0x08,
    0x00, 0x80, 0x40, 0x88, 0x00, 0x88, 0x00, 0x88, 0x00, 0x88, 0x00, 0x88, 0x00, 0x88, 0x00, 0x88,
    0x00, 0x88, 0x00, 0x88, 0x00, 0x88, 0x00, 0x88, 0x00, 0x88, 0x00, 0x80, 0x40, 0x08, 0x00, 0x44,
    0x00, 0x00, 0x00, 0x20, 0x40, 0x02, 0x40, 0x82, 0x41, 0x82, 0x41, 0x82, 0x41, 0x00, 0x00, 0x00,
    0x00, 0x00, 0x00, 0x00, 0x00, 0x00, 0x00, 0x00, 0x00, 0x00, 0x00, 0x00, 0x00, 0x00, 0x00, 0x00,
    0x00, 0x00, 0x00, 0x00, 0x00, 0x00, 0x00, 0x00, 0x00, 0x00, 0x00, 0x00, 0x00, 0x00, 0x00, 0x00,
    0x00, 0x82, 0x41, 0x82, 0x41, 0x82, 0x41, 0x00, 0x00, 0x00, 0x00, 0x00, 0x00, 0x09, 0x00, 0x09,
    0x00, 0x09, 0x00, 0x09, 0x00, 0x09, 0x00, 0x09, 0x00, 0x09, 0x00, 0x09, 0x00, 0x09, 0x00, 0x09,
    0x00, 0x09, 0x00, 0x09, 0x00, 0x09, 0x00, 0x09, 0x00, 0x09, 0x00, 0x09, 0x00, 0x09, 0x00, 0x09,
    0x00, 0x00, 0x00, 0x00, 0x00, 0x00, 0x00, 0x00, 0x00, 0x00, 0x00, 0x00, 0x00, 0x00, 0x00, 0x00,
    0x00, 0x00, 0x00, 0x00, 0x00, 0x00, 0x00, 0x00, 0x00, 0x00, 0x00, 0x00, 0x00, 0x00, 0x00, 0x00,
    0x00, 0x00, 0x00, 0x00, 0x00, 0x00, 0x00, 0x00, 0x00, 0xF0, 0x00, 0x00, 0x80, 0x88, 0x10, 0x07,
    0x00, 0x00, 0x00, 0x20, 0x20, 0x08, 0x40, 0x82, 0x02, 0x82, 0x42, 0x82, 0x02, 0x04, 0x90, 0x00,
    0x10, 0x01, 0x20, 0x02, 0x20, 0x02, 0x40, 0x00, 0x40, 0x00, 0x80, 0x00, 0x00, 0x00, 0x80, 0x00,
    0x00, 0x00, 0x00, 0x00, 0x00, 0x00, 0x00, 0x02, 0x20, 0x01, 0x20, 0x01, 0x10, 0x00, 0x10, 0x04,
    0x08, 0x82, 0x02, 0x82, 0x42, 0x82, 0x42, 0x00, 0x00, 0x00, 0x00, 0x00, 0x00, 0x04, 0x00, 0x00,
    0x00, 0x00, 0x00, 0x00, 0x00, 0x00, 0x00, 0x00, 0x00, 0x00, 0x00, 0x00, 0x00, 0x00, 0x00, 0x00,
    0x00, 0x00, 0x00, 0x00, 0x00, 0x00, 0x00, 0x00, 0x00, 0x00, 0x00, 0x00, 0x18, 0x00, 0x24, 0x04,
    0x24, 0x00, 0x04, 0x00, 0x04, 0x00, 0x04, 0x04, 0x20, 0x00, 0x00, 0x04, 0x20, 0x40, 0x02, 0x42,
    0x42, 0x40, 0x02, 0x4A, 0x52, 0x48, 0x12, 0x41, 0x82, 0x48, 0x12, 0x45, 0xA2, 0x40, 0x02, 0x44,
    0x22, 0x40, 0x02, 0x42, 0x42, 0x48, 0x12, 0x4B, 0xD2, 0x48, 0x12, 0x48, 0x12, 0x48, 0x12, 0x48,
    0x12, 0x00, 0x00, 0x00, 0x00, 0x00, 0x00, 0x84, 0x41, 0x80, 0x41, 0x80, 0x41, 0x02, 0x00, 0x00,
    0x00, 0x01, 0x00, 0x01, 0x00, 0x00, 0x00, 0x04, 0x80, 0x00, 0x00, 0x02, 0x00, 0x00, 0x40, 0x02,
    0x00, 0x00, 0x40, 0x00, 0x00, 0x01, 0x20, 0x00, 0x00, 0x00, 0x80, 0x00, 0x80, 0x00, 0x00, 0x00,
    0x40, 0x82, 0x00, 0x82, 0x00, 0x82, 0x20, 0x14, 0xA0, 0x20, 0x10, 0x40, 0x08, 0x47, 0x88, 0x08,
    0x40, 0x80, 0x04, 0x88, 0x44, 0x88, 0x44, 0x88, 0x44, 0x88, 0x44, 0x88, 0x44, 0x88, 0x44, 0x88,
    0x44, 0x88, 0x44, 0x88, 0x44, 0x88, 0x44, 0x88, 0x44, 0x88, 0x44, 0x80, 0x04, 0x08, 0x40, 0x43,
    0x08, 0x40, 0x08, 0x20, 0x10, 0x14, 0xA0, 0x80, 0xA0, 0x80, 0x10, 0x80, 0x08, 0x05, 0x08, 0x00,
    0x40, 0x00, 0x44, 0x00, 0x00, 0x00, 0x00, 0x00, 0x00, 0x00, 0x44, 0x00, 0x40, 0x05, 0x08, 0x00,
    0x08, 0x00, 0x10, 0x00, 0xA0, 0x00, 0x00, 0x00, 0x00, 0x00, 0x00, 0x00, 0x00, 0x00, 0x00, 0x04,
    0x00, 0x80, 0x00, 0x80, 0x00, 0x80, 0x00, 0x14, 0xA0, 0x20, 0x10, 0x40, 0x08, 0x47, 0x88, 0x08,
    0x40, 0x80, 0x04, 0x88, 0x44, 0x88, 0x44, 0x88, 0x44, 0x88, 0x44, 0x88, 0x44, 0x88, 0x44, 0x88,
    0x44, 0x88, 0x44, 0x88, 0x44, 0x88, 0x44, 0x88, 0x44, 0x88, 0x44, 0x80, 0x04, 0x08, 0x40, 0x40,
    0x08, 0x40, 0x08, 0x00, 0x00, 0x18, 0x60, 0x00, 0x00, 0x04, 0x40, 0x00, 0x20, 0x00, 0x00, 0x01,
    0x00, 0x00, 0x40, 0x80, 0x40, 0x80, 0x08, 0x80, 0x00, 0x00, 0xC0, 0x00, 0x24, 0x00, 0x00, 0x00,
    0x02, 0x00, 0x22, 0x00, 0x02, 0x00, 0x00, 0x00, 0x20, 0x00, 0xC0, 0x00, 0x00, 0x00, 0x08, 0x00,
    0x00, 0x00, 0x10, 0x01, 0x00, 0x00, 0x80, 0x00, 0x80, 0x00, 0x08, 0x00, 0x04, 0x82, 0x01, 0x82,
    0x21, 0x82, 0x21, 0x33, 0x80, 0x00, 0x80, 0x82, 0x00, 0x01, 0x00, 0x90, 0x00, 0x00, 0x80, 0x10,
    0x00, 0x80, 0x00, 0x00, 0x00, 0x80, 0x00, 0x01, 0x00, 0x20, 0x80, 0x00, 0x40, 0x0C, 0x20, 0x00,
    0x00, 0x01, 0x10, 0x00, 0x80, 0x00, 0x08, 0x10, 0x88, 0x00, 0x00, 0x09, 0x10, 0x00, 0x00, 0x10,
    0x20, 0x1C, 0x80, 0x80, 0x04, 0x80, 0x04, 0x80, 0x04, 0x84, 0x84, 0x84, 0x84, 0x74, 0xB8, 0x04,
    0x80, 0x04, 0x80, 0x04, 0x80, 0x04, 0x80, 0x04, 0x80, 0x04, 0x80, 0x04, 0x80, 0x04, 0x80, 0x04,
    0x80, 0x04, 0x80, 0x04, 0x80, 0x04, 0x80, 0x04, 0x80, 0x04, 0x80, 0x04, 0x80, 0x00, 0x00, 0x00,
    0x00, 0x00, 0x00, 0x82, 0x41, 0x82, 0x41, 0x82, 0x41, 0x00, 0x00, 0x00, 0x00, 0x00, 0x00, 0x00,
    0x00, 0x00, 0x00, 0x00, 0x00, 0x00, 0x00, 0x00, 0x00, 0x00, 0x00, 0x00, 0x00, 0x00, 0x00, 0x00,
    0x00, 0x00, 0x00, 0x00, 0x00, 0x00, 0x00, 0x04, 0x20, 0x20, 0x04, 0x03, 0xC0, 0x10, 0x08, 0x10,
    0x08, 0x02, 0x40, 0x82, 0x41, 0x82, 0x41, 0x82, 0x41, 0x04, 0x20, 0x24, 0x24, 0x00, 0x00, 0x22,
    0x44, 0x22, 0x44, 0x00, 0x00, 0x10, 0x08, 0x02, 0x40, 0x00, 0x00, 0x10, 0x08, 0x01, 0x80, 0x08,
    0x10, 0x08, 0x10, 0x01, 0x80, 0x09, 0x90, 0x00, 0x00, 0x00, 0x00, 0x04, 0x20, 0x00, 0x00, 0x04,
    0x20, 0x04, 0x20, 0x00, 0x00, 0x00, 0x00, 0x00, 0x00, 0x40, 0x02, 0x40, 0x02, 0x00, 0x00, 0x00,
    0x00, 0x48, 0x12, 0x4A, 0x52, 0x0A, 0x50, 0x08, 0x10, 0x28, 0x14, 0x24, 0x24, 0x25, 0xA4, 0x01,
    0x80, 0x04, 0x20, 0x24, 0x24, 0x21, 0x84, 0x01, 0x80, 0x00, 0x00, 0x10, 0x08, 0x12, 0x48, 0x10,
    0x08, 0x00, 0x00, 0x82, 0x41, 0x82, 0x41, 0x82, 0x41, 0x20, 0x04, 0x10, 0x08, 0x11, 0x88, 0x00,
    0x00, 0x00, 0x00, 0x00, 0x00, 0x04, 0x20, 0x04, 0x20, 0x02, 0x40, 0x02, 0x40, 0x04, 0x20, 0x04,
    0x20, 0x00, 0x00, 0x00, 0x00, 0x00, 0x00, 0x11, 0x88, 0x10, 0x08, 0x20, 0x04, 0x82, 0x41, 0x82,
    0x41, 0x82, 0x41, 0x82, 0x41, 0x82, 0x41, 0x82, 0x41, 0x02, 0x40, 0x20, 0x04, 0x12, 0x48, 0x00,
    0x00, 0x00, 0x00, 0x09, 0x90, 0x08, 0x10, 0x00, 0x00, 0x04, 0x20, 0x04, 0x20, 0x00, 0x00, 0x02,
    0x40, 0x02, 0x40, 0x02, 0x40, 0x02, 0x40, 0x02, 0x40, 0x02, 0x40, 0x02, 0x40, 0x00, 0x00, 0x00,
    0x00, 0x00, 0x00, 0x00, 0x00, 0x00, 0x00, 0x00, 0x00, 0x20, 0x10, 0x21, 0x10, 0x42, 0x00, 0x00,
    0x00, 0x00, 0x00, 0x00, 0x00, 0x00, 0x40, 0x00, 0x80, 0x08, 0x80, 0x11, 0x00, 0x10, 0x00, 0x20,
    0x00, 0x00, 0x00, 0x00, 0x00, 0x00, 0x00, 0x04, 0x20, 0x88, 0x40, 0x80, 0x40, 0x00, 0x00, 0x00,
    0x00, 0x00, 0x00, 0x00, 0x00, 0x80, 0x40, 0x80, 0x40, 0x80, 0x40, 0x88, 0x00, 0x88, 0x00, 0x88,
    0x00, 0x88, 0x00, 0x88, 0x00, 0x88, 0x00, 0x88, 0x00, 0x88, 0x00, 0x88, 0x00, 0x88, 0x00, 0x88,
    0x00, 0x88, 0x00, 0x88, 0x00, 0x88, 0x00, 0x88, 0x00, 0x88, 0x00, 0x88, 0x00, 0x88, 0x00, 0x88,
    0x00, 0x88, 0x00, 0x88, 0x00, 0x88, 0x00, 0x88, 0x00, 0x88, 0x00, 0x88, 0x00, 0x80, 0x40, 0x80,
    0x40, 0x80, 0x40, 0x80, 0x00, 0x48, 0x00, 0x00, 0x00, 0x40, 0x00, 0x04, 0x00, 0x20, 0x00, 0x02,
    0x00, 0x00, 0x00, 0x12, 0x00, 0x00, 0x00, 0x10, 0x00, 0x01, 0x00, 0x08, 0x00, 0x00, 0x80, 0x00,
    0x00, 0x04, 0x80, 0x00, 0x00, 0x04, 0x00, 0x00, 0x40, 0x02, 0x00, 0x00, 0x20, 0x00, 0x00, 0x01,
    0x20, 0x00, 0x00, 0x01, 0x00, 0x00, 0x10, 0x00, 0x80, 0x00, 0x08, 0x00, 0x00, 0x00, 0x48, 0x00,
    0x04, 0x00, 0x00, 0x80, 0x40, 0x80, 0x40, 0x80, 0x40, 0x04, 0x40, 0x04, 0x40, 0x04, 0x40, 0x04,
    0x40, 0x04, 0x40, 0x04, 0x40, 0x04, 0x40, 0x04, 0x40, 0x04, 0x40, 0x04, 0x40, 0x04, 0x40, 0x04,
    0x40, 0x04, 0x40, 0x04, 0x40, 0x04, 0x40, 0x04, 0x40, 0x04, 0x40, 0x04, 0x40, 0x04, 0x40, 0x04,
    0x40, 0x04, 0x40, 0x04, 0x40, 0x04, 0x40, 0x04, 0x40, 0x04, 0x40, 0x80, 0x40, 0x80, 0x40, 0x80,
    0x40, 0x04, 0x20, 0x04, 0x20, 0x00, 0x00, 0x11, 0x88, 0x00, 0x00, 0x20, 0x04, 0x44, 0x22, 0x04,
    0x20, 0x00, 0x00, 0x10, 0x08, 0x00, 0x00, 0x08, 0x00, 0x48, 0x00, 0x84, 0x00, 0x40, 0x00, 0x21,
    0x00, 0x10, 0x80, 0x08, 0x80, 0x04, 0x80, 0x00, 0x00, 0x18, 0xA0, 0x00, 0x00, 0x40, 0x08, 0x43,
    0x08, 0x08, 0x40, 0x78, 0x00, 0x00, 0x00, 0x18, 0x00, 0x00, 0x00, 0x00, 0x00, 0x00, 0x00, 0x80,
    0x00, 0x88, 0x40, 0x88, 0x00, 0x42, 0x02, 0x40, 0x82, 0x32, 0x02, 0x80, 0x00, 0x80, 0x00, 0x80,
    0x00, 0x00, 0x00, 0x00, 0x00, 0x00, 0x00, 0x00, 0x00, 0x00, 0x80, 0x00, 0x08, 0x04, 0x00, 0x03,
    0x84, 0x00, 0x20, 0x04, 0x02, 0x00, 0x22, 0x00, 0x22, 0x00, 0x22, 0x00, 0x22, 0x00, 0x22, 0x04,
    0x02, 0x00, 0x20, 0x00, 0x44, 0x84, 0x80, 0x80, 0x08, 0x80, 0x80, 0x09, 0xC0, 0x20, 0x40, 0x40,
    0x00, 0x40, 0x80, 0x08, 0x00, 0x80, 0x40, 0x88, 0x00, 0x88, 0x00, 0x88, 0x00, 0x88, 0x00, 0x88,
    0x78, 0x80, 0x00, 0x08, 0x40, 0x43, 0x80, 0x40, 0x00, 0x00, 0x10, 0x10, 0xA0, 0x00, 0x80, 0x00,
    0x80, 0x00, 0x80, 0x00, 0x00, 0x00, 0x00, 0x00, 0x00, 0x00, 0x00, 0x02, 0x00, 0x20, 0x00, 0x00,
    0x40, 0x43, 0x80, 0x08, 0x00, 0x80, 0x40, 0x88, 0x00, 0x88, 0x00, 0x88, 0x00, 0x88, 0x00, 0x88,
    0x00, 0x80, 0x40, 0x08, 0x00, 0x44, 0x00, 0x02, 0x42, 0x20, 0x02, 0x02, 0x02, 0x1C, 0xE0, 0x20,
    0x10, 0x40, 0x08, 0x43, 0x08, 0x08, 0x40, 0x80, 0x04, 0x80, 0x04, 0x80, 0x04, 0x80, 0x04, 0x80,
    0x04, 0x88, 0x00, 0x80, 0x38, 0x08, 0x00, 0x43, 0x08, 0x40, 0x00, 0x20, 0x00, 0x14, 0x60, 0x06,
    0x60, 0x00, 0x00, 0x00, 0x08, 0x00, 0x00, 0x00, 0x00, 0x10, 0x00, 0x10, 0x00, 0x10, 0x00, 0x10,
    0x00, 0x00, 0x00, 0x00, 0x00, 0x00, 0x00, 0x10, 0x00, 0x10, 0x00, 0x10, 0x00, 0x10, 0x00, 0x10,
    0x00, 0x10, 0x00, 0x10, 0x00, 0x10, 0x00, 0x10, 0x00, 0x80, 0x00, 0x80, 0x00, 0x80, 0x00, 0x02,
    0x02, 0x20, 0x02, 0x00, 0x42, 0x44, 0x00, 0x08, 0x00, 0x80, 0x40, 0x88, 0x00, 0x88, 0x00, 0x88,
    0x00, 0x88, 0x00, 0x88, 0x00, 0x80, 0x40, 0x08, 0x00, 0x41, 0x80, 0x00, 0x40, 0x20, 0x00, 0x02,
    0x00, 0x00, 0x00, 0x00, 0x40, 0x00, 0x08, 0x43, 0x80, 0x40, 0x00, 0x00, 0x10, 0x18, 0x80, 0x80,
    0x00, 0x80, 0x00, 0x80, 0x00, 0x00, 0x00, 0x00, 0x00, 0x00, 0x00, 0x00, 0x00, 0x00, 0xA0, 0x00,
    0x00, 0x04, 0x04, 0x03, 0xC0, 0x00, 0x04, 0x04, 0x20, 0x00, 0x00, 0x00, 0x00, 0x00, 0x00, 0x00,
    0x00, 0x00, 0x00, 0x00, 0x00, 0x00, 0x00, 0x00, 0x00, 0x82, 0x41, 0x82, 0x41, 0x82, 0x41, 0x01,
    0x00, 0x10, 0x00, 0x00, 0x80, 0x10, 0x00, 0x01, 0x00, 0x00, 0x00, 0x00, 0x00, 0x80, 0x00, 0x80,
    0x00, 0x80, 0x00, 0x00, 0x00, 0x00, 0x00, 0x00, 0x00, 0x00, 0x00, 0x00, 0x00, 0x00, 0x00, 0x00,
    0x00, 0x00, 0x00, 0x00, 0x00, 0x00, 0x00, 0x00, 0x00, 0x00, 0x00, 0x00, 0x00, 0x00, 0x00, 0x00,
    0x80, 0x00, 0x00, 0x01, 0x08, 0x01, 0x08, 0x01, 0x80, 0x00, 0x40, 0x00, 0x00, 0x00, 0x10, 0x00,
    0x10, 0x00, 0x10, 0x00, 0x90, 0x00, 0x90, 0x00, 0x90, 0x00, 0x90, 0x00, 0x90, 0x00, 0x90, 0x00,
    0x90, 0x00, 0x90, 0x00, 0x90, 0x00, 0x90, 0x00, 0x90, 0x00, 0x90, 0x00, 0x90, 0x00, 0x90, 0x00,
    0x90, 0x90, 0x10, 0x91, 0x00, 0x07, 0x10, 0x80, 0x20, 0x40, 0x40, 0x21, 0x00, 0x80, 0x00, 0x80,
    0x00, 0x80, 0x00, 0x00, 0x00, 0x00, 0x00, 0x00, 0x00, 0x00, 0x00, 0x00, 0x02, 0x00, 0x82, 0x00,
    0x82, 0x00, 0x00, 0x02, 0x20, 0x02, 0x00, 0x00, 0x40, 0x00, 0x00, 0x00, 0x80, 0x00, 0x00, 0x02,
    0x00, 0x04, 0x20, 0x00, 0x10, 0x04, 0x10, 0x82, 0x82, 0x82, 0x42, 0x82, 0x42, 0x80, 0x00, 0x80,
    0x00, 0x80, 0x00, 0x00, 0x00, 0x00, 0x00, 0x00, 0x00, 0x00, 0x00, 0x00, 0x00, 0x00, 0x00, 0x00,
    0x00, 0x00, 0x00, 0x00, 0x00, 0x00, 0x00, 0x00, 0x00, 0x00, 0x00, 0x00, 0x00, 0x00, 0x00, 0x00,
    0x00, 0x00, 0x00, 0x00, 0x00, 0x00, 0x00, 0x00, 0x00, 0x00, 0x00, 0x00, 0x00, 0x84, 0x84, 0x80,
    0x00, 0x00, 0x00, 0x42, 0x40, 0x40, 0x02, 0x40, 0x02, 0x40, 0x02, 0x40, 0x02, 0x40, 0x02, 0x40,
    0x02, 0x40, 0x02, 0x40, 0x02, 0x40, 0x02, 0x40, 0x02, 0x00, 0x00, 0x80, 0x01, 0x80, 0x01, 0x80,
    0xA0, 0x80, 0x00, 0x84, 0x04, 0x00, 0x00, 0x00, 0x04, 0x04, 0x20, 0x00, 0x00, 0x00, 0x00, 0x00,
    0x00, 0x00, 0x00, 0x00, 0x00, 0x00, 0x00, 0x00, 0x00, 0x00, 0x00, 0x82, 0x41, 0x82, 0x41, 0x82,
    0x41, 0x1C, 0xE0, 0x20, 0x10, 0x40, 0x08, 0x43, 0x08, 0x08, 0x40, 0x80, 0x04, 0x88, 0x44, 0x88,
    0x44, 0x88, 0x44, 0x88, 0x44, 0x88, 0x44, 0x80, 0x04, 0x08, 0x40, 0x43, 0x08, 0x40, 0x08, 0x20,
    0x10, 0x1C, 0xE0, 0x80, 0x80, 0x80, 0x08, 0x84, 0x00, 0x00, 0x44, 0x00, 0x20, 0x04, 0x02, 0x00,
    0x22, 0x00, 0x22, 0x00, 0x22, 0x00, 0x22, 0x00, 0x22, 0x04, 0x02, 0x00, 0x20, 0x03, 0x04, 0x04,
    0x00, 0x00, 0x08, 0x00, 0x80, 0x00, 0x00, 0x00, 0x00, 0x00, 0x00, 0x00, 0x00, 0x80, 0x00, 0x80,
    0x00, 0x80, 0x00, 0x02, 0x02, 0x20, 0x02, 0x00, 0x42, 0x44, 0x00, 0x08, 0x00, 0x80, 0x40, 0x88,
    0x00, 0x88, 0x00, 0x88, 0x00, 0x88, 0x00, 0x88, 0x00, 0x80, 0x40, 0x08, 0x00, 0x41, 0x80, 0x00,
    0x40, 0x20, 0x00, 0x02, 0x00, 0x00, 0x00, 0x00, 0x00, 0x00, 0x00, 0x00, 0x00, 0x00, 0x02, 0x00,
    0x02, 0x00, 0x02, 0x01, 0x90, 0x00, 0x08, 0x00, 0x00, 0x02, 0x08, 0x00, 0x48, 0x02, 0x00, 0x00,
    0x00, 0x00, 0x00, 0x00, 0x00, 0x00, 0x00, 0x00, 0x00, 0x00, 0x00, 0x00, 0x00, 0x00, 0x00, 0x00,
    0x80, 0x00, 0x80, 0x00, 0x80, 0x12, 0x80, 0x40, 0x00, 0x82, 0x00, 0x08, 0x80, 0x90, 0x80, 0x88,
    0x80, 0x86, 0x00, 0x40, 0x00, 0x20, 0x60, 0x18, 0x00, 0x04, 0x00, 0x11, 0x00, 0x10, 0x00, 0x11,
    0x10, 0x04, 0x00, 0x00, 0x20, 0x14, 0x80, 0x22, 0x00, 0x22, 0x00, 0x22, 0x00, 0x22, 0x00, 0x22,
    0x00, 0x22, 0x00, 0x22, 0x00, 0x80, 0x00, 0x80, 0x00, 0x80, 0x00, 0x20, 0x00, 0x22, 0x00, 0x22,
    0x00, 0x22, 0x00, 0x22, 0x00, 0x22, 0x00, 0x22, 0x00, 0x22, 0x78, 0x20, 0x08, 0x00, 0x00, 0x11,
    0x08, 0x00, 0x00, 0x08, 0x10, 0x02, 0x60, 0x80, 0x40, 0x80, 0x40, 0x80, 0x40, 0x00, 0x00, 0x00,
    0x00, 0x00, 0x00, 0x00, 0x00, 0x00, 0x00, 0x00, 0x00, 0x00, 0x00, 0x00, 0x00, 0x04, 0x20, 0x20,
    0x00, 0x00, 0x00, 0x20, 0x21, 0x00, 0x01, 0x05, 0x01, 0x82, 0x41, 0x82, 0x41, 0x82, 0x41, 0x00,
    0x00, 0x22, 0x44, 0x00, 0x00, 0x12, 0x48, 0x02, 0x40, 0x10, 0x08, 0x01, 0x80, 0x08, 0x10, 0x01,
    0x80, 0x08, 0x10, 0x00, 0x00, 0x04, 0x20, 0x00, 0x00, 0x04, 0x20, 0x00, 0x00, 0x00, 0x00, 0x00,
    0x00, 0x40, 0x02, 0x03, 0xC0, 0x48, 0x12, 0x4A, 0x52, 0x08, 0x10, 0x24, 0x24, 0x25, 0xA4, 0x00,
    0x80, 0x24, 0x24, 0x21, 0x84, 0x00, 0x00, 0x12, 0x08, 0x12, 0x48, 0x00, 0x00, 0x82, 0x41, 0x82,
    0x41, 0x82, 0x41, 0x01, 0x80, 0x01, 0x80, 0x00, 0x00, 0x04, 0x20, 0x04, 0x20, 0x02, 0x40, 0x04,
    0x20, 0x04, 0x20, 0x00, 0x00, 0x01, 0x80, 0x01, 0x80, 0x82, 0x41, 0x82, 0x41, 0x82, 0x41, 0x82,
    0x41, 0x82, 0x41, 0x82, 0x41, 0x02, 0x00, 0x22, 0x44, 0x00, 0x00, 0x02, 0x48, 0x10, 0x00, 0x01,
    0x08, 0x08, 0x90, 0x01, 0x00, 0x08, 0x90, 0x00, 0x00, 0x04, 0x20, 0x00, 0x00, 0x04, 0x20, 0x00,
    0x00, 0x00, 0x40, 0x04, 0x00, 0x00, 0x40, 0x0C, 0x00, 0x00, 0x00, 0x00, 0x00, 0x03, 0x00, 0x00,
    0x00, 0x00, 0x00, 0x00, 0x00, 0x21, 0x10, 0x21, 0x20, 0xC0, 0x20, 0x04, 0x00, 0x08, 0x80, 0x09,
    0x00, 0x11, 0x00, 0x02, 0x00, 0x40, 0x30, 0x48, 0x40, 0x88, 0x40, 0x00, 0x00, 0x00, 0x00, 0x00,
    0x00, 0x02, 0xA0, 0x04, 0x20, 0x08, 0x20, 0x00, 0x40, 0x10, 0x00, 0x00, 0x00, 0x00, 0x00, 0x02,
    0x00, 0x11, 0x00, 0x10, 0x00, 0x01, 0x00, 0x08, 0x00, 0x00, 0x00, 0x01, 0x00, 0x51, 0x00, 0x00,
    0x00, 0x00, 0x00, 0x02, 0x00, 0x30, 0x00, 0x09, 0x00, 0x00, 0x00, 0x08, 0x00, 0x01, 0x00, 0x01,
    0x00, 0x10, 0x00, 0x00, 0x00, 0x00, 0x00, 0x00, 0x00, 0x00, 0x40, 0x08, 0x20, 0x04, 0x20, 0x02,
    0xA0, 0x00, 0x90, 0x90, 0x90, 0x90, 0x90, 0x90, 0x90, 0x90, 0x90, 0x90, 0x90, 0x90, 0x90, 0x90,
    0x90, 0x90, 0x90, 0x90, 0x90, 0x90, 0x90, 0x90, 0x90, 0x90, 0x90, 0x90, 0x90, 0x90, 0x90, 0x90,
    0x90, 0xA8, 0x00, 0x84, 0x00, 0x82, 0x00, 0x40, 0x00, 0x01, 0x00, 0x00, 0x00, 0x00, 0x00, 0x08,
    0x00, 0x11, 0x00, 0x01, 0x00, 0x10, 0x00, 0x02, 0x00, 0x00, 0x00, 0x10, 0x00, 0x11, 0x40, 0x00,
    0x00, 0x00, 0x00, 0x08, 0x00, 0x01, 0x80, 0x12, 0x00, 0x00, 0x00, 0x02, 0x00, 0x10, 0x00, 0x10,
    0x00, 0x01, 0x00, 0x00, 0x00, 0x00, 0x00, 0x00, 0x00, 0x40, 0x00, 0x82, 0x00, 0x84, 0x00, 0xA8,
    0x00, 0x0A, 0x08, 0x01, 0x0B, 0x20, 0x91, 0x04, 0x52, 0x02, 0x02, 0x00, 0x04, 0x81, 0x00, 0x40,
    0xD8, 0x40, 0x00, 0x84, 0x84, 0x84, 0x48, 0x00, 0x00, 0x00, 0x00, 0x48, 0x48, 0x48, 0x48, 0x48,
    0x48, 0x48, 0x48, 0x48, 0x48, 0x48, 0x48, 0x48, 0x48, 0x07, 0x80, 0x00, 0x00, 0x00, 0x00, 0x04,
    0x00, 0x10, 0xC0, 0x20, 0x40, 0x00, 0x00, 0x40, 0x80, 0x0C, 0x80, 0x84, 0xC0, 0x8C, 0x80, 0x8C,
    0x80, 0x8C, 0x80, 0x8C, 0x80, 0x8C, 0xF8, 0x84, 0x80, 0x0C, 0x88, 0x44, 0x80, 0x40, 0x00, 0x20,
    0x10, 0x04, 0x80, 0x00, 0x00, 0x00, 0x00, 0x00, 0x00, 0x02, 0x60, 0x08, 0x10, 0x00, 0x10, 0x11,
    0x08, 0x12, 0x80, 0x02, 0x08, 0x02, 0x00, 0x02, 0x00, 0x02, 0x00, 0x02, 0x00, 0x02, 0x00, 0x00,
    0x00, 0x00, 0x00, 0x63, 0xC0, 0x02, 0x00, 0x02, 0x00, 0x02, 0x00, 0x00, 0x00, 0x02, 0x00, 0x20,
    0x20, 0x04, 0x20, 0x00, 0x00, 0x00, 0x00, 0x00, 0x00, 0x00, 0x00, 0x30, 0x0C, 0x4A, 0x52, 0x40,
    0x02, 0x22, 0x44, 0x24, 0x24, 0x00, 0x00, 0x04, 0x20, 0x04, 0x20, 0x00, 0x00, 0x20, 0x04, 0x00,
    0x00, 0x00, 0x00, 0x0A, 0x52, 0x30, 0x0C, 0x82, 0x41, 0x82, 0x41, 0x82, 0x41, 0x02, 0x40, 0x20,
    0x04, 0x12, 0x48, 0x00, 0x00, 0x11, 0x88, 0x09, 0x90, 0x00, 0x00, 0x00, 0x00, 0x04, 0x20, 0x00,
    0x00, 0x20, 0x04, 0x00, 0x00, 0x00, 0x00, 0x02, 0x40, 0x00, 0x00, 0x00, 0x00, 0x3E, 0x7C, 0x02,
    0x40, 0x00, 0x00, 0x00, 0x00, 0x00, 0x00, 0x90, 0x90, 0x90, 0x90, 0x90, 0x90, 0x90, 0x90, 0x90,
    0x90, 0x90, 0x90, 0x90, 0x90, 0x00, 0x00, 0x00, 0x90, 0x90, 0x90, 0x90, 0x90, 0x90, 0x90, 0x90,
    0x90, 0x90, 0x90, 0x90, 0x90, 0x90, 0x04, 0x80, 0x20, 0x10, 0x20, 0x00, 0x07, 0x80, 0x40, 0x48,
    0x08, 0x00, 0x00, 0x78, 0x08, 0x00, 0x40, 0x00, 0x43, 0x00, 0x00, 0xC0, 0x20, 0x20, 0x40, 0x10,
    0x45, 0x00, 0x08, 0x88, 0x00, 0x40, 0x08, 0x00, 0x44, 0x48, 0x02, 0x88, 0x20, 0x08, 0x10, 0x10,
    0x04, 0x00, 0x03, 0x08, 0x00, 0x08, 0x00, 0x40, 0x78, 0x00, 0x00, 0x40, 0x48, 0x08, 0x07, 0x80,
    0x00, 0x10, 0x20, 0x10, 0x14, 0x80, 0x40, 0x20, 0x89, 0x10, 0x00, 0x00, 0x80, 0x10, 0x49, 0x20,
    0x0E, 0x70, 0x00, 0x00, 0x02, 0x40, 0x40, 0x02, 0x10, 0x08, 0x42, 0xD2, 0x14, 0x18, 0x19, 0x18,
    0x18, 0x58, 0x12, 0x08, 0x12, 0x08, 0x12, 0x08, 0x12, 0x08, 0x12, 0x08, 0x12, 0x08, 0x12, 0x18,
    0x19, 0x98, 0x14, 0x28, 0x42, 0x02, 0x10, 0x08, 0x40, 0x02, 0x02, 0x40, 0x00, 0x00, 0x0E, 0x70,
    0x12, 0x00, 0x40, 0x80, 0x80, 0x40, 0x00, 0x00, 0x62, 0x00, 0x10, 0x00, 0x00, 0x00, 0x80, 0x00,
    0x82, 0x00, 0x90, 0x40, 0x82, 0x20, 0x22, 0x20, 0x00, 0x00, 0x00, 0x00, 0x00, 0x00, 0x00, 0x00,
    0x00, 0x00, 0x00, 0x00, 0x06, 0x18, 0x09, 0x20, 0x09, 0x24, 0x12, 0x48, 0x02, 0x08, 0x20, 0x80,
    0x49, 0x20, 0x8A, 0x20, 0x82, 0x00, 0x49, 0x20, 0x20, 0x80, 0x22, 0x88, 0x02, 0x08, 0x09, 0x24,
    0x08, 0x20, 0x04, 0x10, 0x00, 0x00, 0xFF, 0xF0, 0x00, 0x00, 0x00, 0x00, 0x00, 0x80, 0x00, 0x80,
    0x00, 0x80, 0x00, 0x80, 0x00, 0x80, 0x0C, 0x30, 0x33, 0xCC, 0x0C, 0x30, 0x50, 0x4A, 0x01, 0xA0,
    0xA5, 0x25, 0x05, 0xA0, 0x04, 0x00, 0x05, 0x40, 0xA5, 0xA5, 0x01, 0x30, 0x51, 0x1A, 0x0C, 0x30,
    0x33, 0xCC, 0x04, 0x20, 0x00, 0x00, 0x00, 0x00, 0x00, 0x00, 0x66, 0x81, 0x99, 0x24, 0x24, 0x99,
    0x81, 0x66, 0x00, 0x00, 0x00, 0x00, 0x00, 0x00, 0x00, 0x00, 0x00, 0x00, 0x00, 0x00, 0x00, 0x00,
    0xF0, 0xF0, 0x00, 0x00, 0x00, 0x00, 0x00, 0x00, 0x00, 0x00, 0x09, 0x00, 0x00, 0x00, 0xFF, 0xF0,
    0x00, 0x00, 0x00, 0x00, 0x12, 0x00, 0x40, 0x00, 0x80, 0x40, 0x00, 0x00, 0x82, 0x00, 0x02, 0x00,
    0x00, 0x00, 0x04, 0x00, 0x00, 0x00, 0x10, 0x00, 0x22, 0x00, 0x44, 0x00, 0x40, 0x00, 0x91, 0x00,
    0x11, 0x00, 0x00, 0x00, 0x00, 0x00, 0x32, 0x00, 0x00, 0x00, 0x00, 0x40, 0x80, 0x00, 0x92, 0x00,
    0x00, 0x00, 0x04, 0x00, 0x00, 0x80, 0x01, 0x80, 0x04, 0x00, 0x00, 0x00, 0x00, 0x40, 0x80, 0x00,
    0x92, 0x40, 0x80, 0x00, 0x40, 0x80, 0x12, 0x00, 0x00, 0x00, 0x04, 0x00, 0x04, 0x80, 0x08, 0x40,
    0x00, 0x80, 0x21, 0x00, 0x42, 0x00, 0x44, 0x00, 0x48, 0x00, 0x00, 0x00, 0x80, 0x40, 0x80, 0x40,
    0x80, 0x40, 0x00, 0x00, 0x00, 0x00, 0x00, 0x00, 0x00, 0x00, 0x00, 0x00, 0x00, 0x00, 0x00, 0x00,
    0x00, 0x00, 0x04, 0x20, 0x00, 0x00, 0x00, 0x00, 0x00, 0x21, 0x00, 0x01, 0x01, 0x01, 0x00, 0x00,
    0x00, 0x00, 0x00, 0x00, 0x00, 0x00, 0x00, 0x00, 0x00, 0x00, 0x00, 0x00, 0x30, 0x00, 0x40, 0x00,
    0x01, 0x00, 0x01, 0x00, 0x81, 0x00, 0x01, 0x00, 0x01, 0x00, 0x01, 0x00, 0x81, 0x00, 0x01, 0x00,
    0x81, 0x00, 0x01, 0x00, 0x31, 0x00, 0x01, 0x00, 0x01, 0x00, 0x01, 0x00, 0x01, 0x00, 0x01, 0x00,
    0x01, 0x00, 0x01, 0x00, 0x01, 0x00, 0x01, 0x00, 0x01, 0x00, 0x01, 0x00, 0x00, 0x04, 0x38, 0x00,
    0x00, 0x81, 0x86, 0x10, 0x00, 0x20, 0x00, 0x40, 0x00, 0x80, 0x00, 0xF0, 0x00, 0x10, 0x00, 0x10,
    0x00, 0x10, 0x00, 0x10, 0x00, 0x10, 0x00, 0x10, 0x00, 0x10, 0x00, 0x10, 0x00, 0x10, 0x00, 0x02,
    0x00, 0x00, 0x00, 0x00, 0x00, 0x12, 0x00, 0x40, 0x80, 0x80, 0x40, 0x92, 0x40, 0x92, 0x40, 0x80,
    0x40, 0x80, 0x40, 0x92, 0x40, 0x92, 0x40, 0x80, 0x40, 0x40, 0x80, 0x12, 0x00, 0x00, 0x00, 0x00,
    0x00, 0x00, 0x00, 0x00, 0x00, 0x00, 0x00, 0x00, 0x00, 0x61, 0x80, 0x10, 0x40, 0x92, 0x40, 0x41,
    0x20, 0x41, 0x00, 0x04, 0x10, 0x12, 0x48, 0x11, 0x44, 0x01, 0x04, 0x12, 0x48, 0x04, 0x10, 0x45,
    0x10, 0x41, 0x00, 0x92, 0x40, 0x10, 0x40, 0x20, 0x80, 0x00, 0x00, 0x09, 0x00, 0x10, 0x00, 0x20,
    0x00, 0x00, 0x00, 0x18, 0x00, 0x08, 0x00, 0x08, 0x00, 0x08, 0x00, 0x08, 0x00, 0x08, 0x00, 0x08,
    0x00, 0x00, 0x00, 0x00, 0x00, 0x1F, 0x80, 0x00, 0x00, 0x00, 0x00, 0x00, 0x00, 0x00, 0x00, 0x00,
    0x00, 0x00, 0x00, 0x01, 0x00, 0x04, 0x80, 0x04, 0x00, 0x00, 0x00, 0x00, 0x00, 0x15, 0x80, 0x26,
    0x40, 0x2C, 0x40, 0x00, 0x40, 0x00, 0x40, 0x00, 0x40, 0x04, 0x00, 0x04, 0x00, 0x09, 0x00, 0x10,
    0x00, 0x20, 0x00, 0x00, 0x00, 0x18, 0x00, 0x08, 0x00, 0x08, 0x00, 0x08, 0x00, 0x08, 0x00, 0x08,
    0x00, 0x08, 0x00, 0x00, 0x00, 0x00, 0x00, 0x1F, 0x80, 0x00, 0x00, 0x00, 0x00, 0x00, 0x00, 0x00,
    0x00, 0x00, 0x00, 0x06, 0x00, 0x00, 0x00, 0x00, 0x00, 0x26, 0x40, 0x39, 0x00, 0x01, 0x40, 0x00,
    0x00, 0x00, 0x80, 0x09, 0x00, 0x12, 0x00, 0x24, 0x00, 0x03, 0x40, 0x20, 0x40, 0x20, 0x40, 0x19,
    0x80, 0x20, 0x40, 0x00, 0x40, 0x11, 0x40, 0x00, 0x40, 0x04, 0x00, 0x04, 0x80, 0x04, 0x40, 0x02,
    0x40, 0x00, 0x00, 0x09, 0x00, 0x00, 0x40, 0x10, 0x80, 0x06, 0x00, 0x00, 0x00, 0x00, 0x00, 0x00,
    0x00, 0x00, 0x00, 0x00, 0x00, 0x00, 0x00, 0x01, 0x00, 0x04, 0x80, 0x04, 0x00, 0x00, 0x00, 0x00,
    0x00, 0x15, 0x80, 0x26, 0x40, 0x2C, 0x40, 0x00, 0x40, 0x00, 0x40, 0x00, 0x40, 0x04, 0x00, 0x04,
    0x00, 0x08, 0x00, 0x00, 0x00, 0x10, 0x80, 0x10, 0x80, 0x10, 0x80, 0x09, 0x00, 0x00, 0x00, 0x00,
    0x00, 0x09, 0x00, 0x01, 0x00, 0x10, 0x00, 0x11, 0x00, 0x22, 0x00, 0x02, 0x00, 0x04, 0x00, 0x00,
    0x00, 0x80, 0x00, 0x10, 0x70, 0x00, 0x00, 0x90, 0x80, 0x0F, 0x00, 0x00, 0x10, 0x40, 0x20, 0x29,
    0x40, 0x00, 0x00, 0x06, 0x00, 0x01, 0x00, 0x08, 0x00, 0x04, 0x40, 0x02, 0x00, 0x01, 0x40, 0x00,
    0x00, 0x00, 0x00, 0x04, 0x20, 0x04, 0x20, 0x00, 0x00, 0x04, 0x20, 0x00, 0x00, 0x00, 0x00, 0x08,
    0x10, 0x01, 0x80, 0x08, 0x10, 0x08, 0x10, 0x01, 0x80, 0x10, 0x08, 0x00, 0x08, 0x02, 0x40, 0x10,
    0x08, 0x00, 0x00, 0x20, 0x00, 0x22, 0x44, 0x00, 0x00, 0x24, 0x24, 0x04, 0x20, 0x82, 0x41, 0x82,
    0x41, 0x82, 0x41, 0x00, 0x00, 0x00, 0x60, 0x00, 0x80, 0x00, 0x10, 0x02, 0x20, 0x00, 0x40, 0x02,
    0x80, 0x00, 0x00, 0x00, 0x00, 0x04, 0x20, 0x04, 0x20, 0x00, 0x00, 0x04, 0x20, 0x00, 0x00, 0x00,
    0x00, 0x08, 0x10, 0x01, 0x80, 0x08, 0x10, 0x08, 0x10, 0x01, 0x80, 0x10, 0x08, 0x00, 0x08, 0x02,
    0x40, 0x10, 0x08, 0x00, 0x00, 0x20, 0x00, 0x22, 0x44, 0x00, 0x00, 0x24, 0x24, 0x04, 0x20, 0x82,
    0x41, 0x82, 0x41, 0x82, 0x41, 0x00, 0x00, 0x00, 0x00, 0x08, 0x10, 0x09, 0x90, 0x02, 0x40, 0x04,
    0x20, 0x00, 0x00, 0x00, 0x00, 0x04, 0x20, 0x04, 0x20, 0x00, 0x00, 0x04, 0x20, 0x00, 0x00, 0x00,
    0x00, 0x08, 0x10, 0x01, 0x80, 0x08, 0x10, 0x08, 0x10, 0x01, 0x80, 0x10, 0x08, 0x00, 0x08, 0x02,
    0x40, 0x10, 0x08, 0x00, 0x00, 0x20, 0x00, 0x22, 0x44, 0x00, 0x00, 0x24, 0x24, 0x04, 0x20, 0x82,
    0x41, 0x82, 0x41, 0x82, 0x41, 0x06, 0x00, 0x08, 0x9C, 0x10, 0x44, 0x02, 0x04, 0x05, 0x00, 0x00,
    0x80, 0x00, 0x00, 0x00, 0x00, 0x04, 0x20, 0x04, 0x20, 0x00, 0x00, 0x04, 0x20, 0x00, 0x00, 0x00,
    0x00, 0x08, 0x10, 0x01, 0x80, 0x08, 0x10, 0x08, 0x10, 0x01, 0x80, 0x10, 0x08, 0x00, 0x08, 0x02,
    0x40, 0x10, 0x08, 0x00, 0x00, 0x20, 0x00, 0x22, 0x44, 0x00, 0x00, 0x24, 0x24, 0x04, 0x20, 0x82,
    0x41, 0x82, 0x41, 0x82, 0x41, 0x12, 0x48, 0x20, 0x04, 0x00, 0x00, 0x22, 0x44, 0x10, 0x08, 0x00,
    0x00, 0x00, 0x00, 0x04, 0x20, 0x04, 0x20, 0x00, 0x00, 0x04, 0x20, 0x00, 0x00, 0x00, 0x00, 0x08,
    0x10, 0x01, 0x80, 0x08, 0x10, 0x08, 0x10, 0x01, 0x80, 0x10, 0x08, 0x00, 0x08, 0x02, 0x40, 0x10,
    0x08, 0x00, 0x00, 0x20, 0x00, 0x22, 0x44, 0x00, 0x00, 0x24, 0x24, 0x04, 0x20, 0x82, 0x41, 0x82,
    0x41, 0x82, 0x41, 0x02, 0x40, 0x04, 0x20, 0x01, 0x80, 0x0A, 0x10, 0x01, 0x80, 0x04, 0x20, 0x02,
    0x40, 0x00, 0x00, 0x04, 0x20, 0x04, 0x20, 0x00, 0x00, 0x04, 0x20, 0x00, 0x00, 0x00, 0x00, 0x08,
    0x10, 0x01, 0x80, 0x08, 0x10, 0x08, 0x10, 0x01, 0x80, 0x10, 0x08, 0x00, 0x08, 0x02, 0x40, 0x10,
    0x08, 0x00, 0x00, 0x20, 0x00, 0x22, 0x44, 0x00, 0x00, 0x24, 0x24, 0x04, 0x20, 0x82, 0x41, 0x82,
    0x41, 0x82, 0x41, 0x10, 0x02, 0x10, 0x02, 0x18, 0x32, 0x00, 0x2A, 0x08, 0x2A, 0x00, 0x24, 0x00,
    0x20, 0x09, 0x20, 0x03, 0x20, 0x13, 0x20, 0x01, 0x3C, 0x03, 0x00, 0x11, 0x00, 0x01, 0x20, 0x25,
    0x20, 0x22, 0x20, 0x00, 0x20, 0x20, 0x20, 0x01, 0x2C, 0x41, 0x2A, 0x49, 0x2A, 0x49, 0x32, 0x81,
    0x02, 0x81, 0x02, 0x09, 0xC0, 0x20, 0x40, 0x40, 0x00, 0x40, 0x80, 0x08, 0x00, 0x80, 0x40, 0x88,
    0x00, 0x88, 0x00, 0x88, 0x00, 0x88, 0x00, 0x88, 0x00, 0x88, 0x00, 0x88, 0x00, 0x88, 0x00, 0x88,
    0x00, 0x88, 0x00, 0x88, 0x00, 0x88, 0x78, 0x80, 0x00, 0x08, 0x08, 0x43, 0x80, 0x40, 0x00, 0x20,
    0x10, 0x18, 0x00, 0x00, 0x00, 0x00, 0xC0, 0x05, 0x00, 0x00, 0x00, 0x00, 0x00, 0x10, 0x00, 0x10,
    0xC0, 0x00, 0x00, 0x0C, 0x00, 0x02, 0x00, 0x10, 0x00, 0x08, 0x80, 0x04, 0x00, 0x02, 0x80, 0x00,
    0x00, 0x00, 0x00, 0x00, 0x00, 0x00, 0x00, 0x00, 0x00, 0x48, 0x20, 0x48, 0x20, 0x48, 0x18, 0x48,
    0x00, 0x48, 0x00, 0x48, 0x00, 0x48, 0x00, 0x40, 0x00, 0x40, 0x00, 0x40, 0x00, 0x48, 0x00, 0x48,
    0x00, 0x48, 0x00, 0x48, 0x00, 0x48, 0x00, 0x48, 0x10, 0x48, 0x20, 0x48, 0x20, 0x00, 0x00, 0x00,
    0x00, 0x00, 0x00, 0x00, 0x00, 0x00, 0xC0, 0x01, 0x00, 0x00, 0x20, 0x04, 0x40, 0x00, 0x80, 0x05,
    0x00, 0x00, 0x00, 0x00, 0x00, 0x00, 0x00, 0x00, 0x00, 0x00, 0x00, 0x48, 0x20, 0x48, 0x20, 0x48,
    0x18, 0x48, 0x00, 0x48, 0x00, 0x48, 0x00, 0x48, 0x00, 0x40, 0x00, 0x40, 0x00, 0x40, 0x00, 0x48,
    0x00, 0x48, 0x00, 0x48, 0x00, 0x48, 0x00, 0x48, 0x00, 0x48, 0x10, 0x48, 0x20, 0x48, 0x20, 0x00,
    0x00, 0x00, 0x00, 0x00, 0x00, 0x00, 0x00, 0x00, 0x00, 0x10, 0x20, 0x13, 0x20, 0x04, 0x80, 0x08,
    0x40, 0x00, 0x00, 0x00, 0x00, 0x00, 0x00, 0x00, 0x00, 0x00, 0x00, 0x48, 0x20, 0x48, 0x20, 0x48,
    0x18, 0x48, 0x00, 0x48, 0x00, 0x48, 0x00, 0x48, 0x00, 0x40, 0x00, 0x40, 0x00, 0x40, 0x00, 0x48,
    0x00, 0x48, 0x00, 0x48, 0x00, 0x48, 0x00, 0x48, 0x00, 0x48, 0x10, 0x48, 0x20, 0x48, 0x20, 0x00,
    0x00, 0x00, 0x00, 0x00, 0x00, 0x24, 0x90, 0x40, 0x08, 0x00, 0x00, 0x44, 0x88, 0x20, 0x10, 0x00,
    0x00, 0x00, 0x00, 0x00, 0x00, 0x00, 0x00, 0x00, 0x00, 0x48, 0x20, 0x48, 0x20, 0x48, 0x18, 0x48,
    0x00, 0x48, 0x00, 0x48, 0x00, 0x48, 0x00, 0x40, 0x00, 0x40, 0x00, 0x40, 0x00, 0x48, 0x00, 0x48,
    0x00, 0x48, 0x00, 0x48, 0x00, 0x48, 0x00, 0x48, 0x10, 0x48, 0x20, 0x48, 0x20, 0x00, 0x00, 0x00,
    0x00, 0x00, 0x00, 0x00, 0x00, 0x18, 0x00, 0x04, 0x00, 0x20, 0x00, 0x11, 0x00, 0x08, 0x00, 0x05,
    0x00, 0x00, 0x00, 0x00, 0x00, 0x00, 0x00, 0x00, 0x00, 0x00, 0x00, 0x09, 0x00, 0x09, 0x00, 0x09,
    0x00, 0x09, 0x00, 0x09, 0x00, 0x09, 0x00, 0x09, 0x00, 0x09, 0x00, 0x09, 0x00, 0x09, 0x00, 0x09,
    0x00, 0x09, 0x00, 0x09, 0x00, 0x09, 0x00, 0x09, 0x00, 0x09, 0x00, 0x09, 0x00, 0x09, 0x00, 0x00,
    0x00, 0x00, 0x00, 0x00, 0x00, 0x00, 0x00, 0x01, 0x80, 0x02, 0x00, 0x00, 0x40, 0x08, 0x80, 0x01,
    0x00, 0x0A, 0x00, 0x00, 0x00, 0x00, 0x00, 0x00, 0x00, 0x00, 0x00, 0x00, 0x00, 0x09, 0x00, 0x09,
    0x00, 0x09, 0x00, 0x09, 0x00, 0x09, 0x00, 0x09, 0x00, 0x09, 0x00, 0x09, 0x00, 0x09, 0x00, 0x09,
    0x00, 0x09, 0x00, 0x09, 0x00, 0x09, 0x00, 0x09, 0x00, 0x09, 0x00, 0x09, 0x00, 0x09, 0x00, 0x09,
    0x00, 0x00, 0x00, 0x00, 0x00, 0x00, 0x00, 0x00, 0x00, 0x00, 0x00, 0x20, 0x40, 0x26, 0x40, 0x09,
    0x00, 0x10, 0x80, 0x00, 0x00, 0x00, 0x00, 0x00, 0x00, 0x00, 0x00, 0x00, 0x00, 0x09, 0x00, 0x09,
    0x00, 0x09, 0x00, 0x09, 0x00, 0x09, 0x00, 0x09, 0x00, 0x09, 0x00, 0x09, 0x00, 0x09, 0x00, 0x09,
    0x00, 0x09, 0x00, 0x09, 0x00, 0x09, 0x00, 0x09, 0x00, 0x09, 0x00, 0x09, 0x00, 0x09, 0x00, 0x09,
    0x00, 0x00, 0x00, 0x00, 0x00, 0x00, 0x00, 0x49, 0x20, 0x80, 0x10, 0x00, 0x00, 0x89, 0x10, 0x40,
    0x20, 0x00, 0x00, 0x00, 0x00, 0x00, 0x00, 0x00, 0x00, 0x00, 0x00, 0x09, 0x00, 0x09, 0x00, 0x09,
    0x00, 0x09, 0x00, 0x09, 0x00, 0x09, 0x00, 0x09, 0x00, 0x09, 0x00, 0x09, 0x00, 0x09, 0x00, 0x09,
    0x00, 0x09, 0x00, 0x09, 0x00, 0x09, 0x00, 0x09, 0x00, 0x09, 0x00, 0x09, 0x00, 0x09, 0x00, 0x00,
    0x00, 0x00, 0x00, 0x00, 0x00, 0x80, 0xE0, 0x80, 0x10, 0x80, 0x08, 0x01, 0x00, 0x00, 0x44, 0x00,
    0x00, 0x00, 0x02, 0x00, 0x22, 0x00, 0x22, 0x00, 0x22, 0x00, 0x22, 0x00, 0xA2, 0x00, 0xA2, 0xC7,
    0xA2, 0x00, 0x22, 0x00, 0x22, 0x00, 0x22, 0x00, 0x02, 0x00, 0x00, 0x00, 0x44, 0x01, 0x00, 0x80,
    0x08, 0x80, 0x10, 0x80, 0xE0, 0x06, 0x00, 0x08, 0x9C, 0x10, 0x44, 0x02, 0x04, 0x05, 0x00, 0x00,
    0x80, 0x00, 0x00, 0x00, 0x00, 0x84, 0x41, 0x80, 0x41, 0x80, 0x41, 0x02, 0x00, 0x00, 0x00, 0x01,
    0x00, 0x01, 0x00, 0x00, 0x00, 0x04, 0x80, 0x00, 0x00, 0x02, 0x00, 0x00, 0x40, 0x02, 0x00, 0x00,
    0x40, 0x00, 0x00, 0x01, 0x20, 0x00, 0x00, 0x00, 0x80, 0x00, 0x80, 0x00, 0x00, 0x00, 0x40, 0x82,
    0x00, 0x82, 0x00, 0x82, 0x20, 0x08, 0x00, 0x10, 0x00, 0x01, 0x00, 0x00, 0x80, 0x00, 0x00, 0x00,
    0x00, 0x01, 0x00, 0x00, 0x00, 0x14, 0xA0, 0x20, 0x10, 0x40, 0x08, 0x47, 0x88, 0x08, 0x40, 0x80,
    0x04, 0x88, 0x44, 0x88, 0x44, 0x88, 0x44, 0x88, 0x44, 0x88, 0x44, 0x88, 0x44, 0x88, 0x44, 0x88,
    0x44, 0x88, 0x44, 0x88, 0x44, 0x88, 0x44, 0x88, 0x44, 0x80, 0x04, 0x08, 0x40, 0x43, 0x08, 0x40,
    0x08, 0x20, 0x10, 0x14, 0xA0, 0x00, 0x40, 0x00, 0x20, 0x02, 0x00, 0x04, 0x00, 0x00, 0x00, 0x00,
    0x00, 0x02, 0x00, 0x00, 0x00, 0x14, 0xA0, 0x20, 0x10, 0x40, 0x08, 0x47, 0x88, 0x08, 0x40, 0x80,
    0x04, 0x88, 0x44, 0x88, 0x44, 0x88, 0x44, 0x88, 0x44, 0x88, 0x44, 0x88, 0x44, 0x88, 0x44, 0x88,
    0x44, 0x88, 0x44, 0x88, 0x44, 0x88, 0x44, 0x88, 0x44, 0x80, 0x04, 0x08, 0x40, 0x43, 0x08, 0x40,
    0x08, 0x20, 0x10, 0x14, 0xA0, 0x08, 0x40, 0x08, 0x40, 0x03, 0x00, 0x00, 0x00, 0x04, 0x80, 0x08,
    0x40, 0x00, 0x00, 0x00, 0x00, 0x14, 0xA0, 0x20, 0x10, 0x40, 0x08, 0x47, 0x88, 0x08, 0x40, 0x80,
    0x04, 0x88, 0x44, 0x88, 0x44, 0x88, 0x44, 0x88, 0x44, 0x88, 0x44, 0x88, 0x44, 0x88, 0x44, 0x88,
    0x44, 0x88, 0x44, 0x88, 0x44, 0x88, 0x44, 0x88, 0x44, 0x80, 0x04, 0x08, 0x40, 0x43, 0x08, 0x40,
    0x08, 0x20, 0x10, 0x14, 0xA0, 0x0C, 0x00, 0x11, 0x38, 0x20, 0x88, 0x04, 0x08, 0x0A, 0x00, 0x01,
    0x00, 0x00, 0x00, 0x00, 0x00, 0x14, 0xA0, 0x20, 0x10, 0x40, 0x08, 0x47, 0x88, 0x08, 0x40, 0x80,
    0x04, 0x88, 0x44, 0x88, 0x44, 0x88, 0x44, 0x88, 0x44, 0x88, 0x44, 0x88, 0x44, 0x88, 0x44, 0x88,
    0x44, 0x88, 0x44, 0x88, 0x44, 0x88, 0x44, 0x88, 0x44, 0x80, 0x04, 0x08, 0x40, 0x43, 0x08, 0x40,
    0x08, 0x20, 0x10, 0x14, 0xA0, 0x24, 0x90, 0x40, 0x08, 0x00, 0x00, 0x44, 0x88, 0x20, 0x10, 0x00,
    0x00, 0x00, 0x00, 0x14, 0xA0, 0x20, 0x10, 0x40, 0x08, 0x47, 0x88, 0x08, 0x40, 0x80, 0x04, 0x88,
    0x44, 0x88, 0x44, 0x88, 0x44, 0x88, 0x44, 0x88, 0x44, 0x88, 0x44, 0x88, 0x44, 0x88, 0x44, 0x88,
    0x44, 0x88, 0x44, 0x88, 0x44, 0x88, 0x44, 0x80, 0x04, 0x08, 0x40, 0x43, 0x08, 0x40, 0x08, 0x20,
    0x10, 0x14, 0xA0, 0x20, 0x04, 0x00, 0x00, 0x80, 0x01, 0x00, 0x00, 0x00, 0x00, 0x10, 0x08, 0x08,
    0x10, 0x04, 0x20, 0x00, 0x00, 0x00, 0x00, 0x01, 0x80, 0x02, 0x40, 0x04, 0x20, 0x88, 0x11, 0x10,
    0x08, 0x20, 0x04, 0x00, 0x00, 0x00, 0x0C, 0x14, 0x80, 0x20, 0x00, 0x40, 0x08, 0x47, 0x88, 0x08,
    0x00, 0x80, 0x04, 0x89, 0x04, 0x89, 0x04, 0x88, 0x04, 0x88, 0x44, 0x8A, 0x04, 0x8C, 0xC4, 0x8C,
    0xC4, 0x81, 0x44, 0x88, 0x44, 0x80, 0x44, 0x82, 0x44, 0x82, 0x44, 0x80, 0x04, 0x00, 0x40, 0x47,
    0x08, 0x40, 0x08, 0x00, 0x10, 0x04, 0xA0, 0xC0, 0x00, 0x00, 0x00, 0x00, 0x00, 0x06, 0x00, 0x01,
    0x00, 0x08, 0x00, 0x04, 0x40, 0x02, 0x00, 0x01, 0x40, 0x00, 0x00, 0x00, 0x00, 0x82, 0x41, 0x82,
    0x41, 0x82, 0x41, 0x00, 0x00, 0x00, 0x00, 0x00, 0x00, 0x00, 0x00, 0x00, 0x00, 0x00, 0x00, 0x00,
    0x00, 0x00, 0x00, 0x00, 0x00, 0x00, 0x00, 0x00, 0x00, 0x00, 0x00, 0x00, 0x00, 0x00, 0x00, 0x00,
    0x00, 0x04, 0x20, 0x20, 0x04, 0x03, 0xC0, 0x10, 0x08, 0x10, 0x08, 0x02, 0x40, 0x00, 0x00, 0x00,
    0x60, 0x00, 0x80, 0x00, 0x10, 0x02, 0x20, 0x00, 0x40, 0x02, 0x80, 0x00, 0x00, 0x00, 0x00, 0x82,
    0x41, 0x82, 0x41, 0x82, 0x41, 0x00, 0x00, 0x00, 0x00, 0x00, 0x00, 0x00, 0x00, 0x00, 0x00, 0x00,
    0x00, 0x00, 0x00, 0x00, 0x00, 0x00, 0x00, 0x00, 0x00, 0x00, 0x00, 0x00, 0x00, 0x00, 0x00, 0x00,
    0x00, 0x00, 0x00, 0x04, 0x20, 0x20, 0x04, 0x03, 0xC0, 0x10, 0x08, 0x10, 0x08, 0x02, 0x40, 0x04,
    0x20, 0x04, 0x20, 0x01, 0x80, 0x12, 0x48, 0x02, 0x40, 0x04, 0x20, 0x00, 0x00, 0x00, 0x00, 0x82,
    0x41, 0x82, 0x41, 0x82, 0x41, 0x00, 0x00, 0x00, 0x00, 0x00, 0x00, 0x00, 0x00, 0x00, 0x00, 0x00,
    0x00, 0x00, 0x00, 0x00, 0x00, 0x00, 0x00, 0x00, 0x00, 0x00, 0x00, 0x00, 0x00, 0x00, 0x00, 0x00,
    0x00, 0x00, 0x00, 0x04, 0x20, 0x20, 0x04, 0x03, 0xC0, 0x10, 0x08, 0x10, 0x08, 0x02, 0x40, 0x12,
    0x48, 0x20, 0x04, 0x00, 0x00, 0x22, 0x44, 0x10, 0x08, 0x00, 0x00, 0x00, 0x00, 0x82, 0x41, 0x82,
    0x41, 0x82, 0x41, 0x00, 0x00, 0x00, 0x00, 0x00, 0x00, 0x00, 0x00, 0x00, 0x00, 0x00, 0x00, 0x00,
    0x00, 0x00, 0x00, 0x00, 0x00, 0x00, 0x00, 0x00, 0x00, 0x00, 0x00, 0x00, 0x00, 0x00, 0x00, 0x00,
    0x00, 0x04, 0x20, 0x20, 0x04, 0x03, 0xC0, 0x10, 0x08, 0x10, 0x08, 0x02, 0x40, 0x00, 0x00, 0x00,
    0x60, 0x00, 0x80, 0x00, 0x10, 0x02, 0x20, 0x00, 0x40, 0x02, 0x80, 0x00, 0x00, 0x00, 0x00, 0x82,
    0x41, 0x82, 0x41, 0x82, 0x41, 0x02, 0x40, 0x20, 0x04, 0x12, 0x48, 0x00, 0x00, 0x00, 0x00, 0x09,
    0x90, 0x08, 0x10, 0x00, 0x00, 0x04, 0x20, 0x04, 0x20, 0x00, 0x00, 0x02, 0x40, 0x02, 0x40, 0x02,
    0x40, 0x02, 0x40, 0x02, 0x40, 0x02, 0x40, 0x02, 0x40, 0x00, 0x00, 0x00, 0x00, 0x00, 0x00, 0x80,
    0x00, 0x80, 0x00, 0x80, 0x00, 0x04, 0x00, 0x00, 0x00, 0x00, 0x00, 0x00, 0x60, 0x00, 0x10, 0x00,
    0x00, 0x04, 0x88, 0x00, 0x00, 0x00, 0x44, 0x00, 0x44, 0x00, 0x04, 0x00, 0x80, 0x00, 0x00, 0x00,
    0x10, 0x00, 0x40, 0x04, 0x00, 0x00, 0x00, 0x04, 0x00, 0x80, 0x00, 0x80, 0x00, 0x80, 0x00, 0x08,
    0x60, 0x10, 0x00, 0x00, 0x00, 0x03, 0x88, 0x20, 0x04, 0x04, 0x40, 0x00, 0x00, 0x00, 0x40, 0x00,
    0x04, 0x00, 0x40, 0x01, 0x80, 0x00, 0x10, 0x00, 0x18, 0x00, 0x00, 0x00, 0xC4, 0x00, 0x20, 0x00,
    0x02, 0x00, 0x22, 0x00, 0x02, 0x00, 0x00, 0x01, 0x00, 0x80, 0x00, 0x80, 0x10, 0x80, 0xE0, 0x08,
    0x00, 0x10, 0x00, 0x01, 0x00, 0x00, 0x80, 0x00, 0x00, 0x00, 0x00, 0x01, 0x00, 0x00, 0x00, 0x18,
    0xA0, 0x00, 0x00, 0x40, 0x08, 0x43, 0x08, 0x08, 0x40, 0x78, 0x00, 0x00, 0x00, 0x18, 0x00, 0x00,
    0x00, 0x00, 0x00, 0x00, 0x00, 0x80, 0x00, 0x88, 0x40, 0x88, 0x00, 0x42, 0x02, 0x40, 0x82, 0x32,
    0x02, 0x00, 0x40, 0x00, 0x20, 0x02, 0x00, 0x04, 0x00, 0x00, 0x00, 0x00, 0x00, 0x02, 0x00, 0x00,
    0x00, 0x18, 0xA0, 0x00, 0x00, 0x40, 0x08, 0x43, 0x08, 0x08, 0x40, 0x78, 0x00, 0x00, 0x00, 0x18,
    0x00, 0x00, 0x00, 0x00, 0x00, 0x00, 0x00, 0x80, 0x00, 0x88, 0x40, 0x88, 0x00, 0x42, 0x02, 0x40,
    0x82, 0x32, 0x02, 0x08, 0x40, 0x08, 0x40, 0x03, 0x00, 0x00, 0x00, 0x04, 0x80, 0x08, 0x40, 0x00,
    0x00, 0x00, 0x00, 0x18, 0xA0, 0x00, 0x00, 0x40, 0x08, 0x43, 0x08, 0x08, 0x40, 0x78, 0x00, 0x00,
    0x00, 0x18, 0x00, 0x00, 0x00, 0x00, 0x00, 0x00, 0x00, 0x80, 0x00, 0x88, 0x40, 0x88, 0x00, 0x42,
    0x02, 0x40, 0x82, 0x32, 0x02, 0x0C, 0x00, 0x11, 0x38, 0x20, 0x88, 0x04, 0x08, 0x0A, 0x00, 0x01,
    0x00, 0x00, 0x00, 0x00, 0x00, 0x18, 0xA0, 0x00, 0x00, 0x40, 0x08, 0x43, 0x08, 0x08, 0x40, 0x78,
    0x00, 0x00, 0x00, 0x18, 0x00, 0x00, 0x00, 0x00, 0x00, 0x00, 0x00, 0x80, 0x00, 0x88, 0x40, 0x88,
    0x00, 0x42, 0x02, 0x40, 0x82, 0x32, 0x02, 0x24, 0x90, 0x40, 0x08, 0x00, 0x00, 0x44, 0x88, 0x20,
    0x10, 0x00, 0x00, 0x00, 0x00, 0x18, 0xA0, 0x00, 0x00, 0x40, 0x08, 0x43, 0x08, 0x08, 0x40, 0x78,
    0x00, 0x00, 0x00, 0x18, 0x00, 0x00, 0x00, 0x00, 0x00, 0x00, 0x00, 0x80, 0x00, 0x88, 0x40, 0x88,
    0x00, 0x42, 0x02, 0x40, 0x82, 0x32, 0x02, 0x0C, 0xC0, 0x08, 0x40, 0x03, 0x00, 0x10, 0x00, 0x08,
    0x40, 0x0C, 0xC0, 0x00, 0x00, 0x00, 0x00, 0x18, 0xA0, 0x00, 0x00, 0x40, 0x08, 0x43, 0x08, 0x08,
    0x40, 0x78, 0x00, 0x00, 0x00, 0x18, 0x00, 0x00, 0x00, 0x00, 0x00, 0x00, 0x00, 0x80, 0x00, 0x88,
    0x40, 0x88, 0x00, 0x42, 0x02, 0x40, 0x82, 0x32, 0x02, 0x60, 0x98, 0x42, 0x00, 0x88, 0x40, 0x04,
    0xA4, 0x80, 0x20, 0xE0, 0x20, 0x00, 0x20, 0x10, 0x00, 0x40, 0x00, 0x0C, 0xFC, 0x80, 0x00, 0x10,
    0x1C, 0x10, 0x24, 0x84, 0x84, 0x08, 0x40, 0x82, 0x08, 0x60, 0x00, 0x09, 0xC0, 0x20, 0x40, 0x40,
    0x00, 0x40, 0x80, 0x08, 0x00, 0x80, 0x40, 0x88, 0x00, 0x88, 0x00, 0x88, 0x00, 0x88, 0x00, 0x88,
    0x78, 0x80, 0x00, 0x08, 0x40, 0x43, 0x80, 0x40, 0x00, 0x00, 0x10, 0x10, 0x20, 0x00, 0x00, 0x00,
    0xC0, 0x05, 0x00, 0x00, 0x00, 0x00, 0x00, 0x10, 0x00, 0x10, 0xC0, 0x08, 0x00, 0x10, 0x00, 0x01,
    0x00, 0x00, 0x80, 0x00, 0x00, 0x00, 0x00, 0x01, 0x00, 0x00, 0x00, 0x1C, 0xE0, 0x20, 0x10, 0x40,
    0x08, 0x43, 0x08, 0x08, 0x40, 0x80, 0x04, 0x80, 0x04, 0x80, 0x04, 0x80, 0x04, 0x80, 0x04, 0x88,
    0x00, 0x80, 0x38, 0x08, 0x00, 0x43, 0x08, 0x40, 0x00, 0x20, 0x00, 0x14, 0x60, 0x00, 0x40, 0x00,
    0x20, 0x02, 0x00, 0x04, 0x00, 0x00, 0x00, 0x00, 0x00, 0x02, 0x00, 0x00, 0x00, 0x1C, 0xE0, 0x20,
    0x10, 0x40, 0x08, 0x43, 0x08, 0x08, 0x40, 0x80, 0x04, 0x80, 0x04, 0x80, 0x04, 0x80, 0x04, 0x80,
    0x04, 0x88, 0x00, 0x80, 0x38, 0x08, 0x00, 0x43, 0x08, 0x40, 0x00, 0x20, 0x00, 0x14, 0x60, 0x08,
    0x40, 0x08, 0x40, 0x03, 0x00, 0x00, 0x00, 0x04, 0x80, 0x08, 0x40, 0x00, 0x00, 0x00, 0x00, 0x1C,
    0xE0, 0x20, 0x10, 0x40, 0x08, 0x43, 0x08, 0x08, 0x40, 0x80, 0x04, 0x80, 0x04, 0x80, 0x04, 0x80,
    0x04, 0x80, 0x04, 0x88, 0x00, 0x80, 0x38, 0x08, 0x00, 0x43, 0x08, 0x40, 0x00, 0x20, 0x00, 0x14,
    0x60, 0x24, 0x90, 0x40, 0x08, 0x00, 0x00, 0x44, 0x88, 0x20, 0x10, 0x00, 0x00, 0x00, 0x00, 0x1C,
    0xE0, 0x20, 0x10, 0x40, 0x08, 0x43, 0x08, 0x08, 0x40, 0x80, 0x04, 0x80, 0x04, 0x80, 0x04, 0x80,
    0x04, 0x80, 0x04, 0x88, 0x00, 0x80, 0x38, 0x08, 0x00, 0x43, 0x08, 0x40, 0x00, 0x20, 0x00, 0x14,
    0x60, 0x00, 0x00, 0x18, 0x00, 0x04, 0x00, 0x22, 0x00, 0x10, 0x00, 0x08, 0x80, 0x04, 0x00, 0x00,
    0x00, 0x00, 0x00, 0x80, 0x00, 0x80, 0x00, 0x80, 0x00, 0x00, 0x00, 0x00, 0x00, 0x00, 0x00, 0x00,
    0x00, 0x00, 0x00, 0x00, 0x00, 0x00, 0x00, 0x00, 0x00, 0x00, 0x00, 0x00, 0x00, 0x00, 0x00, 0x00,
    0x00, 0x00, 0x00, 0x00, 0x00, 0x00, 0x00, 0x01, 0x00, 0x00, 0x40, 0x04, 0x00, 0x08, 0x00, 0x00,
    0x00, 0x08, 0x00, 0x00, 0x00, 0x00, 0x00, 0x80, 0x00, 0x80, 0x00, 0x80, 0x00, 0x00, 0x00, 0x00,
    0x00, 0x00, 0x00, 0x00, 0x00, 0x00, 0x00, 0x00, 0x00, 0x00, 0x00, 0x00, 0x00, 0x00, 0x00, 0x00,
    0x00, 0x00, 0x00, 0x00, 0x00, 0x00, 0x00, 0x00, 0x00, 0x00, 0x00, 0x00, 0x80, 0x22, 0x00, 0x24,
    0x20, 0x41, 0x20, 0x00, 0xC0, 0x00, 0x00, 0x00, 0x00, 0x80, 0x00, 0x80, 0x00, 0x80, 0x00, 0x00,
    0x00, 0x00, 0x00, 0x00, 0x00, 0x00, 0x00, 0x00, 0x00, 0x00, 0x00, 0x00, 0x00, 0x00, 0x00, 0x00,
    0x00, 0x00, 0x00, 0x00, 0x00, 0x00, 0x00, 0x00, 0x00, 0x00, 0x00, 0x49, 0x20, 0x80, 0x10, 0x00,
    0x00, 0x89, 0x10, 0x40, 0x20, 0x00, 0x00, 0x00, 0x00, 0x80, 0x00, 0x80, 0x00, 0x80, 0x00, 0x00,
    0x00, 0x00, 0x00, 0x00, 0x00, 0x00, 0x00, 0x00, 0x00, 0x00, 0x00, 0x00, 0x00, 0x00, 0x00, 0x00,
    0x00, 0x00, 0x00, 0x00, 0x00, 0x00, 0x00, 0x00, 0x00, 0x00, 0x00, 0x04, 0x00, 0x03, 0x00, 0x00,
    0x80, 0x18, 0x50, 0x00, 0x08, 0x08, 0x00, 0x20, 0x00, 0x22, 0x10, 0x28, 0x08, 0x02, 0x80, 0x20,
    0x88, 0x00, 0x40, 0x00, 0x00, 0x04, 0x84, 0x08, 0x44, 0x80, 0x04, 0x88, 0x44, 0x88, 0x44, 0x00,
    0x00, 0x08, 0x40, 0x07, 0x80, 0x00, 0x00, 0x20, 0x10, 0x04, 0x80, 0x06, 0x00, 0x08, 0x9C, 0x10,
    0x44, 0x02, 0x04, 0x05, 0x00, 0x00, 0x80, 0x00, 0x00, 0x00, 0x00, 0x80, 0xA0, 0x80, 0x00, 0x84,
    0x04, 0x00, 0x00, 0x00, 0x04, 0x04, 0x20, 0x00, 0x00, 0x00, 0x00, 0x00, 0x00, 0x00, 0x00, 0x00,
    0x00, 0x00, 0x00, 0x00, 0x00, 0x00, 0x00, 0x82, 0x41, 0x82, 0x41, 0x82, 0x41, 0x08, 0x00, 0x10,
    0x00, 0x01, 0x00, 0x00, 0x80, 0x00, 0x00, 0x00, 0x00, 0x01, 0x00, 0x00, 0x00, 0x1C, 0xE0, 0x20,
    0x10, 0x40, 0x08, 0x43, 0x08, 0x08, 0x40, 0x80, 0x04, 0x88, 0x44, 0x88, 0x44, 0x88, 0x44, 0x88,
    0x44, 0x88, 0x44, 0x80, 0x04, 0x08, 0x40, 0x43, 0x08, 0x40, 0x08, 0x20, 0x10, 0x1C, 0xE0, 0x00,
    0x40, 0x00, 0x20, 0x02, 0x00, 0x04, 0x00, 0x00, 0x00, 0x00, 0x00, 0x02, 0x00, 0x00, 0x00, 0x1C,
    0xE0, 0x20, 0x10, 0x40, 0x08, 0x43, 0x08, 0x08, 0x40, 0x80, 0x04, 0x88, 0x44, 0x88, 0x44, 0x88,
    0x44, 0x88, 0x44, 0x88, 0x44, 0x80, 0x04, 0x08, 0x40, 0x43, 0x08, 0x40, 0x08, 0x20, 0x10, 0x1C,
    0xE0, 0x08, 0x40, 0x08, 0x40, 0x03, 0x00, 0x00, 0x00, 0x04, 0x80, 0x08, 0x40, 0x00, 0x00, 0x00,
    0x00, 0x1C, 0xE0, 0x20, 0x10, 0x40, 0x08, 0x43, 0x08, 0x08, 0x40, 0x80, 0x04, 0x88, 0x44, 0x88,
    0x44, 0x88, 0x44, 0x88, 0x44, 0x88, 0x44, 0x80, 0x04, 0x08, 0x40, 0x43, 0x08, 0x40, 0x08, 0x20,
    0x10, 0x1C, 0xE0, 0x0C, 0x00, 0x11, 0x38, 0x20, 0x88, 0x04, 0x08, 0x0A, 0x00, 0x01, 0x00, 0x00,
    0x00, 0x00, 0x00, 0x1C, 0xE0, 0x20, 0x10, 0x40, 0x08, 0x43, 0x08, 0x08, 0x40, 0x80, 0x04, 0x88,
    0x44, 0x88, 0x44, 0x88, 0x44, 0x88, 0x44, 0x88, 0x44, 0x80, 0x04, 0x08, 0x40, 0x43, 0x08, 0x40,
    0x08, 0x20, 0x10, 0x1C, 0xE0, 0x24, 0x90, 0x40, 0x08, 0x00, 0x00, 0x44, 0x88, 0x20, 0x10, 0x00,
    0x00, 0x00, 0x00, 0x1C, 0xE0, 0x20, 0x10, 0x40, 0x08, 0x43, 0x08, 0x08, 0x40, 0x80, 0x04, 0x88,
    0x44, 0x88, 0x44, 0x88, 0x44, 0x88, 0x44, 0x88, 0x44, 0x80, 0x04, 0x08, 0x40, 0x43, 0x08, 0x40,
    0x08, 0x20, 0x10, 0x1C, 0xE0, 0x00, 0x00, 0x09, 0x00, 0x00, 0x00, 0x00, 0x00, 0x10, 0x80, 0x00,
    0x00, 0x00, 0x00, 0x00, 0x00, 0x00, 0x00, 0x00, 0x00, 0xFF, 0xF0, 0x00, 0x00, 0x00, 0x00, 0x09,
    0x00, 0x00, 0x00, 0x00, 0x00, 0x10, 0x80, 0x00, 0x00, 0x00, 0x00, 0x00, 0x10, 0x1C, 0x80, 0x20,
    0x00, 0x40, 0x08, 0x43, 0x88, 0x09, 0x00, 0x81, 0x04, 0x88, 0x04, 0x88, 0x04, 0x88, 0x44, 0x80,
    0x44, 0x80, 0x44, 0x82, 0x04, 0x02, 0x40, 0x47, 0x08, 0x40, 0x08, 0x00, 0x10, 0x04, 0xE0, 0x20,
    0x00, 0x00, 0x00, 0x00, 0x00, 0x06, 0x00, 0x01, 0x00, 0x08, 0x00, 0x04, 0x40, 0x02, 0x00, 0x01,
    0x40, 0x00, 0x00, 0x00, 0x00, 0x80, 0x40, 0x80, 0x40, 0x80, 0x40, 0x00, 0x00, 0x00, 0x00, 0x00,
    0x00, 0x00, 0x00, 0x00, 0x00, 0x00, 0x00, 0x00, 0x00, 0x00, 0x00, 0x04, 0x20, 0x20, 0x00, 0x00,
    0x00, 0x20, 0x21, 0x00, 0x01, 0x05, 0x01, 0x00, 0x00, 0x00, 0x60, 0x00, 0x80, 0x00, 0x10, 0x02,
    0x20, 0x00, 0x40, 0x02, 0x80, 0x00, 0x00, 0x00, 0x00, 0x80, 0x40, 0x80, 0x40, 0x80, 0x40, 0x00,
    0x00, 0x00, 0x00, 0x00, 0x00, 0x00, 0x00, 0x00, 0x00, 0x00, 0x00, 0x00, 0x00, 0x00, 0x00, 0x04,
    0x20, 0x20, 0x00, 0x00, 0x00, 0x20, 0x21, 0x00, 0x01, 0x05, 0x01, 0x04, 0x20, 0x04, 0x20, 0x01,
    0x80, 0x12, 0x48, 0x02, 0x40, 0x04, 0x20, 0x00, 0x00, 0x00, 0x00, 0x80, 0x40, 0x80, 0x40, 0x80,
    0x40, 0x00, 0x00, 0x00, 0x00, 0x00, 0x00, 0x00, 0x00, 0x00, 0x00, 0x00, 0x00, 0x00, 0x00, 0x00,
    0x00, 0x04, 0x20, 0x20, 0x00, 0x00, 0x00, 0x20, 0x21, 0x00, 0x01, 0x05, 0x01, 0x12, 0x48, 0x20,
    0x04, 0x00, 0x00, 0x22, 0x44, 0x10, 0x08, 0x00, 0x00, 0x00, 0x00, 0x80, 0x40, 0x80, 0x40, 0x80,
    0x40, 0x00, 0x00, 0x00, 0x00, 0x00, 0x00, 0x00, 0x00, 0x00, 0x00, 0x00, 0x00, 0x00, 0x00, 0x00,
    0x00, 0x04, 0x20, 0x20, 0x00, 0x00, 0x00, 0x20, 0x21, 0x00, 0x01, 0x05, 0x01, 0x00, 0x00, 0x00,
    0x60, 0x00, 0x80, 0x00, 0x10, 0x02, 0x20, 0x00, 0x40, 0x02, 0x80, 0x00, 0x00, 0x00, 0x00, 0x82,
    0x41, 0x82, 0x41, 0x82, 0x41, 0x02, 0x00, 0x22, 0x44, 0x00, 0x00, 0x02, 0x48, 0x10, 0x00, 0x01,
    0x08, 0x08, 0x90, 0x01, 0x00, 0x08, 0x90, 0x00, 0x00, 0x04, 0x20, 0x00, 0x00, 0x04, 0x20, 0x00,
    0x00, 0x00, 0x40, 0x04, 0x00, 0x00, 0x40, 0x0C, 0x00, 0x00, 0x00, 0x00, 0x00, 0x03, 0x00, 0x80,
    0x00, 0x80, 0x00, 0x80, 0x00, 0x00, 0x00, 0x00, 0x00, 0x00, 0x00, 0x00, 0x00, 0x00, 0x80, 0x00,
    0x08, 0x04, 0x00, 0x03, 0x04, 0x00, 0x20, 0x04, 0x02, 0x00, 0x22, 0x00, 0x22, 0x00, 0x22, 0x00,
    0x22, 0x00, 0x22, 0x04, 0x02, 0x00, 0x20, 0x03, 0x04, 0x04, 0x00, 0x00, 0x08, 0x00, 0x80, 0x00,
    0x00, 0x00, 0x00, 0x00, 0x00, 0x00, 0x00, 0x80, 0x00, 0x80, 0x00, 0x80, 0x00, 0x12, 0x48, 0x20,
    0x04, 0x00, 0x00, 0x22, 0x44, 0x10, 0x08, 0x00, 0x00, 0x00, 0x00, 0x82, 0x41, 0x82, 0x41, 0x82,
    0x41, 0x02, 0x00, 0x22, 0x44, 0x00, 0x00, 0x02, 0x48, 0x10, 0x00, 0x01, 0x08, 0x08, 0x90, 0x01,
    0x00, 0x08, 0x90, 0x00, 0x00, 0x04, 0x20, 0x00, 0x00, 0x04, 0x20, 0x00, 0x00, 0x00, 0x40, 0x04,
    0x00, 0x00, 0x40, 0x0C, 0x00, 0x00, 0x00, 0x00, 0x00, 0x03, 0x00, 0x10, 0x08, 0x10, 0x08, 0x00,
    0x00, 0x00, 0x00, 0x00, 0x00, 0x00, 0x00, 0x04, 0x20, 0x04, 0x20, 0x00, 0x00, 0x04, 0x20, 0x00,
    0x00, 0x00, 0x00, 0x08, 0x10, 0x01, 0x80, 0x08, 0x10, 0x08, 0x10, 0x01, 0x80, 0x10, 0x08, 0x00,
    0x08, 0x02, 0x40, 0x10, 0x08, 0x00, 0x00, 0x20, 0x00, 0x22, 0x44, 0x00, 0x00, 0x24, 0x24, 0x04,
    0x20, 0x82, 0x41, 0x82, 0x41, 0x82, 0x41, 0x20, 0x10, 0x20, 0x10, 0x00, 0x00, 0x00, 0x00, 0x00,
    0x00, 0x00, 0x00, 0x18, 0xA0, 0x00, 0x00, 0x40, 0x08, 0x43, 0x08, 0x08, 0x40, 0x78, 0x00, 0x00,
    0x00, 0x18, 0x00, 0x00, 0x00, 0x00, 0x00, 0x00, 0x00, 0x80, 0x00, 0x88, 0x40, 0x88, 0x00, 0x42,
    0x02, 0x40, 0x82, 0x32, 0x02, 0x02, 0x40, 0x12, 0x48, 0x00, 0x00, 0x08, 0x10, 0x05, 0xA0, 0x00,
    0x00, 0x00, 0x00, 0x04, 0x20, 0x04, 0x20, 0x00, 0x00, 0x04, 0x20, 0x00, 0x00, 0x00, 0x00, 0x08,
    0x10, 0x01, 0x80, 0x08, 0x10, 0x08, 0x10, 0x01, 0x80, 0x10, 0x08, 0x00, 0x08, 0x02, 0x40, 0x10,
    0x08, 0x00, 0x00, 0x20, 0x00, 0x22, 0x44, 0x00, 0x00, 0x24, 0x24, 0x04, 0x20, 0x82, 0x41, 0x82,
    0x41, 0x82, 0x41, 0x04, 0x80, 0x24, 0x90, 0x00, 0x00, 0x10, 0x20, 0x0B, 0x40, 0x00, 0x00, 0x00,
    0x00, 0x18, 0xA0, 0x00, 0x00, 0x00, 0x08, 0x43, 0x08, 0x00, 0x40, 0x00, 0x00, 0x00, 0x00, 0x18,
    0x00, 0x00, 0x00, 0x00, 0x00, 0x00, 0x00, 0x80, 0x00, 0x88, 0x40, 0x88, 0x00, 0x42, 0x02, 0x40,
    0x82, 0x32, 0x02, 0x04, 0x20, 0x04, 0x20, 0x00, 0x00, 0x04, 0x20, 0x00, 0x00, 0x00, 0x00, 0x08,
    0x10, 0x01, 0x80, 0x08, 0x10, 0x08, 0x10, 0x01, 0x80, 0x10, 0x08, 0x00, 0x08, 0x02, 0x40, 0x10,
    0x08, 0x00, 0x00, 0x20, 0x00, 0x22, 0x44, 0x00, 0x00, 0x24, 0x24, 0x04, 0x20, 0x82, 0x41, 0x82,
    0x41, 0x82, 0x41, 0x00, 0x04, 0x00, 0x40, 0x00, 0x40, 0x00, 0x00, 0x00, 0x0A, 0x00, 0x00, 0x00,
    0x32, 0x18, 0xA0, 0x00, 0x00, 0x40, 0x08, 0x43, 0x08, 0x08, 0x40, 0x78, 0x00, 0x00, 0x00, 0x18,
    0x00, 0x00, 0x00, 0x00, 0x00, 0x00, 0x00, 0x80, 0x00, 0x88, 0x40, 0x88, 0x00, 0x42, 0x02, 0x40,
    0x82, 0x32, 0x02, 0x00, 0x20, 0x00, 0x40, 0x00, 0x08, 0x00, 0x48, 0x00, 0x4A, 0x00, 0x40, 0x00,
    0x30, 0x00, 0x40, 0x00, 0x20, 0x02, 0x00, 0x04, 0x00, 0x00, 0x00, 0x00, 0x00, 0x02, 0x00, 0x00,
    0x00, 0x09, 0xC0, 0x20, 0x40, 0x40, 0x00, 0x40, 0x80, 0x08, 0x00, 0x80, 0x40, 0x88, 0x00, 0x88,
    0x00, 0x88, 0x00, 0x88, 0x00, 0x88, 0x00, 0x88, 0x00, 0x88, 0x00, 0x88, 0x00, 0x88, 0x00, 0x88,
    0x00, 0x88, 0x00, 0x88, 0x78, 0x80, 0x00, 0x08, 0x08, 0x43, 0x80, 0x40, 0x00, 0x20, 0x10, 0x18,
    0x80, 0x00, 0x40, 0x00, 0x20, 0x02, 0x00, 0x04, 0x00, 0x00, 0x00, 0x00, 0x00, 0x02, 0x00, 0x00,
    0x00, 0x09, 0xC0, 0x20, 0x40, 0x40, 0x00, 0x40, 0x80, 0x08, 0x00, 0x80, 0x40, 0x88, 0x00, 0x88,
    0x00, 0x88, 0x00, 0x88, 0x00, 0x88, 0x78, 0x80, 0x00, 0x08, 0x40, 0x43, 0x80, 0x40, 0x00, 0x00,
    0x10, 0x10, 0xA0, 0x07, 0x80, 0x08, 0x40, 0x10, 0x20, 0x03, 0x00, 0x04, 0x80, 0x10, 0x20, 0x00,
    0x00, 0x00, 0x00, 0x09, 0xC0, 0x20, 0x00, 0x40, 0x00, 0x40, 0x80, 0x08, 0x00, 0x80, 0x40, 0x88,
    0x00, 0x88, 0x00, 0x88, 0x00, 0x88, 0x00, 0x88, 0x00, 0x88, 0x00, 0x88, 0x00, 0x88, 0x00, 0x88,
    0x00, 0x88, 0x00, 0x88, 0x00, 0x88, 0x78, 0x80, 0x00, 0x08, 0x08, 0x43, 0x80, 0x40, 0x00, 0x20,
    0x10, 0x18, 0x80, 0x08, 0x40, 0x08, 0x40, 0x03, 0x00, 0x00, 0x00, 0x04, 0x80, 0x08, 0x40, 0x00,
    0x00, 0x00, 0x00, 0x09, 0x40, 0x20, 0x40, 0x43, 0x00, 0x44, 0x80, 0x00, 0x00, 0x80, 0x40, 0x88,
    0x00, 0x88, 0x00, 0x88, 0x00, 0x88, 0x00, 0x88, 0x78, 0x80, 0x00, 0x08, 0x40, 0x43, 0x80, 0x40,
    0x00, 0x00, 0x10, 0x10, 0xA0, 0x00, 0x00, 0x04, 0x80, 0x00, 0x00, 0x00, 0x00, 0x08, 0x40, 0x00,
    0x00, 0x00, 0x00, 0x00, 0x00, 0x09, 0xC0, 0x20, 0x40, 0x40, 0x00, 0x40, 0x80, 0x08, 0x00, 0x80,
    0x40, 0x88, 0x00, 0x88, 0x00, 0x88, 0x00, 0x88, 0x00, 0x88, 0x00, 0x88, 0x00, 0x88, 0x00, 0x88,
    0x00, 0x88, 0x00, 0x88, 0x00, 0x88, 0x00, 0x88, 0x78, 0x80, 0x00, 0x08, 0x08, 0x43, 0x80, 0x40,
    0x00, 0x20, 0x10, 0x18, 0x80, 0x00, 0x00, 0x08, 0x40, 0x00, 0x00, 0x00, 0x00, 0x04, 0x80, 0x00,
    0x00, 0x00, 0x00, 0x09, 0xC0, 0x20, 0x40, 0x40, 0x00, 0x40, 0x80, 0x08, 0x00, 0x80, 0x40, 0x88,
    0x00, 0x88, 0x00, 0x88, 0x00, 0x88, 0x00, 0x88, 0x78, 0x80, 0x00, 0x08, 0x40, 0x43, 0x80, 0x40,
    0x00, 0x00, 0x10, 0x10, 0xA0, 0x00, 0x00, 0x30, 0x30, 0x00, 0x00, 0x13, 0x20, 0x10, 0x20, 0x00,
    0x00, 0x00, 0x00, 0x00, 0x00, 0x00, 0x00, 0x09, 0xC0, 0x20, 0x40, 0x40, 0x00, 0x40, 0x80, 0x08,
    0x00, 0x80, 0x40, 0x88, 0x00, 0x88, 0x00, 0x88, 0x00, 0x88, 0x00, 0x88, 0x00, 0x88, 0x00, 0x88,
    0x00, 0x88, 0x00, 0x88, 0x00, 0x88, 0x00, 0x88, 0x00, 0x88, 0x78, 0x80, 0x00, 0x08, 0x08, 0x43,
    0x80, 0x40, 0x00, 0x20, 0x10, 0x18, 0x80, 0x00, 0x00, 0x30, 0x30, 0x00, 0x00, 0x13, 0x20, 0x10,
    0x20, 0x00, 0x00, 0x00, 0x00, 0x00, 0x00, 0x00, 0x00, 0x09, 0xC0, 0x20, 0x40, 0x40, 0x00, 0x40,
    0x80, 0x08, 0x00, 0x80, 0x40, 0x88, 0x00, 0x88, 0x00, 0x88, 0x00, 0x88, 0x00, 0x88, 0x78, 0x80,
    0x00, 0x08, 0x40, 0x43, 0x80, 0x40, 0x00, 0x00, 0x10, 0x10, 0xA0, 0x00, 0x00, 0x18, 0x18, 0x00,
    0x00, 0x09, 0x90, 0x08, 0x10, 0x00, 0x00, 0x00, 0x00, 0x00, 0x00, 0x00, 0x00, 0x80, 0xE0, 0x80,
    0x10, 0x80, 0x08, 0x01, 0x00, 0x00, 0x44, 0x00, 0x00, 0x00, 0x02, 0x00, 0x22, 0x00, 0x22, 0x00,
    0x22, 0x00, 0x22, 0x00, 0x22, 0x00, 0x22, 0x00, 0x22, 0x00, 0x22, 0x00, 0x22, 0x00, 0x22, 0x00,
    0x02, 0x00, 0x00, 0x00, 0x44, 0x01, 0x00, 0x80, 0x08, 0x80, 0x10, 0x80, 0xE0, 0x00, 0x01, 0x00,
    0x00, 0x08, 0x00, 0x00, 0x08, 0x00, 0x00, 0x0C, 0x80, 0x00, 0x09, 0x00, 0x00, 0x0D, 0x00, 0x00,
    0x0A, 0x00, 0x00, 0x08, 0x00, 0x32, 0x08, 0x00, 0x01, 0x08, 0x00, 0x00, 0x88, 0x00, 0x00, 0x08,
    0x00, 0x88, 0x88, 0x00, 0x80, 0x08, 0x00, 0x88, 0x08, 0x00, 0x88, 0x08, 0x00, 0x88, 0x08, 0x00,
    0x88, 0x08, 0x00, 0x88, 0x08, 0x00, 0x88, 0x08, 0x00, 0x80, 0x08, 0x00, 0x05, 0x08, 0x00, 0x02,
    0x04, 0x00, 0x00, 0x04, 0x00, 0x33, 0x04, 0x00, 0x00, 0x80, 0x00, 0x80, 0x00, 0x80, 0x00, 0x00,
    0x00, 0x00, 0x00, 0x00, 0x03, 0xC6, 0x02, 0x00, 0x20, 0x00, 0x00, 0x40, 0x43, 0x80, 0x08, 0x00,
    0x80, 0x40, 0x88, 0x00, 0x88, 0x00, 0x88, 0x00, 0x88, 0x00, 0x88, 0x00, 0x80, 0x40, 0x08, 0x00,
    0x44, 0x00, 0x02, 0x42, 0x20, 0x02, 0x02, 0x02, 0x20, 0x10, 0x20, 0x10, 0x00, 0x00, 0x00, 0x00,
    0x00, 0x00, 0x00, 0x00, 0x00, 0x00, 0x00, 0x00, 0x00, 0x00, 0x48, 0x20, 0x48, 0x20, 0x48, 0x18,
    0x48, 0x00, 0x48, 0x00, 0x48, 0x00, 0x48, 0x00, 0x40, 0x00, 0x40, 0x00, 0x40, 0x00, 0x48, 0x00,
    0x48, 0x00, 0x48, 0x00, 0x48, 0x00, 0x48, 0x00, 0x48, 0x10, 0x48, 0x20, 0x48, 0x20, 0x00, 0x00,
    0x00, 0x00, 0x00, 0x00, 0x20, 0x10, 0x20, 0x10, 0x00, 0x00, 0x00, 0x00, 0x00, 0x00, 0x00, 0x00,
    0x1C, 0xE0, 0x20, 0x10, 0x40, 0x08, 0x43, 0x08, 0x08, 0x40, 0x80, 0x04, 0x80, 0x04, 0x80, 0x04,
    0x80, 0x04, 0x80, 0x04, 0x88, 0x00, 0x80, 0x38, 0x08, 0x00, 0x43, 0x08, 0x40, 0x00, 0x20, 0x00,
    0x14, 0x60, 0x04, 0x80, 0x24, 0x90, 0x00, 0x00, 0x10, 0x20, 0x0B, 0x40, 0x00, 0x00, 0x00, 0x00,
    0x00, 0x00, 0x00, 0x00, 0x00, 0x00, 0x48, 0x20, 0x48, 0x20, 0x48, 0x18, 0x48, 0x00, 0x48, 0x00,
    0x48, 0x00, 0x48, 0x00, 0x40, 0x00, 0x40, 0x00, 0x40, 0x00, 0x48, 0x00, 0x48, 0x00, 0x48, 0x00,
    0x48, 0x00, 0x48, 0x00, 0x48, 0x10, 0x48, 0x20, 0x48, 0x20, 0x00, 0x00, 0x00, 0x00, 0x00, 0x00,
    0x04, 0x80, 0x24, 0x90, 0x00, 0x00, 0x10, 0x20, 0x0B, 0x40, 0x00, 0x00, 0x00, 0x00, 0x1C, 0xE0,
    0x20, 0x10, 0x40, 0x08, 0x43, 0x08, 0x08, 0x40, 0x80, 0x04, 0x80, 0x04, 0x80, 0x04, 0x80, 0x04,
    0x80, 0x04, 0x88, 0x00, 0x80, 0x38, 0x08, 0x00, 0x43, 0x08, 0x40, 0x00, 0x20, 0x00, 0x14, 0x60,
    0x00, 0x00, 0x08, 0x40, 0x00, 0x00, 0x00, 0x00, 0x04, 0x80, 0x00, 0x00, 0x00, 0x00, 0x00, 0x00,
    0x00, 0x00, 0x00, 0x00, 0x48, 0x20, 0x48, 0x20, 0x48, 0x18, 0x48, 0x00, 0x48, 0x00, 0x48, 0x00,
    0x48, 0x00, 0x40, 0x00, 0x40, 0x00, 0x40, 0x00, 0x48, 0x00, 0x48, 0x00, 0x48, 0x00, 0x48, 0x00,
    0x48, 0x00, 0x48, 0x10, 0x48, 0x20, 0x48, 0x20, 0x00, 0x00, 0x00, 0x00, 0x00, 0x00, 0x00, 0x00,
    0x08, 0x40, 0x00, 0x00, 0x00, 0x00, 0x04, 0x80, 0x00, 0x00, 0x00, 0x00, 0x1C, 0xE0, 0x20, 0x10,
    0x40, 0x08, 0x43, 0x08, 0x08, 0x40, 0x80, 0x04, 0x80, 0x04, 0x80, 0x04, 0x80, 0x04, 0x80, 0x04,
    0x88, 0x00, 0x80, 0x38, 0x08, 0x00, 0x43, 0x08, 0x40, 0x00, 0x20, 0x00, 0x14, 0x60, 0x00, 0x00,
    0x00, 0x00, 0x00, 0x00, 0x48, 0x20, 0x48, 0x20, 0x48, 0x18, 0x48, 0x00, 0x48, 0x00, 0x48, 0x00,
    0x48, 0x00, 0x40, 0x00, 0x40, 0x00, 0x40, 0x00, 0x48, 0x00, 0x48, 0x00, 0x48, 0x00, 0x48, 0x00,
    0x48, 0x00, 0x48, 0x10, 0x48, 0x20, 0x48, 0x20, 0x00, 0x00, 0x00, 0x00, 0x00, 0x00, 0x00, 0x08,
    0x00, 0x80, 0x00, 0x80, 0x00, 0x00, 0x00, 0x14, 0x00, 0x00, 0x00, 0x64, 0x1C, 0xE0, 0x20, 0x10,
    0x40, 0x08, 0x43, 0x08, 0x08, 0x40, 0x80, 0x04, 0x80, 0x04, 0x80, 0x04, 0x80, 0x04, 0x80, 0x04,
    0x88, 0x00, 0x80, 0x38, 0x08, 0x04, 0x43, 0x00, 0x40, 0x08, 0x20, 0x00, 0x14, 0x40, 0x00, 0x50,
    0x00, 0x10, 0x00, 0x20, 0x01, 0x20, 0x00, 0x10, 0x00, 0x04, 0x00, 0x24, 0x00, 0x00, 0x30, 0x30,
    0x00, 0x00, 0x13, 0x20, 0x10, 0x20, 0x00, 0x00, 0x00, 0x00, 0x00, 0x00, 0x00, 0x00, 0x00, 0x00,
    0x00, 0x00, 0x00, 0x00, 0x48, 0x20, 0x48, 0x20, 0x48, 0x18, 0x48, 0x00, 0x48, 0x00, 0x48, 0x00,
    0x48, 0x00, 0x40, 0x00, 0x40, 0x00, 0x40, 0x00, 0x48, 0x00, 0x48, 0x00, 0x48, 0x00, 0x48, 0x00,
    0x48, 0x00, 0x48, 0x10, 0x48, 0x20, 0x48, 0x20, 0x00, 0x00, 0x00, 0x00, 0x00, 0x00, 0x00, 0x00,
    0x30, 0x30, 0x00, 0x00, 0x13, 0x20, 0x10, 0x20, 0x00, 0x00, 0x00, 0x00, 0x00, 0x00, 0x00, 0x00,
    0x1C, 0xE0, 0x20, 0x10, 0x40, 0x08, 0x43, 0x08, 0x08, 0x40, 0x80, 0x04, 0x80, 0x04, 0x80, 0x04,
    0x80, 0x04, 0x80, 0x04, 0x88, 0x00, 0x80, 0x38, 0x08, 0x00, 0x43, 0x08, 0x40, 0x00, 0x20, 0x00,
    0x14, 0x60, 0x07, 0x80, 0x08, 0x40, 0x10, 0x20, 0x03, 0x00, 0x04, 0x80, 0x10, 0x20, 0x00, 0x00,
    0x00, 0x00, 0x09, 0xC0, 0x20, 0x00, 0x40, 0x00, 0x40, 0x80, 0x08, 0x00, 0x80, 0x40, 0x88, 0x00,
    0x88, 0x00, 0x88, 0x00, 0x88, 0x00, 0x88, 0x00, 0x88, 0x00, 0x88, 0x00, 0x88, 0x00, 0x88, 0x00,
    0x88, 0x00, 0x88, 0x00, 0x88, 0x00, 0x80, 0x40, 0x08, 0x00, 0x44, 0x00, 0x00, 0x00, 0x20, 0x40,
    0x02, 0x40, 0x07, 0x80, 0x08, 0x40, 0x10, 0x20, 0x03, 0x00, 0x04, 0x80, 0x10, 0x20, 0x00, 0x00,
    0x00, 0x00, 0x02, 0x02, 0x20, 0x02, 0x00, 0x42, 0x40, 0x80, 0x08, 0x00, 0x80, 0x40, 0x88, 0x00,
    0x88, 0x00, 0x88, 0x00, 0x88, 0x00, 0x88, 0x00, 0x80, 0x40, 0x08, 0x00, 0x41, 0x80, 0x00, 0x40,
    0x20, 0x00, 0x02, 0x00, 0x00, 0x00, 0x00, 0x40, 0x00, 0x08, 0x43, 0x80, 0x40, 0x00, 0x00, 0x10,
    0x18, 0x80, 0x04, 0x80, 0x24, 0x90, 0x00, 0x00, 0x10, 0x20, 0x0B, 0x40, 0x00, 0x00, 0x00, 0x00,
    0x09, 0xC0, 0x20, 0x40, 0x40, 0x00, 0x40, 0x80, 0x08, 0x00, 0x80, 0x40, 0x88, 0x00, 0x88, 0x00,
    0x88, 0x00, 0x88, 0x00, 0x88, 0x00, 0x88, 0x00, 0x88, 0x00, 0x88, 0x00, 0x88, 0x00, 0x88, 0x00,
    0x88, 0x00, 0x88, 0x00, 0x80, 0x40, 0x08, 0x00, 0x44, 0x00, 0x00, 0x00, 0x20, 0x40, 0x02, 0x40,
    0x04, 0x80, 0x24, 0x90, 0x00, 0x00, 0x10, 0x20, 0x0B, 0x40, 0x00, 0x00, 0x00, 0x00, 0x02, 0x02,
    0x20, 0x02, 0x00, 0x42, 0x44, 0x00, 0x08, 0x00, 0x80, 0x40, 0x88, 0x00, 0x88, 0x00, 0x88, 0x00,
    0x88, 0x00, 0x88, 0x00, 0x80, 0x40, 0x08, 0x00, 0x41, 0x80, 0x00, 0x40, 0x20, 0x00, 0x02, 0x00,
    0x00, 0x00, 0x00, 0x40, 0x00, 0x08, 0x43, 0x80, 0x40, 0x00, 0x00, 0x10, 0x18, 0x80, 0x00, 0x00,
    0x04, 0x80, 0x00, 0x00, 0x00, 0x00, 0x08, 0x40, 0x00, 0x00, 0x00, 0x00, 0x00, 0x00, 0x09, 0xC0,
    0x20, 0x40, 0x40, 0x00, 0x40, 0x80, 0x08, 0x00, 0x80, 0x40, 0x88, 0x00, 0x88, 0x00, 0x88, 0x00,
    0x88, 0x00, 0x88, 0x00, 0x88, 0x00, 0x88, 0x00, 0x88, 0x00, 0x88, 0x00, 0x88, 0x00, 0x88, 0x00,
    0x88, 0x00, 0x80, 0x40, 0x08, 0x00, 0x44, 0x00, 0x00, 0x00, 0x20, 0x40, 0x02, 0x40, 0x00, 0x00,
    0x08, 0x40, 0x00, 0x00, 0x00, 0x00, 0x04, 0x80, 0x00, 0x00, 0x00, 0x00, 0x02, 0x02, 0x20, 0x02,
    0x00, 0x42, 0x44, 0x00, 0x08, 0x00, 0x80, 0x40, 0x88, 0x00, 0x88, 0x00, 0x88, 0x00, 0x88, 0x00,
    0x88, 0x00, 0x80, 0x40, 0x08, 0x00, 0x41, 0x80, 0x00, 0x40, 0x20, 0x00, 0x02, 0x00, 0x00, 0x00,
    0x00, 0x40, 0x00, 0x08, 0x43, 0x80, 0x40, 0x00, 0x00, 0x10, 0x18, 0x80, 0x09, 0xC0, 0x20, 0x40,
    0x40, 0x00, 0x40, 0x80, 0x08, 0x00, 0x80, 0x40, 0x88, 0x00, 0x88, 0x00, 0x88, 0x00, 0x88, 0x00,
    0x88, 0x00, 0x88, 0x00, 0x88, 0x00, 0x88, 0x00, 0x88, 0x00, 0x88, 0x00, 0x88, 0x00, 0x88, 0x00,
    0x80, 0x40, 0x08, 0x00, 0x44, 0x00, 0x00, 0x00, 0x20, 0x40, 0x02, 0x40, 0x00, 0x00, 0x00, 0x00,
    0x00, 0x00, 0x04, 0x80, 0x00, 0x80, 0x02, 0x00, 0x00, 0x00, 0x05, 0x00, 0x00, 0x00, 0x00, 0x00,
    0x02, 0x80, 0x00, 0x00, 0x01, 0x00, 0x04, 0x00, 0x04, 0x80, 0x00, 0x00, 0x00, 0x00, 0x00, 0x00,
    0x02, 0x02, 0x20, 0x02, 0x00, 0x42, 0x44, 0x00, 0x08, 0x00, 0x80, 0x40, 0x88, 0x00, 0x88, 0x00,
    0x88, 0x00, 0x88, 0x00, 0x88, 0x00, 0x80, 0x40, 0x08, 0x00, 0x41, 0x80, 0x00, 0x40, 0x20, 0x00,
    0x02, 0x00, 0x00, 0x00, 0x00, 0x40, 0x00, 0x08, 0x43, 0x80, 0x40, 0x00, 0x00, 0x10, 0x18, 0x80,
    0x00, 0x00, 0x00, 0x00, 0x08, 0x10, 0x09, 0x90, 0x02, 0x40, 0x04, 0x20, 0x00, 0x00, 0x00, 0x00,
    0x82, 0x41, 0x82, 0x41, 0x82, 0x41, 0x00, 0x00, 0x00, 0x00, 0x00, 0x00, 0x00, 0x00, 0x00, 0x00,
    0x00, 0x00, 0x00, 0x00, 0x00, 0x00, 0x00, 0x00, 0x00, 0x00, 0x00, 0x00, 0x00, 0x00, 0x00, 0x00,
    0x00, 0x00, 0x00, 0x00, 0x00, 0x00, 0x00, 0x00, 0x00, 0x00, 0x82, 0x41, 0x82, 0x41, 0x82, 0x41,
    0x00, 0x00, 0x00, 0x21, 0x00, 0x00, 0x08, 0x00, 0x00, 0x94, 0x80, 0x00, 0x90, 0x40, 0x00, 0x60,
    0x00, 0x00, 0x00, 0x00, 0x00, 0x00, 0x00, 0x00, 0x40, 0x00, 0x00, 0x40, 0x00, 0x00, 0x40, 0x00,
    0x00, 0x00, 0x00, 0x00, 0x00, 0x00, 0x00, 0x00, 0x00, 0x00, 0x00, 0x00, 0x00, 0x00, 0x50, 0x00,
    0x00, 0x00, 0x00, 0x02, 0x02, 0x00, 0x01, 0xE0, 0x00, 0x00, 0x02, 0x00, 0x02, 0x10, 0x00, 0x00,
    0x00, 0x00, 0x00, 0x00, 0x00, 0x00, 0x00, 0x00, 0x00, 0x00, 0x00, 0x00, 0x00, 0x00, 0x00, 0x00,
    0x00, 0x00, 0x00, 0x00, 0x00, 0x00, 0x00, 0x41, 0x20, 0x80, 0x41, 0x20, 0x80, 0x41, 0x20, 0x80,
    0x82, 0x41, 0x82, 0x41, 0x82, 0x41, 0x00, 0x00, 0x00, 0x00, 0x84, 0x21, 0x00, 0x00, 0x00, 0x00,
    0x00, 0x00, 0x00, 0x00, 0x00, 0x00, 0x00, 0x00, 0x00, 0x00, 0x00, 0x00, 0x00, 0x00, 0x00, 0x00,
    0x00, 0x00, 0x00, 0x00, 0x00, 0x00, 0x00, 0x00, 0x00, 0x00, 0x82, 0x41, 0x82, 0x41, 0x82, 0x41,
    0x80, 0x00, 0x80, 0x00, 0x80, 0x00, 0x00, 0x00, 0xC7, 0x00, 0x00, 0x00, 0x00, 0x00, 0x00, 0xA0,
    0x00, 0x00, 0x04, 0x04, 0x03, 0xC0, 0x00, 0x04, 0x04, 0x20, 0x00, 0x00, 0x00, 0x00, 0x00, 0x00,
    0x00, 0x00, 0x00, 0x00, 0x00, 0x00, 0x00, 0x00, 0x00, 0x00, 0x82, 0x41, 0x82, 0x41, 0x82, 0x41,
    0x0C, 0x00, 0x11, 0x38, 0x20, 0x88, 0x04, 0x08, 0x0A, 0x00, 0x01, 0x00, 0x00, 0x00, 0x00, 0x00,
    0x00, 0x00, 0x00, 0x00, 0x00, 0x00, 0x04, 0x80, 0x04, 0x80, 0x04, 0x80, 0x04, 0x80, 0x04, 0x80,
    0x04, 0x80, 0x04, 0x80, 0x04, 0x80, 0x04, 0x80, 0x04, 0x80, 0x04, 0x80, 0x04, 0x80, 0x04, 0x80,
    0x04, 0x80, 0x04, 0x80, 0x04, 0x80, 0x04, 0x80, 0x04, 0x80, 0x00, 0x00, 0x00, 0x00, 0x00, 0x00,
    0x0C, 0x00, 0x11, 0x38, 0x20, 0x88, 0x04, 0x08, 0x0A, 0x00, 0x01, 0x00, 0x00, 0x00, 0x00, 0x00,
    0x40, 0x00, 0x40, 0x00, 0x40, 0x00, 0x00, 0x00, 0x00, 0x00, 0x00, 0x00, 0x00, 0x00, 0x00, 0x00,
    0x00, 0x00, 0x00, 0x00, 0x00, 0x00, 0x00, 0x00, 0x00, 0x00, 0x00, 0x00, 0x00, 0x00, 0x00, 0x00,
    0x00, 0x00, 0x40, 0x20, 0x40, 0x20, 0x00, 0x00, 0x00, 0x00, 0x00, 0x00, 0x00, 0x00, 0x00, 0x00,
    0x00, 0x00, 0x00, 0x00, 0x09, 0x00, 0x09, 0x00, 0x09, 0x00, 0x09, 0x00, 0x09, 0x00, 0x09, 0x00,
    0x09, 0x00, 0x09, 0x00, 0x09, 0x00, 0x09, 0x00, 0x09, 0x00, 0x09, 0x00, 0x09, 0x00, 0x09, 0x00,
    0x09, 0x00, 0x09, 0x00, 0x09, 0x00, 0x09, 0x00, 0x00, 0x00, 0x00, 0x00, 0x00, 0x00, 0x40, 0x20,
    0x40, 0x20, 0x00, 0x00, 0x00, 0x00, 0x00, 0x00, 0x00, 0x00, 0x80, 0x00, 0x80, 0x00, 0x80, 0x00,
    0x00, 0x00, 0x00, 0x00, 0x00, 0x00, 0x00, 0x00, 0x00, 0x00, 0x00, 0x00, 0x00, 0x00, 0x00, 0x00,
    0x00, 0x00, 0x00, 0x00, 0x00, 0x00, 0x00, 0x00, 0x00, 0x00, 0x00, 0x00, 0x09, 0x00, 0x49, 0x20,
    0x00, 0x00, 0x20, 0x40, 0x16, 0x80, 0x00, 0x00, 0x00, 0x00, 0x00, 0x00, 0x00, 0x00, 0x00, 0x00,
    0x09, 0x00, 0x09, 0x00, 0x09, 0x00, 0x09, 0x00, 0x09, 0x00, 0x09, 0x00, 0x09, 0x00, 0x09, 0x00,
    0x09, 0x00, 0x09, 0x00, 0x09, 0x00, 0x09, 0x00, 0x09, 0x00, 0x09, 0x00, 0x09, 0x00, 0x09, 0x00,
    0x09, 0x00, 0x09, 0x00, 0x00, 0x00, 0x00, 0x00, 0x00, 0x00, 0x48, 0x20, 0x48, 0x00, 0x20, 0x20,
    0x20, 0x00, 0x06, 0x80, 0x00, 0x00, 0x00, 0x00, 0x80, 0x00, 0x80, 0x00, 0x80, 0x00, 0x00, 0x00,
    0x00, 0x00, 0x00, 0x00, 0x00, 0x00, 0x00, 0x00, 0x00, 0x00, 0x00, 0x00, 0x00, 0x00, 0x00, 0x00,
    0x00, 0x00, 0x00, 0x00, 0x00, 0x00, 0x00, 0x00, 0x00, 0x00, 0x00, 0x00, 0x00, 0x00, 0x00, 0x00,
    0x09, 0x00, 0x09, 0x00, 0x09, 0x00, 0x09, 0x00, 0x09, 0x00, 0x09, 0x00, 0x09, 0x00, 0x09, 0x00,
    0x09, 0x00, 0x09, 0x00, 0x09, 0x00, 0x09, 0x00, 0x09, 0x00, 0x09, 0x00, 0x09, 0x00, 0x09, 0x00,
    0x09, 0x00, 0x09, 0x00, 0x00, 0x00, 0x00, 0x00, 0x00, 0x10, 0x00, 0xA0, 0x01, 0x20, 0x02, 0x40,
    0x02, 0x00, 0x02, 0x20, 0x01, 0x00, 0x00, 0x40, 0x01, 0x00, 0x10, 0x00, 0x00, 0x80, 0x10, 0x00,
    0x01, 0x00, 0x00, 0x00, 0x00, 0x00, 0x80, 0x00, 0x80, 0x00, 0x80, 0x00, 0x00, 0x00, 0x00, 0x00,
    0x00, 0x00, 0x00, 0x00, 0x00, 0x00, 0x00, 0x00, 0x00, 0x00, 0x00, 0x00, 0x00, 0x00, 0x00, 0x00,
    0x00, 0x00, 0x00, 0x00, 0x00, 0x00, 0x00, 0x10, 0x00, 0xA0, 0x01, 0x20, 0x02, 0x40, 0x02, 0x00,
    0x02, 0x20, 0x01, 0x00, 0x00, 0x40, 0x00, 0x00, 0x10, 0x80, 0x00, 0x00, 0x00, 0x00, 0x09, 0x00,
    0x00, 0x00, 0x00, 0x00, 0x00, 0x00, 0x00, 0x00, 0x00, 0x00, 0x09, 0x00, 0x09, 0x00, 0x09, 0x00,
    0x09, 0x00, 0x09, 0x00, 0x09, 0x00, 0x09, 0x00, 0x09, 0x00, 0x09, 0x00, 0x09, 0x00, 0x09, 0x00,
    0x09, 0x00, 0x09, 0x00, 0x09, 0x00, 0x09, 0x00, 0x09, 0x00, 0x09, 0x00, 0x09, 0x00, 0x00, 0x00,
    0x00, 0x00, 0x00, 0x00, 0x80, 0x00, 0x80, 0x00, 0x80, 0x00, 0x00, 0x00, 0x00, 0x00, 0x00, 0x00,
    0x00, 0x00, 0x00, 0x00, 0x00, 0x00, 0x00, 0x00, 0x00, 0x00, 0x00, 0x00, 0x00, 0x00, 0x00, 0x00,
    0x00, 0x00, 0x00, 0x00, 0x00, 0x00, 0x00, 0x00, 0x00, 0x00, 0x00, 0x00, 0x04, 0x00, 0x04, 0x00,
    0x04, 0x00, 0x04, 0x00, 0x04, 0x00, 0x04, 0x00, 0x04, 0x00, 0x04, 0x00, 0x04, 0x00, 0x04, 0x00,
    0x04, 0x00, 0x04, 0x00, 0x04, 0x00, 0x04, 0x00, 0x04, 0xE2, 0x04, 0x22, 0x04, 0x22, 0x04, 0xA0,
    0x00, 0x14, 0x00, 0x84, 0x00, 0x40, 0x34, 0x1A, 0x20, 0x10, 0x00, 0x01, 0x00, 0x10, 0x24, 0x13,
    0x08, 0x04, 0x00, 0x00, 0x80, 0x01, 0x80, 0x01, 0x80, 0x01, 0x20, 0x01, 0x20, 0x01, 0x20, 0x01,
    0x20, 0x01, 0x20, 0x01, 0x20, 0x01, 0x20, 0x01, 0x20, 0x01, 0x20, 0x01, 0x20, 0x01, 0x20, 0x01,
    0x00, 0x01, 0x00, 0x01, 0x00, 0x01, 0x00, 0x01, 0x01, 0xC1, 0x02, 0x10, 0x02, 0x22, 0x01, 0x00,
    0x01, 0x04, 0x00, 0xC8, 0x01, 0x00, 0x00, 0x08, 0x04, 0x08, 0x04, 0x80, 0x09, 0x14, 0x04, 0x00,
    0x00, 0x00, 0x00, 0x00, 0x00, 0x00, 0x00, 0x00, 0x00, 0x00, 0x00, 0x00, 0x00, 0x00, 0x00, 0x00,
    0x00, 0x00, 0x00, 0x00, 0x00, 0x00, 0x00, 0x00, 0x00, 0x00, 0x00, 0x00, 0x00, 0x00, 0x00, 0x00,
    0x00, 0x00, 0x00, 0x00, 0x00, 0x00, 0xF0, 0x00, 0x00, 0x80, 0x88, 0x10, 0x07, 0x00, 0x00, 0x00,
    0x20, 0x20, 0x08, 0x40, 0x00, 0x00, 0x00, 0x00, 0x02, 0x04, 0x04, 0xA4, 0x05, 0x12, 0x00, 0x04,
    0x00, 0x00, 0x00, 0x00, 0x00, 0x10, 0x00, 0x10, 0x00, 0x10, 0x00, 0x90, 0x00, 0x90, 0x00, 0x90,
    0x00, 0x90, 0x00, 0x90, 0x00, 0x90, 0x00, 0x90, 0x00, 0x90, 0x00, 0x90, 0x00, 0x90, 0x00, 0x90,
    0x00, 0x90, 0x00, 0x90, 0x00, 0x90, 0x00, 0x90, 0x90, 0x10, 0x91, 0x00, 0x07, 0x10, 0x80, 0x20,
    0x40, 0x40, 0x21, 0x00, 0x82, 0x02, 0x82, 0x42, 0x82, 0x02, 0x04, 0x90, 0x00, 0x10, 0x01, 0x20,
    0x02, 0x20, 0x02, 0x40, 0x00, 0x40, 0x00, 0x80, 0x00, 0x00, 0x00, 0x80, 0x00, 0x00, 0x00, 0x00,
    0x00, 0x00, 0x00, 0x00, 0x02, 0x20, 0x01, 0x20, 0x01, 0x10, 0x00, 0x10, 0x04, 0x08, 0x82, 0x02,
    0x82, 0x42, 0x82, 0x42, 0x00, 0x00, 0x00, 0x00, 0x00, 0x00, 0x04, 0x80, 0x00, 0x80, 0x02, 0x00,
    0x00, 0x00, 0x05, 0x00, 0x00, 0x00, 0x80, 0x00, 0x80, 0x00, 0x80, 0x00, 0x00, 0x00, 0x00, 0x00,
    0x00, 0x00, 0x00, 0x00, 0x00, 0x02, 0x00, 0x82, 0x00, 0x82, 0x00, 0x00, 0x02, 0x20, 0x02, 0x00,
    0x00, 0x40, 0x00, 0x00, 0x00, 0x80, 0x00, 0x00, 0x02, 0x00, 0x04, 0x20, 0x00, 0x10, 0x04, 0x10,
    0x82, 0x82, 0x82, 0x42, 0x82, 0x42, 0x00, 0x00, 0x00, 0x00, 0x00, 0x00, 0x04, 0x80, 0x00, 0x80,
    0x02, 0x00, 0x00, 0x00, 0x05, 0x00, 0x00, 0x00, 0x80, 0x02, 0x80, 0x82, 0x80, 0x82, 0x00, 0x00,
    0x02, 0x20, 0x02, 0x00, 0x00, 0x40, 0x00, 0x00, 0x00, 0x80, 0x00, 0x00, 0x02, 0x00, 0x04, 0x20,
    0x00, 0x10, 0x04, 0x10, 0x82, 0x82, 0x82, 0x42, 0x82, 0x42, 0x00, 0x00, 0x06, 0x00, 0x09, 0x00,
    0x11, 0x00, 0x02, 0x00, 0x44, 0x00, 0x08, 0x00, 0x00, 0x00, 0x00, 0x00, 0x00, 0x00, 0x00, 0x00,
    0x00, 0x00, 0x04, 0x00, 0x00, 0x00, 0x00, 0x00, 0x00, 0x00, 0x00, 0x00, 0x00, 0x00, 0x00, 0x00,
    0x00, 0x00, 0x00, 0x00, 0x00, 0x00, 0x00, 0x00, 0x00, 0x00, 0x00, 0x00, 0x00, 0x00, 0x00, 0x00,
    0x00, 0x18, 0x00, 0x24, 0x04, 0x24, 0x00, 0x04, 0x00, 0x04, 0x00, 0x04, 0x00, 0x00, 0x01, 0x00,
    0x00, 0x40, 0x04, 0x00, 0x08, 0x00, 0x00, 0x00, 0x08, 0x00, 0x00, 0x00, 0x00, 0x00, 0x80, 0x00,
    0x80, 0x00, 0x80, 0x00, 0x00, 0x00, 0x00, 0x00, 0x00, 0x00, 0x00, 0x00, 0x00, 0x00, 0x00, 0x00,
    0x00, 0x00, 0x00, 0x00, 0x00, 0x00, 0x00, 0x00, 0x00, 0x00, 0x00, 0x00, 0x00, 0x00, 0x00, 0x00,
    0x00, 0x00, 0x00, 0x00, 0x00, 0x00, 0x00, 0x00, 0x00, 0x00, 0x00, 0x00, 0x00, 0x00, 0x00, 0x00,
    0x00, 0x00, 0x00, 0x00, 0x04, 0x00, 0x00, 0x00, 0x00, 0x00, 0x00, 0x00, 0x00, 0x00, 0x00, 0x00,
    0x00, 0x00, 0x00, 0x00, 0x00, 0x00, 0x00, 0x00, 0x00, 0x00, 0x00, 0x00, 0x00, 0x00, 0x00, 0x00,
    0x00, 0x00, 0x00, 0x18, 0x00, 0x24, 0x04, 0x24, 0x00, 0x04, 0x00, 0x04, 0x00, 0x04, 0x00, 0x00,
    0x00, 0x00, 0x00, 0x00, 0x04, 0x80, 0x00, 0x80, 0x02, 0x00, 0x00, 0x00, 0x05, 0x00, 0x00, 0x00,
    0x80, 0x00, 0x80, 0x00, 0x80, 0x00, 0x00, 0x00, 0x00, 0x00, 0x00, 0x00, 0x00, 0x00, 0x00, 0x00,
    0x00, 0x00, 0x00, 0x00, 0x00, 0x00, 0x00, 0x00, 0x00, 0x00, 0x00, 0x00, 0x00, 0x00, 0x00, 0x00,
    0x00, 0x00, 0x00, 0x00, 0x00, 0x00, 0x00, 0x00, 0x00, 0x00, 0x00, 0x00, 0x00, 0x00, 0x00, 0x00,
    0x00, 0x00, 0x04, 0x00, 0x01, 0x00, 0x00, 0x00, 0x08, 0x00, 0x01, 0x00, 0x09, 0x00, 0x04, 0x00,
    0x00, 0x00, 0x00, 0x28, 0x00, 0x44, 0x00, 0x44, 0x00, 0x20, 0x04, 0x28, 0x00, 0x20, 0x00, 0x10,
    0x00, 0x00, 0x00, 0x00, 0x00, 0x00, 0x00, 0x00, 0x00, 0x00, 0x00, 0x00, 0x00, 0x00, 0x00, 0x00,
    0x00, 0x00, 0x00, 0x00, 0x00, 0x00, 0x00, 0x00, 0x00, 0x18, 0x00, 0x24, 0x04, 0x24, 0x00, 0x04,
    0x00, 0x04, 0x00, 0x04, 0x00, 0x60, 0x80, 0x00, 0x80, 0x40, 0x80, 0x08, 0x00, 0x20, 0x00, 0x50,
    0x00, 0x20, 0x00, 0x00, 0x00, 0x00, 0x00, 0x00, 0x00, 0x00, 0x00, 0x00, 0x00, 0x00, 0x00, 0x00,
    0x00, 0x00, 0x00, 0x00, 0x00, 0x00, 0x00, 0x00, 0x00, 0x00, 0x00, 0x00, 0x00, 0x00, 0x00, 0x00,
    0x00, 0x00, 0x00, 0x00, 0x00, 0x00, 0x00, 0x00, 0x00, 0x00, 0x00, 0x00, 0x04, 0x00, 0x00, 0x00,
    0x00, 0x00, 0x00, 0x00, 0x00, 0x00, 0x01, 0x80, 0x01, 0x08, 0x00, 0x00, 0x00, 0x00, 0x01, 0x00,
    0x00, 0x50, 0x00, 0x00, 0x00, 0x00, 0x00, 0x00, 0x00, 0x00, 0x00, 0x20, 0x00, 0x24, 0x04, 0x24,
    0x00, 0x04, 0x00, 0x04, 0x00, 0x04, 0x01, 0x00, 0x01, 0x00, 0x01, 0x00, 0x09, 0x00, 0x09, 0x00,
    0x09, 0x00, 0x09, 0x00, 0x09, 0x00, 0x09, 0x08, 0x09, 0x04, 0x09, 0x80, 0x09, 0x84, 0x09, 0x80,
    0x09, 0x58, 0x09, 0x00, 0x09, 0x00, 0x09, 0x00, 0x09, 0x00, 0x09, 0x00, 0x09, 0x00, 0x09, 0x00,
    0x00, 0x10, 0x00, 0x10, 0x00, 0x10, 0x00, 0x00, 0x00, 0x00, 0x00, 0x00, 0x02, 0x00, 0x00, 0x00,
    0x00, 0x00, 0x00, 0x00, 0x00, 0x00, 0x00, 0x40, 0x00, 0x40, 0x00, 0x20, 0x00, 0xC0, 0x61, 0x00,
    0x00, 0x00, 0x40, 0x00, 0x40, 0x00, 0x00, 0x00, 0x00, 0x00, 0x00, 0x0C, 0x00, 0x12, 0x02, 0x12,
    0x00, 0x02, 0x00, 0x02, 0x00, 0x02, 0x80, 0x00, 0x80, 0x00, 0x80, 0x00, 0x00, 0x00, 0x00, 0x00,
    0x00, 0x00, 0x00, 0x00, 0x00, 0x00, 0x00, 0x20, 0x00, 0x20, 0x00, 0x20, 0x00, 0xC0, 0x00, 0x00,
    0x00, 0x00, 0x30, 0x00, 0x00, 0x00, 0x00, 0x00, 0x00, 0x00, 0x00, 0x00, 0x00, 0x00, 0x00, 0x00,
    0x00, 0x00, 0x00, 0x00, 0x00, 0x00, 0x00, 0x00, 0x00, 0x60, 0x00, 0x80, 0x00, 0x10, 0x02, 0x20,
    0x00, 0x40, 0x02, 0x80, 0x00, 0x00, 0x00, 0x00, 0x84, 0x41, 0x80, 0x41, 0x80, 0x41, 0x02, 0x00,
    0x00, 0x00, 0x01, 0x00, 0x01, 0x00, 0x00, 0x00, 0x04, 0x80, 0x00, 0x00, 0x02, 0x00, 0x00, 0x40,
    0x02, 0x00, 0x00, 0x40, 0x00, 0x00, 0x01, 0x20, 0x00, 0x00, 0x00, 0x80, 0x00, 0x80, 0x00, 0x00,
    0x00, 0x40, 0x82, 0x00, 0x82, 0x00, 0x82, 0x20, 0x00, 0x20, 0x00, 0x10, 0x01, 0x00, 0x02, 0x00,
    0x00, 0x00, 0x00, 0x00, 0x01, 0x00, 0x00, 0x00, 0x80, 0xA0, 0x80, 0x00, 0x84, 0x04, 0x00, 0x00,
    0x00, 0x04, 0x04, 0x20, 0x00, 0x00, 0x00, 0x00, 0x00, 0x00, 0x00, 0x00, 0x00, 0x00, 0x00, 0x00,
    0x00, 0x00, 0x00, 0x00, 0x82, 0x41, 0x82, 0x41, 0x82, 0x41, 0x84, 0x41, 0x80, 0x41, 0x80, 0x41,
    0x02, 0x00, 0x00, 0x00, 0x01, 0x00, 0x01, 0x00, 0x00, 0x00, 0x04, 0x80, 0x00, 0x00, 0x02, 0x00,
    0x00, 0x40, 0x02, 0x00, 0x00, 0x40, 0x00, 0x00, 0x01, 0x20, 0x00, 0x00, 0x00, 0x80, 0x00, 0x80,
    0x00, 0x00, 0x00, 0x40, 0x82, 0x00, 0x82, 0x00, 0x82, 0x20, 0x00, 0x00, 0x00, 0x00, 0x00, 0x00,
    0x02, 0x40, 0x00, 0x40, 0x01, 0x00, 0x00, 0x00, 0x02, 0x80, 0x00, 0x00, 0x80, 0xA0, 0x80, 0x00,
    0x84, 0x04, 0x00, 0x00, 0x00, 0x04, 0x04, 0x20, 0x00, 0x00, 0x00, 0x00, 0x00, 0x00, 0x00, 0x00,
    0x00, 0x00, 0x00, 0x00, 0x00, 0x00, 0x00, 0x00, 0x82, 0x41, 0x82, 0x41, 0x82, 0x41, 0x00, 0x00,
    0x00, 0x00, 0x00, 0x00, 0x02, 0x40, 0x00, 0x40, 0x01, 0x00, 0x00, 0x00, 0x02, 0x80, 0x00, 0x00,
    0x00, 0x00, 0x18, 0x18, 0x00, 0x00, 0x09, 0x90, 0x08, 0x10, 0x00, 0x00, 0x00, 0x00, 0x00, 0x00,
    0x00, 0x00, 0x84, 0x41, 0x80, 0x41, 0x80, 0x41, 0x02, 0x00, 0x00, 0x00, 0x01, 0x00, 0x01, 0x00,
    0x00, 0x00, 0x04, 0x80, 0x00, 0x00, 0x02, 0x00, 0x00, 0x40, 0x02, 0x00, 0x00, 0x40, 0x00, 0x00,
    0x01, 0x20, 0x00, 0x00, 0x00, 0x80, 0x00, 0x80, 0x00, 0x00, 0x00, 0x40, 0x82, 0x00, 0x82, 0x00,
    0x82, 0x20, 0x00, 0x00, 0x18, 0x18, 0x00, 0x00, 0x09, 0x90, 0x08, 0x10, 0x00, 0x00, 0x00, 0x00,
    0x00, 0x00, 0x00, 0x00, 0x80, 0xA0, 0x80, 0x00, 0x84, 0x04, 0x00, 0x00, 0x00, 0x04, 0x04, 0x20,
    0x00, 0x00, 0x00, 0x00, 0x00, 0x00, 0x00, 0x00, 0x00, 0x00, 0x00, 0x00, 0x00, 0x00, 0x00, 0x00,
    0x82, 0x41, 0x82, 0x41, 0x82, 0x41, 0x50, 0x00, 0x00, 0x88, 0x00, 0x00, 0x88, 0x00, 0x00, 0x00,
    0x00, 0x00, 0x10, 0x00, 0x00, 0x10, 0x00, 0x00, 0x40, 0x00, 0x00, 0x00, 0x00, 0x00, 0x10, 0x14,
    0x00, 0x10, 0x00, 0x00, 0x10, 0x80, 0x80, 0x00, 0x00, 0x00, 0x00, 0x00, 0x80, 0x00, 0x84, 0x00,
    0x00, 0x00, 0x00, 0x00, 0x00, 0x00, 0x00, 0x00, 0x00, 0x00, 0x00, 0x00, 0x00, 0x00, 0x00, 0x00,
    0x00, 0x00, 0x00, 0x00, 0x00, 0x00, 0x00, 0x00, 0x10, 0x48, 0x20, 0x10, 0x48, 0x20, 0x10, 0x48,
    0x20, 0x80, 0xA0, 0x80, 0x00, 0x84, 0x04, 0x00, 0x00, 0x00, 0x04, 0x04, 0x20, 0x00, 0x00, 0x00,
    0x00, 0x00, 0x00, 0x00, 0x00, 0x00, 0x00, 0x00, 0x00, 0x00, 0x00, 0x00, 0x00, 0x00, 0x00, 0x00,
    0x00, 0x00, 0x00, 0x00, 0x00, 0x00, 0x00, 0x00, 0x24, 0x00, 0x40, 0x82, 0x04, 0x82, 0x00, 0x82,
    0x20, 0x80, 0xA0, 0x80, 0x00, 0x84, 0x04, 0x00, 0x00, 0x00, 0x04, 0x04, 0x20, 0x00, 0x00, 0x00,
    0x00, 0x00, 0x00, 0x00, 0x00, 0x00, 0x00, 0x00, 0x00, 0x00, 0x00, 0x00, 0x00, 0x82, 0x00, 0x82,
    0x00, 0x82, 0x00, 0x00, 0x00, 0x00, 0x20, 0x00, 0x04, 0x00, 0xC0, 0x02, 0x08, 0x02, 0x18, 0x02,
    0x40, 0x20, 0x10, 0x20, 0x10, 0x00, 0x00, 0x00, 0x00, 0x00, 0x00, 0x00, 0x00, 0x14, 0xA0, 0x20,
    0x10, 0x40, 0x08, 0x47, 0x88, 0x08, 0x40, 0x80, 0x04, 0x88, 0x44, 0x88, 0x44, 0x88, 0x44, 0x88,
    0x44, 0x88, 0x44, 0x88, 0x44, 0x88, 0x44, 0x88, 0x44, 0x88, 0x44, 0x88, 0x44, 0x88, 0x44, 0x88,
    0x44, 0x80, 0x04, 0x08, 0x40, 0x43, 0x08, 0x40, 0x08, 0x20, 0x10, 0x14, 0xA0, 0x20, 0x10, 0x20,
    0x10, 0x00, 0x00, 0x00, 0x00, 0x00, 0x00, 0x00, 0x00, 0x1C, 0xE0, 0x20, 0x10, 0x40, 0x08, 0x43,
    0x08, 0x08, 0x40, 0x80, 0x04, 0x88, 0x44, 0x88, 0x44, 0x88, 0x44, 0x88, 0x44, 0x88, 0x44, 0x80,
    0x04, 0x08, 0x40, 0x43, 0x08, 0x40, 0x08, 0x20, 0x10, 0x1C, 0xE0, 0x04, 0x80, 0x24, 0x90, 0x00,
    0x00, 0x10, 0x20, 0x0B, 0x40, 0x00, 0x00, 0x00, 0x00, 0x14, 0xA0, 0x20, 0x10, 0x40, 0x08, 0x47,
    0x88, 0x08, 0x40, 0x80, 0x04, 0x88, 0x44, 0x88, 0x44, 0x88, 0x44, 0x88, 0x44, 0x88, 0x44, 0x88,
    0x44, 0x88, 0x44, 0x88, 0x44, 0x88, 0x44, 0x88, 0x44, 0x88, 0x44, 0x88, 0x44, 0x80, 0x04, 0x08,
    0x40, 0x43, 0x08, 0x40, 0x08, 0x20, 0x10, 0x14, 0xA0, 0x04, 0x80, 0x24, 0x90, 0x00, 0x00, 0x10,
    0x20, 0x0B, 0x40, 0x00, 0x00, 0x00, 0x00, 0x1C, 0xE0, 0x20, 0x10, 0x40, 0x08, 0x43, 0x08, 0x08,
    0x40, 0x80, 0x04, 0x88, 0x44, 0x88, 0x44, 0x88, 0x44, 0x88, 0x44, 0x88, 0x44, 0x80, 0x04, 0x08,
    0x40, 0x43, 0x08, 0x40, 0x08, 0x20, 0x10, 0x1C, 0xE0, 0x00, 0x08, 0x05, 0x04, 0x08, 0xC4, 0x11,
    0x80, 0x23, 0x00, 0x28, 0x80, 0x10, 0x40, 0x00, 0x00, 0x14, 0xA0, 0x20, 0x10, 0x40, 0x08, 0x47,
    0x88, 0x08, 0x40, 0x80, 0x04, 0x88, 0x44, 0x88, 0x44, 0x88, 0x44, 0x88, 0x44, 0x88, 0x44, 0x88,
    0x44, 0x88, 0x44, 0x88, 0x44, 0x88, 0x44, 0x88, 0x44, 0x88, 0x44, 0x88, 0x44, 0x80, 0x04, 0x08,
    0x40, 0x43, 0x08, 0x40, 0x08, 0x20, 0x10, 0x14, 0xA0, 0x00, 0x08, 0x05, 0x04, 0x08, 0x84, 0x11,
    0x80, 0x23, 0x00, 0x28, 0x80, 0x10, 0x40, 0x00, 0x00, 0x1C, 0xE0, 0x20, 0x10, 0x40, 0x08, 0x43,
    0x08, 0x08, 0x40, 0x80, 0x04, 0x88, 0x44, 0x88, 0x44, 0x88, 0x44, 0x88, 0x44, 0x88, 0x44, 0x80,
    0x04, 0x08, 0x40, 0x43, 0x08, 0x40, 0x08, 0x20, 0x10, 0x1C, 0xE0, 0x62, 0x04, 0x00, 0x04, 0x08,
    0x64, 0x84, 0x54, 0x12, 0x54, 0x12, 0x40, 0x12, 0x40, 0x12, 0x40, 0x12, 0x40, 0x12, 0x40, 0x12,
    0x00, 0x12, 0x00, 0x12, 0x78, 0x12, 0x40, 0x12, 0x40, 0x12, 0x40, 0x12, 0x40, 0x12, 0x40, 0x12,
    0x48, 0x12, 0x54, 0x84, 0x54, 0x08, 0x64, 0x80, 0x04, 0x62, 0x04, 0x6C, 0x98, 0x82, 0x00, 0x88,
    0x40, 0x94, 0xA4, 0x10, 0x20, 0x10, 0x20, 0x10, 0x20, 0x10, 0x00, 0x10, 0x00, 0x10, 0xFC, 0x10,
    0x00, 0x10, 0x1C, 0x10, 0x24, 0x94, 0x84, 0x88, 0x40, 0x82, 0x08, 0x6C, 0x80, 0x00, 0x00, 0x00,
    0x60, 0x00, 0x80, 0x00, 0x10, 0x02, 0x20, 0x00, 0x40, 0x02, 0x80, 0x00, 0x00, 0x00, 0x00, 0x80,
    0x40, 0x80, 0x08, 0x80, 0x00, 0x00, 0xC0, 0x00, 0x24, 0x00, 0x00, 0x00, 0x02, 0x00, 0x22, 0x00,
    0x02, 0x00, 0x00, 0x00, 0x20, 0x00, 0xC0, 0x00, 0x00, 0x00, 0x08, 0x00, 0x00, 0x00, 0x10, 0x01,
    0x00, 0x00, 0x80, 0x00, 0x80, 0x00, 0x08, 0x00, 0x04, 0x82, 0x01, 0x82, 0x21, 0x82, 0x21, 0x00,
    0x00, 0x00, 0x40, 0x04, 0x00, 0x08, 0x00, 0x10, 0x00, 0x08, 0x00, 0x04, 0x00, 0x00, 0x00, 0x01,
    0x90, 0x00, 0x08, 0x00, 0x00, 0x02, 0x08, 0x00, 0x48, 0x02, 0x00, 0x00, 0x00, 0x00, 0x00, 0x00,
    0x00, 0x00, 0x00, 0x00, 0x00, 0x00, 0x00, 0x00, 0x00, 0x00, 0x00, 0x00, 0x80, 0x00, 0x80, 0x00,
    0x80, 0x80, 0x40, 0x80, 0x08, 0x80, 0x00, 0x00, 0xC0, 0x00, 0x24, 0x00, 0x00, 0x00, 0x02, 0x00,
    0x22, 0x00, 0x02, 0x00, 0x00, 0x00, 0x20, 0x00, 0xC0, 0x00, 0x00, 0x00, 0x08, 0x00, 0x00, 0x00,
    0x10, 0x01, 0x00, 0x00, 0x80, 0x00, 0x80, 0x00, 0x08, 0x00, 0x04, 0x82, 0x01, 0x82, 0x21, 0x82,
    0x21, 0x00, 0x00, 0x00, 0x00, 0x00, 0x00, 0x02, 0x40, 0x00, 0x40, 0x01, 0x00, 0x00, 0x00, 0x02,
    0x80, 0x00, 0x00, 0x01, 0x90, 0x00, 0x08, 0x00, 0x00, 0x02, 0x08, 0x00, 0x48, 0x02, 0x00, 0x00,
    0x00, 0x00, 0x00, 0x00, 0x00, 0x00, 0x00, 0x00, 0x00, 0x00, 0x00, 0x00, 0x00, 0x00, 0x00, 0x00,
    0x80, 0x00, 0x80, 0x00, 0x80, 0x00, 0x00, 0x10, 0x00, 0x04, 0x00, 0x00, 0x00, 0x20, 0x00, 0x00,
    0x00, 0x24, 0x00, 0x10, 0x00, 0x00, 0x00, 0x00, 0x00, 0x18, 0x18, 0x00, 0x00, 0x09, 0x90, 0x08,
    0x10, 0x00, 0x00, 0x00, 0x00, 0x00, 0x00, 0x00, 0x00, 0x80, 0x40, 0x80, 0x08, 0x80, 0x00, 0x00,
    0xC0, 0x00, 0x24, 0x00, 0x00, 0x00, 0x02, 0x00, 0x22, 0x00, 0x02, 0x00, 0x00, 0x00, 0x20, 0x00,
    0xC0, 0x00, 0x00, 0x00, 0x08, 0x00, 0x00, 0x00, 0x10, 0x01, 0x00, 0x00, 0x80, 0x00, 0x80, 0x00,
    0x08, 0x00, 0x04, 0x82, 0x01, 0x82, 0x21, 0x82, 0x21, 0x00, 0x00, 0x60, 0x60, 0x08, 0x00, 0x26,
    0x40, 0x20, 0x40, 0x00, 0x00, 0x00, 0x00, 0x00, 0x00, 0x00, 0x00, 0x01, 0x90, 0x00, 0x08, 0x00,
    0x00, 0x02, 0x08, 0x00, 0x48, 0x02, 0x00, 0x00, 0x00, 0x00, 0x00, 0x00, 0x00, 0x00, 0x00, 0x00,
    0x00, 0x00, 0x00, 0x00, 0x00, 0x00, 0x00, 0x00, 0x80, 0x00, 0x80, 0x00, 0x80, 0x00, 0x80, 0x00,
    0x40, 0x04, 0x00, 0x08, 0x00, 0x00, 0x00, 0x00, 0x00, 0x04, 0x00, 0x00, 0x00, 0x33, 0x80, 0x00,
    0x80, 0x82, 0x00, 0x01, 0x00, 0x90, 0x00, 0x00, 0x80, 0x10, 0x00, 0x80, 0x00, 0x00, 0x00, 0x80,
    0x00, 0x01, 0x00, 0x20, 0x80, 0x00, 0x40, 0x0C, 0x20, 0x00, 0x00, 0x01, 0x10, 0x00, 0x80, 0x00,
    0x08, 0x10, 0x88, 0x00, 0x00, 0x09, 0x10, 0x00, 0x00, 0x10, 0x20, 0x1C, 0x80, 0x00, 0x80, 0x00,
    0x40, 0x04, 0x00, 0x08, 0x00, 0x00, 0x00, 0x00, 0x00, 0x04, 0x00, 0x00, 0x00, 0x12, 0x80, 0x40,
    0x00, 0x82, 0x00, 0x08, 0x80, 0x90, 0x80, 0x88, 0x80, 0x86, 0x00, 0x40, 0x00, 0x20, 0x60, 0x18,
    0x00, 0x04, 0x00, 0x11, 0x00, 0x10, 0x00, 0x11, 0x10, 0x04, 0x00, 0x00, 0x20, 0x14, 0x80, 0x0F,
    0x00, 0x10, 0x80, 0x20, 0x40, 0x06, 0x00, 0x09, 0x00, 0x20, 0x40, 0x00, 0x00, 0x00, 0x00, 0x33,
    0x80, 0x00, 0x80, 0x80, 0x00, 0x09, 0x00, 0x80, 0x00, 0x00, 0x80, 0x00, 0x00, 0x90, 0x00, 0x00,
    0x00, 0x80, 0x00, 0x03, 0x00, 0x20, 0x00, 0x00, 0x40, 0x0C, 0x20, 0x00, 0x00, 0x01, 0x10, 0x00,
    0x80, 0x00, 0x08, 0x10, 0x88, 0x00, 0x00, 0x09, 0x10, 0x00, 0x00, 0x10, 0x20, 0x1C, 0x80, 0x10,
    0x80, 0x10, 0x80, 0x06, 0x00, 0x00, 0x00, 0x09, 0x00, 0x10, 0x80, 0x00, 0x00, 0x00, 0x00, 0x12,
    0x80, 0x40, 0x00, 0x86, 0x00, 0x08, 0x00, 0x90, 0x80, 0x80, 0x80, 0x84, 0x00, 0x40, 0x00, 0x20,
    0x20, 0x18, 0x00, 0x04, 0x00, 0x11, 0x00, 0x10, 0x00, 0x11, 0x10, 0x04, 0x00, 0x00, 0x20, 0x14,
    0x80, 0x33, 0x80, 0x00, 0x80, 0x82, 0x00, 0x01, 0x00, 0x90, 0x00, 0x00, 0x80, 0x10, 0x00, 0x80,
    0x00, 0x00, 0x00, 0x80, 0x00, 0x01, 0x00, 0x00, 0x80, 0x00, 0x40, 0x00, 0x20, 0x02, 0x00, 0x01,
    0x10, 0x00, 0x00, 0x00, 0x88, 0x10, 0x08, 0x00, 0x80, 0x06, 0x10, 0x00, 0x00, 0x00, 0x20, 0x10,
    0x80, 0x00, 0x00, 0x01, 0x80, 0x0A, 0x00, 0x00, 0x00, 0x00, 0x00, 0x20, 0x00, 0x21, 0x80, 0x12,
    0x80, 0x40, 0x00, 0x82, 0x00, 0x08, 0x80, 0x90, 0x80, 0x08, 0x80, 0x86, 0x00, 0x40, 0x00, 0x00,
    0x60, 0x18, 0x00, 0x01, 0x00, 0x10, 0x80, 0x10, 0x00, 0x1E, 0x10, 0x00, 0x00, 0x00, 0x20, 0x18,
    0x80, 0x00, 0x00, 0x01, 0x80, 0x0A, 0x00, 0x00, 0x00, 0x00, 0x00, 0x20, 0x00, 0x21, 0x80, 0x00,
    0x00, 0x60, 0x60, 0x00, 0x00, 0x26, 0x40, 0x20, 0x40, 0x00, 0x00, 0x00, 0x00, 0x00, 0x00, 0x00,
    0x00, 0x33, 0x80, 0x00, 0x80, 0x82, 0x00, 0x01, 0x00, 0x90, 0x00, 0x00, 0x80, 0x10, 0x00, 0x80,
    0x00, 0x00, 0x00, 0x80, 0x00, 0x01, 0x00, 0x20, 0x80, 0x00, 0x40, 0x0C, 0x20, 0x00, 0x00, 0x01,
    0x10, 0x00, 0x80, 0x00, 0x08, 0x10, 0x88, 0x00, 0x00, 0x09, 0x10, 0x00, 0x00, 0x10, 0x20, 0x1C,
    0x80, 0x00, 0x00, 0x60, 0x60, 0x00, 0x00, 0x26, 0x40, 0x20, 0x40, 0x00, 0x00, 0x00, 0x00, 0x00,
    0x00, 0x00, 0x00, 0x12, 0x80, 0x40, 0x00, 0x82, 0x00, 0x08, 0x80, 0x90, 0x80, 0x88, 0x80, 0x86,
    0x00, 0x40, 0x00, 0x20, 0x60, 0x18, 0x00, 0x04, 0x00, 0x11, 0x00, 0x10, 0x00, 0x11, 0x10, 0x04,
    0x00, 0x00, 0x20, 0x14, 0x80, 0x80, 0x04, 0x80, 0x04, 0x80, 0x04, 0x84, 0x84, 0x84, 0x84, 0x74,
    0xB8, 0x04, 0x80, 0x04, 0x80, 0x04, 0x80, 0x04, 0x80, 0x04, 0x80, 0x04, 0x80, 0x04, 0x80, 0x04,
    0x80, 0x04, 0x80, 0x04, 0x80, 0x04, 0x80, 0x04, 0x80, 0x04, 0x80, 0x04, 0x80, 0x04, 0x80, 0x00,
    0x00, 0x00, 0x00, 0x00, 0x00, 0x00, 0x00, 0x00, 0x80, 0x07, 0x00, 0x00, 0x00, 0x00, 0x00, 0x10,
    0x20, 0x10, 0xC0, 0x22, 0x00, 0x22, 0x00, 0x22, 0x00, 0x22, 0x00, 0x22, 0x00, 0x22, 0x00, 0x22,
    0x00, 0x80, 0x00, 0x80, 0x00, 0x80, 0x00, 0x20, 0x00, 0x22, 0x00, 0x22, 0x00, 0x22, 0x00, 0x22,
    0x00, 0x22, 0x00, 0x22, 0x00, 0x22, 0x70, 0x20, 0x08, 0x00, 0x00, 0x02, 0x00, 0x00, 0x00, 0x08,
    0x10, 0x04, 0x60, 0x04, 0x00, 0x04, 0xC0, 0x07, 0x20, 0x00, 0x80, 0x00, 0x00, 0x00, 0x20, 0x00,
    0xC0, 0x00, 0x00, 0x30, 0x30, 0x00, 0x00, 0x13, 0x20, 0x10, 0x20, 0x00, 0x00, 0x00, 0x00, 0x00,
    0x00, 0x00, 0x00, 0x80, 0x04, 0x80, 0x04, 0x80, 0x04, 0x84, 0x84, 0x84, 0x84, 0x74, 0xB8, 0x04,
    0x80, 0x04, 0x80, 0x04, 0x80, 0x04, 0x80, 0x04, 0x80, 0x04, 0x80, 0x04, 0x80, 0x04, 0x80, 0x04,
    0x80, 0x04, 0x80, 0x04, 0x80, 0x04, 0x80, 0x04, 0x80, 0x04, 0x80, 0x04, 0x80, 0x00, 0x00, 0x00,
    0x00, 0x00, 0x00, 0x00, 0x60, 0x22, 0x00, 0x22, 0x40, 0x22, 0x08, 0x22, 0x20, 0x22, 0x50, 0x22,
    0x20, 0x22, 0x00, 0x80, 0x00, 0x80, 0x00, 0x80, 0x00, 0x20, 0x00, 0x22, 0x00, 0x22, 0x00, 0x22,
    0x00, 0x22, 0x00, 0x22, 0x00, 0x22, 0x00, 0x22, 0x78, 0x20, 0x08, 0x00, 0x00, 0x11, 0x08, 0x00,
    0x00, 0x08, 0x10, 0x02, 0x60, 0x80, 0x04, 0x80, 0x04, 0x80, 0x04, 0x84, 0x84, 0x84, 0x84, 0x74,
    0xB8, 0x04, 0x80, 0x04, 0x80, 0x04, 0x80, 0x04, 0x80, 0x04, 0x80, 0x04, 0x80, 0x20, 0x10, 0x20,
    0x10, 0x00, 0x00, 0x04, 0x80, 0x04, 0x80, 0x04, 0x80, 0x04, 0x80, 0x04, 0x80, 0x04, 0x80, 0x00,
    0x00, 0x00, 0x00, 0x00, 0x00, 0x22, 0x00, 0x22, 0x00, 0x22, 0x00, 0x22, 0x00, 0x22, 0x00, 0x22,
    0x00, 0x22, 0x00, 0x80, 0x00, 0x80, 0x00, 0x80, 0x00, 0x20, 0x00, 0x22, 0x00, 0x22, 0x00, 0x80,
    0x40, 0x80, 0x40, 0x02, 0x00, 0x22, 0x00, 0x22, 0x30, 0x20, 0x08, 0x00, 0x00, 0x11, 0x08, 0x00,
    0x00, 0x08, 0x10, 0x02, 0x60, 0x06, 0x00, 0x08, 0x9C, 0x10, 0x44, 0x02, 0x04, 0x05, 0x00, 0x00,
    0x80, 0x00, 0x00, 0x00, 0x00, 0x82, 0x41, 0x82, 0x41, 0x82, 0x41, 0x00, 0x00, 0x00, 0x00, 0x00,
    0x00, 0x00, 0x00, 0x00, 0x00, 0x00, 0x00, 0x00, 0x00, 0x00, 0x00, 0x00, 0x00, 0x00, 0x00, 0x00,
    0x00, 0x00, 0x00, 0x00, 0x00, 0x00, 0x00, 0x00, 0x00, 0x04, 0x20, 0x20, 0x04, 0x03, 0xC0, 0x10,
    0x08, 0x10, 0x08, 0x02, 0x40, 0x06, 0x00, 0x08, 0x9C, 0x10, 0x44, 0x02, 0x04, 0x05, 0x00, 0x00,
    0x80, 0x00, 0x00, 0x00, 0x00, 0x80, 0x40, 0x80, 0x40, 0x80, 0x40, 0x00, 0x00, 0x00, 0x00, 0x00,
    0x00, 0x00, 0x00, 0x00, 0x00, 0x00, 0x00, 0x00, 0x00, 0x00, 0x00, 0x04, 0x20, 0x20, 0x00, 0x00,
    0x00, 0x20, 0x21, 0x00, 0x01, 0x05, 0x01, 0x10, 0x08, 0x10, 0x08, 0x00, 0x00, 0x00, 0x00, 0x00,
    0x00, 0x00, 0x00, 0x82, 0x41, 0x82, 0x41, 0x82, 0x41, 0x00, 0x00, 0x00, 0x00, 0x00, 0x00, 0x00,
    0x00, 0x00, 0x00, 0x00, 0x00, 0x00, 0x00, 0x00, 0x00, 0x00, 0x00, 0x00, 0x00, 0x00, 0x00, 0x00,
    0x00, 0x00, 0x00, 0x00, 0x00, 0x00, 0x00, 0x04, 0x20, 0x20, 0x04, 0x03, 0xC0, 0x10, 0x08, 0x10,
    0x08, 0x02, 0x40, 0x10, 0x08, 0x10, 0x08, 0x00, 0x00, 0x00, 0x00, 0x00, 0x00, 0x00, 0x00, 0x80,
    0x40, 0x80, 0x40, 0x80, 0x40, 0x00, 0x00, 0x00, 0x00, 0x00, 0x00, 0x00, 0x00, 0x00, 0x00, 0x00,
    0x00, 0x00, 0x00, 0x00, 0x00, 0x04, 0x20, 0x20, 0x00, 0x00, 0x00, 0x20, 0x21, 0x00, 0x01, 0x05,
    0x01, 0x02, 0x40, 0x12, 0x48, 0x00, 0x00, 0x08, 0x10, 0x05, 0xA0, 0x00, 0x00, 0x00, 0x00, 0x82,
    0x41, 0x82, 0x41, 0x82, 0x41, 0x00, 0x00, 0x00, 0x00, 0x00, 0x00, 0x00, 0x00, 0x00, 0x00, 0x00,
    0x00, 0x00, 0x00, 0x00, 0x00, 0x00, 0x00, 0x00, 0x00, 0x00, 0x00, 0x00, 0x00, 0x00, 0x00, 0x00,
    0x00, 0x00, 0x00, 0x04, 0x20, 0x20, 0x04, 0x03, 0xC0, 0x10, 0x08, 0x10, 0x08, 0x02, 0x40, 0x02,
    0x40, 0x12, 0x48, 0x00, 0x00, 0x08, 0x10, 0x05, 0xA0, 0x00, 0x00, 0x00, 0x00, 0x80, 0x40, 0x80,
    0x40, 0x80, 0x40, 0x00, 0x00, 0x00, 0x00, 0x00, 0x00, 0x00, 0x00, 0x00, 0x00, 0x00, 0x00, 0x00,
    0x00, 0x00, 0x00, 0x04, 0x20, 0x20, 0x00, 0x00, 0x00, 0x20, 0x21, 0x00, 0x01, 0x05, 0x01, 0x06,
    0x60, 0x04, 0x20, 0x01, 0x80, 0x08, 0x00, 0x04, 0x20, 0x06, 0x60, 0x00, 0x00, 0x00, 0x00, 0x82,
    0x41, 0x82, 0x41, 0x82, 0x41, 0x00, 0x00, 0x00, 0x00, 0x00, 0x00, 0x00, 0x00, 0x00, 0x00, 0x00,
    0x00, 0x00, 0x00, 0x00, 0x00, 0x00, 0x00, 0x00, 0x00, 0x00, 0x00, 0x00, 0x00, 0x00, 0x00, 0x00,
    0x00, 0x00, 0x00, 0x04, 0x20, 0x20, 0x04, 0x03, 0xC0, 0x10, 0x08, 0x10, 0x08, 0x02, 0x40, 0x06,
    0x60, 0x04, 0x20, 0x01, 0x80, 0x08, 0x00, 0x04, 0x20, 0x06, 0x60, 0x00, 0x00, 0x00, 0x00, 0x80,
    0x40, 0x80, 0x40, 0x80, 0x40, 0x00, 0x00, 0x00, 0x00, 0x00, 0x00, 0x00, 0x00, 0x00, 0x00, 0x00,
    0x00, 0x00, 0x00, 0x00, 0x00, 0x04, 0x20, 0x20, 0x00, 0x00, 0x00, 0x20, 0x21, 0x00, 0x01, 0x05,
    0x01, 0x00, 0x00, 0x03, 0x88, 0x04, 0x50, 0x08, 0x80, 0x09, 0x04, 0x12, 0x88, 0x18, 0x10, 0x00,
    0x00, 0x00, 0x00, 0x82, 0x41, 0x82, 0x41, 0x82, 0x41, 0x00, 0x00, 0x00, 0x00, 0x00, 0x00, 0x00,
    0x00, 0x00, 0x00, 0x00, 0x00, 0x00, 0x00, 0x00, 0x00, 0x00, 0x00, 0x00, 0x00, 0x00, 0x00, 0x00,
    0x00, 0x00, 0x00, 0x00, 0x00, 0x00, 0x00, 0x04, 0x20, 0x20, 0x04, 0x03, 0xC0, 0x10, 0x08, 0x10,
    0x08, 0x02, 0x40, 0x00, 0x00, 0x03, 0x88, 0x04, 0x50, 0x08, 0x80, 0x09, 0x04, 0x12, 0x88, 0x1C,
    0x10, 0x00, 0x00, 0x00, 0x00, 0x80, 0x40, 0x80, 0x40, 0x80, 0x40, 0x00, 0x00, 0x00, 0x00, 0x00,
    0x00, 0x00, 0x00, 0x00, 0x00, 0x00, 0x00, 0x00, 0x00, 0x00, 0x00, 0x04, 0x20, 0x20, 0x00, 0x00,
    0x00, 0x20, 0x21, 0x00, 0x01, 0x05, 0x01, 0x82, 0x41, 0x82, 0x41, 0x82, 0x41, 0x00, 0x00, 0x00,
    0x00, 0x00, 0x00, 0x00, 0x00, 0x00, 0x00, 0x00, 0x00, 0x00, 0x00, 0x00, 0x00, 0x00, 0x00, 0x00,
    0x00, 0x00, 0x00, 0x00, 0x00, 0x00, 0x00, 0x00, 0x00, 0x00, 0x00, 0x04, 0x20, 0x20, 0x04, 0x03,
    0xC0, 0x10, 0x08, 0x10, 0x08, 0x00, 0x00, 0x00, 0x80, 0x04, 0x00, 0x08, 0x00, 0x00, 0x00, 0x08,
    0xA0, 0x04, 0x00, 0x01, 0x20, 0x80, 0x40, 0x80, 0x40, 0x80, 0x40, 0x00, 0x00, 0x00, 0x00, 0x00,
    0x00, 0x00, 0x00, 0x00, 0x00, 0x00, 0x00, 0x00, 0x00, 0x00, 0x00, 0x04, 0x20, 0x20, 0x00, 0x00,
    0x00, 0x20, 0x21, 0x00, 0x01, 0x05, 0x01, 0x00, 0x10, 0x00, 0x20, 0x00, 0x04, 0x00, 0x24, 0x00,
    0x25, 0x00, 0x20, 0x00, 0x18, 0x00, 0x00, 0x00, 0x00, 0x08, 0x10, 0x09, 0x90, 0x02, 0x40, 0x04,
    0x20, 0x00, 0x00, 0x00, 0x00, 0x00, 0x00, 0x00, 0x00, 0x00, 0x00, 0x40, 0x02, 0x40, 0x02, 0x00,
    0x00, 0x00, 0x00, 0x48, 0x12, 0x4A, 0x52, 0x0A, 0x50, 0x08, 0x10, 0x28, 0x14, 0x24, 0x24, 0x25,
    0xA4, 0x01, 0x80, 0x04, 0x20, 0x24, 0x24, 0x21, 0x84, 0x01, 0x80, 0x00, 0x00, 0x10, 0x08, 0x12,
    0x48, 0x10, 0x08, 0x00, 0x00, 0x00, 0x00, 0x00, 0x00, 0x08, 0x10, 0x09, 0x90, 0x02, 0x40, 0x04,
    0x20, 0x00, 0x00, 0x00, 0x00, 0x00, 0x00, 0x00, 0x00, 0x00, 0x00, 0x40, 0x02, 0x03, 0xC0, 0x48,
    0x12, 0x4A, 0x52, 0x08, 0x10, 0x24, 0x24, 0x25, 0xA4, 0x00, 0x80, 0x24, 0x24, 0x21, 0x84, 0x00,
    0x00, 0x12, 0x08, 0x12, 0x48, 0x00, 0x00, 0x00, 0x00, 0x00, 0x00, 0x08, 0x10, 0x09, 0x90, 0x02,
    0x40, 0x04, 0x20, 0x00, 0x00, 0x00, 0x00, 0x82, 0x41, 0x82, 0x41, 0x82, 0x41, 0x02, 0x40, 0x20,
    0x04, 0x12, 0x48, 0x00, 0x00, 0x00, 0x00, 0x09, 0x90, 0x08, 0x10, 0x00, 0x00, 0x04, 0x20, 0x04,
    0x20, 0x00, 0x00, 0x02, 0x40, 0x02, 0x40, 0x02, 0x40, 0x02, 0x40, 0x02, 0x40, 0x02, 0x40, 0x02,
    0x40, 0x00, 0x00, 0x00, 0x00, 0x00, 0x00, 0x00, 0x00, 0x00, 0x00, 0x08, 0x10, 0x09, 0x90, 0x02,
    0x40, 0x04, 0x20, 0x00, 0x00, 0x00, 0x00, 0x82, 0x41, 0x82, 0x41, 0x82, 0x41, 0x02, 0x00, 0x22,
    0x44, 0x00, 0x00, 0x02, 0x48, 0x10, 0x00, 0x01, 0x08, 0x08, 0x90, 0x01, 0x00, 0x08, 0x90, 0x00,
    0x00, 0x04, 0x20, 0x00, 0x00, 0x04, 0x20, 0x00, 0x00, 0x00, 0x40, 0x04, 0x00, 0x00, 0x40, 0x0C,
    0x00, 0x00, 0x00, 0x00, 0x00, 0x03, 0x00, 0x12, 0x48, 0x20, 0x04, 0x00, 0x00, 0x22, 0x44, 0x10,
    0x08, 0x00, 0x00, 0x00, 0x00, 0x82, 0x41, 0x82, 0x41, 0x82, 0x41, 0x02, 0x40, 0x20, 0x04, 0x12,
    0x48, 0x00, 0x00, 0x00, 0x00, 0x09, 0x90, 0x08, 0x10, 0x00, 0x00, 0x04, 0x20, 0x04, 0x20, 0x00,
    0x00, 0x02, 0x40, 0x02, 0x40, 0x02, 0x40, 0x02, 0x40, 0x02, 0x40, 0x02, 0x40, 0x02, 0x40, 0x00,
    0x00, 0x00, 0x00, 0x00, 0x00, 0x00, 0x00, 0x01, 0x80, 0x02, 0x00, 0x00, 0x40, 0x08, 0x80, 0x01,
    0x00, 0x0A, 0x00, 0x00, 0x00, 0x00, 0x00, 0x00, 0x00, 0x00, 0x00, 0x00, 0x00, 0x20, 0x10, 0x21,
    0x10, 0x42, 0x00, 0x00, 0x00, 0x00, 0x00, 0x00, 0x00, 0x00, 0x40, 0x00, 0x80, 0x08, 0x80, 0x11,
    0x00, 0x10, 0x00, 0x20, 0x00, 0x00, 0x00, 0x00, 0x00, 0x00, 0x00, 0x04, 0x20, 0x88, 0x40, 0x80,
    0x40, 0x00, 0x00, 0x00, 0x00, 0x00, 0x00, 0x00, 0x00, 0x01, 0x80, 0x02, 0x00, 0x00, 0x40, 0x08,
    0x80, 0x01, 0x00, 0x0A, 0x00, 0x00, 0x00, 0x00, 0x00, 0x00, 0x00, 0x00, 0x00, 0x00, 0x00, 0x21,
    0x10, 0x21, 0x20, 0xC0, 0x20, 0x04, 0x00, 0x08, 0x80, 0x09, 0x00, 0x11, 0x00, 0x02, 0x00, 0x40,
    0x30, 0x48, 0x40, 0x88, 0x40, 0x00, 0x00, 0x00, 0x00, 0x00, 0x00, 0x00, 0x00, 0x10, 0x80, 0x00,
    0x00, 0x00, 0x00, 0x09, 0x00, 0x00, 0x00, 0x00, 0x00, 0x00, 0x00, 0x00, 0x00, 0x00, 0x00, 0x20,
    0x10, 0x21, 0x10, 0x42, 0x00, 0x00, 0x00, 0x00, 0x00, 0x00, 0x00, 0x00, 0x40, 0x00, 0x80, 0x08,
    0x80, 0x11, 0x00, 0x10, 0x00, 0x20, 0x00, 0x00, 0x00, 0x00, 0x00, 0x00, 0x00, 0x04, 0x20, 0x88,
    0x40, 0x80, 0x40, 0x00, 0x00, 0x00, 0x00, 0x00, 0x00, 0x00, 0x00, 0x10, 0x80, 0x00, 0x00, 0x00,
    0x00, 0x09, 0x00, 0x00, 0x00, 0x00, 0x00, 0x00, 0x00, 0x00, 0x00, 0x00, 0x00, 0x21, 0x10, 0x21,
    0x20, 0xC0, 0x20, 0x04, 0x00, 0x08, 0x80, 0x09, 0x00, 0x11, 0x00, 0x02, 0x00, 0x40, 0x30, 0x48,
    0x40, 0x88, 0x40, 0x00, 0x00, 0x00, 0x00, 0x00, 0x00, 0x00, 0x00, 0x60, 0x60, 0x00, 0x00, 0x26,
    0x40, 0x20, 0x40, 0x00, 0x00, 0x00, 0x00, 0x00, 0x00, 0x00, 0x00, 0x00, 0x00, 0x00, 0x00, 0x00,
    0x00, 0x20, 0x10, 0x21, 0x10, 0x42, 0x00, 0x00, 0x00, 0x00, 0x00, 0x00, 0x00, 0x00, 0x40, 0x00,
    0x80, 0x08, 0x80, 0x11, 0x00, 0x10, 0x00, 0x20, 0x00, 0x00, 0x00, 0x00, 0x00, 0x00, 0x00, 0x04,
    0x20, 0x88, 0x40, 0x80, 0x40, 0x00, 0x00, 0x00, 0x00, 0x00, 0x00, 0x00, 0x00, 0x60, 0x60, 0x00,
    0x00, 0x26, 0x40, 0x20, 0x40, 0x00, 0x00, 0x00, 0x00, 0x00, 0x00, 0x00, 0x00, 0x00, 0x00, 0x00,
    0x00, 0x00, 0x00, 0x21, 0x10, 0x21, 0x20, 0xC0, 0x20, 0x04, 0x00, 0x08, 0x80, 0x09, 0x00, 0x11,
    0x00, 0x02, 0x00, 0x40, 0x30, 0x48, 0x40, 0x88, 0x40, 0x00, 0x00, 0x00, 0x00, 0x00, 0x00, 0x0C,
    0x00, 0x10, 0x10, 0x10, 0x10, 0x23, 0x88, 0x00, 0x80, 0x24, 0x00, 0x24, 0x78, 0x24, 0x00, 0x24,
    0x00, 0x24, 0x00, 0x24, 0x00, 0x24, 0x00, 0x24, 0x00, 0x24, 0x00, 0x24, 0x00, 0x24, 0x00, 0x24,
    0x00, 0x24, 0x00, 0x24, 0x00, 0x24, 0x00, 0x24, 0x00, 0x00, 0x00, 0x00, 0x00, 0x00, 0x00, 0x06,
    0x00, 0x09, 0x00, 0x10, 0x80, 0x26, 0x40, 0x49, 0x20, 0x00, 0x00, 0x49, 0x20, 0x26, 0x40, 0x10,
    0x80, 0x09, 0x00, 0x00, 0x00, 0x00, 0x00, 0x00, 0x00, 0x00, 0x00, 0x00, 0x00, 0x00, 0x00, 0x00,
    0x00, 0x00, 0x00, 0x00, 0x00, 0x00, 0x00, 0x00, 0x00, 0x00, 0x00, 0x00, 0x00, 0x00, 0x00, 0x00,
    0x00, 0x00, 0x00, 0x00, 0x00, 0x00, 0x00, 0x00, 0x00, 0x00, 0x00, 0x00, 0x00, 0x00, 0x00, 0x00,
    0x00, 0x00, 0x00, 0x00, 0x00, 0x00, 0x00, 0x00, 0x00, 0x00, 0x00, 0x00, 0x00, 0x00, 0x00, 0x00,
    0x00, 0x21, 0x00, 0x52, 0x80, 0x2D, 0x00, 0x12, 0x00, 0x12, 0x00, 0x2D, 0x00, 0x52, 0x80, 0x21,
    0x00, 0x40, 0x80, 0x00, 0x00, 0x00, 0x00, 0x00, 0x00, 0x00, 0x00, 0x00, 0x00, 0x00, 0x00, 0x00,
    0x00, 0x00, 0x00, 0x00, 0x00, 0x00, 0x00, 0x00, 0x00, 0x00, 0x00, 0x00, 0x00, 0x00, 0x00, 0x00,
    0x00, 0x00, 0x00, 0x00, 0x00, 0x00, 0x00, 0x00, 0x00, 0x00, 0x00, 0x00, 0x00, 0x00, 0x00, 0x00,
    0x00, 0x00, 0x00, 0x00, 0x00, 0x00, 0x00, 0x00, 0x00, 0x00, 0x00, 0x00, 0x00, 0x00, 0x00, 0x00,
    0x00, 0x00, 0x00, 0x00, 0x00, 0x00, 0x00, 0x00, 0x00, 0x00, 0x00, 0x00, 0x00, 0x00, 0x00, 0x00,
    0x00, 0x00, 0x00, 0x00, 0x00, 0x00, 0x00, 0x00, 0x00, 0x12, 0x00, 0x12, 0x00, 0x12, 0x00, 0x12,
    0x00, 0x12, 0x00, 0x12, 0x00, 0x12, 0x00, 0x12, 0x00, 0x12, 0x00, 0x12, 0x00, 0x12, 0x00, 0x12,
    0x00, 0x12, 0x00, 0x12, 0x00, 0x12, 0x00, 0x12, 0x00, 0x12, 0x00, 0x12, 0x00, 0x12, 0x00, 0x12,
    0x00, 0x12, 0x00, 0x12, 0x00, 0x12, 0x00, 0x12, 0x00, 0x12, 0x00, 0x12, 0x00, 0x12, 0x00, 0x12,
    0x00, 0x12, 0x00, 0x12, 0x00, 0x12, 0x00, 0x00, 0x00, 0x00, 0x00, 0x00, 0x00, 0x00, 0x00, 0x00,
    0x00, 0x00, 0x00, 0x00, 0x00, 0x00, 0x00, 0x08, 0x00, 0x20, 0x04, 0x08, 0x10, 0x98, 0x04, 0x84,
    0x84, 0x00, 0x48, 0x24, 0x42, 0x42, 0x42, 0x02, 0x20, 0x02, 0x04, 0x24, 0x48, 0x50, 0x30, 0x48,
    0x84, 0x84, 0x84, 0x80, 0x08, 0x80, 0x40, 0x48, 0x24, 0x14, 0x18, 0x08, 0x10, 0x14, 0x1C, 0x10,
    0x24, 0x00, 0x48, 0x48, 0x00, 0x08, 0x10, 0x18, 0x80, 0x84, 0x08, 0x80, 0x04, 0x82, 0x04, 0x00,
    0x04, 0x0C, 0xC8, 0x00, 0x40, 0x44, 0x88, 0x80, 0x04, 0x82, 0x04, 0x00, 0x04, 0x40, 0xC0, 0x00,
    0x28, 0x04, 0x08, 0x08, 0x90, 0x81, 0x10, 0x11, 0x00, 0x40, 0x80, 0x28, 0x40, 0x44, 0x08, 0x80,
    0x04, 0x82, 0x04, 0x00, 0x04, 0x00, 0xC0, 0x00, 0x28, 0x04, 0x00, 0x48, 0x90, 0x81, 0x10, 0x11,
    0x00, 0x40, 0xC0, 0x08, 0x40, 0x44, 0x88, 0x80, 0x04, 0x83, 0x04, 0x80, 0x04, 0x0C, 0x80, 0x50,
    0x00, 0x40, 0x90, 0x24, 0x40, 0x22, 0x04, 0x02, 0x20, 0x04, 0x08, 0x00, 0x00, 0x09, 0x00, 0x09,
    0x00, 0x09, 0x00, 0x09, 0x00, 0x09, 0x00, 0x09, 0x00, 0x09, 0x00, 0x09, 0x00, 0x09, 0x00, 0x00,
    0x00, 0x00, 0x00, 0x00, 0x00, 0x09, 0x00, 0x09, 0x00, 0x09, 0x00, 0x09, 0x00, 0x09, 0x00, 0x09,
    0x00, 0x09, 0x00, 0x09, 0x00, 0x09, 0x00, 0x09, 0x00, 0x09, 0x00, 0x09, 0x00, 0x09, 0x00, 0x09,
    0x00, 0x09, 0x00, 0x09, 0x00, 0x09, 0x00, 0x09, 0x00, 0x09, 0x00, 0x00, 0x00, 0x09, 0x00, 0x09,
    0x00, 0x09, 0x00, 0x09, 0x00, 0x09, 0x00, 0x09, 0x00, 0x09, 0x00, 0x09, 0x00, 0x09, 0x00, 0x00,
    0x00, 0x00, 0x00, 0x00, 0x00, 0x09, 0x00, 0x09, 0x00, 0x09, 0x00, 0x09, 0x00, 0x09, 0x00, 0x09,
    0x00, 0x09, 0x00, 0x00, 0x00, 0x00, 0x00, 0x00, 0x00, 0x09, 0x00, 0x09, 0x00, 0x09, 0x00, 0x09,
    0x00, 0x09, 0x00, 0x09, 0x00, 0x09, 0x00, 0x09, 0x00, 0x09, 0x00, 0x2D, 0x00, 0x00, 0x00, 0x80,
    0x40, 0x00, 0x00, 0x80, 0x40, 0x80, 0x40, 0x80, 0x40, 0x00, 0x00, 0x40, 0x80, 0x12, 0x00, 0x40,
    0x00, 0x30, 0x00, 0x08, 0x00, 0x00, 0x00, 0x00, 0x80, 0x00, 0x60, 0x00, 0x60, 0x00, 0x00, 0x00,
    0x00, 0x0C, 0x00, 0x30, 0x00, 0x00, 0x00, 0x00, 0x00, 0x18, 0x00, 0x18, 0x42, 0x00, 0x42, 0x42,
    0x00, 0x42, 0x00, 0x00, 0x00, 0x00, 0x00, 0x00, 0x42, 0x00, 0x42, 0x24, 0x00, 0x24, 0x30, 0x06,
    0x00, 0xC0, 0x40, 0x10, 0x80, 0x20, 0x02, 0x10, 0x84, 0x00, 0x80, 0x00, 0x00, 0x10, 0x80, 0x00,
    0x00, 0x10, 0x00, 0x10, 0x80, 0x00, 0x0C, 0x09, 0x03, 0x00, 0x60, 0x10, 0x00, 0x80, 0x00, 0x00,
    0x00, 0x00, 0x00, 0x18, 0x00, 0x00, 0x98, 0x00, 0x00, 0x98, 0x40, 0x00, 0x98, 0x80, 0x00, 0x98,
    0x80, 0x00, 0x19, 0x00, 0x00, 0x82, 0x20, 0x00, 0x02, 0x40, 0x00, 0x38, 0x40, 0x00, 0x00, 0xB8,
    0x38, 0x00, 0xC4, 0x84, 0x01, 0x00, 0x82, 0x08, 0x92, 0x30, 0x08, 0x80, 0x22, 0x10, 0x80, 0x22,
    0x10, 0x80, 0x22, 0x24, 0x80, 0x22, 0x24, 0x82, 0x22, 0x48, 0x82, 0x00, 0x48, 0x80, 0x02, 0x80,
    0x28, 0x0C, 0x64, 0x00, 0x00, 0x00, 0x02, 0x00, 0x00, 0x00, 0x18, 0x00, 0x00, 0x00, 0x11, 0x20,
    0x00, 0x00, 0x11, 0x40, 0x00, 0x00, 0x11, 0x48, 0x00, 0x00, 0x11, 0x90, 0x00, 0x00, 0x11, 0x10,
    0x00, 0x00, 0x09, 0x20, 0x00, 0x00, 0x80, 0x20, 0x00, 0x00, 0x02, 0x40, 0x00, 0x00, 0x38, 0x40,
    0x00, 0x00, 0x02, 0xB8, 0x38, 0x38, 0x04, 0x46, 0x44, 0x80, 0x04, 0x02, 0x80, 0x82, 0x08, 0x98,
    0x92, 0x20, 0x08, 0x88, 0x23, 0x10, 0x12, 0x88, 0x23, 0x10, 0x12, 0x88, 0x23, 0x10, 0x24, 0x88,
    0x23, 0x10, 0x04, 0x88, 0x23, 0x10, 0x00, 0x00, 0x82, 0x30, 0x00, 0x80, 0x02, 0x80, 0x00, 0x60,
    0x08, 0x4C, 0x0E, 0x10, 0x00, 0x02, 0x22, 0x00, 0x44, 0x04, 0x40, 0x08, 0x88, 0x0E, 0x38, 0x10,
    0x40, 0x00, 0x00, 0x22, 0x88, 0x20, 0x80, 0x00, 0x00, 0x45, 0x10, 0x00, 0x10, 0x41, 0x00, 0x08,
    0x20, 0x82, 0x20, 0x0F, 0xFE, 0x00, 0x22, 0x09, 0x00, 0x05, 0x20, 0x00, 0x20, 0x30, 0x00, 0x06,
    0x02, 0x00, 0x48, 0x50, 0x00, 0x02, 0x40, 0x00, 0x08, 0x24, 0x00, 0x94, 0x80, 0x00, 0x04, 0xA4,
    0x00, 0x90, 0x08, 0x00, 0x70, 0x08, 0x00, 0x40, 0x44, 0x00, 0x22, 0x20, 0x02, 0x10, 0x11, 0x71,
    0xC0, 0x8A, 0x20, 0x04, 0x00, 0x41, 0x00, 0x45, 0x10, 0x00, 0x00, 0x22, 0x88, 0x20, 0x80, 0x02,
    0x08, 0x10, 0x40, 0x11, 0x44, 0x3F, 0xF8, 0x00, 0x48, 0x22, 0x00, 0x02, 0x50, 0x00, 0x06, 0x02,
    0x00, 0x20, 0x30, 0x00, 0x05, 0x09, 0x00, 0x01, 0x20, 0x00, 0x12, 0x08, 0x00, 0x00, 0x94, 0x80,
    0x12, 0x90, 0x00, 0x08, 0x04, 0x80, 0x00, 0x06, 0x08, 0x09, 0x12, 0x02, 0x20, 0x48, 0x88, 0x80,
    0x48, 0x20, 0x22, 0x02, 0x09, 0x08, 0x04, 0x00, 0x00, 0x60, 0x10, 0x90, 0x48, 0x40, 0x04, 0x12,
    0x11, 0x01, 0x12, 0x04, 0x44, 0x40, 0x90, 0x10, 0x20, 0x00, 0x30, 0x02, 0x40, 0x0C, 0x08, 0x02,
    0x40, 0x10, 0x04, 0x02, 0x40, 0x20, 0x02, 0x03, 0xC0, 0x44, 0x01, 0x00, 0x00, 0x88, 0x08, 0x80,
    0x01, 0x10, 0x04, 0x40, 0x02, 0x20, 0x02, 0x20, 0x04, 0x40, 0x01, 0x10, 0x08, 0x80, 0x00, 0x88,
    0x11, 0x00, 0x00, 0x40, 0x02, 0x00, 0x00, 0x20, 0x04, 0x00, 0x00, 0x10, 0x08, 0x00, 0x08, 0x08,
    0x10, 0x10, 0x08, 0x04, 0x20, 0x10, 0x00, 0x04, 0x00, 0x00, 0x70, 0x08, 0x00, 0x0E, 0x00, 0x11,
    0x80, 0x00, 0x00, 0x22, 0x40, 0x00, 0x00, 0x44, 0x20, 0x00, 0x00, 0x88, 0x10, 0x00, 0x01, 0x10,
    0x08, 0x00, 0x02, 0x20, 0x04, 0x00, 0x04, 0x40, 0x02, 0x00, 0x08, 0x80, 0x01, 0x00, 0x01, 0x00,
    0x00, 0x80, 0x02, 0x03, 0xC0, 0x40, 0x04, 0x02, 0x40, 0x20, 0x08, 0x02, 0x40, 0x10, 0x30, 0x02,
    0x40, 0x0C, 0x00, 0x00, 0x00, 0x00, 0x00, 0x00, 0x00, 0x00, 0x00, 0x00, 0x00, 0x00, 0x00, 0x00,
    0x00, 0x00, 0x00, 0x00, 0x00, 0x00, 0x00, 0x00, 0x00, 0x00, 0x00, 0x00, 0x00, 0x00, 0x00, 0x00,
    0x00, 0x00, 0x00, 0x00, 0x00, 0x00, 0x20, 0x40, 0x00, 0x00, 0x89, 0x10, 0x89, 0x10, 0x09, 0x00,
    0x59, 0xA0, 0x41, 0x90, 0x92, 0x02, 0x00, 0x02, 0x88, 0x61, 0x04, 0x00, 0x42, 0x80, 0x04, 0x00,
    0x40, 0x01, 0x04, 0x20, 0x20, 0x20, 0x02, 0x40, 0x20, 0x04, 0x03, 0x00, 0x10, 0x00, 0x00, 0x00,
    0x10, 0x00, 0x04, 0xE0, 0x00, 0x00, 0x04, 0x80, 0x08, 0x40, 0x08, 0x40, 0x08, 0x40, 0x00, 0x00,
    0x04, 0x80, 0x20, 0x10, 0x40, 0x08, 0x03, 0x00, 0x60, 0x18, 0x14, 0xA0, 0x07, 0x80, 0x00, 0x00,
    0x00, 0x00, 0x44, 0x88, 0x10, 0x20, 0x00, 0x04, 0x00, 0x00, 0x00, 0x22, 0x00, 0x44, 0x00, 0x00,
    0x00, 0x88, 0x01, 0x10, 0x00, 0x00, 0x00, 0x00, 0x08, 0x10, 0x11, 0x88, 0x20, 0x00, 0x22, 0x44,
    0x44, 0x22, 0x00, 0x00, 0x20, 0x04, 0x00, 0x04, 0x80, 0x00, 0x00, 0x04, 0x80, 0x00, 0x00, 0x04,
    0x80, 0x00, 0x00, 0x60, 0x18, 0x00, 0x00, 0x84, 0x84, 0x00, 0x00, 0x80, 0x04, 0x00, 0x00, 0xA0,
    0x14, 0x00, 0x00, 0x00, 0x00, 0x00, 0x00, 0x10, 0x20, 0x00, 0x00, 0x03, 0x00, 0x00, 0x00, 0x23,
    0x10, 0x00, 0x00, 0x20, 0x10, 0x00, 0x00, 0x18, 0x60, 0x00, 0x00, 0x00, 0x00, 0x00, 0x04, 0x80,
    0x04, 0x80, 0x04, 0x80, 0x04, 0x80, 0x04, 0x80, 0x04, 0x80, 0x60, 0x18, 0x60, 0x18, 0x84, 0x84,
    0x84, 0x84, 0x80, 0x04, 0x80, 0x04, 0xA0, 0x14, 0xA0, 0x14, 0x08, 0x40, 0x08, 0x40, 0x10, 0x20,
    0x10, 0x20, 0x13, 0x20, 0x13, 0x20, 0x23, 0x10, 0x23, 0x10, 0x60, 0x18, 0x60, 0x18, 0x08, 0x40,
    0x08, 0x40, 0x00, 0x00, 0x00, 0x00, 0x00, 0x00, 0x80, 0x40, 0x80, 0x40, 0x80, 0x40, 0x88, 0x00,
    0x88, 0x00, 0x88, 0x00, 0x88, 0x00, 0x88, 0x00, 0x88, 0x00, 0x88, 0x00, 0x88, 0x00, 0x88, 0x00,
    0x88, 0x00, 0x88, 0x00, 0x80, 0x40, 0x80, 0x40, 0x80, 0x40, 0x88, 0x00, 0x88, 0x00, 0x88, 0x00,
    0x88, 0x00, 0x88, 0x00, 0x88, 0x00, 0x88, 0x00, 0x88, 0x00, 0x88, 0x00, 0x88, 0x00, 0x88, 0x00,
    0x80, 0x40, 0x80, 0x40, 0x80, 0x40, 0x00, 0x00, 0x80, 0x40, 0x80, 0x40, 0x80, 0x40, 0x04, 0x40,
    0x04, 0x40, 0x04, 0x40, 0x04, 0x40, 0x04, 0x40, 0x04, 0x40, 0x04, 0x40, 0x04, 0x40, 0x04, 0x40,
    0x04, 0x40, 0x04, 0x40, 0x80, 0x40, 0x80, 0x40, 0x80, 0x40, 0x04, 0x40, 0x04, 0x40, 0x04, 0x40,
    0x04, 0x40, 0x04, 0x40, 0x04, 0x40, 0x04, 0x40, 0x04, 0x40, 0x04, 0x40, 0x04, 0x40, 0x04, 0x40,
    0x80, 0x40, 0x80, 0x40, 0x80, 0x40, 0x34, 0x2C, 0x41, 0x02, 0x40, 0x02, 0x08, 0x30, 0x90, 0x09,
    0x00, 0x01, 0x70, 0x49, 0x04, 0x89, 0x00, 0x90, 0x00, 0x02, 0x00, 0x00, 0x11, 0x00, 0x02, 0x20,
    0x12, 0x04, 0x12, 0x00, 0x00, 0x00, 0x00, 0x00, 0x00, 0x00, 0x08, 0x10, 0x00, 0x00, 0x22, 0x44,
    0x22, 0x44, 0x02, 0x40, 0x16, 0x68, 0x34, 0x00, 0x41, 0x00, 0x40, 0x00, 0x08, 0x80, 0x90, 0x00,
    0x00, 0x00, 0x60, 0x00, 0x04, 0x80, 0x00, 0x80, 0x00, 0x00, 0x00, 0x00, 0x11, 0x00, 0x02, 0x00,
    0x12, 0x00, 0x12, 0x00, 0x10, 0x00, 0x00, 0x00, 0x00, 0x00, 0x08, 0x10, 0x00, 0x00, 0x22, 0x44,
    0x22, 0x44, 0x02, 0x40, 0x16, 0x68, 0x00, 0xB0, 0x00, 0x08, 0x00, 0x08, 0x04, 0xC0, 0x00, 0x24,
    0x00, 0x04, 0x03, 0x24, 0x00, 0x24, 0x00, 0x40, 0x00, 0x08, 0x00, 0x00, 0x00, 0x00, 0x00, 0x80,
    0x00, 0x10, 0x00, 0x00, 0x00, 0x00, 0x00, 0x00, 0x00, 0x00, 0x20, 0x40, 0x00, 0x00, 0x89, 0x10,
    0x89, 0x10, 0x09, 0x00, 0x59, 0xA0, 0x60, 0x60, 0x00, 0x00, 0x00, 0x00, 0xC0, 0x00, 0x01, 0x00,
    0x00, 0x10, 0x00, 0x20, 0x02, 0x00, 0x02, 0x00, 0x00, 0x40, 0x00, 0x40, 0x04, 0x00, 0x08, 0x00,
    0x08, 0x00, 0x01, 0x00, 0x01, 0x00, 0x00, 0x00, 0x00, 0x00, 0x00, 0xC0, 0x00, 0x20, 0x08, 0x00,
    0x08, 0x00, 0x08, 0x10, 0x08, 0x00, 0x08, 0x00, 0x08, 0x00, 0x08, 0x10, 0x08, 0x00, 0x08, 0x10,
    0x08, 0x00, 0x08, 0xC0, 0x08, 0x00, 0x08, 0x00, 0x08, 0x00, 0x08, 0x00, 0x08, 0x00, 0x08, 0x00,
    0x08, 0x00, 0x08, 0x00, 0x08, 0x00, 0x08, 0x00, 0x08, 0x00, 0x30, 0x00, 0x00, 0x00, 0x81, 0x00,
    0x01, 0x00, 0x81, 0x00, 0x01, 0x00, 0x01, 0x00, 0x81, 0x00, 0x81, 0x00, 0x81, 0x00, 0x00, 0x00,
    0x10, 0x00, 0x00, 0x00, 0x00, 0xC0, 0x00, 0x00, 0x08, 0x10, 0x08, 0x00, 0x08, 0x10, 0x08, 0x00,
    0x08, 0x00, 0x08, 0x10, 0x08, 0x10, 0x08, 0x10, 0x00, 0x00, 0x00, 0x80, 0x00, 0x00, 0x24, 0x42,
    0x00, 0x00, 0x42, 0x42, 0x18, 0x00, 0x00, 0x00, 0x18, 0x42, 0x42, 0x00, 0x00, 0x02, 0x44, 0x00,
    0x00, 0x04, 0x02, 0x10, 0x02, 0x00, 0x14, 0xA0, 0x60, 0x18, 0x03, 0x00, 0x40, 0x08, 0x20, 0x10,
    0x00, 0x00, 0x00, 0x00, 0x00, 0x00, 0x00, 0x00, 0x00, 0x00, 0x00, 0x00, 0x00, 0x00, 0x00, 0x00,
    0x00, 0x00, 0x00, 0x00, 0x00, 0x00, 0x00, 0x00, 0x00, 0x00, 0x00, 0x00, 0x00, 0x00, 0x00, 0x00,
    0x00, 0x00, 0x00, 0x00, 0x20, 0x10, 0x40, 0x08, 0x03, 0x00, 0x60, 0x18, 0x14, 0xA0, 0x04, 0x80,
    0x04, 0x80, 0x04, 0x80, 0x60, 0x18, 0x84, 0x84, 0x80, 0x04, 0xA0, 0x14, 0x00, 0x00, 0x10, 0x20,
    0x03, 0x00, 0x23, 0x10, 0x20, 0x10, 0x18, 0x60, 0x00, 0x00, 0x04, 0x80, 0x04, 0x80, 0x04, 0x80,
    0x60, 0x18, 0x84, 0x84, 0x80, 0x04, 0xA0, 0x14, 0x08, 0x40, 0x10, 0x20, 0x13, 0x20, 0x23, 0x10,
    0x60, 0x18, 0x08, 0x40, 0x00, 0x00, 0x60, 0x08, 0x40, 0x00, 0x80, 0x40, 0x80, 0x90, 0x02, 0x10,
    0x42, 0x00, 0x19, 0x00, 0x01, 0x20, 0x00, 0x40, 0x00, 0x00, 0x02, 0x00, 0x04, 0x80, 0x04, 0x80,
    0x01, 0x00, 0x00, 0x00, 0x08, 0x00, 0x12, 0x00, 0x02, 0x60, 0x01, 0x08, 0x21, 0x00, 0x24, 0x04,
    0x08, 0x04, 0x00, 0x08, 0x40, 0x18, 0x01, 0x70, 0x00, 0x08, 0x00, 0x00, 0x00, 0x06, 0x0C, 0x01,
    0x00, 0x10, 0x10, 0x58, 0xC0, 0x22, 0x21, 0x00, 0x20, 0x40, 0x42, 0x02, 0x01, 0x00, 0x44, 0x01,
    0x84, 0x00, 0x08, 0x00, 0x40, 0x60, 0x30, 0x00, 0x31, 0x80, 0x04, 0x80, 0x10, 0x20, 0x28, 0x50,
    0x00, 0x00, 0x00, 0x00, 0x00, 0x00, 0x80, 0x04, 0x80, 0x04, 0x90, 0x24, 0x20, 0x10, 0x40, 0x08,
    0x08, 0x48, 0x30, 0x30, 0x00, 0x00, 0x00, 0xD8, 0x01, 0x00, 0x01, 0x04, 0x01, 0x04, 0x00, 0x08,
    0x10, 0xA0, 0x40, 0x00, 0x82, 0x00, 0x82, 0x00, 0x02, 0x00, 0x6C, 0x00, 0x00, 0xA0, 0x00, 0x08,
    0x01, 0x04, 0x01, 0x04, 0x01, 0x00, 0x00, 0xD8, 0x0F, 0xC7, 0xE0, 0x02, 0x00, 0x80, 0x25, 0x32,
    0x10, 0x00, 0x13, 0x20, 0x26, 0x00, 0x00, 0x00, 0x65, 0x20, 0x40, 0x00, 0x40, 0x0C, 0xA2, 0x00,
    0x40, 0x88, 0x40, 0x04, 0x42, 0x80, 0x11, 0x04, 0x00, 0x02, 0x00, 0x00, 0x00, 0x04, 0x20, 0x04,
    0x20, 0x04, 0x20, 0x12, 0x48, 0x40, 0x02, 0x82, 0x41, 0x80, 0x01, 0x02, 0x40, 0x6C, 0x36, 0x02,
    0x40, 0x04, 0x20, 0x04, 0x20, 0x04, 0x20, 0x00, 0x00, 0x02, 0x40, 0x6C, 0x36, 0x02, 0x40, 0x80,
    0x01, 0x82, 0x41, 0x40, 0x02, 0x12, 0x48, 0x04, 0x20, 0x04, 0x20, 0x04, 0x20, 0x00, 0x00, 0x02,
    0x40, 0x10, 0x08, 0x40, 0x02, 0x82, 0x41, 0x80, 0x01, 0x02, 0x40, 0x6C, 0x36, 0x24, 0x42, 0x00,
    0x00, 0x42, 0x42, 0x18, 0x00, 0x00, 0x00, 0x00, 0x00, 0x00, 0x00, 0x00, 0x00, 0x00, 0x18, 0x42,
    0x42, 0x00, 0x00, 0x42, 0x24, 0x00, 0x00, 0x00, 0x00, 0x04, 0x20, 0x04, 0x20, 0x00, 0x00, 0x03,
    0x40, 0x00, 0x00, 0x00, 0x00, 0x00, 0x00, 0x6C, 0x36, 0x02, 0x40, 0x80, 0x01, 0x82, 0x41, 0x40,
    0x02, 0x14, 0x28, 0x00, 0x00, 0x00, 0x00, 0x00, 0x00, 0x02, 0x40, 0x04, 0x20, 0x04, 0x20, 0x04,
    0x20, 0x00, 0x00, 0x02, 0x40, 0x00, 0x00, 0x00, 0x00, 0x50, 0x28, 0x08, 0x40, 0x88, 0x44, 0x50,
    0x28, 0x00, 0x00, 0xF8, 0x7C, 0x00, 0x00, 0x00, 0x00, 0x00, 0x00, 0x50, 0x28, 0x88, 0x44, 0x08,
    0x40, 0x50, 0x28, 0x00, 0x00, 0x00, 0x00, 0x00, 0x84, 0x84, 0x00, 0x48, 0x00, 0x00, 0x84, 0x84,
    0x00, 0x48, 0x00, 0x48, 0x00, 0x84, 0x84, 0x00, 0x00, 0x84, 0x84, 0x00, 0x48, 0x00, 0x48, 0x00,
    0x84, 0x84, 0x00, 0x00, 0x48, 0x00, 0x84, 0x84, 0x00, 0x00, 0x48, 0x00, 0x84, 0x84, 0x00, 0x12,
    0x00, 0x40, 0x80, 0x80, 0x40, 0x92, 0x00, 0x92, 0x40, 0x82, 0x40, 0x84, 0x40, 0x80, 0x40, 0x92,
    0x40, 0x84, 0x40, 0x88, 0x40, 0x90, 0x40, 0x92, 0x40, 0x92, 0x00, 0x80, 0x40, 0x40, 0x80, 0x12,
    0x00, 0x00, 0x20, 0x02, 0x20, 0x04, 0x00, 0x00, 0x00, 0x80, 0x20, 0x20, 0x20, 0x20, 0x20, 0x20,
    0x04, 0x00, 0x00, 0x04, 0x80, 0x09, 0x00, 0x01, 0x00, 0x02, 0x00, 0x02, 0x00, 0x04, 0x00, 0x04,
    0x00, 0x08, 0x80, 0x08, 0x00, 0x10, 0x00, 0x10, 0x00, 0x80, 0x00, 0x80, 0x00, 0x80, 0xC0, 0x08,
    0xC0, 0x00, 0x40, 0x00, 0x40, 0x80, 0x00, 0x80, 0x00, 0x90, 0x00, 0x82, 0x00, 0x80, 0x00, 0x80,
    0x00, 0x82, 0x00, 0x80, 0x00, 0x80, 0x40, 0xE0, 0x00, 0x02, 0x40, 0x02, 0x40, 0x62, 0x40, 0x00,
    0x00, 0x80, 0x40, 0x00, 0x00, 0x13, 0x00, 0x09, 0x00, 0x12, 0x00, 0x12, 0x00, 0x24, 0x00, 0x20,
    0x00, 0x00, 0x00, 0x09, 0x80, 0x00, 0x80, 0x80, 0x40, 0x00, 0x00, 0x92, 0x40, 0x90, 0x40, 0x92,
    0x40, 0x00, 0x00, 0x80, 0x40, 0x00, 0x00, 0x13, 0x00, 0x00, 0x00, 0x00, 0x00, 0x22, 0x00, 0x22,
    0x40, 0x00, 0x00, 0x04, 0x00, 0x04, 0x80, 0x00, 0x00, 0x09, 0x00, 0x00, 0x00, 0x08, 0x00, 0x12,
    0x00, 0x00, 0x00, 0x12, 0x00, 0x00, 0x00, 0x20, 0x00, 0x24, 0x00, 0x12, 0x00, 0x00, 0x00, 0x00,
    0x00, 0x80, 0x40, 0x80, 0x40, 0x00, 0x00, 0x4C, 0x80, 0x21, 0x00, 0x00, 0x00, 0x00, 0x00, 0x0C,
    0x00, 0x00, 0x00, 0x92, 0x40, 0x92, 0x40, 0x00, 0x00, 0x40, 0x80, 0x12, 0x00, 0x33, 0x00, 0x00,
    0x00, 0x80, 0x40, 0x00, 0x00, 0x92, 0x40, 0x90, 0x40, 0x92, 0x40, 0x00, 0x00, 0x80, 0x40, 0x40,
    0x00, 0x64, 0x00, 0x00, 0x00, 0x01, 0x00, 0x09, 0x00, 0x12, 0x00, 0x12, 0x00, 0x24, 0x00, 0x00,
    0x00, 0x12, 0x00, 0x12, 0x00, 0x12, 0x00, 0x00, 0x00, 0x00, 0x00, 0x61, 0x80, 0x12, 0x00, 0x12,
    0x00, 0x12, 0x00, 0x7F, 0x80, 0x00, 0x00, 0x00, 0x00, 0x7F, 0x80, 0x00, 0x00, 0x00, 0x00, 0x00,
    0x00, 0x7F, 0x80, 0x00, 0x00, 0x00, 0x00, 0x06, 0x00, 0x00, 0x22, 0x04, 0x08, 0x48, 0x10, 0x80,
    0x00, 0x00, 0x00, 0x00, 0x80, 0x90, 0x00, 0x00, 0x44, 0x04, 0x13, 0x09, 0x05, 0x02, 0x60, 0x00,
    0x00, 0x44, 0x20, 0x10, 0x12, 0x08, 0x01, 0x00, 0x00, 0x00, 0x00, 0x01, 0x09, 0x00, 0x00, 0x22,
    0x20, 0xC8, 0x90, 0xA0, 0x40, 0x88, 0x80, 0x88, 0x40, 0x40, 0x20, 0x00, 0x00, 0x09, 0x00, 0x09,
    0x00, 0x09, 0x00, 0x09, 0x00, 0x09, 0x00, 0x40, 0x20, 0x80, 0x10, 0x80, 0x10, 0x12, 0x00, 0x40,
    0x80, 0x00, 0x00, 0x92, 0x40, 0x80, 0x40, 0x82, 0x40, 0x80, 0x40, 0x98, 0x40, 0x86, 0x40, 0x80,
    0x40, 0x90, 0x40, 0x80, 0x40, 0x92, 0x40, 0x00, 0x00, 0x40, 0x80, 0x12, 0x00, 0x10, 0x00, 0x20,
    0x00, 0xC0, 0x00, 0xB0, 0x00, 0x10, 0x00, 0x10, 0x00, 0x10, 0x00, 0x10, 0x00, 0x10, 0x00, 0x10,
    0x00, 0x10, 0x00, 0x10, 0x00, 0x10, 0x00, 0x02, 0x00, 0x00, 0x00, 0x00, 0x00, 0x12, 0x00, 0x40,
    0x80, 0x80, 0x40, 0x00, 0x00, 0xE2, 0x40, 0x02, 0x00, 0x02, 0x40, 0x00, 0x80, 0x19, 0x00, 0x22,
    0x00, 0x40, 0x00, 0x40, 0x00, 0x80, 0x80, 0x11, 0x00, 0x00, 0x00, 0x00, 0x00, 0x12, 0x00, 0x00,
    0x80, 0x80, 0x40, 0x00, 0x00, 0x02, 0x00, 0x06, 0x40, 0x00, 0x00, 0x01, 0x80, 0x04, 0x00, 0x00,
    0x00, 0x00, 0x40, 0x80, 0x00, 0x92, 0x40, 0x80, 0x00, 0x40, 0x80, 0x12, 0x00, 0x04, 0x80, 0x08,
    0x00, 0x08, 0x00, 0x10, 0x00, 0x10, 0x00, 0x20, 0x00, 0x20, 0x00, 0x00, 0x00, 0x10, 0x00, 0x10,
    0x00, 0x80, 0x00, 0x80, 0x00, 0x80, 0xC0, 0x08, 0xC0, 0x00, 0x40, 0x00, 0x40, 0x80, 0x00, 0x80,
    0x00, 0x90, 0x00, 0x80, 0x00, 0x80, 0x00, 0x82, 0x00, 0x80, 0x00, 0x80, 0x40, 0xE0, 0x00, 0x02,
    0x40, 0x02, 0x40, 0x62, 0x40, 0x00, 0x00, 0x80, 0x40, 0x00, 0x00, 0x13, 0x00, 0x09, 0x00, 0x12,
    0x00, 0x12, 0x00, 0x24, 0x00, 0x20, 0x00, 0x40, 0x00, 0x49, 0x80, 0x00, 0x80, 0x00, 0x40, 0x00,
    0x00, 0x92, 0x40, 0x92, 0x40, 0x00, 0x00, 0x80, 0x40, 0x00, 0x80, 0x12, 0x00, 0x00, 0x00, 0x00,
    0x00, 0x22, 0x00, 0x42, 0x40, 0x00, 0x00, 0x00, 0x00, 0x04, 0x80, 0x00, 0x00, 0x08, 0x00, 0x09,
    0x00, 0x00, 0x00, 0x10, 0x00, 0x12, 0x00, 0x00, 0x00, 0x20, 0x00, 0x24, 0x00, 0x12, 0x00, 0x00,
    0x00, 0x00, 0x00, 0x80, 0x40, 0x80, 0x40, 0x0C, 0x00, 0x40, 0x80, 0x00, 0x00, 0x21, 0x00, 0x4C,
    0x80, 0x12, 0x00, 0x92, 0x40, 0x92, 0x40, 0x00, 0x00, 0x40, 0x80, 0x12, 0x00, 0x12, 0x00, 0x00,
    0x00, 0x80, 0x40, 0x00, 0x00, 0x92, 0x40, 0x92, 0x40, 0x00, 0x00, 0x80, 0x00, 0x40, 0x00, 0x64,
    0x80, 0x00, 0x80, 0x01, 0x00, 0x01, 0x00, 0x12, 0x00, 0x12, 0x00, 0x24, 0x00, 0x12, 0x00, 0x12,
    0x00, 0x12, 0x00, 0x12, 0x00, 0x00, 0x00, 0x00, 0x00, 0x61, 0x80, 0x12, 0x00, 0x12, 0x00, 0x12,
    0x00, 0x02, 0x05, 0x09, 0x12, 0x04, 0x40, 0x00, 0x00, 0x90, 0x80, 0x00, 0x00, 0x00, 0x00, 0x80,
    0x10, 0x48, 0x08, 0x04, 0x22, 0x00, 0x00, 0x06, 0x00, 0x40, 0xA0, 0x90, 0x48, 0x20, 0x02, 0x00,
    0x00, 0x09, 0x01, 0x00, 0x00, 0x00, 0x00, 0x01, 0x08, 0x12, 0x10, 0x20, 0x44, 0x00, 0x00, 0x60,
    0x00, 0x12, 0x00, 0x00, 0x80, 0x10, 0x40, 0xE2, 0x00, 0x10, 0x00, 0x40, 0x00, 0x10, 0x00, 0x90,
    0x00, 0x90, 0x40, 0x82, 0x20, 0x22, 0x20, 0x12, 0x00, 0x40, 0x80, 0x12, 0x00, 0x80, 0x40, 0x80,
    0x40, 0x80, 0x40, 0x90, 0x00, 0x83, 0x80, 0x00, 0x00, 0x40, 0x80, 0x12, 0x00, 0x12, 0x00, 0x40,
    0x80, 0x00, 0x00, 0x92, 0x40, 0x80, 0x40, 0x80, 0x40, 0x80, 0x40, 0x92, 0x40, 0x00, 0x00, 0x40,
    0x80, 0x12, 0x00, 0x80, 0x10, 0x86, 0x10, 0x06, 0x00, 0x10, 0x80, 0x00, 0x00, 0x00, 0x00, 0x00,
    0x00, 0x10, 0x80, 0x06, 0x00, 0x86, 0x10, 0x80, 0x10, 0x09, 0x80, 0x00, 0x00, 0x1E, 0x00, 0x82,
    0x40, 0x80, 0x40, 0x80, 0x40, 0x80, 0x40, 0x92, 0x40, 0x80, 0x00, 0x40, 0x80, 0x12, 0x00, 0x88,
    0x00, 0x88, 0x00, 0x48, 0x00, 0x08, 0x00, 0x08, 0x00, 0x08, 0xC0, 0x08, 0x40, 0x06, 0x20, 0x00,
    0x00, 0x09, 0x00, 0x09, 0x00, 0x09, 0x00, 0x09, 0x00, 0x40, 0x20, 0x80, 0x10, 0x80, 0x10, 0x90,
    0x00, 0x90, 0x00, 0x10, 0x00, 0x90, 0x00, 0x90, 0x00, 0x92, 0x20, 0x90, 0x20, 0x94, 0x00, 0x90,
    0x00, 0x92, 0x00, 0x80, 0x00, 0x81, 0x00, 0x88, 0x00, 0x18, 0x80, 0x8A, 0x20, 0x8A, 0x20, 0x00,
    0x00, 0x80, 0x20, 0x20, 0x20, 0x20, 0x20, 0x20, 0x20, 0x20, 0x20, 0x20, 0x04, 0x00, 0x00, 0x19,
    0x40, 0x00, 0x00, 0x50, 0xA0, 0x59, 0xA0, 0x59, 0xA0, 0x59, 0xA0, 0x59, 0xA0, 0x59, 0xA0, 0x59,
    0xA0, 0x19, 0x80, 0x19, 0x80, 0x88, 0xC0, 0x88, 0x40, 0x40, 0x20, 0x00, 0x00, 0x09, 0x00, 0x09,
    0x00, 0x09, 0x00, 0x09, 0x00, 0x40, 0x20, 0x80, 0x10, 0x80, 0x10, 0x88, 0xC0, 0x88, 0x00, 0x40,
    0x00, 0x01, 0x20, 0x08, 0x20, 0x08, 0x20, 0x08, 0x20, 0x01, 0x20, 0x07, 0x00, 0x08, 0x00, 0x08,
    0xC0, 0x08, 0x00, 0x08, 0x00, 0x44, 0x00, 0x80, 0x00, 0x80, 0x00, 0x64, 0x00, 0x00, 0x00, 0x82,
    0x00, 0x80, 0x00, 0x4A, 0x40, 0x21, 0x80, 0x94, 0x00, 0x00, 0x00, 0x12, 0x00, 0x00, 0x40, 0x09,
    0x80, 0x00, 0x00, 0x00, 0x00, 0x00, 0x00, 0x00, 0x00, 0x00, 0x00, 0x00, 0x80, 0x00, 0x80, 0x24,
    0x80, 0x00, 0x00, 0x00, 0x00, 0x00, 0x00, 0x00, 0xC0, 0x01, 0x00, 0x20, 0x00, 0x10, 0x00, 0x01,
    0x00, 0x00, 0x4C, 0x00, 0x84, 0x00, 0x30, 0x09, 0x00, 0x20, 0x00, 0x40, 0x00, 0x41, 0x00, 0x08,
    0x80, 0x80, 0xC0, 0x8A, 0x10, 0x89, 0x20, 0x8C, 0x80, 0x8C, 0x20, 0x8A, 0x80, 0x81, 0x00, 0x82,
    0x40, 0x85, 0x00, 0x80, 0x80, 0x84, 0x80, 0x82, 0x00, 0x81, 0x78, 0x84, 0x00, 0x0C, 0x08, 0x43,
    0x80, 0x00, 0x00, 0x40, 0x10, 0x30, 0x80, 0x30, 0x00, 0x84, 0x00, 0xC8, 0x00, 0x00, 0x00, 0x00,
    0x00, 0x00, 0x00, 0x04, 0x20, 0x00, 0x20, 0x00, 0x18, 0x00, 0x00, 0x00, 0x00, 0x00, 0x00, 0x00,
    0x00, 0x00, 0x00, 0x00, 0x00, 0xC7, 0x80, 0x00, 0x00, 0x00, 0x00, 0x00, 0x00, 0xC7, 0x80, 0x00,
    0x00, 0x00, 0x00, 0x00, 0x00, 0x04, 0x00, 0x00, 0x00, 0x00, 0x00, 0x00, 0x00, 0x02, 0x60, 0x08,
    0x10, 0x00, 0x10, 0x11, 0x08, 0x02, 0x80, 0x02, 0x08, 0x02, 0x00, 0x02, 0x00, 0x02, 0x00, 0x00,
    0x00, 0x00, 0x00, 0x63, 0xC0, 0x02, 0x00, 0x02, 0x00, 0x00, 0x00, 0x00, 0x00, 0x02, 0x40, 0x20,
    0x00, 0x02, 0x00, 0x00, 0x20, 0x04, 0x20, 0x00, 0x00, 0x00, 0x00, 0x00, 0x00, 0x00, 0x00, 0x00,
    0x00, 0x84, 0xA4, 0x80, 0x00, 0x00, 0x00, 0x42, 0x10, 0x40, 0x22, 0x40, 0x02, 0x40, 0x02, 0x40,
    0x02, 0x40, 0x02, 0x40, 0x02, 0x42, 0x02, 0x44, 0x02, 0x44, 0x02, 0x40, 0x02, 0x00, 0x00, 0x80,
    0x01, 0x80, 0x01, 0x04, 0x00, 0x18, 0x00, 0x84, 0x04, 0x80, 0x04, 0xC4, 0xCC, 0x00, 0x00, 0x02,
    0x00, 0x00, 0x00, 0x02, 0x00, 0x00, 0x00, 0x48, 0x08, 0x00, 0x00, 0x00, 0x00, 0x08, 0x40, 0x0C,
    0x40, 0x40, 0x88, 0x00, 0x00, 0x00, 0x00, 0x02, 0x40, 0x00, 0x00, 0x01, 0x00, 0x01, 0x00, 0x00,
    0x00, 0xCC, 0x80, 0x80, 0x00, 0x80, 0x80, 0x8C, 0x00, 0x82, 0x00, 0x82, 0x00, 0x99, 0x00, 0x98,
    0x00, 0x90, 0x00, 0x90, 0x00, 0x90, 0x80, 0x90, 0x80, 0x99, 0x80, 0x99, 0x00, 0x82, 0x00, 0x82,
    0x00, 0x80, 0x00, 0x90, 0x00, 0x90, 0x00, 0x90, 0x00, 0x90, 0x05, 0x90, 0x05, 0x90, 0x05, 0x90,
    0x08, 0x88, 0x21, 0x88, 0x20, 0x88, 0x06, 0x86, 0x00, 0x00, 0x81, 0x00, 0x00, 0x81, 0x00, 0x00,
    0x54, 0x00, 0x00, 0x54, 0x80, 0x00, 0x54, 0x80, 0x00, 0x50, 0x80, 0x00, 0x50, 0x16, 0x00, 0x54,
    0x80, 0x00, 0x54, 0xA4, 0x00, 0x54, 0x02, 0x00, 0x41, 0x00, 0x00, 0x41, 0x08, 0x00, 0x42, 0x24,
    0x00, 0x5A, 0x02, 0x00, 0x50, 0x10, 0x00, 0x59, 0x10, 0x00, 0x50, 0x04, 0x00, 0x55, 0x40, 0x00,
    0x50, 0x42, 0x00, 0x50, 0xC8, 0x00, 0x8C, 0x40, 0x80, 0x88, 0x40, 0x00, 0x8A, 0x41, 0x00, 0x00,
    0x00, 0x00, 0x00, 0x00, 0x00, 0x40, 0x02, 0x40, 0x02, 0x00, 0x00, 0x00, 0x00, 0x40, 0x02, 0x8A,
    0x51, 0x00, 0x00, 0x00, 0x00, 0x08, 0x10, 0x24, 0x24, 0x25, 0xA4, 0xA5, 0xA5, 0x00, 0x00, 0x00,
    0x00, 0x21, 0x84, 0x01, 0x80, 0x00, 0x00, 0x10, 0x08, 0x12, 0x48, 0x10, 0x08, 0x00, 0x00, 0x81,
    0x01, 0x80, 0x21, 0x9F, 0x21, 0x80, 0x81, 0x86, 0x11, 0x88, 0x11, 0x88, 0x11, 0x88, 0x11, 0x88,
    0x11, 0x88, 0x11, 0x88, 0x11, 0x88, 0x11, 0x88, 0x61, 0x88, 0x08, 0x88, 0xF2, 0x88, 0x04, 0x88,
    0x10, 0x00, 0x80, 0x00, 0x80, 0x00, 0x80, 0x00, 0x00, 0x00, 0x00, 0x00, 0x00, 0x03, 0xC6, 0x02,
    0x00, 0x20, 0x00, 0x00, 0x40, 0x43, 0x80, 0x08, 0x00, 0x80, 0x40, 0x88, 0x00, 0x88, 0x00, 0x88,
    0x00, 0x88, 0x00, 0x88, 0x00, 0x80, 0x40, 0x08, 0x00, 0x44, 0x00, 0x02, 0x42, 0x20, 0x02, 0x02,
    0x02, 0x00, 0x00, 0x00, 0x00, 0x00, 0x00, 0x00, 0x00, 0x00, 0x00, 0x00, 0x00, 0x04, 0xE0, 0x00,
    0x20, 0x20, 0x00, 0x20, 0x40, 0x04, 0x00, 0x40, 0x20, 0x44, 0x00, 0x44, 0x00, 0x80, 0x80, 0x00,
    0x00, 0x00, 0x00, 0x44, 0x00, 0x44, 0x00, 0x00, 0x00, 0x00, 0x00, 0x80, 0x80, 0x44, 0x00, 0x44,
    0x3C, 0x40, 0x00, 0x04, 0x04, 0x21, 0xC0, 0x20, 0x00, 0x10, 0x08, 0x0C, 0x40, 0x82, 0x02, 0x82,
    0x42, 0x82, 0x82, 0x04, 0x90, 0x01, 0x10, 0x01, 0x20, 0x02, 0x20, 0x02, 0x40, 0x04, 0x40, 0x04,
    0x80, 0x00, 0x80, 0x00, 0x00, 0x00, 0x00, 0x40, 0x00, 0x00, 0x00, 0x00, 0x40, 0x02, 0x20, 0x01,
    0x20, 0x01, 0x10, 0x00, 0x10, 0x04, 0x08, 0x82, 0x82, 0x82, 0x42, 0x82, 0x42, 0x80, 0x04, 0x80,
    0x04, 0x80, 0x04, 0x84, 0x84, 0x84, 0x84, 0x74, 0xB8, 0x04, 0x80, 0x04, 0xA0, 0x04, 0x10, 0x00,
    0x30, 0x00, 0x40, 0x20, 0x80, 0x0C, 0xC0, 0x04, 0x10, 0x08, 0x00, 0x30, 0x00, 0x20, 0x80, 0x14,
    0x80, 0x04, 0x80, 0x04, 0x80, 0x04, 0x80, 0x00, 0x00, 0x00, 0x00, 0x00, 0x00, 0x80, 0x00, 0x00,
    0x82, 0x00, 0x00, 0x80, 0x00, 0x00, 0x58, 0x00, 0x00, 0x50, 0x80, 0x00, 0x54, 0x80, 0x00, 0x50,
    0x80, 0x00, 0x50, 0x1A, 0x00, 0x50, 0x21, 0x00, 0x50, 0x00, 0x80, 0x50, 0x0C, 0x00, 0x50, 0x02,
    0x80, 0x50, 0x4A, 0x80, 0x50, 0x4A, 0x80, 0x50, 0x4A, 0x80, 0x50, 0x4A, 0x80, 0x50, 0x4A, 0x80,
    0x50, 0xCA, 0x80, 0x54, 0xCA, 0x80, 0x50, 0xCA, 0x80, 0x58, 0x48, 0x00, 0x80, 0x40, 0x00, 0x82,
    0x40, 0x00, 0x80, 0x4C, 0x00, 0x00, 0x48, 0x00, 0x00, 0x48, 0x00, 0x00, 0x48, 0x00, 0x00, 0x48,
    0x00, 0x00, 0x48, 0x00, 0x00, 0x48, 0x00, 0x00, 0x48, 0x00, 0x80, 0x60, 0x80, 0x00, 0x80, 0x08,
    0x05, 0x08, 0x07, 0xC4, 0x00, 0x02, 0xC7, 0xC4, 0x07, 0xC0, 0x00, 0x02, 0xC7, 0xC0, 0x00, 0x40,
    0x05, 0x80, 0x00, 0x00, 0x00, 0x10, 0x00, 0x80, 0x00, 0x00, 0x00, 0x00, 0x00, 0x00, 0x00, 0x00,
    0x00, 0x00, 0x04, 0x00, 0x80, 0x00, 0x80, 0x00, 0x80, 0x00, 0x03, 0x00, 0x00, 0x00, 0x00, 0x00,
    0x08, 0xC0, 0x20, 0x00, 0x40, 0x00, 0x40, 0x80, 0x08, 0x00, 0x80, 0x40, 0x88, 0x00, 0x88, 0x00,
    0x88, 0x00, 0x88, 0x00, 0x88, 0x00, 0x88, 0x00, 0x88, 0x00, 0x88, 0x00, 0x88, 0x00, 0x88, 0x00,
    0x88, 0x00, 0x88, 0x00, 0x80, 0x40, 0x08, 0x00, 0x40, 0xC0, 0x00, 0x00, 0x20, 0x40, 0x00, 0x40,
    0x00, 0x00, 0x00, 0x00, 0x03, 0x00, 0x04, 0x20, 0x04, 0x20, 0x00, 0x00, 0x04, 0x20, 0x00, 0x00,
    0x00, 0x00, 0x09, 0x90, 0x01, 0x80, 0x08, 0x10, 0x00, 0x00, 0x00, 0x00, 0x40, 0x00, 0x40, 0x00,
    0x00, 0x00, 0x00, 0x00, 0x00, 0x00, 0x22, 0x44, 0x20, 0x04, 0x00, 0x00, 0x24, 0x24, 0x04, 0x20,
    0x82, 0x41, 0x82, 0x41, 0x82, 0x41, 0x0E, 0x60, 0x08, 0x00, 0x02, 0x08, 0x04, 0x00, 0x00, 0x48,
    0x08, 0x00, 0x00, 0x40, 0x00, 0x08, 0x00, 0x00, 0x00, 0x00, 0x04, 0x10, 0x08, 0x20, 0x10, 0x00,
    0x20, 0x00, 0x00, 0x00, 0x00, 0x00, 0x08, 0x00, 0x80, 0x00, 0x88, 0x40, 0x00, 0x00, 0x44, 0x80,
    0x00, 0x00, 0x20, 0x40, 0x09, 0xC0, 0x03, 0x00, 0x00, 0x00, 0x00, 0x00, 0x08, 0xC0, 0x20, 0x00,
    0x40, 0x00, 0x40, 0x80, 0x08, 0x00, 0x80, 0x40, 0x88, 0x00, 0x88, 0x00, 0x88, 0x00, 0x88, 0x00,
    0x88, 0x00, 0x88, 0x00, 0x88, 0x00, 0x88, 0x00, 0x88, 0x00, 0x88, 0x00, 0x88, 0x00, 0x88, 0x78,
    0x80, 0x00, 0x08, 0x08, 0x40, 0x80, 0x40, 0x00, 0x20, 0x10, 0x18, 0x80, 0x00, 0x00, 0x00, 0x00,
    0x80, 0x04, 0x80, 0x04, 0x00, 0x00, 0x00, 0x00, 0x00, 0x00, 0x80, 0x04, 0x80, 0x04, 0x80, 0x04,
    0x84, 0x84, 0x84, 0x84, 0x14, 0xA0, 0x04, 0x80, 0x04, 0x80, 0x04, 0x80, 0x04, 0x80, 0x04, 0x80,
    0x04, 0x80, 0x04, 0x80, 0x04, 0x80, 0x04, 0x80, 0x04, 0x80, 0x00, 0x00, 0x00, 0x00, 0x00, 0x00,
    0x00, 0x00, 0x00, 0x00, 0x00, 0x00, 0x00, 0x00, 0x00, 0x00, 0x00, 0x20, 0x00, 0x00, 0x00, 0x00,
    0x00, 0x00, 0xFC, 0x10, 0x02, 0x20, 0xFC, 0x40, 0x00, 0x40, 0x00, 0x80, 0xE1, 0x00, 0x10, 0x00,
    0x00, 0x00, 0x04, 0x40, 0x04, 0x40, 0x02, 0x20, 0x00, 0x00, 0x00, 0x04, 0x00, 0x84, 0x00, 0x84,
    0x00, 0x00, 0x00, 0x00, 0x00, 0x00, 0x02, 0x00, 0x00, 0x00, 0x00, 0x00, 0x00, 0x00, 0x00, 0x00,
    0x00, 0x00, 0x00, 0x40, 0x81, 0x80, 0x00, 0x00, 0x61, 0x00, 0x00, 0x00, 0x00, 0x40, 0xC0, 0x80,
    0x00, 0x00, 0x00, 0x1C, 0x00, 0x22, 0x00, 0x00, 0x02, 0x04, 0x00, 0x04, 0x00, 0x00, 0x00, 0x30,
    0x00, 0x00, 0x00, 0x00, 0x00, 0x00, 0x00, 0x00, 0x00, 0x00, 0x00, 0x00, 0x10, 0x08, 0x22, 0x44,
    0x44, 0x22, 0x08, 0x10, 0x00, 0x00, 0x40, 0x02, 0x40, 0x02, 0x40, 0x02, 0x40, 0x02, 0x40, 0x02,
    0x40, 0x02, 0x40, 0x02, 0x40, 0x02, 0x08, 0x10, 0x80, 0x01, 0x80, 0x01, 0x40, 0x50, 0x40, 0x08,
    0x40, 0x04, 0x02, 0x84, 0x00, 0x20, 0x00, 0x22, 0x00, 0x00, 0x00, 0x00, 0x00, 0x00, 0x00, 0x22,
    0x00, 0x20, 0x02, 0x84, 0x80, 0x04, 0x80, 0x08, 0x80, 0x50, 0x00, 0x00, 0x61, 0xF0, 0x80, 0x00,
    0x80, 0x00, 0x00, 0x00, 0x02, 0x00, 0x40, 0x00, 0x40, 0x00, 0x40, 0x00, 0x00, 0x00, 0x08, 0x40,
    0x08, 0x40, 0x08, 0x40, 0x18, 0x20, 0x20, 0x10, 0x43, 0x08, 0x80, 0x00, 0x18, 0x44, 0x98, 0x60,
    0x18, 0x5C, 0x18, 0x40, 0x18, 0x40, 0x18, 0x40, 0x10, 0x00, 0x10, 0x00, 0x10, 0x00, 0x10, 0x00,
    0x10, 0x00, 0x10, 0x00, 0x10, 0x00, 0x10, 0x00, 0x90, 0x00, 0x90, 0x00, 0x40, 0x00, 0x63, 0xF8,
    0x80, 0x04, 0x80, 0x04, 0x02, 0x10, 0x02, 0x10, 0x02, 0x10, 0x80, 0x10, 0x80, 0x10, 0x80, 0x88,
    0x08, 0x44, 0x08, 0x00, 0x08, 0x20, 0x08, 0x24, 0x08, 0x20, 0x08, 0x00, 0x08, 0x40, 0x00, 0x88,
    0x00, 0x10, 0x00, 0x08, 0x08, 0x04, 0x08, 0x20, 0x08, 0x12, 0x08, 0x00, 0x08, 0x10, 0x08, 0x00,
    0x08, 0x12, 0x08, 0x04, 0x80, 0x44, 0x80, 0x08, 0x80, 0x10, 0x02, 0x10, 0x02, 0x10, 0x02, 0x10,
    0x08, 0x00, 0x09, 0xC0, 0x20, 0x40, 0x40, 0x00, 0x40, 0x80, 0x08, 0x00, 0x80, 0x40, 0x88, 0x00,
    0x88, 0x00, 0x88, 0x00, 0x88, 0x00, 0x88, 0x78, 0x80, 0x00, 0x08, 0x08, 0x43, 0x80, 0x40, 0x00,
    0x20, 0x10, 0x18, 0x80, 0x00, 0x00, 0x00, 0x00, 0x00, 0x00, 0x00, 0x00, 0x00, 0x00, 0x00, 0x00,
    0x48, 0x48, 0x48, 0x48, 0x48, 0x48, 0x48, 0x48, 0x48, 0x48, 0x48, 0x48, 0x48, 0x48, 0x78, 0x00,
    0x00, 0x00, 0x30, 0x00, 0x84, 0x84, 0x84, 0x48, 0x79, 0xE0, 0x09, 0x00, 0x09, 0x00, 0x09, 0x00,
    0x09, 0x00, 0x09, 0x00, 0x09, 0x00, 0x09, 0x00, 0x09, 0x00, 0x09, 0x00, 0x09, 0x00, 0x1C, 0x38,
    0x10, 0x08, 0x10, 0x08, 0x10, 0x08, 0x10, 0x08, 0x12, 0x48, 0x00, 0x00, 0x00, 0x00, 0x00, 0x00,
    0x10, 0x08, 0x10, 0x08, 0x10, 0x08, 0x10, 0x08, 0x10, 0x08, 0x12, 0x48, 0x00, 0x00, 0x00, 0x00,
    0x00, 0x00, 0x10, 0x08, 0x10, 0x08, 0x10, 0x08, 0x10, 0x08, 0x10, 0x08, 0x06, 0x00, 0x09, 0x00,
    0x09, 0x00, 0x09, 0x00, 0x09, 0x00, 0x31, 0x00, 0x40, 0x80, 0x00, 0x00, 0x89, 0x00, 0x10, 0x80,
    0x10, 0x00, 0x90, 0x00, 0x88, 0x00, 0x00, 0x00, 0x41, 0x00, 0x20, 0x00, 0x08, 0x20, 0x00, 0x00,
    0x01, 0x10, 0x00, 0x80, 0x00, 0x00, 0x10, 0x80, 0x00, 0x00, 0x00, 0x10, 0x10, 0x00, 0x08, 0x00,
    0x09, 0x00, 0x09, 0x00, 0x09, 0x00, 0x09, 0x00, 0x09, 0x00, 0x22, 0x12, 0x41, 0x12, 0x08, 0x00,
    0x14, 0x00, 0x14, 0x24, 0x14, 0x24, 0x14, 0x00, 0x14, 0x08, 0x14, 0x48, 0x08, 0x70, 0x41, 0x00,
    0x22, 0x10, 0x00, 0x00, 0x00, 0x00, 0x0E, 0x28, 0x12, 0x28, 0x10, 0x28, 0x00, 0x28, 0x04, 0x28,
    0x24, 0x28, 0x00, 0x28, 0x00, 0x10, 0x48, 0x82, 0x48, 0x44, 0x08, 0x80, 0x00, 0x00, 0x20, 0x20,
    0x04, 0x00, 0x00, 0x10, 0x40, 0x90, 0x00, 0x10, 0x00, 0x00, 0x25, 0x20, 0x00, 0x00, 0x10, 0x40,
    0x00, 0x80, 0x00, 0x00, 0x20, 0x80, 0x44, 0x00, 0x0A, 0x64, 0x00, 0x04, 0x01, 0x00, 0x00, 0x08,
    0x00, 0x80, 0x48, 0x88, 0x03, 0x00, 0x20, 0x44, 0x09, 0xA0, 0xF0, 0x00, 0x00, 0x00, 0x00, 0x00,
    0x90, 0x90, 0x90, 0x90, 0x90, 0x00, 0x00, 0x01, 0x80, 0x02, 0x40, 0x04, 0x00, 0x08, 0x00, 0x10,
    0x00, 0x00, 0x00, 0x22, 0x00, 0x04, 0x00, 0x40, 0x00, 0x40, 0x00, 0x08, 0x00, 0x08, 0x00, 0x00,
    0x00, 0x80, 0x00, 0x80, 0x00, 0x80, 0x00, 0x80, 0x00, 0x80, 0x00, 0x80, 0x00, 0x00, 0x00, 0x08,
    0x00, 0x08, 0x00, 0x40, 0x00, 0x40, 0x00, 0x04, 0x00, 0x20, 0x00, 0x00, 0x00, 0x11, 0x00, 0x08,
    0x80, 0x04, 0x00, 0x02, 0x40, 0x01, 0x00, 0x00, 0x00, 0x00, 0x00, 0x30, 0x00, 0x48, 0x00, 0x04,
    0x00, 0x02, 0x00, 0x01, 0x00, 0x00, 0x00, 0x08, 0x80, 0x04, 0x00, 0x00, 0x40, 0x00, 0x40, 0x02,
    0x00, 0x02, 0x00, 0x00, 0x00, 0x00, 0x20, 0x00, 0x20, 0x00, 0x20, 0x00, 0x20, 0x00, 0x20, 0x00,
    0x20, 0x00, 0x00, 0x02, 0x00, 0x02, 0x00, 0x00, 0x40, 0x00, 0x40, 0x04, 0x00, 0x00, 0x80, 0x00,
    0x00, 0x11, 0x00, 0x22, 0x00, 0x04, 0x00, 0x48, 0x00, 0x10, 0x00, 0x00, 0x00, 0x04, 0x80, 0x04,
    0x80, 0x04, 0x80, 0x44, 0x88, 0x0C, 0xC0, 0x80, 0x04, 0x60, 0x18, 0x08, 0x40, 0x00, 0x00, 0x13,
    0x20, 0x20, 0x10, 0x24, 0x90, 0x18, 0x60, 0x00, 0x00, 0x09, 0x00, 0x09, 0x00, 0x09, 0x00, 0x09,
    0x00, 0x09, 0x00, 0x00, 0x00, 0x00, 0x00, 0xF0, 0xF0, 0x09, 0x00, 0x09, 0x00, 0x09, 0x00, 0x09,
    0x00, 0x06, 0x00, 0x00, 0x00, 0x42, 0x00, 0x00, 0x40, 0x22, 0x12, 0x00, 0x24, 0x40, 0x80, 0x50,
    0x20, 0x00, 0x00, 0x00, 0x00, 0x00, 0x00, 0x00, 0x00, 0x00, 0x00, 0x42, 0x00, 0x00, 0x42, 0x24,
    0x00, 0x40, 0x00, 0x48, 0x00, 0x08, 0x00, 0x80, 0x00, 0x80, 0x00, 0x10, 0x00, 0x10, 0x01, 0x00,
    0x01, 0x20, 0x00, 0x20, 0x02, 0x00, 0x02, 0x00, 0x00, 0x40, 0x00, 0x40, 0x04, 0x00, 0x04, 0x80,
    0x00, 0x80, 0x08, 0x00, 0x08, 0x00, 0x01, 0x00, 0x01, 0x00, 0x10, 0x00, 0x12, 0x00, 0x02, 0x00,
    0x20, 0x00, 0x20, 0x00, 0x04, 0x00, 0x04, 0x00, 0x40, 0x00, 0x48, 0x00, 0x08, 0x00, 0x0C, 0xC0,
    0x00, 0x00, 0x00, 0x00, 0x44, 0x88, 0x08, 0x40, 0x08, 0x40, 0x00, 0x00, 0x00, 0x00, 0x00, 0x40,
    0x00, 0x80, 0x00, 0x00, 0x04, 0x40, 0x08, 0x80, 0x00, 0x00, 0x04, 0x00, 0x08, 0x00, 0x00, 0x00,
    0x00, 0x00, 0x08, 0x40, 0x08, 0x40, 0x44, 0x88, 0x00, 0x00, 0x00, 0x00, 0x0C, 0xC0, 0x00, 0x00,
    0x00, 0x00, 0x00, 0x00, 0x00, 0x00, 0x46, 0x00, 0x4A, 0x00, 0x22, 0x00, 0x02, 0x00, 0x02, 0x00,
    0x02, 0x00, 0x02, 0x00, 0x02, 0x00, 0x02, 0x00, 0x02, 0x00, 0x02, 0x00, 0x02, 0x00, 0x02, 0x00,
    0x02, 0x00, 0x02, 0x00, 0x02, 0x00, 0x02, 0x00, 0x20, 0x04, 0x20, 0x04, 0x20, 0x04, 0x0C, 0xC0,
    0x00, 0x00, 0x00, 0x00, 0x44, 0x88, 0x40, 0x08, 0x08, 0x40, 0x00, 0x40, 0x00, 0x40, 0x00, 0x40,
    0x00, 0x08, 0x00, 0x80, 0x01, 0x10, 0x02, 0x20, 0x00, 0x40, 0x00, 0x80, 0x11, 0x00, 0x22, 0x00,
    0x00, 0x00, 0x04, 0x38, 0x40, 0x20, 0x40, 0x20, 0x00, 0x00, 0x00, 0x00, 0x00, 0x00, 0x0C, 0xC0,
    0x00, 0x00, 0x20, 0x00, 0x04, 0x88, 0x40, 0x08, 0x48, 0x40, 0x00, 0x40, 0x00, 0x48, 0x00, 0x08,
    0x00, 0x80, 0x00, 0x00, 0x00, 0x20, 0x00, 0x10, 0x00, 0x80, 0x00, 0x40, 0x00, 0x00, 0x00, 0x04,
    0x00, 0x04, 0x00, 0x04, 0x08, 0x40, 0x44, 0x88, 0x00, 0x00, 0x00, 0x10, 0x0C, 0x40, 0x00, 0x00,
    0x01, 0x20, 0x00, 0x00, 0x02, 0x40, 0x00, 0x00, 0x04, 0x00, 0x00, 0x80, 0x08, 0x00, 0x09, 0x00,
    0x00, 0x00, 0x12, 0x60, 0x00, 0x90, 0x24, 0x90, 0x00, 0x90, 0x40, 0x90, 0x08, 0x90, 0x00, 0x00,
    0x00, 0x00, 0x00, 0x00, 0x00, 0x90, 0x00, 0x90, 0x02, 0x00, 0x02, 0x00, 0x02, 0x00, 0x40, 0x08,
    0x40, 0x08, 0x40, 0x08, 0x48, 0x48, 0x48, 0x48, 0x48, 0x30, 0x48, 0x00, 0x48, 0x00, 0x44, 0xC0,
    0x40, 0x00, 0x40, 0x10, 0x44, 0x88, 0x40, 0x08, 0x00, 0x40, 0x00, 0x40, 0x00, 0x00, 0x00, 0x00,
    0x00, 0x40, 0x08, 0x40, 0x40, 0x08, 0x44, 0x88, 0x00, 0x10, 0x00, 0x00, 0x0C, 0xC0, 0x02, 0x00,
    0x00, 0x40, 0x04, 0x00, 0x00, 0x80, 0x08, 0x00, 0x01, 0x00, 0x10, 0x00, 0x02, 0x00, 0x20, 0x00,
    0x06, 0x20, 0x00, 0x10, 0x40, 0x00, 0x44, 0x88, 0x08, 0x40, 0x08, 0x40, 0x08, 0x00, 0x00, 0x00,
    0x08, 0x40, 0x08, 0x40, 0x00, 0x08, 0x44, 0x88, 0x00, 0x00, 0x00, 0x00, 0x0C, 0xC0, 0x00, 0x00,
    0x00, 0x00, 0x00, 0x00, 0x20, 0x90, 0x20, 0x10, 0xE1, 0x00, 0x01, 0x00, 0x00, 0x20, 0x00, 0x20,
    0x02, 0x00, 0x02, 0x00, 0x00, 0x40, 0x04, 0x00, 0x04, 0x00, 0x00, 0x80, 0x00, 0x80, 0x08, 0x00,
    0x08, 0x00, 0x01, 0x00, 0x00, 0x00, 0x10, 0x00, 0x02, 0x00, 0x02, 0x00, 0x20, 0x00, 0x0C, 0xC0,
    0x00, 0x00, 0x00, 0x00, 0x44, 0x88, 0x40, 0x08, 0x48, 0x48, 0x40, 0x08, 0x40, 0x08, 0x04, 0x80,
    0x23, 0x10, 0x10, 0x20, 0x08, 0x40, 0x10, 0x20, 0x20, 0x10, 0x00, 0x00, 0x40, 0x08, 0x08, 0x40,
    0x08, 0x40, 0x00, 0x00, 0x08, 0x40, 0x44, 0x88, 0x00, 0x00, 0x20, 0x10, 0x08, 0x40, 0x0C, 0xC0,
    0x00, 0x00, 0x00, 0x00, 0x44, 0x88, 0x40, 0x08, 0x08, 0x40, 0x08, 0x40, 0x00, 0x00, 0x00, 0x40,
    0x08, 0x40, 0x08, 0x40, 0x44, 0x88, 0x00, 0x08, 0x20, 0x00, 0x11, 0x80, 0x00, 0x10, 0x01, 0x00,
    0x00, 0x20, 0x02, 0x00, 0x00, 0x40, 0x04, 0x00, 0x00, 0x80, 0x08, 0x00, 0x01, 0x00, 0x24, 0x42,
    0x00, 0x00, 0x42, 0x00, 0x00, 0x00, 0x00, 0x00, 0x00, 0x00, 0x42, 0x00, 0x00, 0x42, 0x24, 0x24,
    0x42, 0x00, 0x00, 0x42, 0x00, 0x00, 0x00, 0x00, 0x00, 0x00, 0x00, 0x42, 0x00, 0x00, 0x40, 0x22,
    0x12, 0x00, 0x24, 0x40, 0x80, 0x50, 0x20, 0x00, 0x00, 0x00, 0x50, 0x00, 0x88, 0x02, 0x10, 0x08,
    0x40, 0x10, 0x80, 0x42, 0x00, 0x80, 0x00, 0x10, 0x00, 0x10, 0x00, 0x08, 0x00, 0x42, 0x00, 0x10,
    0x80, 0x08, 0x40, 0x02, 0x10, 0x01, 0x08, 0x00, 0x40, 0x00, 0x00, 0xFF, 0xF0, 0x00, 0x00, 0x00,
    0x00, 0x00, 0x00, 0x00, 0x00, 0x00, 0x00, 0xFF, 0xF0, 0x00, 0x00, 0x00, 0x00, 0x00, 0x00, 0x50,
    0x00, 0x88, 0x00, 0x42, 0x00, 0x10, 0x80, 0x08, 0x40, 0x02, 0x10, 0x00, 0x08, 0x00, 0x40, 0x00,
    0x40, 0x00, 0x80, 0x02, 0x10, 0x08, 0x40, 0x10, 0x80, 0x42, 0x00, 0x84, 0x00, 0x10, 0x00, 0x00,
    0x00, 0x0C, 0xC0, 0x00, 0x00, 0x00, 0x00, 0x44, 0x88, 0x08, 0x48, 0x08, 0x40, 0x00, 0x40, 0x00,
    0x08, 0x00, 0x88, 0x00, 0x00, 0x00, 0x10, 0x02, 0x20, 0x00, 0x40, 0x04, 0x00, 0x04, 0x00, 0x04,
    0x80, 0x00, 0x00, 0x00, 0x00, 0x03, 0x00, 0x00, 0x00, 0x08, 0x40, 0x08, 0x40, 0x08, 0x40, 0x04,
    0x80, 0x19, 0x80, 0x00, 0x00, 0x40, 0x00, 0x89, 0x10, 0x90, 0x90, 0x00, 0x00, 0x00, 0x80, 0x20,
    0x00, 0x24, 0x00, 0x21, 0x40, 0x29, 0x40, 0x29, 0x40, 0x29, 0x40, 0x29, 0x40, 0x29, 0x40, 0x29,
    0x40, 0x29, 0x40, 0x29, 0x00, 0x21, 0x10, 0x24, 0x10, 0x00, 0x20, 0x01, 0x80, 0x90, 0x00, 0x88,
    0x00, 0x40, 0x20, 0x00, 0x20, 0x18, 0x20, 0x00, 0x00, 0x00, 0x00, 0x04, 0x20, 0x04, 0x20, 0x00,
    0x00, 0x00, 0x00, 0x00, 0x00, 0x09, 0x90, 0x09, 0x90, 0x09, 0x90, 0x00, 0x00, 0x00, 0x00, 0x10,
    0x00, 0x12, 0x48, 0x10, 0x08, 0x00, 0x00, 0x00, 0x00, 0x00, 0x00, 0x20, 0x04, 0x24, 0x24, 0x04,
    0x20, 0x02, 0x40, 0x02, 0x40, 0x02, 0x40, 0x00, 0x40, 0x00, 0x10, 0x00, 0x08, 0x04, 0x00, 0x04,
    0x04, 0x04, 0x04, 0x04, 0x04, 0x04, 0x04, 0x04, 0x04, 0x04, 0x00, 0x00, 0x00, 0x00, 0x10, 0x00,
    0x08, 0x04, 0x44, 0x04, 0x20, 0x04, 0x00, 0x04, 0x02, 0x04, 0x02, 0x04, 0x02, 0x04, 0x20, 0x04,
    0x44, 0x00, 0x00, 0x00, 0x00, 0x00, 0x60, 0x19, 0x00, 0x20, 0x40, 0x00, 0x00, 0x44, 0x00, 0x08,
    0x40, 0x08, 0x00, 0x00, 0x00, 0x00, 0x00, 0x00, 0x00, 0x00, 0x00, 0x00, 0x00, 0x00, 0x00, 0x00,
    0x00, 0x00, 0x00, 0x00, 0x00, 0x00, 0x00, 0x00, 0x00, 0x00, 0x00, 0x08, 0x40, 0x08, 0x08, 0x44,
    0x88, 0x00, 0x00, 0x00, 0x00, 0x08, 0xC0, 0x00, 0xC0, 0x00, 0x10, 0x00, 0x08, 0x04, 0x84, 0x04,
    0x04, 0x04, 0x20, 0x04, 0x20, 0x04, 0x00, 0x04, 0x00, 0x04, 0x00, 0x04, 0x00, 0x04, 0x00, 0x04,
    0x00, 0x04, 0x00, 0x04, 0x00, 0x04, 0x00, 0x04, 0x00, 0x04, 0x20, 0x04, 0x20, 0x04, 0x04, 0x04,
    0x84, 0x00, 0x08, 0x00, 0x10, 0x00, 0xC0, 0x00, 0x00, 0x00, 0x00, 0x00, 0x00, 0x48, 0x20, 0x48,
    0x20, 0x48, 0x38, 0x48, 0x00, 0x48, 0x00, 0x48, 0x00, 0x48, 0x00, 0x40, 0x20, 0x40, 0x20, 0x40,
    0x20, 0x48, 0x00, 0x48, 0x00, 0x48, 0x00, 0x48, 0x00, 0x48, 0x00, 0x48, 0x38, 0x48, 0x20, 0x48,
    0x20, 0x00, 0x00, 0x00, 0x00, 0x00, 0x00, 0x00, 0x00, 0x00, 0x00, 0x00, 0x00, 0x04, 0x20, 0x04,
    0x20, 0x04, 0x38, 0x04, 0x00, 0x04, 0x00, 0x04, 0x00, 0x04, 0x00, 0x00, 0x20, 0x00, 0x20, 0x00,
    0x20, 0x04, 0x00, 0x04, 0x00, 0x04, 0x00, 0x04, 0x00, 0x04, 0x00, 0x04, 0x00, 0x04, 0x00, 0x04,
    0x00, 0x01, 0x00, 0x01, 0x00, 0x01, 0x00, 0x19, 0x00, 0x20, 0x40, 0x00, 0x00, 0x44, 0x00, 0x08,
    0x40, 0x08, 0x00, 0x00, 0x00, 0x00, 0x00, 0x00, 0x00, 0x00, 0x00, 0x00, 0x00, 0x00, 0x00, 0x00,
    0x00, 0x00, 0x00, 0x00, 0x40, 0x00, 0x40, 0x00, 0x40, 0x00, 0x40, 0x08, 0x40, 0x08, 0x00, 0x40,
    0x80, 0x40, 0x40, 0x20, 0x80, 0x13, 0x00, 0x02, 0x40, 0x02, 0x40, 0x02, 0x40, 0x04, 0x20, 0x04,
    0x20, 0x04, 0x20, 0x04, 0x20, 0x04, 0x20, 0x04, 0x20, 0x04, 0x20, 0x00, 0x00, 0x00, 0x00, 0x00,
    0x00, 0x04, 0x20, 0x04, 0x20, 0x04, 0x20, 0x04, 0x20, 0x04, 0x20, 0x04, 0x20, 0x04, 0x20, 0x04,
    0x20, 0x02, 0x40, 0x02, 0x40, 0x02, 0x40, 0x80, 0x10, 0x80, 0x10, 0x80, 0x10, 0x09, 0x00, 0x09,
    0x00, 0x09, 0x00, 0x09, 0x00, 0x09, 0x00, 0x09, 0x00, 0x09, 0x00, 0x09, 0x00, 0x09, 0x00, 0x09,
    0x00, 0x09, 0x00, 0x09, 0x00, 0x09, 0x00, 0x09, 0x00, 0x09, 0x00, 0x09, 0x00, 0x09, 0x00, 0x09,
    0x00, 0x80, 0x10, 0x80, 0x10, 0x80, 0x10, 0x08, 0x00, 0x08, 0x00, 0x08, 0x00, 0x00, 0x80, 0x00,
    0x80, 0x00, 0x80, 0x00, 0x80, 0x00, 0x80, 0x00, 0x80, 0x00, 0x80, 0x00, 0x80, 0x00, 0x80, 0x00,
    0x80, 0x00, 0x80, 0x00, 0x80, 0x00, 0x80, 0x00, 0x80, 0x00, 0x80, 0x80, 0x80, 0x00, 0x10, 0x01,
    0x10, 0x40, 0x00, 0x20, 0x00, 0x18, 0x80, 0x80, 0x40, 0x80, 0x40, 0x80, 0x80, 0x40, 0x90, 0x41,
    0x00, 0x41, 0x20, 0x40, 0x00, 0x42, 0x40, 0x44, 0x00, 0x40, 0x80, 0x40, 0x00, 0x40, 0x00, 0x40,
    0x80, 0x40, 0x00, 0x40, 0x40, 0x46, 0x00, 0x40, 0x00, 0x41, 0x20, 0x40, 0x00, 0x40, 0x10, 0x40,
    0x80, 0x80, 0x00, 0x80, 0x40, 0x80, 0x00, 0x01, 0x00, 0x01, 0x00, 0x01, 0x00, 0x04, 0x00, 0x04,
    0x00, 0x04, 0x00, 0x04, 0x00, 0x04, 0x00, 0x04, 0x00, 0x04, 0x00, 0x04, 0x00, 0x04, 0x00, 0x04,
    0x00, 0x04, 0x00, 0x04, 0x00, 0x04, 0x00, 0x04, 0x00, 0x04, 0x00, 0x04, 0x38, 0x04, 0x20, 0x04,
    0x20, 0x00, 0x00, 0x00, 0x00, 0x00, 0x00, 0x80, 0x01, 0x84, 0x21, 0x84, 0x21, 0x40, 0x02, 0x40,
    0x02, 0x42, 0x42, 0x4A, 0x52, 0x48, 0x12, 0x48, 0x12, 0x41, 0x82, 0x4D, 0xB2, 0x4C, 0x32, 0x48,
    0x12, 0x48, 0x12, 0x4A, 0x52, 0x4A, 0x52, 0x49, 0x92, 0x48, 0x12, 0x48, 0x12, 0x48, 0x12, 0x48,
    0x12, 0x84, 0x21, 0x84, 0x21, 0x84, 0x21, 0x04, 0x40, 0x00, 0x40, 0x02, 0x40, 0x02, 0x20, 0x00,
    0x20, 0x00, 0x20, 0x01, 0x20, 0x00, 0x20, 0x04, 0x20, 0x04, 0xA0, 0x06, 0x20, 0x06, 0x20, 0x04,
    0x60, 0x04, 0x60, 0x05, 0x20, 0x04, 0x20, 0x04, 0x00, 0x04, 0x80, 0x04, 0x00, 0x04, 0x00, 0x04,
    0x40, 0x02, 0x40, 0x02, 0x00, 0x02, 0x20, 0x0C, 0xC0, 0x00, 0x00, 0x00, 0x00, 0x44, 0x88, 0x08,
    0x40, 0x08, 0x40, 0x00, 0x00, 0x00, 0x00, 0x00, 0x00, 0x00, 0x00, 0x00, 0x00, 0x00, 0x00, 0x00,
    0x00, 0x00, 0x00, 0x00, 0x00, 0x00, 0x00, 0x00, 0x00, 0x00, 0x00, 0x08, 0x40, 0x08, 0x40, 0x44,
    0x88, 0x00, 0x00, 0x00, 0x00, 0x0C, 0xC0, 0x80, 0xC0, 0x80, 0x00, 0x80, 0x00, 0x40, 0x88, 0x40,
    0x40, 0x40, 0x00, 0x40, 0x04, 0x40, 0x04, 0x40, 0x04, 0x40, 0x00, 0x40, 0x40, 0x40, 0x88, 0x40,
    0x00, 0x40, 0x00, 0x40, 0xC0, 0x40, 0x00, 0x40, 0x00, 0x40, 0x00, 0x40, 0x00, 0x40, 0x00, 0x40,
    0x00, 0x80, 0x00, 0x80, 0x00, 0x80, 0x00, 0x0C, 0xC0, 0x00, 0x00, 0x00, 0x00, 0x44, 0x88, 0x08,
    0x40, 0x08, 0x40, 0x00, 0x00, 0x00, 0x00, 0x00, 0x00, 0x00, 0x00, 0x00, 0x00, 0x00, 0x00, 0x00,
    0x00, 0x00, 0x00, 0x00, 0x00, 0x00, 0x00, 0x00, 0x00, 0x00, 0x00, 0x08, 0x40, 0x08, 0x40, 0x44,
    0x88, 0x00, 0x00, 0x20, 0x10, 0x08, 0x40, 0x04, 0x00, 0x00, 0x00, 0x00, 0x00, 0x02, 0x08, 0x01,
    0x08, 0x00, 0xC8, 0x00, 0x60, 0x00, 0x00, 0x00, 0x00, 0x04, 0x44, 0x04, 0x24, 0x04, 0x20, 0x04,
    0x20, 0x04, 0x00, 0x04, 0x20, 0x04, 0x20, 0x04, 0x20, 0x04, 0x44, 0x00, 0x00, 0x00, 0x00, 0x00,
    0x00, 0x05, 0x00, 0x04, 0x10, 0x04, 0x80, 0x04, 0x08, 0x04, 0x08, 0x04, 0x40, 0x02, 0x00, 0x02,
    0x20, 0x02, 0x00, 0x12, 0x00, 0x40, 0x80, 0x02, 0x00, 0x88, 0x00, 0x90, 0x80, 0x10, 0x00, 0x10,
    0x00, 0x80, 0x00, 0x88, 0x00, 0x04, 0x00, 0x40, 0x00, 0x20, 0x80, 0x10, 0x40, 0x04, 0x20, 0x02,
    0x10, 0x00, 0x10, 0x00, 0x80, 0x00, 0x80, 0x00, 0x00, 0x10, 0x80, 0x00, 0x10, 0x00, 0x10, 0x10,
    0x20, 0x04, 0xC0, 0x00, 0x00, 0x00, 0x00, 0x00, 0x00, 0x14, 0xA0, 0x14, 0xA0, 0x64, 0x98, 0x04,
    0x80, 0x04, 0x80, 0x04, 0x80, 0x04, 0x80, 0x04, 0x80, 0x04, 0x80, 0x04, 0x80, 0x04, 0x80, 0x04,
    0x80, 0x04, 0x80, 0x04, 0x80, 0x04, 0x80, 0x04, 0x80, 0x04, 0x80, 0x04, 0x80, 0x00, 0x00, 0x00,
    0x00, 0x00, 0x00, 0x02, 0x40, 0x02, 0x40, 0x02, 0x40, 0x04, 0x20, 0x04, 0x20, 0x04, 0x20, 0x04,
    0x20, 0x04, 0x20, 0x04, 0x20, 0x04, 0x20, 0x04, 0x20, 0x04, 0x20, 0x04, 0x20, 0x04, 0x20, 0x04,
    0x20, 0x04, 0x20, 0x04, 0x20, 0x04, 0x20, 0x04, 0x20, 0x20, 0x04, 0x22, 0x44, 0x10, 0x08, 0x00,
    0x00, 0x06, 0x60, 0x02, 0x40, 0x02, 0x40, 0x02, 0x40, 0x04, 0x20, 0x24, 0x24, 0x20, 0x04, 0x00,
    0x00, 0x00, 0x00, 0x02, 0x40, 0x12, 0x48, 0x12, 0x48, 0x10, 0x08, 0x00, 0x00, 0x00, 0x00, 0x09,
    0x90, 0x09, 0x90, 0x09, 0x90, 0x01, 0x80, 0x00, 0x00, 0x00, 0x00, 0x04, 0x20, 0x04, 0x20, 0x00,
    0x00, 0x00, 0x00, 0x84, 0x21, 0x84, 0x21, 0x84, 0x21, 0x48, 0x12, 0x48, 0x12, 0x48, 0x12, 0x48,
    0x12, 0x0A, 0x50, 0x0A, 0x50, 0x0A, 0x50, 0x08, 0x10, 0x28, 0x14, 0x20, 0x04, 0x21, 0x84, 0x25,
    0xA4, 0x25, 0xA4, 0x05, 0xA0, 0x00, 0x00, 0x00, 0x00, 0x00, 0x00, 0x10, 0x08, 0x12, 0x48, 0x12,
    0x48, 0x12, 0x48, 0x02, 0x40, 0x02, 0x40, 0x02, 0x40, 0x02, 0x40, 0x10, 0x08, 0x00, 0x00, 0x01,
    0x80, 0x08, 0x10, 0x00, 0x00, 0x04, 0x20, 0x00, 0x00, 0x02, 0x40, 0x02, 0x40, 0x00, 0x00, 0x04,
    0x20, 0x00, 0x00, 0x08, 0x10, 0x01, 0x80, 0x00, 0x00, 0x10, 0x08, 0x02, 0x40, 0x02, 0x40, 0x02,
    0x40, 0x02, 0x40, 0x02, 0x40, 0x02, 0x40, 0x02, 0x40, 0x20, 0x04, 0x02, 0x40, 0x12, 0x48, 0x10,
    0x08, 0x01, 0x80, 0x09, 0x90, 0x00, 0x00, 0x00, 0x00, 0x04, 0x20, 0x00, 0x00, 0x00, 0x00, 0x02,
    0x40, 0x02, 0x40, 0x02, 0x40, 0x02, 0x40, 0x02, 0x40, 0x02, 0x40, 0x02, 0x40, 0x00, 0x00, 0x00,
    0x00, 0x00, 0x00, 0x00, 0x00, 0x00, 0x00, 0x00, 0x00, 0x21, 0x10, 0x21, 0x00, 0xE0, 0x00, 0x02,
    0x20, 0x00, 0x00, 0x04, 0x40, 0x00, 0x00, 0x08, 0x80, 0x08, 0x00, 0x01, 0x00, 0x11, 0x00, 0x00,
    0x00, 0x22, 0x00, 0x00, 0x00, 0x44, 0x00, 0x00, 0x70, 0x08, 0x40, 0x88, 0x40, 0x00, 0x00, 0x00,
    0x00, 0x00, 0x00, 0x00, 0x00, 0x00, 0x40, 0x00, 0x40, 0x00, 0x40, 0x00, 0x00, 0x00, 0x00, 0x00,
    0x00, 0x00, 0x00, 0x00, 0x00, 0x00, 0x00, 0x00, 0x00, 0x00, 0x00, 0x00, 0x00, 0x00, 0x00, 0x00,
    0x00, 0x00, 0x00, 0x00, 0x00, 0x00, 0x00, 0x00, 0x00, 0x00, 0x00, 0x00, 0x00, 0x00, 0x00, 0x00,
    0x00, 0x00, 0x00, 0x00, 0x00, 0x00, 0x00, 0x00, 0x00, 0x00, 0x00, 0x00, 0x00, 0x00, 0x40, 0x00,
    0x40, 0x00, 0x40, 0x08, 0x00, 0x48, 0x00, 0x40, 0x00, 0x04, 0x00, 0x04, 0x00, 0x20, 0x00, 0x20,
    0x00, 0x02, 0x00, 0x12, 0x00, 0x10, 0x00, 0x01, 0x00, 0x01, 0x00, 0x08, 0x00, 0x08, 0x00, 0x00,
    0x80, 0x04, 0x80, 0x04, 0x00, 0x00, 0x40, 0x00, 0x40, 0x02, 0x00, 0x02, 0x00, 0x00, 0x20, 0x01,
    0x20, 0x01, 0x00, 0x00, 0x10, 0x00, 0x10, 0x00, 0x80, 0x00, 0x80, 0x00, 0x08, 0x00, 0x48, 0x00,
    0x40, 0x00, 0x00, 0x80, 0x00, 0x80, 0x00, 0x80, 0x00, 0x00, 0x00, 0x00, 0x00, 0x00, 0x00, 0x00,
    0x00, 0x00, 0x00, 0x00, 0x00, 0x00, 0x00, 0x00, 0x00, 0x00, 0x00, 0x00, 0x00, 0x00, 0x00, 0x00,
    0x00, 0x00, 0x00, 0x00, 0x00, 0x00, 0x00, 0x00, 0x00, 0x00, 0x00, 0x00, 0x00, 0x00, 0x00, 0x00,
    0x00, 0x00, 0x00, 0x00, 0x00, 0x00, 0x00, 0x00, 0x00, 0x00, 0x00, 0x80, 0x00, 0x80, 0x00, 0x80,
    0x00, 0x00, 0x00, 0x04, 0x20, 0x08, 0x10, 0x01, 0x80, 0x00, 0x00, 0x22, 0x44, 0x04, 0x20, 0x00,
    0x00, 0x28, 0x14, 0x00, 0x00, 0x00, 0x00, 0x20, 0x00, 0x48, 0x00, 0x04, 0x00, 0x02, 0x00, 0x00,
    0x00, 0x00, 0x00, 0x00, 0x80, 0x00, 0x80, 0x03, 0x00, 0x08, 0xC0, 0x20, 0x10, 0x00, 0x00, 0x44,
    0x88, 0x08, 0x40, 0x00, 0x40, 0x00, 0x40, 0x08, 0x00, 0x20, 0x00, 0x40, 0x00, 0x04, 0x40, 0x08,
    0x40, 0x00, 0x40, 0x08, 0x80, 0x42, 0x00, 0x00, 0xC0, 0x13, 0x40, 0x04, 0x00, 0x04, 0x00, 0x04,
    0x00, 0x04, 0x00, 0x04, 0x00, 0x04, 0x00, 0x04, 0x00, 0x05, 0x90, 0x06, 0x08, 0x04, 0x04, 0x02,
    0x44, 0x00, 0x20, 0x04, 0x20, 0x04, 0x00, 0x04, 0x00, 0x04, 0x00, 0x04, 0x00, 0x04, 0x00, 0x04,
    0x20, 0x00, 0x20, 0x02, 0x04, 0x04, 0x84, 0x06, 0x08, 0x05, 0x90, 0x19, 0x00, 0x20, 0x40, 0x00,
    0x00, 0x44, 0x00, 0x08, 0x40, 0x08, 0x00, 0x00, 0x00, 0x00, 0x00, 0x00, 0x00, 0x00, 0x00, 0x00,
    0x00, 0x08, 0x40, 0x08, 0x40, 0x44, 0x88, 0x00, 0x00, 0x20, 0x00, 0x08, 0xC0, 0x00, 0x80, 0x00,
    0x80, 0x00, 0x80, 0x00, 0x40, 0x00, 0x40, 0x00, 0x40, 0x00, 0x40, 0x13, 0x40, 0x20, 0xC0, 0x40,
    0x40, 0x44, 0x80, 0x08, 0x00, 0x08, 0x40, 0x00, 0x40, 0x00, 0x40, 0x00, 0x40, 0x00, 0x40, 0x00,
    0x40, 0x08, 0x40, 0x08, 0x00, 0x40, 0x80, 0x42, 0x40, 0x20, 0xC0, 0x13, 0x40, 0x0C, 0xC0, 0x00,
    0x00, 0x00, 0x00, 0x44, 0x88, 0x08, 0x40, 0x08, 0x40, 0x08, 0x40, 0x00, 0x00, 0x00, 0x00, 0x00,
    0x00, 0x00, 0x00, 0x08, 0x00, 0x08, 0x40, 0x44, 0x88, 0x00, 0x08, 0x00, 0x10, 0x0C, 0x40, 0x02,
    0x40, 0x08, 0x10, 0x00, 0x00, 0x11, 0x88, 0x10, 0x08, 0x10, 0x00, 0x10, 0x00, 0x10, 0x00, 0x10,
    0x00, 0x00, 0x10, 0x00, 0x10, 0x00, 0x10, 0x10, 0x00, 0x10, 0x00, 0x10, 0x00, 0x10, 0x00, 0x10,
    0x00, 0x10, 0x00, 0x10, 0x00, 0x10, 0x00, 0x10, 0x00, 0x80, 0x20, 0x80, 0x20, 0x80, 0x20, 0x13,
    0x40, 0x20, 0xC0, 0x40, 0x40, 0x40, 0x80, 0x08, 0x00, 0x08, 0x40, 0x00, 0x40, 0x00, 0x40, 0x00,
    0x40, 0x00, 0x40, 0x00, 0x40, 0x08, 0x40, 0x08, 0x00, 0x44, 0x80, 0x40, 0x40, 0x20, 0xC0, 0x13,
    0x40, 0x00, 0x40, 0x00, 0x40, 0x08, 0x08, 0x44, 0x88, 0x00, 0x00, 0x20, 0x00, 0x08, 0xC0, 0x04,
    0x00, 0x04, 0x00, 0x04, 0x00, 0x04, 0x00, 0x04, 0x00, 0x04, 0x00, 0x04, 0x00, 0x05, 0xB0, 0x06,
    0x08, 0x04, 0x00, 0x02, 0x44, 0x00, 0x04, 0x04, 0x20, 0x04, 0x20, 0x04, 0x20, 0x04, 0x20, 0x04,
    0x20, 0x04, 0x20, 0x04, 0x20, 0x04, 0x20, 0x04, 0x20, 0x02, 0x40, 0x02, 0x40, 0x02, 0x40, 0x09,
    0x00, 0x00, 0x80, 0x10, 0x80, 0x00, 0x80, 0x09, 0x00, 0x00, 0x00, 0x00, 0x00, 0x00, 0x00, 0x00,
    0x00, 0x00, 0x00, 0x08, 0x00, 0x08, 0x00, 0x08, 0x00, 0x08, 0x00, 0x08, 0x00, 0x08, 0x00, 0x08,
    0x00, 0x08, 0x00, 0x08, 0x00, 0x08, 0x00, 0x08, 0x00, 0x80, 0x10, 0x80, 0x10, 0x80, 0x10, 0x00,
    0x90, 0x01, 0x00, 0x01, 0x00, 0x01, 0x00, 0x00, 0x90, 0x00, 0x00, 0x00, 0x00, 0x08, 0x10, 0x08,
    0x10, 0x08, 0x10, 0x00, 0x90, 0x00, 0x90, 0x00, 0x90, 0x00, 0x90, 0x00, 0x90, 0x00, 0x90, 0x00,
    0x90, 0x00, 0x90, 0x00, 0x90, 0x00, 0x90, 0x00, 0x90, 0x00, 0x90, 0x00, 0x90, 0x00, 0x90, 0x00,
    0x90, 0x60, 0x10, 0x90, 0x10, 0x89, 0x00, 0x00, 0x20, 0x00, 0x40, 0x11, 0x80, 0x80, 0x00, 0x80,
    0x00, 0x80, 0x00, 0x40, 0x00, 0x40, 0x00, 0x40, 0x00, 0x40, 0x00, 0x40, 0x40, 0x40, 0x00, 0x40,
    0x80, 0x41, 0x10, 0x40, 0x20, 0x42, 0x00, 0x44, 0x00, 0x40, 0x80, 0x40, 0x80, 0x40, 0x40, 0x42,
    0x00, 0x44, 0x20, 0x41, 0x00, 0x40, 0x10, 0x80, 0x00, 0x80, 0x40, 0x80, 0x00, 0x00, 0x00, 0x00,
    0x00, 0x00, 0x00, 0x08, 0x00, 0x08, 0x00, 0x08, 0x00, 0x08, 0x00, 0x08, 0x00, 0x08, 0x00, 0x08,
    0x00, 0x08, 0x00, 0x08, 0x00, 0x08, 0x00, 0x08, 0x00, 0x08, 0x00, 0x08, 0x00, 0x08, 0x00, 0x08,
    0x00, 0x08, 0x00, 0x08, 0x00, 0x08, 0x00, 0x80, 0x10, 0x80, 0x10, 0x80, 0x10, 0x8C, 0x20, 0x80,
    0x40, 0x84, 0x22, 0x4A, 0x52, 0x4A, 0x52, 0x4A, 0x52, 0x4A, 0x52, 0x4A, 0x52, 0x4A, 0x52, 0x4A,
    0x52, 0x4A, 0x52, 0x4A, 0x52, 0x4A, 0x52, 0x4A, 0x52, 0x8A, 0x51, 0x8A, 0x51, 0x8A, 0x51, 0x05,
    0xB0, 0x06, 0x08, 0x04, 0x00, 0x02, 0x44, 0x00, 0x04, 0x04, 0x20, 0x04, 0x20, 0x04, 0x20, 0x04,
    0x20, 0x04, 0x20, 0x04, 0x20, 0x04, 0x20, 0x04, 0x20, 0x04, 0x20, 0x02, 0x40, 0x02, 0x40, 0x02,
    0x40, 0x0C, 0xC0, 0x00, 0x00, 0x00, 0x00, 0x44, 0x88, 0x08, 0x40, 0x08, 0x40, 0x00, 0x00, 0x00,
    0x00, 0x00, 0x00, 0x00, 0x00, 0x00, 0x00, 0x08, 0x40, 0x08, 0x40, 0x44, 0x88, 0x00, 0x00, 0x00,
    0x00, 0x0C, 0xC0, 0x05, 0x90, 0x06, 0x08, 0x04, 0x04, 0x02, 0x04, 0x00, 0x20, 0x04, 0x20, 0x04,
    0x00, 0x04, 0x00, 0x04, 0x00, 0x04, 0x00, 0x04, 0x00, 0x04, 0x20, 0x00, 0x20, 0x02, 0x44, 0x04,
    0x04, 0x06, 0x08, 0x05, 0x90, 0x04, 0x00, 0x04, 0x00, 0x04, 0x00, 0x04, 0x00, 0x01, 0x00, 0x01,
    0x00, 0x01, 0x00, 0x13, 0x40, 0x20, 0xC0, 0x40, 0x40, 0x40, 0x80, 0x08, 0x00, 0x08, 0x40, 0x00,
    0x40, 0x00, 0x40, 0x00, 0x40, 0x00, 0x40, 0x00, 0x40, 0x08, 0x40, 0x08, 0x00, 0x44, 0x80, 0x40,
    0x40, 0x20, 0xC0, 0x13, 0x40, 0x00, 0x40, 0x00, 0x40, 0x00, 0x40, 0x00, 0x40, 0x01, 0x00, 0x01,
    0x00, 0x01, 0x00, 0x00, 0x80, 0x00, 0x00, 0x02, 0x08, 0x22, 0x08, 0x22, 0x48, 0x20, 0x00, 0x20,
    0x00, 0x20, 0x00, 0x20, 0x00, 0x20, 0x00, 0x20, 0x00, 0x20, 0x00, 0x20, 0x00, 0x20, 0x00, 0x00,
    0x80, 0x00, 0x80, 0x00, 0x80, 0x33, 0x00, 0x40, 0x00, 0x02, 0x00, 0x80, 0x80, 0x90, 0x00, 0x80,
    0x00, 0x04, 0x00, 0x40, 0x80, 0x20, 0x40, 0x08, 0x00, 0x02, 0x10, 0x00, 0x00, 0x00, 0x80, 0x10,
    0x10, 0x04, 0x10, 0x00, 0x20, 0x0C, 0xC0, 0x00, 0x00, 0x00, 0x00, 0x00, 0x00, 0x00, 0x00, 0x00,
    0x00, 0x00, 0x00, 0x00, 0x00, 0x80, 0x10, 0x80, 0x10, 0x80, 0x10, 0x02, 0x00, 0x00, 0x00, 0x00,
    0x00, 0x00, 0x00, 0x00, 0x00, 0x00, 0x00, 0x00, 0x00, 0x00, 0x00, 0x02, 0x08, 0x02, 0x08, 0x10,
    0x80, 0x10, 0x00, 0x08, 0x00, 0x06, 0x40, 0x04, 0x40, 0x04, 0x40, 0x04, 0x40, 0x04, 0x20, 0x04,
    0x20, 0x04, 0x20, 0x04, 0x20, 0x04, 0x20, 0x04, 0x20, 0x04, 0x20, 0x04, 0x20, 0x04, 0x20, 0x20,
    0x00, 0x22, 0x40, 0x00, 0x20, 0x10, 0x60, 0x0D, 0xA0, 0x02, 0x40, 0x02, 0x40, 0x02, 0x40, 0x20,
    0x04, 0x00, 0x00, 0x02, 0x40, 0x12, 0x48, 0x12, 0x48, 0x00, 0x00, 0x00, 0x00, 0x09, 0x90, 0x09,
    0x90, 0x00, 0x00, 0x00, 0x00, 0x04, 0x20, 0x04, 0x20, 0x00, 0x00, 0x84, 0x21, 0x84, 0x21, 0x84,
    0x21, 0x48, 0x12, 0x48, 0x12, 0x0A, 0x50, 0x0A, 0x50, 0x08, 0x10, 0x20, 0x04, 0x21, 0x84, 0x25,
    0xA4, 0x05, 0xA0, 0x00, 0x00, 0x00, 0x00, 0x12, 0x08, 0x12, 0x48, 0x12, 0x48, 0x02, 0x40, 0x02,
    0x40, 0x02, 0x40, 0x10, 0x08, 0x01, 0x80, 0x08, 0x10, 0x04, 0x20, 0x00, 0x00, 0x02, 0x40, 0x00,
    0x00, 0x04, 0x20, 0x08, 0x10, 0x01, 0x80, 0x10, 0x08, 0x02, 0x40, 0x02, 0x40, 0x02, 0x40, 0x02,
    0x40, 0x02, 0x40, 0x02, 0x40, 0x20, 0x04, 0x00, 0x00, 0x02, 0x40, 0x12, 0x48, 0x00, 0x08, 0x00,
    0x00, 0x09, 0x10, 0x09, 0x90, 0x00, 0x80, 0x00, 0x00, 0x04, 0x20, 0x04, 0x20, 0x00, 0x00, 0x00,
    0x00, 0x00, 0x40, 0x00, 0x40, 0x04, 0x00, 0x04, 0x00, 0x00, 0x80, 0x00, 0x00, 0x02, 0x00, 0x00,
    0x00, 0x00, 0x00, 0x00, 0x00, 0x20, 0x10, 0x21, 0x20, 0xE2, 0x00, 0x00, 0x40, 0x00, 0x80, 0x09,
    0x00, 0x10, 0x00, 0x20, 0x00, 0x04, 0x70, 0x48, 0x40, 0x80, 0x40, 0x00, 0x00, 0x00, 0x00, 0x00,
    0x00, 0x01, 0xA0, 0x04, 0x20, 0x08, 0x20, 0x10, 0x80, 0x10, 0x00, 0x02, 0x00, 0x02, 0x00, 0x02,
    0x00, 0x10, 0x00, 0x01, 0x00, 0x01, 0x00, 0x08, 0x00, 0x08, 0x00, 0x01, 0x00, 0x30, 0x00, 0x82,
    0x00, 0x84, 0x00, 0x82, 0x00, 0x11, 0x00, 0x09, 0x00, 0x08, 0x00, 0x08, 0x00, 0x01, 0x00, 0x10,
    0x00, 0x10, 0x00, 0x02, 0x00, 0x02, 0x00, 0x00, 0x00, 0x10, 0x80, 0x08, 0x20, 0x04, 0x20, 0x01,
    0xA0, 0x00, 0x90, 0x90, 0x90, 0x90, 0x90, 0x90, 0x90, 0x90, 0x90, 0x90, 0x90, 0x90, 0x90, 0x90,
    0x90, 0x90, 0x90, 0x90, 0x90, 0x90, 0x90, 0x90, 0x90, 0x90, 0x90, 0x90, 0x90, 0x90, 0x90, 0x90,
    0x90, 0xB0, 0x00, 0x84, 0x00, 0x82, 0x00, 0x21, 0x00, 0x01, 0x00, 0x08, 0x00, 0x08, 0x00, 0x08,
    0x00, 0x01, 0x00, 0x10, 0x00, 0x10, 0x00, 0x02, 0x00, 0x02, 0x00, 0x10, 0x00, 0x01, 0x80, 0x08,
    0x20, 0x04, 0x20, 0x08, 0x20, 0x11, 0x00, 0x12, 0x00, 0x02, 0x00, 0x02, 0x00, 0x10, 0x00, 0x01,
    0x00, 0x01, 0x00, 0x08, 0x00, 0x08, 0x00, 0x00, 0x00, 0x21, 0x00, 0x82, 0x00, 0x84, 0x00, 0xB0,
    0x00, 0x04, 0x00, 0x11, 0x0A, 0x00, 0x80, 0x04, 0x12, 0x42, 0x20, 0x08, 0x04, 0x00, 0x00, 0x30,
    0x50, 0x48, 0x84, 0x84, 0x84, 0x00, 0x30, 0x00, 0x00, 0x00, 0x78, 0x48, 0x48, 0x48, 0x48, 0x48,
    0x48, 0x48, 0x48, 0x48, 0x48, 0x48, 0x48, 0x48, 0x48, 0x03, 0x00, 0x04, 0x80, 0x04, 0x80, 0x04,
    0x80, 0x10, 0x80, 0x20, 0x40, 0x40, 0x00, 0x44, 0x00, 0x08, 0x40, 0x08, 0x00, 0x00, 0x00, 0x00,
    0x00, 0x00, 0x00, 0x00, 0x00, 0x00, 0x00, 0x08, 0x40, 0x08, 0x08, 0x44, 0x88, 0x00, 0x00, 0x00,
    0x00, 0x0C, 0xC0, 0x04, 0x80, 0x04, 0x80, 0x04, 0x80, 0x06, 0x40, 0x08, 0x00, 0x10, 0x10, 0x10,
    0x80, 0x12, 0x08, 0x02, 0x70, 0x02, 0x00, 0x02, 0x00, 0x02, 0x00, 0x02, 0x00, 0x02, 0x00, 0x00,
    0x40, 0x00, 0x40, 0x02, 0x00, 0x02, 0x00, 0x02, 0x00, 0x02, 0x00, 0x02, 0x00, 0x20, 0x38, 0x20,
    0x20, 0x44, 0x20, 0x00, 0x00, 0x00, 0x00, 0x00, 0x00, 0x00, 0x00, 0x30, 0x0C, 0x4E, 0x72, 0x00,
    0x00, 0x03, 0xC0, 0x04, 0x20, 0x24, 0x24, 0x20, 0x04, 0x20, 0x04, 0x24, 0x24, 0x02, 0x40, 0x20,
    0x04, 0x40, 0x02, 0x41, 0x80, 0x00, 0x00, 0x02, 0x40, 0x02, 0x40, 0x02, 0x40, 0x20, 0x04, 0x02,
    0x40, 0x12, 0x48, 0x10, 0x08, 0x00, 0x00, 0x09, 0x90, 0x08, 0x10, 0x00, 0x00, 0x04, 0x20, 0x04,
    0x20, 0x1C, 0x38, 0x00, 0x00, 0x00, 0x00, 0x02, 0x40, 0x00, 0x00, 0x00, 0x00, 0x02, 0x40, 0x02,
    0x40, 0x00, 0x00, 0x00, 0x00, 0x00, 0x00, 0x90, 0x90, 0x90, 0x90, 0x90, 0x90, 0x90, 0x90, 0x90,
    0x90, 0x90, 0x90, 0x90, 0x90, 0x00, 0x00, 0x00, 0x90, 0x90, 0x90, 0x90, 0x90, 0x90, 0x90, 0x90,
    0x90, 0x90, 0x90, 0x90, 0x90, 0x90, 0x0C, 0xC0, 0x00, 0x00, 0x20, 0x00, 0x44, 0x88, 0x40, 0x48,
    0x08, 0x40, 0x08, 0x00, 0x08, 0x00, 0x44, 0x00, 0x02, 0x00, 0x20, 0x80, 0x20, 0x20, 0x00, 0x10,
    0x40, 0x08, 0x08, 0x08, 0x08, 0x40, 0x08, 0x40, 0x40, 0x48, 0x40, 0x08, 0x20, 0x00, 0x10, 0x10,
    0x0C, 0x10, 0x01, 0x00, 0x00, 0x88, 0x00, 0x40, 0x00, 0x40, 0x08, 0x40, 0x48, 0x08, 0x44, 0x88,
    0x00, 0x10, 0x00, 0x00, 0x0C, 0xC0, 0x30, 0xC0, 0x09, 0x00, 0x80, 0x10, 0x00, 0x00, 0x40, 0x20,
    0x06, 0x60, 0x10, 0x08, 0x24, 0x24, 0x08, 0x10, 0x50, 0x0A, 0x51, 0x2A, 0x04, 0x00, 0x01, 0x80,
    0x00, 0x40, 0x0A, 0x00, 0x0A, 0x00, 0x0A, 0x00, 0x0A, 0x00, 0x0A, 0x00, 0x0A, 0x00, 0x0A, 0x60,
    0x00, 0x00, 0x04, 0x20, 0x52, 0x4A, 0x50, 0x0A, 0x08, 0x10, 0x24, 0x24, 0x10, 0x08, 0x06, 0x60,
    0x33, 0x00, 0x40, 0x80, 0x0C, 0x00, 0x92, 0x40, 0x00, 0x40, 0x0E, 0x40, 0x40, 0x40, 0x00, 0x40,
    0x90, 0x40, 0x9C, 0x40, 0x02, 0x00, 0x64, 0x00, 0x00, 0x00, 0x00, 0x00, 0x00, 0x00, 0x80, 0x40,
    0x80, 0x40, 0x00, 0x00, 0x07, 0x1C, 0x01, 0x04, 0x08, 0x20, 0x02, 0x08, 0x00, 0x00, 0x24, 0x90,
    0x49, 0x20, 0x82, 0x00, 0x82, 0x00, 0x49, 0x20, 0x24, 0x90, 0x00, 0x00, 0x12, 0x48, 0x08, 0x20,
    0x01, 0x04, 0x05, 0x14, 0x00, 0x00, 0xFF, 0xF0, 0x00, 0x00, 0x00, 0x00, 0x00, 0x00, 0x00, 0x00,
    0x00, 0x00, 0x00, 0x00, 0x00, 0x00, 0x04, 0x20, 0x13, 0xC8, 0x08, 0x10, 0x50, 0x4A, 0x01, 0xA0,
    0x24, 0x24, 0xA4, 0x25, 0xA4, 0x25, 0xA5, 0x45, 0x24, 0x84, 0x00, 0xA0, 0x50, 0x0A, 0x08, 0x10,
    0x13, 0xC8, 0x0C, 0x30, 0xFF, 0xF0, 0x00, 0x00, 0x00, 0x00, 0x24, 0x00, 0x99, 0x24, 0x24, 0x99,
    0x00, 0x24, 0x09, 0x00, 0x09, 0x00, 0x09, 0x00, 0x09, 0x00, 0x09, 0x00, 0x00, 0x00, 0x00, 0x00,
    0xF0, 0xF0, 0x09, 0x00, 0x09, 0x00, 0x09, 0x00, 0x09, 0x00, 0x06, 0x00, 0x00, 0x00, 0xFF, 0xF0,
    0x00, 0x00, 0x00, 0x00, 0x33, 0x00, 0x40, 0x80, 0x0C, 0x00, 0x92, 0x40, 0x60, 0x40, 0x00, 0x40,
    0x02, 0x40, 0x00, 0x00, 0x08, 0x80, 0x11, 0x00, 0x20, 0x00, 0x00, 0x00, 0x48, 0x00, 0x11, 0x40,
    0x9F, 0x40, 0x80, 0x40, 0x80, 0x40, 0x13, 0x00, 0x40, 0x80, 0x0C, 0x00, 0x12, 0x40, 0x60, 0x40,
    0x02, 0x40, 0x00, 0x00, 0x00, 0x00, 0x01, 0x00, 0x0C, 0x00, 0x02, 0x40, 0x00, 0x40, 0x60, 0x00,
    0x80, 0x40, 0x0C, 0x40, 0x40, 0x80, 0x33, 0x00, 0x00, 0x00, 0x01, 0x00, 0x04, 0x80, 0x08, 0x00,
    0x10, 0x00, 0x00, 0x00, 0x00, 0x00, 0x40, 0x00, 0x40, 0x00, 0x30, 0x00, 0x04, 0x40, 0x04, 0x40,
    0x04, 0x40, 0x04, 0x20, 0x04, 0x20, 0x04, 0x20, 0x04, 0x20, 0x04, 0x20, 0x04, 0x20, 0x04, 0x20,
    0x04, 0x20, 0x04, 0x20, 0x00, 0x00, 0x02, 0x40, 0x00, 0x20, 0x00, 0x60, 0x01, 0xA0, 0x04, 0x00,
    0x04, 0x00, 0x04, 0x00, 0x04, 0x00, 0x04, 0x00, 0x04, 0x00, 0x04, 0x00, 0x10, 0x00, 0x00, 0x00,
    0x01, 0x40, 0x81, 0x40, 0x81, 0x40, 0x01, 0x40, 0x01, 0x40, 0x01, 0x40, 0x81, 0x40, 0x81, 0x40,
    0x01, 0x40, 0x41, 0x40, 0x11, 0x40, 0x05, 0x40, 0x05, 0x40, 0x05, 0x40, 0x05, 0x40, 0x05, 0x40,
    0x05, 0x40, 0x05, 0x40, 0x05, 0x40, 0x05, 0x40, 0x05, 0x40, 0x05, 0x40, 0x24, 0x24, 0x18, 0x01,
    0x79, 0x00, 0x04, 0x12, 0x00, 0x22, 0x00, 0x42, 0x00, 0x92, 0x00, 0x42, 0x00, 0x02, 0x00, 0x02,
    0x00, 0x02, 0x00, 0x02, 0x00, 0x02, 0x00, 0x02, 0x00, 0x02, 0x00, 0x02, 0x00, 0x02, 0x00, 0x73,
    0x80, 0x00, 0x00, 0x00, 0x00, 0x33, 0x00, 0x40, 0x80, 0x0C, 0x00, 0x80, 0x40, 0x80, 0x40, 0x80,
    0x40, 0x80, 0x40, 0x80, 0x40, 0x80, 0x40, 0x0C, 0x00, 0x40, 0x80, 0x33, 0x00, 0x00, 0x00, 0x00,
    0x00, 0x00, 0x00, 0x80, 0x40, 0x80, 0x40, 0x00, 0x00, 0xE3, 0x80, 0x82, 0x00, 0x10, 0x40, 0x49,
    0x00, 0x00, 0x00, 0x24, 0x90, 0x12, 0x48, 0x01, 0x04, 0x01, 0x04, 0x12, 0x48, 0x24, 0x90, 0x00,
    0x00, 0x49, 0x20, 0x10, 0x40, 0x82, 0x00, 0xA2, 0x80, 0x00, 0x00, 0x06, 0x00, 0x01, 0x00, 0x01,
    0x00, 0x29, 0x00, 0x01, 0x00, 0x01, 0x00, 0x01, 0x00, 0x01, 0x00, 0x01, 0x00, 0x01, 0x00, 0x01,
    0x00, 0x00, 0x00, 0x00, 0x00, 0x00, 0x00, 0x00, 0x00, 0x00, 0x00, 0x00, 0x00, 0x00, 0x00, 0x00,
    0x00, 0x00, 0x00, 0x03, 0x80, 0x00, 0x00, 0x05, 0x00, 0x08, 0x00, 0x02, 0x00, 0x14, 0x00, 0x00,
    0x00, 0x2A, 0x00, 0x00, 0x40, 0x00, 0x40, 0x02, 0x00, 0x00, 0x40, 0x00, 0x40, 0x06, 0x00, 0x01,
    0x00, 0x01, 0x00, 0x29, 0x00, 0x01, 0x00, 0x01, 0x00, 0x01, 0x00, 0x01, 0x00, 0x01, 0x00, 0x01,
    0x00, 0x01, 0x00, 0x00, 0x00, 0x00, 0x00, 0x00, 0x00, 0x00, 0x00, 0x00, 0x00, 0x00, 0x00, 0x00,
    0x00, 0x00, 0x00, 0x00, 0x00, 0x10, 0x80, 0x20, 0x40, 0x20, 0x40, 0x01, 0x00, 0x01, 0x40, 0x02,
    0x40, 0x04, 0x80, 0x09, 0x00, 0x12, 0x00, 0x04, 0x00, 0x24, 0x40, 0x20, 0x40, 0x20, 0x40, 0x09,
    0x00, 0x00, 0x00, 0x26, 0x40, 0x39, 0x40, 0x00, 0x40, 0x02, 0x40, 0x04, 0x80, 0x04, 0x00, 0x00,
    0x40, 0x01, 0x00, 0x09, 0x00, 0x20, 0x40, 0x10, 0x80, 0x00, 0x00, 0x00, 0x00, 0x00, 0x00, 0x00,
    0x00, 0x00, 0x00, 0x00, 0x00, 0x00, 0x00, 0x03, 0x80, 0x00, 0x00, 0x05, 0x00, 0x08, 0x00, 0x02,
    0x00, 0x14, 0x00, 0x00, 0x00, 0x2A, 0x00, 0x00, 0x40, 0x00, 0x40, 0x02, 0x00, 0x00, 0x40, 0x00,
    0x40, 0x09, 0x00, 0x10, 0x80, 0x10, 0x80, 0x10, 0x80, 0x00, 0x00, 0x06, 0x00, 0x00, 0x00, 0x00,
    0x00, 0x09, 0x00, 0x01, 0x00, 0x01, 0x00, 0x10, 0x00, 0x22, 0x00, 0x40, 0x00, 0x00, 0x00, 0x88,
    0x00, 0x80, 0x00, 0x10, 0x00, 0x10, 0x80, 0x90, 0x80, 0x89, 0x10, 0x00, 0x00, 0x00, 0x00, 0x19,
    0x80, 0x00, 0x00, 0x02, 0x00, 0x09, 0x00, 0x00, 0x80, 0x00, 0x00, 0x00, 0x00, 0x00, 0x00, 0x00,
    0x00, 0x00, 0x00, 0x00, 0x00, 0x00, 0x00, 0x04, 0x20, 0x04, 0x20, 0x00, 0x00, 0x00, 0x00, 0x00,
    0x00, 0x09, 0x90, 0x09, 0x90, 0x09, 0x90, 0x00, 0x00, 0x00, 0x00, 0x10, 0x00, 0x12, 0x48, 0x10,
    0x08, 0x00, 0x00, 0x00, 0x00, 0x00, 0x00, 0x20, 0x04, 0x24, 0x24, 0x04, 0x20, 0x02, 0x40, 0x02,
    0x40, 0x02, 0x40, 0x00, 0x00, 0x00, 0x40, 0x00, 0x90, 0x01, 0x00, 0x00, 0x00, 0x00, 0x00, 0x00,
    0x00, 0x00, 0x00, 0x00, 0x00, 0x00, 0x00, 0x00, 0x00, 0x04, 0x20, 0x04, 0x20, 0x00, 0x00, 0x00,
    0x00, 0x00, 0x00, 0x09, 0x90, 0x09, 0x90, 0x09, 0x90, 0x00, 0x00, 0x00, 0x00, 0x10, 0x00, 0x12,
    0x48, 0x10, 0x08, 0x00, 0x00, 0x00, 0x00, 0x00, 0x00, 0x20, 0x04, 0x24, 0x24, 0x04, 0x20, 0x02,
    0x40, 0x02, 0x40, 0x02, 0x40, 0x03, 0xC0, 0x04, 0x20, 0x00, 0x00, 0x08, 0x10, 0x10, 0x08, 0x08,
    0x10, 0x00, 0x00, 0x00, 0x00, 0x00, 0x00, 0x00, 0x00, 0x04, 0x20, 0x04, 0x20, 0x00, 0x00, 0x00,
    0x00, 0x00, 0x00, 0x09, 0x90, 0x09, 0x90, 0x09, 0x90, 0x00, 0x00, 0x00, 0x00, 0x10, 0x00, 0x12,
    0x48, 0x10, 0x08, 0x00, 0x00, 0x00, 0x00, 0x00, 0x00, 0x20, 0x04, 0x24, 0x24, 0x04, 0x20, 0x02,
    0x40, 0x02, 0x40, 0x02, 0x40, 0x00, 0x00, 0x08, 0x18, 0x10, 0x24, 0x22, 0x00, 0x01, 0x08, 0x18,
    0x90, 0x00, 0x00, 0x00, 0x00, 0x00, 0x00, 0x00, 0x00, 0x04, 0x20, 0x04, 0x20, 0x00, 0x00, 0x00,
    0x00, 0x00, 0x00, 0x09, 0x90, 0x09, 0x90, 0x09, 0x90, 0x00, 0x00, 0x00, 0x00, 0x10, 0x00, 0x12,
    0x48, 0x10, 0x08, 0x00, 0x00, 0x00, 0x00, 0x00, 0x00, 0x20, 0x04, 0x24, 0x24, 0x04, 0x20, 0x02,
    0x40, 0x02, 0x40, 0x02, 0x40, 0x10, 0x08, 0x00, 0x00, 0x20, 0x04, 0x02, 0x40, 0x0C, 0x30, 0x00,
    0x00, 0x00, 0x00, 0x00, 0x00, 0x00, 0x00, 0x04, 0x20, 0x04, 0x20, 0x00, 0x00, 0x00, 0x00, 0x00,
    0x00, 0x09, 0x90, 0x09, 0x90, 0x09, 0x90, 0x00, 0x00, 0x00, 0x00, 0x10, 0x00, 0x12, 0x48, 0x10,
    0x08, 0x00, 0x00, 0x00, 0x00, 0x00, 0x00, 0x20, 0x04, 0x24, 0x24, 0x04, 0x20, 0x02, 0x40, 0x02,
    0x40, 0x02, 0x40, 0x02, 0x40, 0x04, 0x20, 0x00, 0x00, 0x02, 0x00, 0x00, 0x00, 0x04, 0x20, 0x02,
    0x40, 0x00, 0x00, 0x00, 0x00, 0x00, 0x00, 0x04, 0x20, 0x04, 0x20, 0x00, 0x00, 0x00, 0x00, 0x00,
    0x00, 0x09, 0x90, 0x09, 0x90, 0x09, 0x90, 0x00, 0x00, 0x00, 0x00, 0x10, 0x00, 0x12, 0x48, 0x10,
    0x08, 0x00, 0x00, 0x00, 0x00, 0x00, 0x00, 0x20, 0x04, 0x24, 0x24, 0x04, 0x20, 0x02, 0x40, 0x02,
    0x40, 0x02, 0x40, 0x00, 0x02, 0x00, 0x02, 0x08, 0x32, 0x00, 0x0A, 0x00, 0x0A, 0x08, 0x0E, 0x08,
    0x00, 0x09, 0x00, 0x03, 0x00, 0x03, 0x00, 0x13, 0x3C, 0x11, 0x00, 0x11, 0x00, 0x01, 0x00, 0x05,
    0x00, 0x02, 0x00, 0x20, 0x00, 0x20, 0x00, 0x01, 0x0E, 0x01, 0x0A, 0x09, 0x0A, 0xCD, 0x32, 0x85,
    0x02, 0x85, 0x02, 0x19, 0x00, 0x20, 0x40, 0x00, 0x00, 0x44, 0x00, 0x08, 0x40, 0x08, 0x00, 0x00,
    0x00, 0x00, 0x00, 0x00, 0x00, 0x00, 0x00, 0x00, 0x00, 0x00, 0x00, 0x00, 0x00, 0x00, 0x00, 0x00,
    0x00, 0x00, 0x00, 0x00, 0x00, 0x00, 0x00, 0x08, 0x40, 0x08, 0x08, 0x44, 0x88, 0x00, 0x00, 0x00,
    0x00, 0x08, 0x40, 0x04, 0x80, 0x04, 0x80, 0x03, 0x00, 0x00, 0x20, 0x0F, 0x20, 0x00, 0x00, 0x00,
    0x80, 0x00, 0x00, 0x04, 0x00, 0x12, 0x00, 0x01, 0x00, 0x00, 0x00, 0x00, 0x00, 0x00, 0x00, 0x00,
    0x00, 0x00, 0x00, 0x00, 0x00, 0x00, 0x00, 0x00, 0x00, 0x48, 0x20, 0x48, 0x20, 0x48, 0x38, 0x48,
    0x00, 0x48, 0x00, 0x48, 0x00, 0x48, 0x00, 0x40, 0x20, 0x40, 0x20, 0x40, 0x20, 0x48, 0x00, 0x48,
    0x00, 0x48, 0x00, 0x48, 0x00, 0x48, 0x00, 0x48, 0x38, 0x48, 0x20, 0x48, 0x20, 0x00, 0x00, 0x00,
    0x00, 0x00, 0x00, 0x00, 0x00, 0x00, 0x80, 0x01, 0x20, 0x02, 0x00, 0x00, 0x00, 0x00, 0x00, 0x00,
    0x00, 0x00, 0x00, 0x00, 0x00, 0x00, 0x00, 0x00, 0x00, 0x00, 0x00, 0x48, 0x20, 0x48, 0x20, 0x48,
    0x38, 0x48, 0x00, 0x48, 0x00, 0x48, 0x00, 0x48, 0x00, 0x40, 0x20, 0x40, 0x20, 0x40, 0x20, 0x48,
    0x00, 0x48, 0x00, 0x48, 0x00, 0x48, 0x00, 0x48, 0x00, 0x48, 0x38, 0x48, 0x20, 0x48, 0x20, 0x00,
    0x00, 0x00, 0x00, 0x00, 0x00, 0x07, 0x80, 0x08, 0x40, 0x00, 0x00, 0x10, 0x20, 0x20, 0x10, 0x10,
    0x20, 0x00, 0x00, 0x00, 0x00, 0x00, 0x00, 0x00, 0x00, 0x00, 0x00, 0x48, 0x20, 0x48, 0x20, 0x48,
    0x38, 0x48, 0x00, 0x48, 0x00, 0x48, 0x00, 0x48, 0x00, 0x40, 0x20, 0x40, 0x20, 0x40, 0x20, 0x48,
    0x00, 0x48, 0x00, 0x48, 0x00, 0x48, 0x00, 0x48, 0x00, 0x48, 0x38, 0x48, 0x20, 0x48, 0x20, 0x00,
    0x00, 0x00, 0x00, 0x00, 0x00, 0x20, 0x10, 0x00, 0x00, 0x40, 0x08, 0x04, 0x80, 0x18, 0x60, 0x00,
    0x00, 0x00, 0x00, 0x00, 0x00, 0x00, 0x00, 0x00, 0x00, 0x48, 0x20, 0x48, 0x20, 0x48, 0x38, 0x48,
    0x00, 0x48, 0x00, 0x48, 0x00, 0x48, 0x00, 0x40, 0x20, 0x40, 0x20, 0x40, 0x20, 0x48, 0x00, 0x48,
    0x00, 0x48, 0x00, 0x48, 0x00, 0x48, 0x00, 0x48, 0x38, 0x48, 0x20, 0x48, 0x20, 0x00, 0x00, 0x00,
    0x00, 0x00, 0x00, 0x00, 0x00, 0x08, 0x00, 0x24, 0x00, 0x02, 0x00, 0x00, 0x00, 0x00, 0x00, 0x00,
    0x00, 0x00, 0x00, 0x00, 0x00, 0x80, 0x10, 0x80, 0x10, 0x80, 0x10, 0x09, 0x00, 0x09, 0x00, 0x09,
    0x00, 0x09, 0x00, 0x09, 0x00, 0x09, 0x00, 0x09, 0x00, 0x09, 0x00, 0x09, 0x00, 0x09, 0x00, 0x09,
    0x00, 0x09, 0x00, 0x09, 0x00, 0x09, 0x00, 0x09, 0x00, 0x09, 0x00, 0x09, 0x00, 0x09, 0x00, 0x80,
    0x10, 0x80, 0x10, 0x80, 0x10, 0x00, 0x00, 0x01, 0x00, 0x02, 0x40, 0x04, 0x00, 0x00, 0x00, 0x00,
    0x00, 0x00, 0x00, 0x00, 0x00, 0x00, 0x00, 0x80, 0x10, 0x80, 0x10, 0x80, 0x10, 0x09, 0x00, 0x09,
    0x00, 0x09, 0x00, 0x09, 0x00, 0x09, 0x00, 0x09, 0x00, 0x09, 0x00, 0x09, 0x00, 0x09, 0x00, 0x09,
    0x00, 0x09, 0x00, 0x09, 0x00, 0x09, 0x00, 0x09, 0x00, 0x09, 0x00, 0x09, 0x00, 0x09, 0x00, 0x09,
    0x00, 0x80, 0x10, 0x80, 0x10, 0x80, 0x10, 0x0F, 0x00, 0x10, 0x80, 0x00, 0x00, 0x20, 0x40, 0x40,
    0x20, 0x20, 0x40, 0x00, 0x00, 0x00, 0x00, 0x80, 0x10, 0x80, 0x10, 0x80, 0x10, 0x09, 0x00, 0x09,
    0x00, 0x09, 0x00, 0x09, 0x00, 0x09, 0x00, 0x09, 0x00, 0x09, 0x00, 0x09, 0x00, 0x09, 0x00, 0x09,
    0x00, 0x09, 0x00, 0x09, 0x00, 0x09, 0x00, 0x09, 0x00, 0x09, 0x00, 0x09, 0x00, 0x09, 0x00, 0x09,
    0x00, 0x80, 0x10, 0x80, 0x10, 0x80, 0x10, 0x40, 0x20, 0x00, 0x00, 0x80, 0x10, 0x09, 0x00, 0x30,
    0xC0, 0x00, 0x00, 0x00, 0x00, 0x80, 0x10, 0x80, 0x10, 0x80, 0x10, 0x09, 0x00, 0x09, 0x00, 0x09,
    0x00, 0x09, 0x00, 0x09, 0x00, 0x09, 0x00, 0x09, 0x00, 0x09, 0x00, 0x09, 0x00, 0x09, 0x00, 0x09,
    0x00, 0x09, 0x00, 0x09, 0x00, 0x09, 0x00, 0x09, 0x00, 0x09, 0x00, 0x09, 0x00, 0x09, 0x00, 0x80,
    0x10, 0x80, 0x10, 0x80, 0x10, 0x00, 0xC0, 0x00, 0x10, 0x00, 0x08, 0x04, 0x84, 0x04, 0x04, 0x04,
    0x20, 0x04, 0x20, 0x04, 0x00, 0x04, 0x00, 0x04, 0x00, 0x04, 0x00, 0x80, 0x00, 0x80, 0x00, 0x04,
    0x00, 0x04, 0x00, 0x04, 0x00, 0x04, 0x00, 0x04, 0x20, 0x04, 0x20, 0x04, 0x04, 0x04, 0x84, 0x00,
    0x08, 0x00, 0x10, 0x00, 0xC0, 0x00, 0x00, 0x08, 0x18, 0x10, 0x24, 0x22, 0x00, 0x01, 0x08, 0x18,
    0x90, 0x00, 0x00, 0x00, 0x00, 0x04, 0x40, 0x00, 0x40, 0x02, 0x40, 0x02, 0x20, 0x00, 0x20, 0x00,
    0x20, 0x01, 0x20, 0x00, 0x20, 0x04, 0x20, 0x04, 0xA0, 0x06, 0x20, 0x06, 0x20, 0x04, 0x60, 0x04,
    0x60, 0x05, 0x20, 0x04, 0x20, 0x04, 0x00, 0x04, 0x80, 0x04, 0x00, 0x04, 0x00, 0x04, 0x40, 0x02,
    0x40, 0x02, 0x00, 0x02, 0x20, 0x04, 0x00, 0x02, 0x00, 0x10, 0x00, 0x08, 0x00, 0x04, 0x00, 0x02,
    0x80, 0x00, 0x00, 0x00, 0x00, 0x0C, 0xC0, 0x00, 0x00, 0x00, 0x00, 0x44, 0x88, 0x08, 0x40, 0x08,
    0x40, 0x00, 0x00, 0x00, 0x00, 0x00, 0x00, 0x00, 0x00, 0x00, 0x00, 0x00, 0x00, 0x00, 0x00, 0x00,
    0x00, 0x00, 0x00, 0x00, 0x00, 0x00, 0x00, 0x00, 0x00, 0x08, 0x40, 0x08, 0x40, 0x44, 0x88, 0x00,
    0x00, 0x00, 0x00, 0x0C, 0xC0, 0x00, 0x80, 0x01, 0x00, 0x00, 0x20, 0x00, 0x40, 0x00, 0x80, 0x05,
    0x00, 0x00, 0x00, 0x00, 0x00, 0x0C, 0xC0, 0x00, 0x00, 0x00, 0x00, 0x44, 0x88, 0x08, 0x40, 0x08,
    0x40, 0x00, 0x00, 0x00, 0x00, 0x00, 0x00, 0x00, 0x00, 0x00, 0x00, 0x00, 0x00, 0x00, 0x00, 0x00,
    0x00, 0x00, 0x00, 0x00, 0x00, 0x00, 0x00, 0x00, 0x00, 0x08, 0x40, 0x08, 0x40, 0x44, 0x88, 0x00,
    0x00, 0x00, 0x00, 0x0C, 0xC0, 0x00, 0x00, 0x08, 0x40, 0x13, 0x20, 0x00, 0x00, 0x20, 0x10, 0x10,
    0x20, 0x00, 0x00, 0x00, 0x00, 0x0C, 0xC0, 0x00, 0x00, 0x00, 0x00, 0x44, 0x88, 0x08, 0x40, 0x08,
    0x40, 0x00, 0x00, 0x00, 0x00, 0x00, 0x00, 0x00, 0x00, 0x00, 0x00, 0x00, 0x00, 0x00, 0x00, 0x00,
    0x00, 0x00, 0x00, 0x00, 0x00, 0x00, 0x00, 0x00, 0x00, 0x08, 0x40, 0x08, 0x40, 0x44, 0x88, 0x00,
    0x00, 0x00, 0x00, 0x0C, 0xC0, 0x00, 0x00, 0x10, 0x30, 0x20, 0x48, 0x44, 0x00, 0x02, 0x10, 0x31,
    0x20, 0x00, 0x00, 0x00, 0x00, 0x0C, 0xC0, 0x00, 0x00, 0x00, 0x00, 0x44, 0x88, 0x08, 0x40, 0x08,
    0x40, 0x00, 0x00, 0x00, 0x00, 0x00, 0x00, 0x00, 0x00, 0x00, 0x00, 0x00, 0x00, 0x00, 0x00, 0x00,
    0x00, 0x00, 0x00, 0x00, 0x00, 0x00, 0x00, 0x00, 0x00, 0x08, 0x40, 0x08, 0x40, 0x44, 0x88, 0x00,
    0x00, 0x00, 0x00, 0x0C, 0xC0, 0x20, 0x10, 0x00, 0x00, 0x40, 0x08, 0x04, 0x80, 0x18, 0x60, 0x00,
    0x00, 0x00, 0x00, 0x0C, 0xC0, 0x00, 0x00, 0x00, 0x00, 0x44, 0x88, 0x08, 0x40, 0x08, 0x40, 0x00,
    0x00, 0x00, 0x00, 0x00, 0x00, 0x00, 0x00, 0x00, 0x00, 0x00, 0x00, 0x00, 0x00, 0x00, 0x00, 0x00,
    0x00, 0x00, 0x00, 0x00, 0x00, 0x00, 0x00, 0x08, 0x40, 0x08, 0x40, 0x44, 0x88, 0x00, 0x00, 0x00,
    0x00, 0x0C, 0xC0, 0x00, 0x00, 0x50, 0x0A, 0x08, 0x10, 0x44, 0x22, 0x22, 0x44, 0x11, 0x88, 0x08,
    0x10, 0x04, 0x20, 0x04, 0x20, 0x08, 0x10, 0x11, 0x88, 0x22, 0x44, 0x44, 0x22, 0x08, 0x10, 0x50,
    0x0A, 0x00, 0x00, 0x00, 0x00, 0x00, 0x28, 0x0C, 0xC0, 0x00, 0x08, 0x00, 0x00, 0x44, 0x88, 0x08,
    0x80, 0x08, 0x00, 0x00, 0x00, 0x01, 0x00, 0x00, 0x00, 0x02, 0x40, 0x02, 0x40, 0x00, 0x80, 0x04,
    0x00, 0x09, 0x00, 0x09, 0x00, 0x00, 0x00, 0x02, 0x00, 0x00, 0x00, 0x00, 0x40, 0x04, 0x40, 0x44,
    0x88, 0x00, 0x00, 0x40, 0x00, 0x0C, 0xC0, 0x50, 0x00, 0x00, 0x00, 0x00, 0x00, 0x02, 0x00, 0x09,
    0x00, 0x00, 0x80, 0x00, 0x00, 0x00, 0x00, 0x00, 0x00, 0x00, 0x00, 0x00, 0x00, 0x02, 0x40, 0x02,
    0x40, 0x02, 0x40, 0x04, 0x20, 0x04, 0x20, 0x04, 0x20, 0x04, 0x20, 0x04, 0x20, 0x04, 0x20, 0x04,
    0x20, 0x04, 0x20, 0x04, 0x20, 0x04, 0x20, 0x04, 0x20, 0x04, 0x20, 0x04, 0x20, 0x04, 0x20, 0x04,
    0x20, 0x04, 0x20, 0x20, 0x04, 0x22, 0x44, 0x10, 0x08, 0x00, 0x00, 0x06, 0x60, 0x00, 0x00, 0x00,
    0x40, 0x00, 0x90, 0x01, 0x00, 0x00, 0x00, 0x00, 0x00, 0x00, 0x00, 0x00, 0x00, 0x00, 0x00, 0x02,
    0x40, 0x02, 0x40, 0x02, 0x40, 0x04, 0x20, 0x04, 0x20, 0x04, 0x20, 0x04, 0x20, 0x04, 0x20, 0x04,
    0x20, 0x04, 0x20, 0x04, 0x20, 0x04, 0x20, 0x04, 0x20, 0x04, 0x20, 0x04, 0x20, 0x04, 0x20, 0x04,
    0x20, 0x04, 0x20, 0x04, 0x20, 0x20, 0x04, 0x22, 0x44, 0x10, 0x08, 0x00, 0x00, 0x06, 0x60, 0x00,
    0x00, 0x04, 0x20, 0x09, 0x90, 0x02, 0x40, 0x10, 0x08, 0x08, 0x10, 0x00, 0x00, 0x00, 0x00, 0x02,
    0x40, 0x02, 0x40, 0x02, 0x40, 0x04, 0x20, 0x04, 0x20, 0x04, 0x20, 0x04, 0x20, 0x04, 0x20, 0x04,
    0x20, 0x04, 0x20, 0x04, 0x20, 0x04, 0x20, 0x04, 0x20, 0x04, 0x20, 0x04, 0x20, 0x04, 0x20, 0x04,
    0x20, 0x04, 0x20, 0x04, 0x20, 0x20, 0x04, 0x22, 0x44, 0x10, 0x08, 0x00, 0x00, 0x06, 0x60, 0x10,
    0x08, 0x00, 0x00, 0x20, 0x04, 0x02, 0x40, 0x0C, 0x30, 0x00, 0x00, 0x00, 0x00, 0x02, 0x40, 0x02,
    0x40, 0x02, 0x40, 0x04, 0x20, 0x04, 0x20, 0x04, 0x20, 0x04, 0x20, 0x04, 0x20, 0x04, 0x20, 0x04,
    0x20, 0x04, 0x20, 0x04, 0x20, 0x04, 0x20, 0x04, 0x20, 0x04, 0x20, 0x04, 0x20, 0x04, 0x20, 0x04,
    0x20, 0x04, 0x20, 0x20, 0x04, 0x22, 0x44, 0x10, 0x08, 0x00, 0x00, 0x06, 0x60, 0x00, 0x00, 0x00,
    0x40, 0x00, 0x90, 0x01, 0x00, 0x00, 0x00, 0x00, 0x00, 0x00, 0x00, 0x00, 0x00, 0x00, 0x00, 0x02,
    0x40, 0x02, 0x40, 0x02, 0x40, 0x20, 0x04, 0x02, 0x40, 0x12, 0x48, 0x10, 0x08, 0x01, 0x80, 0x09,
    0x90, 0x00, 0x00, 0x00, 0x00, 0x04, 0x20, 0x00, 0x00, 0x00, 0x00, 0x02, 0x40, 0x02, 0x40, 0x02,
    0x40, 0x02, 0x40, 0x02, 0x40, 0x02, 0x40, 0x02, 0x40, 0x00, 0x00, 0x00, 0x00, 0x00, 0x00, 0x80,
    0x00, 0x80, 0x00, 0x80, 0x00, 0x40, 0x00, 0x40, 0x00, 0x40, 0x00, 0x40, 0x40, 0x40, 0x10, 0x40,
    0x08, 0x40, 0x08, 0x40, 0x40, 0x40, 0x00, 0x40, 0x00, 0x40, 0x40, 0x40, 0x00, 0x40, 0x08, 0x40,
    0x10, 0x40, 0x60, 0x40, 0x00, 0x40, 0x00, 0x40, 0x00, 0x80, 0x00, 0x80, 0x00, 0x80, 0x00, 0x04,
    0x40, 0x00, 0x10, 0x00, 0x08, 0x22, 0x08, 0x20, 0x40, 0x04, 0x04, 0x04, 0x04, 0x04, 0x04, 0x04,
    0x40, 0x04, 0x40, 0x04, 0x88, 0x06, 0x10, 0x06, 0x10, 0x06, 0x00, 0x04, 0x44, 0x04, 0x20, 0x04,
    0x20, 0x04, 0x00, 0x04, 0x20, 0x04, 0x00, 0x04, 0x84, 0x06, 0x00, 0x06, 0x10, 0x06, 0xC0, 0x04,
    0x00, 0x02, 0x00, 0x10, 0x00, 0x08, 0x00, 0x04, 0x00, 0x02, 0x80, 0x00, 0x00, 0x00, 0x00, 0x08,
    0xC0, 0x20, 0x10, 0x00, 0x00, 0x44, 0x88, 0x08, 0x40, 0x00, 0x40, 0x00, 0x40, 0x08, 0x00, 0x20,
    0x00, 0x40, 0x00, 0x04, 0x40, 0x08, 0x40, 0x00, 0x40, 0x08, 0x80, 0x42, 0x00, 0x00, 0xC0, 0x13,
    0x40, 0x00, 0x80, 0x01, 0x00, 0x00, 0x20, 0x00, 0x40, 0x00, 0x80, 0x05, 0x00, 0x00, 0x00, 0x00,
    0x00, 0x08, 0xC0, 0x20, 0x10, 0x00, 0x00, 0x44, 0x88, 0x08, 0x40, 0x00, 0x40, 0x00, 0x40, 0x08,
    0x00, 0x20, 0x00, 0x40, 0x00, 0x04, 0x40, 0x08, 0x40, 0x00, 0x40, 0x08, 0x80, 0x42, 0x00, 0x00,
    0xC0, 0x13, 0x40, 0x00, 0x00, 0x08, 0x40, 0x13, 0x20, 0x00, 0x00, 0x20, 0x10, 0x10, 0x20, 0x00,
    0x00, 0x00, 0x00, 0x08, 0xC0, 0x20, 0x10, 0x00, 0x00, 0x44, 0x88, 0x08, 0x40, 0x00, 0x40, 0x00,
    0x40, 0x08, 0x00, 0x20, 0x00, 0x40, 0x00, 0x04, 0x40, 0x08, 0x40, 0x00, 0x40, 0x08, 0x80, 0x42,
    0x00, 0x00, 0xC0, 0x13, 0x40, 0x00, 0x00, 0x10, 0x30, 0x20, 0x48, 0x44, 0x00, 0x02, 0x10, 0x31,
    0x20, 0x00, 0x00, 0x00, 0x00, 0x08, 0xC0, 0x20, 0x10, 0x00, 0x00, 0x44, 0x88, 0x08, 0x40, 0x00,
    0x40, 0x00, 0x40, 0x08, 0x00, 0x20, 0x00, 0x40, 0x00, 0x04, 0x40, 0x08, 0x40, 0x00, 0x40, 0x08,
    0x80, 0x42, 0x00, 0x00, 0xC0, 0x13, 0x40, 0x20, 0x10, 0x00, 0x00, 0x40, 0x08, 0x04, 0x80, 0x18,
    0x60, 0x00, 0x00, 0x00, 0x00, 0x08, 0xC0, 0x20, 0x10, 0x00, 0x00, 0x44, 0x88, 0x08, 0x40, 0x00,
    0x40, 0x00, 0x40, 0x08, 0x00, 0x20, 0x00, 0x40, 0x00, 0x04, 0x40, 0x08, 0x40, 0x00, 0x40, 0x08,
    0x80, 0x42, 0x00, 0x00, 0xC0, 0x13, 0x40, 0x04, 0x80, 0x08, 0x40, 0x00, 0x00, 0x00, 0x00, 0x08,
    0x40, 0x04, 0x80, 0x00, 0x00, 0x00, 0x00, 0x08, 0xC0, 0x20, 0x10, 0x00, 0x00, 0x44, 0x88, 0x08,
    0x40, 0x00, 0x40, 0x00, 0x40, 0x08, 0x00, 0x20, 0x00, 0x40, 0x00, 0x04, 0x40, 0x08, 0x40, 0x00,
    0x40, 0x08, 0x80, 0x42, 0x00, 0x00, 0xC0, 0x13, 0x40, 0x25, 0x90, 0x42, 0x00, 0x08, 0x44, 0x94,
    0x84, 0x94, 0x80, 0x04, 0x80, 0x04, 0x80, 0x30, 0x00, 0x40, 0x00, 0x8C, 0xFC, 0x94, 0x80, 0x04,
    0x80, 0x04, 0x84, 0x94, 0xA4, 0x88, 0x44, 0x02, 0x08, 0x25, 0x10, 0x19, 0x00, 0x20, 0x40, 0x00,
    0x00, 0x44, 0x00, 0x08, 0x40, 0x08, 0x00, 0x00, 0x00, 0x00, 0x00, 0x00, 0x00, 0x00, 0x00, 0x00,
    0x00, 0x08, 0x40, 0x08, 0x40, 0x44, 0x88, 0x00, 0x00, 0x20, 0x00, 0x08, 0x40, 0x04, 0x80, 0x04,
    0x80, 0x03, 0x00, 0x00, 0x20, 0x0F, 0x20, 0x00, 0x00, 0x00, 0x80, 0x04, 0x00, 0x02, 0x00, 0x10,
    0x00, 0x08, 0x00, 0x04, 0x00, 0x02, 0x80, 0x00, 0x00, 0x00, 0x00, 0x0C, 0xC0, 0x00, 0x00, 0x00,
    0x00, 0x44, 0x88, 0x08, 0x40, 0x08, 0x40, 0x08, 0x40, 0x00, 0x00, 0x00, 0x00, 0x00, 0x00, 0x00,
    0x00, 0x08, 0x00, 0x08, 0x40, 0x44, 0x88, 0x00, 0x08, 0x00, 0x10, 0x0C, 0x40, 0x00, 0x80, 0x01,
    0x00, 0x00, 0x20, 0x00, 0x40, 0x00, 0x80, 0x05, 0x00, 0x00, 0x00, 0x00, 0x00, 0x0C, 0xC0, 0x00,
    0x00, 0x00, 0x00, 0x44, 0x88, 0x08, 0x40, 0x08, 0x40, 0x08, 0x40, 0x00, 0x00, 0x00, 0x00, 0x00,
    0x00, 0x00, 0x00, 0x08, 0x00, 0x08, 0x40, 0x44, 0x88, 0x00, 0x08, 0x00, 0x10, 0x0C, 0x40, 0x00,
    0x00, 0x08, 0x40, 0x13, 0x20, 0x00, 0x00, 0x20, 0x10, 0x10, 0x20, 0x00, 0x00, 0x00, 0x00, 0x0C,
    0xC0, 0x00, 0x00, 0x00, 0x00, 0x44, 0x88, 0x08, 0x40, 0x08, 0x40, 0x08, 0x40, 0x00, 0x00, 0x00,
    0x00, 0x00, 0x00, 0x00, 0x00, 0x08, 0x00, 0x08, 0x40, 0x44, 0x88, 0x00, 0x08, 0x00, 0x10, 0x0C,
    0x40, 0x20, 0x10, 0x00, 0x00, 0x40, 0x08, 0x04, 0x80, 0x18, 0x60, 0x00, 0x00, 0x00, 0x00, 0x0C,
    0xC0, 0x00, 0x00, 0x00, 0x00, 0x44, 0x88, 0x08, 0x40, 0x08, 0x40, 0x08, 0x40, 0x00, 0x00, 0x00,
    0x00, 0x00, 0x00, 0x00, 0x00, 0x08, 0x00, 0x08, 0x40, 0x44, 0x88, 0x00, 0x08, 0x00, 0x10, 0x0C,
    0x40, 0x00, 0x00, 0x08, 0x00, 0x24, 0x00, 0x02, 0x00, 0x01, 0x00, 0x00, 0x00, 0x01, 0x00, 0x00,
    0x00, 0x00, 0x00, 0x00, 0x00, 0x00, 0x00, 0x00, 0x00, 0x08, 0x00, 0x08, 0x00, 0x08, 0x00, 0x08,
    0x00, 0x08, 0x00, 0x08, 0x00, 0x08, 0x00, 0x08, 0x00, 0x08, 0x00, 0x08, 0x00, 0x08, 0x00, 0x80,
    0x10, 0x80, 0x10, 0x80, 0x10, 0x00, 0x00, 0x01, 0x80, 0x02, 0x40, 0x00, 0x40, 0x00, 0x80, 0x01,
    0x00, 0x02, 0x00, 0x00, 0x00, 0x00, 0x00, 0x00, 0x00, 0x00, 0x00, 0x00, 0x00, 0x08, 0x00, 0x08,
    0x00, 0x08, 0x00, 0x08, 0x00, 0x08, 0x00, 0x08, 0x00, 0x08, 0x00, 0x08, 0x00, 0x08, 0x00, 0x08,
    0x00, 0x08, 0x00, 0x80, 0x10, 0x80, 0x10, 0x80, 0x10, 0x0F, 0x00, 0x10, 0x80, 0x02, 0x40, 0x20,
    0x00, 0x08, 0x20, 0x30, 0x40, 0x00, 0x00, 0x00, 0x00, 0x00, 0x00, 0x00, 0x00, 0x00, 0x00, 0x08,
    0x00, 0x08, 0x00, 0x08, 0x00, 0x08, 0x00, 0x08, 0x00, 0x08, 0x00, 0x08, 0x00, 0x08, 0x00, 0x08,
    0x00, 0x08, 0x00, 0x08, 0x00, 0x80, 0x10, 0x80, 0x10, 0x80, 0x10, 0x40, 0x20, 0x00, 0x00, 0x80,
    0x10, 0x09, 0x00, 0x30, 0xC0, 0x00, 0x00, 0x00, 0x00, 0x00, 0x00, 0x00, 0x00, 0x00, 0x00, 0x08,
    0x00, 0x08, 0x00, 0x08, 0x00, 0x08, 0x00, 0x08, 0x00, 0x08, 0x00, 0x08, 0x00, 0x08, 0x00, 0x08,
    0x00, 0x08, 0x00, 0x08, 0x00, 0x80, 0x10, 0x80, 0x10, 0x80, 0x10, 0x08, 0x00, 0x02, 0x00, 0x10,
    0x00, 0x08, 0x00, 0x04, 0x00, 0x04, 0x08, 0x20, 0x10, 0x23, 0x10, 0x10, 0x80, 0x0C, 0x08, 0x00,
    0x08, 0x00, 0x40, 0x43, 0x00, 0x00, 0x00, 0x08, 0x40, 0x08, 0x40, 0x00, 0x00, 0x00, 0x00, 0x08,
    0x40, 0x08, 0x40, 0x44, 0x88, 0x00, 0x00, 0x00, 0x00, 0x0C, 0xC0, 0x00, 0x00, 0x08, 0x18, 0x10,
    0x24, 0x22, 0x00, 0x01, 0x08, 0x18, 0x90, 0x00, 0x00, 0x00, 0x00, 0x05, 0xB0, 0x06, 0x08, 0x04,
    0x00, 0x02, 0x44, 0x00, 0x04, 0x04, 0x20, 0x04, 0x20, 0x04, 0x20, 0x04, 0x20, 0x04, 0x20, 0x04,
    0x20, 0x04, 0x20, 0x04, 0x20, 0x04, 0x20, 0x02, 0x40, 0x02, 0x40, 0x02, 0x40, 0x04, 0x00, 0x02,
    0x00, 0x10, 0x00, 0x08, 0x00, 0x04, 0x00, 0x02, 0x80, 0x00, 0x00, 0x00, 0x00, 0x0C, 0xC0, 0x00,
    0x00, 0x00, 0x00, 0x44, 0x88, 0x08, 0x40, 0x08, 0x40, 0x00, 0x00, 0x00, 0x00, 0x00, 0x00, 0x00,
    0x00, 0x00, 0x00, 0x08, 0x40, 0x08, 0x40, 0x44, 0x88, 0x00, 0x00, 0x00, 0x00, 0x0C, 0xC0, 0x00,
    0x80, 0x01, 0x00, 0x00, 0x20, 0x00, 0x40, 0x00, 0x80, 0x05, 0x00, 0x00, 0x00, 0x00, 0x00, 0x0C,
    0xC0, 0x00, 0x00, 0x00, 0x00, 0x44, 0x88, 0x08, 0x40, 0x08, 0x40, 0x00, 0x00, 0x00, 0x00, 0x00,
    0x00, 0x00, 0x00, 0x00, 0x00, 0x08, 0x40, 0x08, 0x40, 0x44, 0x88, 0x00, 0x00, 0x00, 0x00, 0x0C,
    0xC0, 0x00, 0x00, 0x08, 0x40, 0x13, 0x20, 0x00, 0x00, 0x20, 0x10, 0x10, 0x20, 0x00, 0x00, 0x00,
    0x00, 0x0C, 0xC0, 0x00, 0x00, 0x00, 0x00, 0x44, 0x88, 0x08, 0x40, 0x08, 0x40, 0x00, 0x00, 0x00,
    0x00, 0x00, 0x00, 0x00, 0x00, 0x00, 0x00, 0x08, 0x40, 0x08, 0x40, 0x44, 0x88, 0x00, 0x00, 0x00,
    0x00, 0x0C, 0xC0, 0x00, 0x00, 0x10, 0x30, 0x20, 0x48, 0x44, 0x00, 0x02, 0x10, 0x31, 0x20, 0x00,
    0x00, 0x00, 0x00, 0x0C, 0xC0, 0x00, 0x00, 0x00, 0x00, 0x44, 0x88, 0x08, 0x40, 0x08, 0x40, 0x00,
    0x00, 0x00, 0x00, 0x00, 0x00, 0x00, 0x00, 0x00, 0x00, 0x08, 0x40, 0x08, 0x40, 0x44, 0x88, 0x00,
    0x00, 0x00, 0x00, 0x0C, 0xC0, 0x20, 0x10, 0x00, 0x00, 0x40, 0x08, 0x04, 0x80, 0x18, 0x60, 0x00,
    0x00, 0x00, 0x00, 0x0C, 0xC0, 0x00, 0x00, 0x00, 0x00, 0x44, 0x88, 0x08, 0x40, 0x08, 0x40, 0x00,
    0x00, 0x00, 0x00, 0x00, 0x00, 0x00, 0x00, 0x00, 0x00, 0x08, 0x40, 0x08, 0x40, 0x44, 0x88, 0x00,
    0x00, 0x00, 0x00, 0x0C, 0xC0, 0x00, 0x00, 0x09, 0x00, 0x10, 0x80, 0x10, 0x80, 0x00, 0x00, 0x09,
    0x00, 0x00, 0x00, 0x00, 0x00, 0x00, 0x00, 0x00, 0x00, 0xFF, 0xF0, 0x00, 0x00, 0x00, 0x00, 0x09,
    0x00, 0x10, 0x80, 0x10, 0x80, 0x00, 0x00, 0x09, 0x00, 0x00, 0x00, 0x00, 0x38, 0x0C, 0xC0, 0x00,
    0x08, 0x00, 0x00, 0x44, 0x88, 0x08, 0x00, 0x09, 0x00, 0x02, 0x00, 0x00, 0x40, 0x04, 0x80, 0x08,
    0x00, 0x01, 0x00, 0x02, 0x40, 0x00, 0x40, 0x44, 0x88, 0x00, 0x00, 0x40, 0x00, 0x0C, 0xC0, 0x70,
    0x00, 0x00, 0x00, 0x00, 0x00, 0x02, 0x00, 0x09, 0x00, 0x00, 0x80, 0x00, 0x00, 0x00, 0x00, 0x00,
    0x00, 0x00, 0x00, 0x00, 0x00, 0x04, 0x40, 0x04, 0x40, 0x04, 0x40, 0x04, 0x20, 0x04, 0x20, 0x04,
    0x20, 0x04, 0x20, 0x04, 0x20, 0x04, 0x20, 0x04, 0x20, 0x04, 0x20, 0x04, 0x20, 0x20, 0x00, 0x22,
    0x40, 0x00, 0x20, 0x10, 0x60, 0x0D, 0xA0, 0x00, 0x00, 0x00, 0x40, 0x00, 0x90, 0x01, 0x00, 0x00,
    0x00, 0x00, 0x00, 0x00, 0x00, 0x00, 0x00, 0x00, 0x00, 0x04, 0x40, 0x04, 0x40, 0x04, 0x40, 0x04,
    0x20, 0x04, 0x20, 0x04, 0x20, 0x04, 0x20, 0x04, 0x20, 0x04, 0x20, 0x04, 0x20, 0x04, 0x20, 0x04,
    0x20, 0x20, 0x00, 0x22, 0x40, 0x00, 0x20, 0x10, 0x60, 0x0D, 0xA0, 0x00, 0x00, 0x04, 0x20, 0x09,
    0x90, 0x02, 0x40, 0x10, 0x08, 0x08, 0x10, 0x00, 0x00, 0x00, 0x00, 0x04, 0x40, 0x04, 0x40, 0x04,
    0x40, 0x04, 0x20, 0x04, 0x20, 0x04, 0x20, 0x04, 0x20, 0x04, 0x20, 0x04, 0x20, 0x04, 0x20, 0x04,
    0x20, 0x04, 0x20, 0x20, 0x00, 0x22, 0x40, 0x00, 0x20, 0x10, 0x60, 0x0D, 0xA0, 0x10, 0x08, 0x00,
    0x00, 0x20, 0x04, 0x02, 0x40, 0x0C, 0x30, 0x00, 0x00, 0x00, 0x00, 0x04, 0x40, 0x04, 0x40, 0x04,
    0x40, 0x04, 0x20, 0x04, 0x20, 0x04, 0x20, 0x04, 0x20, 0x04, 0x20, 0x04, 0x20, 0x04, 0x20, 0x04,
    0x20, 0x04, 0x20, 0x20, 0x00, 0x22, 0x40, 0x00, 0x20, 0x10, 0x60, 0x0D, 0xA0, 0x00, 0x00, 0x00,
    0x40, 0x00, 0x90, 0x01, 0x00, 0x00, 0x00, 0x00, 0x00, 0x00, 0x00, 0x00, 0x00, 0x00, 0x00, 0x02,
    0x40, 0x02, 0x40, 0x02, 0x40, 0x20, 0x04, 0x00, 0x00, 0x02, 0x40, 0x12, 0x48, 0x00, 0x08, 0x00,
    0x00, 0x09, 0x10, 0x09, 0x90, 0x00, 0x80, 0x00, 0x00, 0x04, 0x20, 0x04, 0x20, 0x00, 0x00, 0x00,
    0x00, 0x00, 0x40, 0x00, 0x40, 0x04, 0x00, 0x04, 0x00, 0x00, 0x80, 0x00, 0x00, 0x02, 0x00, 0x04,
    0x00, 0x04, 0x00, 0x04, 0x00, 0x04, 0x00, 0x04, 0x00, 0x04, 0x00, 0x04, 0x00, 0x05, 0x90, 0x06,
    0x08, 0x04, 0x04, 0x02, 0x44, 0x00, 0x20, 0x04, 0x20, 0x04, 0x00, 0x04, 0x00, 0x04, 0x00, 0x04,
    0x00, 0x04, 0x00, 0x04, 0x20, 0x00, 0x20, 0x02, 0x44, 0x04, 0x04, 0x06, 0x08, 0x05, 0x90, 0x04,
    0x00, 0x04, 0x00, 0x04, 0x00, 0x04, 0x00, 0x01, 0x00, 0x01, 0x00, 0x01, 0x00, 0x10, 0x08, 0x00,
    0x00, 0x20, 0x04, 0x02, 0x40, 0x0C, 0x30, 0x00, 0x00, 0x00, 0x00, 0x02, 0x40, 0x02, 0x40, 0x02,
    0x40, 0x20, 0x04, 0x00, 0x00, 0x02, 0x40, 0x12, 0x48, 0x00, 0x08, 0x00, 0x00, 0x09, 0x10, 0x09,
    0x90, 0x00, 0x80, 0x00, 0x00, 0x04, 0x20, 0x04, 0x20, 0x00, 0x00, 0x00, 0x00, 0x00, 0x40, 0x00,
    0x40, 0x04, 0x00, 0x04, 0x00, 0x00, 0x80, 0x00, 0x00, 0x02, 0x00, 0x10, 0x08, 0x10, 0x08, 0x1F,
    0xF8, 0x00, 0x00, 0x00, 0x00, 0x00, 0x00, 0x00, 0x00, 0x00, 0x00, 0x04, 0x20, 0x04, 0x20, 0x00,
    0x00, 0x00, 0x00, 0x00, 0x00, 0x09, 0x90, 0x09, 0x90, 0x09, 0x90, 0x00, 0x00, 0x00, 0x00, 0x10,
    0x00, 0x12, 0x48, 0x10, 0x08, 0x00, 0x00, 0x00, 0x00, 0x00, 0x00, 0x20, 0x04, 0x24, 0x24, 0x04,
    0x20, 0x02, 0x40, 0x02, 0x40, 0x02, 0x40, 0x20, 0x10, 0x20, 0x10, 0x3F, 0xF0, 0x00, 0x00, 0x00,
    0x00, 0x00, 0x00, 0x08, 0xC0, 0x20, 0x10, 0x00, 0x00, 0x44, 0x88, 0x08, 0x40, 0x00, 0x40, 0x00,
    0x40, 0x08, 0x00, 0x20, 0x00, 0x40, 0x00, 0x04, 0x40, 0x08, 0x40, 0x00, 0x40, 0x08, 0x80, 0x42,
    0x00, 0x00, 0xC0, 0x13, 0x40, 0x10, 0x08, 0x02, 0x40, 0x00, 0x00, 0x00, 0x00, 0x03, 0xC0, 0x00,
    0x00, 0x00, 0x00, 0x00, 0x00, 0x00, 0x00, 0x04, 0x20, 0x04, 0x20, 0x00, 0x00, 0x00, 0x00, 0x00,
    0x00, 0x09, 0x90, 0x09, 0x90, 0x09, 0x90, 0x00, 0x00, 0x00, 0x00, 0x10, 0x00, 0x12, 0x48, 0x10,
    0x08, 0x00, 0x00, 0x00, 0x00, 0x00, 0x00, 0x20, 0x04, 0x24, 0x24, 0x04, 0x20, 0x02, 0x40, 0x02,
    0x40, 0x02, 0x40, 0x20, 0x10, 0x04, 0x80, 0x00, 0x00, 0x00, 0x00, 0x07, 0x80, 0x00, 0x00, 0x00,
    0x00, 0x08, 0xC0, 0x20, 0x10, 0x40, 0x00, 0x44, 0x88, 0x08, 0x40, 0x00, 0x40, 0x00, 0x40, 0x08,
    0x00, 0x20, 0x00, 0x40, 0x00, 0x04, 0x40, 0x08, 0x40, 0x00, 0x40, 0x08, 0x80, 0x42, 0x00, 0x00,
    0xC0, 0x13, 0x40, 0x00, 0x00, 0x00, 0x00, 0x04, 0x20, 0x04, 0x20, 0x00, 0x00, 0x00, 0x00, 0x00,
    0x00, 0x09, 0x90, 0x09, 0x90, 0x09, 0x90, 0x00, 0x00, 0x00, 0x00, 0x10, 0x00, 0x12, 0x48, 0x10,
    0x08, 0x00, 0x00, 0x00, 0x00, 0x00, 0x00, 0x20, 0x04, 0x24, 0x24, 0x04, 0x20, 0x02, 0x40, 0x02,
    0x40, 0x02, 0x40, 0x00, 0x20, 0x00, 0x08, 0x00, 0x40, 0x00, 0x00, 0x00, 0x0C, 0x00, 0x42, 0x00,
    0x10, 0x08, 0xC0, 0x20, 0x10, 0x00, 0x00, 0x44, 0x88, 0x08, 0x40, 0x00, 0x40, 0x00, 0x40, 0x08,
    0x00, 0x20, 0x00, 0x40, 0x00, 0x04, 0x40, 0x08, 0x40, 0x00, 0x40, 0x08, 0x80, 0x42, 0x00, 0x00,
    0xC0, 0x13, 0x40, 0x00, 0x04, 0x00, 0x08, 0x00, 0x40, 0x00, 0x40, 0x00, 0x4C, 0x00, 0x02, 0x00,
    0x12, 0x00, 0x80, 0x01, 0x00, 0x00, 0x20, 0x00, 0x40, 0x00, 0x80, 0x05, 0x00, 0x00, 0x00, 0x00,
    0x00, 0x19, 0x00, 0x20, 0x40, 0x00, 0x00, 0x44, 0x00, 0x08, 0x40, 0x08, 0x00, 0x00, 0x00, 0x00,
    0x00, 0x00, 0x00, 0x00, 0x00, 0x00, 0x00, 0x00, 0x00, 0x00, 0x00, 0x00, 0x00, 0x00, 0x00, 0x00,
    0x00, 0x00, 0x00, 0x00, 0x00, 0x08, 0x40, 0x08, 0x08, 0x44, 0x88, 0x00, 0x00, 0x00, 0x00, 0x08,
    0xC0, 0x00, 0x80, 0x01, 0x00, 0x00, 0x20, 0x00, 0x40, 0x00, 0x80, 0x05, 0x00, 0x00, 0x00, 0x00,
    0x00, 0x19, 0x00, 0x20, 0x40, 0x00, 0x00, 0x44, 0x00, 0x08, 0x40, 0x08, 0x00, 0x00, 0x00, 0x00,
    0x00, 0x00, 0x00, 0x00, 0x00, 0x00, 0x00, 0x08, 0x40, 0x08, 0x40, 0x44, 0x88, 0x00, 0x00, 0x20,
    0x00, 0x08, 0xC0, 0x07, 0x80, 0x08, 0x40, 0x00, 0x00, 0x00, 0x00, 0x20, 0x10, 0x18, 0x60, 0x00,
    0x00, 0x00, 0x00, 0x19, 0x00, 0x20, 0x40, 0x00, 0x00, 0x44, 0x00, 0x08, 0x40, 0x08, 0x00, 0x00,
    0x00, 0x00, 0x00, 0x00, 0x00, 0x00, 0x00, 0x00, 0x00, 0x00, 0x00, 0x00, 0x00, 0x00, 0x00, 0x00,
    0x00, 0x00, 0x00, 0x00, 0x00, 0x00, 0x00, 0x08, 0x40, 0x08, 0x08, 0x44, 0x88, 0x00, 0x00, 0x00,
    0x00, 0x08, 0xC0, 0x00, 0x00, 0x08, 0x40, 0x13, 0x20, 0x00, 0x00, 0x20, 0x10, 0x10, 0x20, 0x00,
    0x00, 0x00, 0x00, 0x19, 0x80, 0x20, 0x40, 0x03, 0x00, 0x40, 0x00, 0x08, 0x40, 0x08, 0x00, 0x00,
    0x00, 0x00, 0x00, 0x00, 0x00, 0x00, 0x00, 0x00, 0x00, 0x08, 0x40, 0x08, 0x40, 0x44, 0x88, 0x00,
    0x00, 0x20, 0x00, 0x08, 0xC0, 0x00, 0x00, 0x04, 0x80, 0x08, 0x40, 0x08, 0x40, 0x00, 0x00, 0x04,
    0x80, 0x00, 0x00, 0x00, 0x00, 0x19, 0x00, 0x20, 0x40, 0x00, 0x00, 0x44, 0x00, 0x08, 0x40, 0x08,
    0x00, 0x00, 0x00, 0x00, 0x00, 0x00, 0x00, 0x00, 0x00, 0x00, 0x00, 0x00, 0x00, 0x00, 0x00, 0x00,
    0x00, 0x00, 0x00, 0x00, 0x00, 0x00, 0x00, 0x00, 0x00, 0x08, 0x40, 0x08, 0x08, 0x44, 0x88, 0x00,
    0x00, 0x00, 0x00, 0x08, 0xC0, 0x04, 0x80, 0x00, 0x00, 0x08, 0x40, 0x08, 0x40, 0x04, 0x80, 0x00,
    0x00, 0x00, 0x00, 0x19, 0x00, 0x20, 0x40, 0x00, 0x00, 0x44, 0x00, 0x08, 0x40, 0x08, 0x00, 0x00,
    0x00, 0x00, 0x00, 0x00, 0x00, 0x00, 0x00, 0x00, 0x00, 0x08, 0x40, 0x08, 0x40, 0x44, 0x88, 0x00,
    0x00, 0x20, 0x00, 0x08, 0xC0, 0x00, 0x00, 0x18, 0x60, 0x24, 0x90, 0x10, 0x20, 0x00, 0x00, 0x08,
    0x40, 0x07, 0x80, 0x00, 0x00, 0x00, 0x00, 0x19, 0x00, 0x20, 0x40, 0x00, 0x00, 0x44, 0x00, 0x08,
    0x40, 0x08, 0x00, 0x00, 0x00, 0x00, 0x00, 0x00, 0x00, 0x00, 0x00, 0x00, 0x00, 0x00, 0x00, 0x00,
    0x00, 0x00, 0x00, 0x00, 0x00, 0x00, 0x00, 0x00, 0x00, 0x00, 0x00, 0x08, 0x40, 0x08, 0x08, 0x44,
    0x88, 0x00, 0x00, 0x00, 0x00, 0x08, 0xC0, 0x00, 0x00, 0x18, 0x60, 0x24, 0x90, 0x10, 0x20, 0x00,
    0x00, 0x08, 0x40, 0x07, 0x80, 0x00, 0x00, 0x00, 0x00, 0x19, 0x00, 0x20, 0x40, 0x00, 0x00, 0x44,
    0x00, 0x08, 0x40, 0x08, 0x00, 0x00, 0x00, 0x00, 0x00, 0x00, 0x00, 0x00, 0x00, 0x00, 0x00, 0x08,
    0x40, 0x08, 0x40, 0x44, 0x88, 0x00, 0x00, 0x20, 0x00, 0x08, 0xC0, 0x00, 0x00, 0x0C, 0x30, 0x12,
    0x48, 0x08, 0x10, 0x00, 0x00, 0x04, 0x20, 0x03, 0xC0, 0x00, 0x00, 0x00, 0x00, 0x00, 0xC0, 0x00,
    0x10, 0x00, 0x08, 0x04, 0x84, 0x04, 0x04, 0x04, 0x20, 0x04, 0x20, 0x04, 0x00, 0x04, 0x00, 0x04,
    0x00, 0x04, 0x00, 0x04, 0x00, 0x04, 0x00, 0x04, 0x00, 0x04, 0x00, 0x04, 0x00, 0x04, 0x00, 0x04,
    0x20, 0x04, 0x20, 0x04, 0x04, 0x04, 0x84, 0x00, 0x08, 0x00, 0x10, 0x00, 0xC0, 0x00, 0x05, 0x00,
    0x01, 0x00, 0x80, 0x01, 0x00, 0x80, 0x01, 0x00, 0x00, 0x00, 0x85, 0x00, 0x00, 0x84, 0x00, 0x00,
    0x80, 0x00, 0x00, 0x80, 0x00, 0x12, 0x80, 0x00, 0x01, 0x80, 0x00, 0x40, 0x80, 0x00, 0x05, 0x00,
    0x00, 0x08, 0x80, 0x00, 0x08, 0x80, 0x00, 0x00, 0x80, 0x00, 0x00, 0x80, 0x00, 0x00, 0x80, 0x00,
    0x00, 0x80, 0x00, 0x00, 0x80, 0x00, 0x00, 0x80, 0x00, 0x08, 0x80, 0x00, 0x00, 0x00, 0x00, 0x42,
    0x00, 0x00, 0x00, 0x80, 0x00, 0x12, 0x80, 0x00, 0x00, 0x80, 0x00, 0x80, 0x00, 0x80, 0x00, 0x40,
    0x02, 0x02, 0x02, 0x02, 0x00, 0x40, 0x13, 0x40, 0x20, 0xC0, 0x40, 0x40, 0x44, 0x80, 0x08, 0x00,
    0x08, 0x40, 0x00, 0x40, 0x00, 0x40, 0x00, 0x40, 0x00, 0x40, 0x00, 0x40, 0x08, 0x40, 0x08, 0x00,
    0x40, 0x80, 0x42, 0x40, 0x20, 0xC0, 0x13, 0x40, 0x20, 0x10, 0x20, 0x10, 0x3F, 0xF0, 0x00, 0x00,
    0x00, 0x00, 0x00, 0x00, 0x00, 0x00, 0x00, 0x00, 0x00, 0x00, 0x48, 0x20, 0x48, 0x20, 0x48, 0x38,
    0x48, 0x00, 0x48, 0x00, 0x48, 0x00, 0x48, 0x00, 0x40, 0x20, 0x40, 0x20, 0x40, 0x20, 0x48, 0x00,
    0x48, 0x00, 0x48, 0x00, 0x48, 0x00, 0x48, 0x00, 0x48, 0x38, 0x48, 0x20, 0x48, 0x20, 0x00, 0x00,
    0x00, 0x00, 0x00, 0x00, 0x20, 0x10, 0x20, 0x10, 0x3F, 0xF0, 0x00, 0x00, 0x00, 0x00, 0x00, 0x00,
    0x0C, 0xC0, 0x00, 0x00, 0x00, 0x00, 0x44, 0x88, 0x08, 0x40, 0x08, 0x40, 0x08, 0x40, 0x00, 0x00,
    0x00, 0x00, 0x00, 0x00, 0x00, 0x00, 0x08, 0x00, 0x08, 0x40, 0x44, 0x88, 0x00, 0x08, 0x00, 0x10,
    0x0C, 0x40, 0x20, 0x10, 0x04, 0x80, 0x00, 0x00, 0x00, 0x00, 0x07, 0x80, 0x00, 0x00, 0x00, 0x00,
    0x00, 0x00, 0x00, 0x00, 0x00, 0x00, 0x48, 0x20, 0x48, 0x20, 0x48, 0x38, 0x48, 0x00, 0x48, 0x00,
    0x48, 0x00, 0x48, 0x00, 0x40, 0x20, 0x40, 0x20, 0x40, 0x20, 0x48, 0x00, 0x48, 0x00, 0x48, 0x00,
    0x48, 0x00, 0x48, 0x00, 0x48, 0x38, 0x48, 0x20, 0x48, 0x20, 0x00, 0x00, 0x00, 0x00, 0x00, 0x00,
    0x20, 0x10, 0x04, 0x80, 0x00, 0x00, 0x00, 0x00, 0x07, 0x80, 0x00, 0x00, 0x00, 0x00, 0x0C, 0xC0,
    0x00, 0x00, 0x00, 0x00, 0x44, 0x88, 0x08, 0x40, 0x08, 0x40, 0x08, 0x40, 0x00, 0x00, 0x00, 0x00,
    0x00, 0x00, 0x00, 0x00, 0x08, 0x00, 0x08, 0x40, 0x44, 0x88, 0x00, 0x08, 0x00, 0x10, 0x0C, 0x40,
    0x04, 0x80, 0x00, 0x00, 0x08, 0x40, 0x08, 0x40, 0x04, 0x80, 0x00, 0x00, 0x00, 0x00, 0x00, 0x00,
    0x00, 0x00, 0x00, 0x00, 0x48, 0x20, 0x48, 0x20, 0x48, 0x38, 0x48, 0x00, 0x48, 0x00, 0x48, 0x00,
    0x48, 0x00, 0x40, 0x20, 0x40, 0x20, 0x40, 0x20, 0x48, 0x00, 0x48, 0x00, 0x48, 0x00, 0x48, 0x00,
    0x48, 0x00, 0x48, 0x38, 0x48, 0x20, 0x48, 0x20, 0x00, 0x00, 0x00, 0x00, 0x00, 0x00, 0x04, 0x80,
    0x00, 0x00, 0x08, 0x40, 0x08, 0x40, 0x04, 0x80, 0x00, 0x00, 0x00, 0x00, 0x0C, 0xC0, 0x00, 0x00,
    0x00, 0x00, 0x44, 0x88, 0x08, 0x40, 0x08, 0x40, 0x08, 0x40, 0x00, 0x00, 0x00, 0x00, 0x00, 0x00,
    0x00, 0x00, 0x08, 0x00, 0x08, 0x40, 0x44, 0x88, 0x00, 0x08, 0x00, 0x10, 0x0C, 0x40, 0x00, 0x00,
    0x00, 0x00, 0x00, 0x00, 0x48, 0x20, 0x48, 0x20, 0x48, 0x38, 0x48, 0x00, 0x48, 0x00, 0x48, 0x00,
    0x48, 0x00, 0x40, 0x20, 0x40, 0x20, 0x40, 0x20, 0x48, 0x00, 0x48, 0x00, 0x48, 0x00, 0x48, 0x00,
    0x48, 0x00, 0x48, 0x38, 0x48, 0x20, 0x48, 0x20, 0x00, 0x00, 0x00, 0x00, 0x00, 0x00, 0x00, 0x40,
    0x00, 0x10, 0x00, 0x80, 0x00, 0x00, 0x00, 0x18, 0x00, 0x84, 0x00, 0x20, 0x0C, 0xC0, 0x00, 0x00,
    0x00, 0x00, 0x44, 0x88, 0x08, 0x40, 0x08, 0x40, 0x08, 0x40, 0x00, 0x00, 0x00, 0x00, 0x00, 0x00,
    0x00, 0x00, 0x08, 0x00, 0x08, 0x40, 0x44, 0x80, 0x00, 0x08, 0x00, 0x08, 0x0C, 0x40, 0x00, 0x50,
    0x00, 0x80, 0x00, 0x20, 0x00, 0x20, 0x00, 0x18, 0x00, 0x80, 0x00, 0x60, 0x00, 0x00, 0x18, 0x60,
    0x24, 0x90, 0x10, 0x20, 0x00, 0x00, 0x08, 0x40, 0x07, 0x80, 0x00, 0x00, 0x00, 0x00, 0x00, 0x00,
    0x00, 0x00, 0x00, 0x00, 0x48, 0x20, 0x48, 0x20, 0x48, 0x38, 0x48, 0x00, 0x48, 0x00, 0x48, 0x00,
    0x48, 0x00, 0x40, 0x20, 0x40, 0x20, 0x40, 0x20, 0x48, 0x00, 0x48, 0x00, 0x48, 0x00, 0x48, 0x00,
    0x48, 0x00, 0x48, 0x38, 0x48, 0x20, 0x48, 0x20, 0x00, 0x00, 0x00, 0x00, 0x00, 0x00, 0x00, 0x00,
    0x18, 0x60, 0x24, 0x90, 0x10, 0x20, 0x00, 0x00, 0x08, 0x40, 0x07, 0x80, 0x00, 0x00, 0x00, 0x00,
    0x0C, 0xC0, 0x00, 0x00, 0x00, 0x00, 0x44, 0x88, 0x08, 0x40, 0x08, 0x40, 0x08, 0x40, 0x00, 0x00,
    0x00, 0x00, 0x00, 0x00, 0x00, 0x00, 0x08, 0x00, 0x08, 0x40, 0x44, 0x88, 0x00, 0x08, 0x00, 0x10,
    0x0C, 0x40, 0x07, 0x80, 0x08, 0x40, 0x00, 0x00, 0x00, 0x00, 0x20, 0x10, 0x18, 0x60, 0x00, 0x00,
    0x00, 0x00, 0x19, 0x00, 0x20, 0x40, 0x00, 0x00, 0x44, 0x00, 0x08, 0x40, 0x08, 0x00, 0x00, 0x00,
    0x00, 0x00, 0x00, 0x00, 0x00, 0x00, 0x00, 0x00, 0x00, 0x00, 0x00, 0x00, 0x00, 0x00, 0x00, 0x40,
    0x00, 0x40, 0x00, 0x40, 0x00, 0x40, 0x08, 0x40, 0x08, 0x00, 0x40, 0x80, 0x40, 0x40, 0x20, 0x80,
    0x13, 0x00, 0x07, 0x80, 0x08, 0x40, 0x00, 0x00, 0x00, 0x00, 0x20, 0x10, 0x18, 0x60, 0x00, 0x00,
    0x00, 0x00, 0x13, 0x40, 0x20, 0xC0, 0x40, 0x40, 0x44, 0x80, 0x08, 0x00, 0x08, 0x40, 0x00, 0x40,
    0x00, 0x40, 0x00, 0x40, 0x00, 0x40, 0x00, 0x40, 0x08, 0x40, 0x08, 0x00, 0x44, 0x80, 0x40, 0x40,
    0x20, 0xC0, 0x13, 0x40, 0x00, 0x40, 0x00, 0x40, 0x08, 0x08, 0x44, 0x88, 0x00, 0x00, 0x20, 0x00,
    0x08, 0xC0, 0x20, 0x10, 0x04, 0x80, 0x00, 0x00, 0x00, 0x00, 0x07, 0x80, 0x00, 0x00, 0x00, 0x00,
    0x19, 0x00, 0x20, 0x40, 0x00, 0x00, 0x44, 0x00, 0x08, 0x40, 0x08, 0x00, 0x00, 0x00, 0x00, 0x00,
    0x00, 0x00, 0x00, 0x00, 0x00, 0x00, 0x00, 0x00, 0x00, 0x00, 0x00, 0x00, 0x00, 0x40, 0x00, 0x40,
    0x00, 0x40, 0x00, 0x40, 0x08, 0x40, 0x08, 0x00, 0x40, 0x80, 0x40, 0x40, 0x20, 0x80, 0x13, 0x00,
    0x20, 0x10, 0x04, 0x80, 0x00, 0x00, 0x00, 0x00, 0x07, 0x80, 0x00, 0x00, 0x00, 0x00, 0x13, 0x40,
    0x20, 0xC0, 0x40, 0x40, 0x40, 0x80, 0x08, 0x00, 0x08, 0x40, 0x00, 0x40, 0x00, 0x40, 0x00, 0x40,
    0x00, 0x40, 0x00, 0x40, 0x08, 0x40, 0x08, 0x00, 0x44, 0x80, 0x40, 0x40, 0x20, 0xC0, 0x13, 0x40,
    0x00, 0x40, 0x00, 0x40, 0x08, 0x08, 0x44, 0x88, 0x00, 0x00, 0x20, 0x00, 0x08, 0xC0, 0x00, 0x00,
    0x04, 0x80, 0x08, 0x40, 0x08, 0x40, 0x00, 0x00, 0x04, 0x80, 0x00, 0x00, 0x00, 0x00, 0x19, 0x00,
    0x20, 0x40, 0x00, 0x00, 0x44, 0x00, 0x08, 0x40, 0x08, 0x00, 0x00, 0x00, 0x00, 0x00, 0x00, 0x00,
    0x00, 0x00, 0x00, 0x00, 0x00, 0x00, 0x00, 0x00, 0x00, 0x00, 0x00, 0x40, 0x00, 0x40, 0x00, 0x40,
    0x00, 0x40, 0x08, 0x40, 0x08, 0x00, 0x40, 0x80, 0x40, 0x40, 0x20, 0x80, 0x13, 0x00, 0x04, 0x80,
    0x00, 0x00, 0x08, 0x40, 0x08, 0x40, 0x04, 0x80, 0x00, 0x00, 0x00, 0x00, 0x13, 0x40, 0x20, 0xC0,
    0x40, 0x40, 0x40, 0x80, 0x08, 0x00, 0x08, 0x40, 0x00, 0x40, 0x00, 0x40, 0x00, 0x40, 0x00, 0x40,
    0x00, 0x40, 0x08, 0x40, 0x08, 0x00, 0x44, 0x80, 0x40, 0x40, 0x20, 0xC0, 0x13, 0x40, 0x00, 0x40,
    0x00, 0x40, 0x08, 0x08, 0x44, 0x88, 0x00, 0x00, 0x20, 0x00, 0x08, 0xC0, 0x19, 0x00, 0x20, 0x40,
    0x00, 0x00, 0x44, 0x00, 0x08, 0x40, 0x08, 0x00, 0x00, 0x00, 0x00, 0x00, 0x00, 0x00, 0x00, 0x00,
    0x00, 0x00, 0x00, 0x00, 0x00, 0x00, 0x00, 0x00, 0x00, 0x40, 0x00, 0x40, 0x00, 0x40, 0x00, 0x40,
    0x08, 0x40, 0x08, 0x00, 0x40, 0x80, 0x40, 0x40, 0x20, 0x80, 0x13, 0x00, 0x00, 0x00, 0x03, 0x00,
    0x04, 0x80, 0x04, 0x80, 0x04, 0x80, 0x02, 0x80, 0x04, 0x00, 0x00, 0x00, 0x00, 0x00, 0x00, 0x00,
    0x00, 0x00, 0x00, 0x80, 0x05, 0x00, 0x04, 0x80, 0x04, 0x80, 0x04, 0x80, 0x03, 0x00, 0x00, 0x00,
    0x13, 0x40, 0x20, 0xC0, 0x40, 0x40, 0x40, 0x80, 0x08, 0x00, 0x08, 0x40, 0x00, 0x40, 0x00, 0x40,
    0x00, 0x40, 0x00, 0x40, 0x00, 0x40, 0x08, 0x40, 0x08, 0x00, 0x44, 0x80, 0x40, 0x40, 0x20, 0xC0,
    0x13, 0x40, 0x00, 0x40, 0x00, 0x40, 0x08, 0x08, 0x44, 0x88, 0x00, 0x00, 0x20, 0x00, 0x08, 0xC0,
    0x03, 0xC0, 0x04, 0x20, 0x00, 0x00, 0x08, 0x10, 0x10, 0x08, 0x08, 0x10, 0x00, 0x00, 0x00, 0x00,
    0x02, 0x40, 0x02, 0x40, 0x02, 0x40, 0x04, 0x20, 0x04, 0x20, 0x04, 0x20, 0x04, 0x20, 0x04, 0x20,
    0x04, 0x20, 0x04, 0x20, 0x00, 0x00, 0x00, 0x00, 0x00, 0x00, 0x04, 0x20, 0x04, 0x20, 0x04, 0x20,
    0x04, 0x20, 0x04, 0x20, 0x04, 0x20, 0x04, 0x20, 0x04, 0x20, 0x02, 0x40, 0x02, 0x40, 0x02, 0x40,
    0x1E, 0x00, 0x00, 0x20, 0x00, 0x00, 0x48, 0x00, 0x00, 0x10, 0x80, 0x00, 0x82, 0x00, 0x00, 0x41,
    0x80, 0x00, 0x00, 0x00, 0x00, 0x00, 0x00, 0x00, 0x02, 0x00, 0x00, 0x02, 0x00, 0x00, 0x02, 0x00,
    0x00, 0x02, 0x00, 0x00, 0x02, 0x00, 0x00, 0x02, 0x00, 0x00, 0x02, 0x00, 0x00, 0x02, 0xD8, 0x00,
    0x03, 0x04, 0x00, 0x02, 0x00, 0x00, 0x01, 0x22, 0x00, 0x00, 0x02, 0x00, 0x02, 0x10, 0x00, 0x02,
    0x10, 0x00, 0x02, 0x10, 0x00, 0x02, 0x10, 0x00, 0x02, 0x10, 0x00, 0x02, 0x10, 0x00, 0x02, 0x10,
    0x00, 0x02, 0x10, 0x00, 0x02, 0x10, 0x00, 0x01, 0x20, 0x00, 0x01, 0x20, 0x00, 0x01, 0x20, 0x00,
    0x02, 0x40, 0x02, 0x40, 0x02, 0x40, 0x04, 0x20, 0x04, 0x20, 0x47, 0xE2, 0x80, 0x01, 0x80, 0x01,
    0x04, 0x20, 0x04, 0x20, 0x00, 0x00, 0x00, 0x00, 0x00, 0x00, 0x04, 0x20, 0x04, 0x20, 0x04, 0x20,
    0x04, 0x20, 0x04, 0x20, 0x04, 0x20, 0x04, 0x20, 0x04, 0x20, 0x02, 0x40, 0x02, 0x40, 0x02, 0x40,
    0x04, 0x00, 0x04, 0x00, 0x04, 0x00, 0x04, 0x00, 0x04, 0x00, 0x80, 0x00, 0x80, 0x00, 0x05, 0xB0,
    0x06, 0x08, 0x04, 0x00, 0x02, 0x44, 0x00, 0x04, 0x04, 0x20, 0x04, 0x20, 0x04, 0x20, 0x04, 0x20,
    0x04, 0x20, 0x04, 0x20, 0x04, 0x20, 0x04, 0x20, 0x04, 0x20, 0x02, 0x40, 0x02, 0x40, 0x02, 0x40,
    0x00, 0x00, 0x10, 0x30, 0x20, 0x48, 0x44, 0x00, 0x02, 0x10, 0x31, 0x20, 0x00, 0x00, 0x00, 0x00,
    0x40, 0x08, 0x40, 0x08, 0x40, 0x08, 0x04, 0x80, 0x04, 0x80, 0x04, 0x80, 0x04, 0x80, 0x04, 0x80,
    0x04, 0x80, 0x04, 0x80, 0x04, 0x80, 0x04, 0x80, 0x04, 0x80, 0x04, 0x80, 0x04, 0x80, 0x04, 0x80,
    0x04, 0x80, 0x04, 0x80, 0x04, 0x80, 0x04, 0x80, 0x04, 0x80, 0x40, 0x08, 0x40, 0x08, 0x40, 0x08,
    0x00, 0x00, 0x10, 0x30, 0x20, 0x48, 0x44, 0x00, 0x02, 0x10, 0x31, 0x20, 0x00, 0x00, 0x00, 0x00,
    0x00, 0x00, 0x00, 0x00, 0x00, 0x00, 0x04, 0x00, 0x04, 0x00, 0x04, 0x00, 0x04, 0x00, 0x04, 0x00,
    0x04, 0x00, 0x04, 0x00, 0x04, 0x00, 0x04, 0x00, 0x04, 0x00, 0x04, 0x00, 0x40, 0x08, 0x40, 0x08,
    0x40, 0x08, 0x40, 0x20, 0x40, 0x20, 0x7F, 0xE0, 0x00, 0x00, 0x00, 0x00, 0x00, 0x00, 0x80, 0x10,
    0x80, 0x10, 0x80, 0x10, 0x09, 0x00, 0x09, 0x00, 0x09, 0x00, 0x09, 0x00, 0x09, 0x00, 0x09, 0x00,
    0x09, 0x00, 0x09, 0x00, 0x09, 0x00, 0x09, 0x00, 0x09, 0x00, 0x09, 0x00, 0x09, 0x00, 0x09, 0x00,
    0x09, 0x00, 0x09, 0x00, 0x09, 0x00, 0x09, 0x00, 0x80, 0x10, 0x80, 0x10, 0x80, 0x10, 0x40, 0x20,
    0x40, 0x20, 0x7F, 0xE0, 0x00, 0x00, 0x00, 0x00, 0x00, 0x00, 0x00, 0x00, 0x00, 0x00, 0x00, 0x00,
    0x08, 0x00, 0x08, 0x00, 0x08, 0x00, 0x08, 0x00, 0x08, 0x00, 0x08, 0x00, 0x08, 0x00, 0x08, 0x00,
    0x08, 0x00, 0x08, 0x00, 0x08, 0x00, 0x80, 0x10, 0x80, 0x10, 0x80, 0x10, 0x40, 0x20, 0x09, 0x00,
    0x00, 0x00, 0x00, 0x00, 0x0F, 0x00, 0x00, 0x00, 0x00, 0x00, 0x80, 0x10, 0x80, 0x10, 0x80, 0x10,
    0x09, 0x00, 0x09, 0x00, 0x09, 0x00, 0x09, 0x00, 0x09, 0x00, 0x09, 0x00, 0x09, 0x00, 0x09, 0x00,
    0x09, 0x00, 0x09, 0x00, 0x09, 0x00, 0x09, 0x00, 0x09, 0x00, 0x09, 0x00, 0x09, 0x00, 0x09, 0x00,
    0x09, 0x00, 0x09, 0x00, 0x80, 0x10, 0x80, 0x10, 0x80, 0x10, 0x00, 0x20, 0x09, 0x20, 0x20, 0x00,
    0x00, 0x40, 0x0F, 0x00, 0x00, 0x00, 0x00, 0x00, 0x00, 0x00, 0x00, 0x00, 0x00, 0x00, 0x08, 0x00,
    0x08, 0x00, 0x08, 0x00, 0x08, 0x00, 0x08, 0x00, 0x08, 0x00, 0x08, 0x00, 0x08, 0x00, 0x08, 0x00,
    0x08, 0x00, 0x08, 0x00, 0x80, 0x10, 0x80, 0x10, 0x80, 0x10, 0x80, 0x10, 0x80, 0x10, 0x80, 0x10,
    0x09, 0x00, 0x09, 0x00, 0x09, 0x00, 0x09, 0x00, 0x09, 0x00, 0x09, 0x00, 0x09, 0x00, 0x09, 0x00,
    0x09, 0x00, 0x09, 0x00, 0x09, 0x00, 0x09, 0x00, 0x09, 0x00, 0x09, 0x00, 0x09, 0x00, 0x09, 0x00,
    0x09, 0x00, 0x09, 0x00, 0x80, 0x10, 0x80, 0x10, 0x80, 0x10, 0x00, 0xA0, 0x01, 0x00, 0x00, 0x40,
    0x00, 0x40, 0x00, 0x30, 0x01, 0x00, 0x00, 0xC0, 0x09, 0x00, 0x00, 0x80, 0x10, 0x80, 0x00, 0x80,
    0x09, 0x00, 0x00, 0x00, 0x00, 0x00, 0x00, 0x00, 0x00, 0x00, 0x00, 0x00, 0x08, 0x00, 0x08, 0x00,
    0x08, 0x00, 0x08, 0x00, 0x08, 0x00, 0x08, 0x00, 0x08, 0x00, 0x08, 0x00, 0x08, 0x00, 0x08, 0x00,
    0x08, 0x00, 0x80, 0x10, 0x80, 0x10, 0x80, 0x10, 0x00, 0xA0, 0x01, 0x00, 0x00, 0x40, 0x00, 0x40,
    0x00, 0x30, 0x01, 0x00, 0x00, 0xC0, 0x09, 0x00, 0x00, 0x00, 0x10, 0x80, 0x10, 0x80, 0x09, 0x00,
    0x00, 0x00, 0x00, 0x00, 0x80, 0x10, 0x80, 0x10, 0x80, 0x10, 0x09, 0x00, 0x09, 0x00, 0x09, 0x00,
    0x09, 0x00, 0x09, 0x00, 0x09, 0x00, 0x09, 0x00, 0x09, 0x00, 0x09, 0x00, 0x09, 0x00, 0x09, 0x00,
    0x09, 0x00, 0x09, 0x00, 0x09, 0x00, 0x09, 0x00, 0x09, 0x00, 0x09, 0x00, 0x09, 0x00, 0x80, 0x10,
    0x80, 0x10, 0x80, 0x10, 0x00, 0x00, 0x00, 0x00, 0x00, 0x00, 0x08, 0x00, 0x08, 0x00, 0x08, 0x00,
    0x08, 0x00, 0x08, 0x00, 0x08, 0x00, 0x08, 0x00, 0x08, 0x00, 0x08, 0x00, 0x08, 0x00, 0x08, 0x00,
    0x80, 0x10, 0x80, 0x10, 0x80, 0x10, 0x80, 0x02, 0x80, 0x02, 0x80, 0x02, 0x24, 0x12, 0x24, 0x12,
    0x24, 0x12, 0x24, 0x12, 0x24, 0x12, 0x24, 0x12, 0x24, 0x12, 0x24, 0x12, 0x24, 0x12, 0x24, 0x12,
    0x24, 0x12, 0x24, 0x12, 0x24, 0x12, 0x24, 0x12, 0x24, 0x10, 0x24, 0x30, 0x24, 0x30, 0x24, 0xB0,
    0x80, 0x94, 0x80, 0x00, 0x80, 0x08, 0x14, 0x0A, 0x22, 0x11, 0x02, 0x01, 0x02, 0x11, 0x04, 0x02,
    0x00, 0x00, 0x00, 0x00, 0x00, 0x00, 0x00, 0x00, 0x00, 0x00, 0x00, 0x00, 0x00, 0x00, 0x00, 0x00,
    0x00, 0x00, 0x00, 0x00, 0x00, 0x00, 0x00, 0x00, 0x00, 0x00, 0x00, 0x00, 0x00, 0x00, 0x00, 0x00,
    0x80, 0x00, 0x80, 0x00, 0x80, 0x00, 0x00, 0x00, 0x00, 0x00, 0x00, 0x00, 0x00, 0x12, 0x01, 0x02,
    0x00, 0x04, 0x00, 0x48, 0x01, 0x10, 0x02, 0x00, 0x00, 0x48, 0x04, 0x24, 0x00, 0x14, 0x02, 0x08,
    0x00, 0x00, 0x00, 0x00, 0x08, 0x00, 0x08, 0x00, 0x08, 0x00, 0x00, 0x80, 0x00, 0x80, 0x00, 0x80,
    0x00, 0x80, 0x00, 0x80, 0x00, 0x80, 0x00, 0x80, 0x00, 0x80, 0x00, 0x80, 0x00, 0x80, 0x00, 0x80,
    0x00, 0x80, 0x00, 0x80, 0x00, 0x80, 0x00, 0x80, 0x80, 0x80, 0x00, 0x10, 0x01, 0x10, 0x40, 0x00,
    0x20, 0x00, 0x18, 0x80, 0x01, 0x00, 0x00, 0x08, 0x02, 0x40, 0x00, 0x84, 0x05, 0x00, 0x02, 0x08,
    0x00, 0x00, 0x00, 0x00, 0x08, 0x10, 0x08, 0x10, 0x08, 0x10, 0x00, 0x90, 0x00, 0x90, 0x00, 0x90,
    0x00, 0x90, 0x00, 0x90, 0x00, 0x90, 0x00, 0x90, 0x00, 0x90, 0x00, 0x90, 0x00, 0x90, 0x00, 0x90,
    0x00, 0x90, 0x00, 0x90, 0x00, 0x90, 0x00, 0x90, 0x60, 0x10, 0x90, 0x10, 0x89, 0x00, 0x00, 0x20,
    0x00, 0x40, 0x11, 0x80, 0x80, 0x40, 0x80, 0x40, 0x80, 0x80, 0x40, 0x90, 0x41, 0x00, 0x41, 0x20,
    0x40, 0x00, 0x42, 0x40, 0x44, 0x00, 0x40, 0x80, 0x40, 0x00, 0x40, 0x00, 0x40, 0x80, 0x40, 0x00,
    0x40, 0x40, 0x46, 0x00, 0x40, 0x00, 0x41, 0x20, 0x40, 0x00, 0x40, 0x10, 0x40, 0x80, 0x80, 0x00,
    0x80, 0x40, 0x80, 0x00, 0x00, 0x00, 0x03, 0x00, 0x04, 0x80, 0x04, 0x80, 0x04, 0x80, 0x02, 0x80,
    0x04, 0x00, 0x00, 0x00, 0x00, 0x00, 0x80, 0x00, 0x80, 0x00, 0x80, 0x00, 0x40, 0x00, 0x40, 0x00,
    0x40, 0x00, 0x40, 0x00, 0x40, 0x40, 0x40, 0x00, 0x40, 0x80, 0x41, 0x10, 0x40, 0x20, 0x42, 0x00,
    0x44, 0x00, 0x40, 0x80, 0x40, 0x80, 0x40, 0x40, 0x42, 0x00, 0x44, 0x20, 0x41, 0x00, 0x40, 0x10,
    0x80, 0x00, 0x80, 0x40, 0x80, 0x00, 0x00, 0x00, 0x03, 0x00, 0x04, 0x80, 0x04, 0x80, 0x04, 0x80,
    0x02, 0x80, 0x04, 0x00, 0x00, 0x00, 0x00, 0x00, 0x80, 0x40, 0x80, 0x00, 0x80, 0x80, 0x41, 0x10,
    0x40, 0x20, 0x42, 0x00, 0x44, 0x00, 0x40, 0x80, 0x40, 0x80, 0x40, 0x40, 0x42, 0x00, 0x44, 0x20,
    0x41, 0x00, 0x40, 0x10, 0x80, 0x00, 0x80, 0x40, 0x80, 0x00, 0x00, 0x00, 0x04, 0x00, 0x08, 0x00,
    0x10, 0x00, 0x20, 0x00, 0x00, 0x00, 0x20, 0x00, 0x00, 0x00, 0x00, 0x00, 0x01, 0x00, 0x01, 0x00,
    0x01, 0x00, 0x04, 0x00, 0x04, 0x00, 0x04, 0x00, 0x04, 0x00, 0x04, 0x00, 0x04, 0x00, 0x04, 0x00,
    0x04, 0x00, 0x04, 0x00, 0x04, 0x00, 0x04, 0x00, 0x04, 0x00, 0x04, 0x00, 0x04, 0x00, 0x04, 0x00,
    0x04, 0x38, 0x04, 0x20, 0x04, 0x20, 0x00, 0x00, 0x00, 0x00, 0x00, 0x00, 0x00, 0x00, 0x01, 0x80,
    0x02, 0x40, 0x00, 0x40, 0x00, 0x80, 0x01, 0x00, 0x02, 0x00, 0x00, 0x00, 0x00, 0x00, 0x00, 0x00,
    0x00, 0x00, 0x00, 0x00, 0x08, 0x00, 0x08, 0x00, 0x08, 0x00, 0x08, 0x00, 0x08, 0x00, 0x08, 0x00,
    0x08, 0x00, 0x08, 0x00, 0x08, 0x00, 0x08, 0x00, 0x08, 0x00, 0x08, 0x00, 0x08, 0x00, 0x08, 0x00,
    0x08, 0x00, 0x08, 0x00, 0x08, 0x00, 0x08, 0x00, 0x80, 0x10, 0x80, 0x10, 0x80, 0x10, 0x01, 0x00,
    0x01, 0x00, 0x01, 0x00, 0x04, 0x00, 0x04, 0x00, 0x04, 0x00, 0x04, 0x00, 0x04, 0x00, 0x04, 0x00,
    0x04, 0x00, 0x04, 0x00, 0x04, 0x00, 0x04, 0x00, 0x04, 0x00, 0x04, 0x00, 0x04, 0x00, 0x04, 0x00,
    0x04, 0x00, 0x04, 0x38, 0x04, 0x20, 0x04, 0x20, 0x00, 0x00, 0x00, 0x00, 0x00, 0x00, 0x00, 0x00,
    0x03, 0x00, 0x04, 0x80, 0x04, 0x80, 0x04, 0x80, 0x02, 0x80, 0x04, 0x00, 0x00, 0x00, 0x00, 0x00,
    0x00, 0x00, 0x00, 0x00, 0x00, 0x00, 0x08, 0x00, 0x08, 0x00, 0x08, 0x00, 0x08, 0x00, 0x08, 0x00,
    0x08, 0x00, 0x08, 0x00, 0x08, 0x00, 0x08, 0x00, 0x08, 0x00, 0x08, 0x00, 0x08, 0x00, 0x08, 0x00,
    0x08, 0x00, 0x08, 0x00, 0x08, 0x00, 0x08, 0x00, 0x08, 0x00, 0x80, 0x10, 0x80, 0x10, 0x80, 0x10,
    0x00, 0x00, 0x02, 0x00, 0x09, 0x00, 0x08, 0x00, 0x00, 0x00, 0x05, 0x00, 0x00, 0x00, 0x06, 0x00,
    0x00, 0x00, 0x00, 0x28, 0x01, 0x00, 0x01, 0x00, 0x01, 0x00, 0x04, 0x28, 0x04, 0x20, 0x04, 0x00,
    0x04, 0x00, 0x04, 0x00, 0x04, 0x00, 0x04, 0x00, 0x04, 0x00, 0x04, 0x00, 0x04, 0x00, 0x04, 0x00,
    0x04, 0x00, 0x04, 0x00, 0x04, 0x00, 0x04, 0x00, 0x04, 0x38, 0x04, 0x20, 0x04, 0x20, 0x00, 0x00,
    0x00, 0x00, 0x00, 0x00, 0x00, 0x28, 0x00, 0x40, 0x00, 0x00, 0x00, 0x28, 0x08, 0x28, 0x08, 0x10,
    0x08, 0x00, 0x08, 0x00, 0x08, 0x00, 0x08, 0x00, 0x08, 0x00, 0x08, 0x00, 0x08, 0x00, 0x08, 0x00,
    0x08, 0x00, 0x08, 0x00, 0x08, 0x00, 0x08, 0x00, 0x08, 0x00, 0x08, 0x00, 0x08, 0x00, 0x08, 0x00,
    0x80, 0x10, 0x80, 0x10, 0x80, 0x10, 0x01, 0x00, 0x01, 0x00, 0x01, 0x00, 0x04, 0x00, 0x04, 0x00,
    0x04, 0x00, 0x04, 0x00, 0x04, 0x00, 0x04, 0x90, 0x05, 0x00, 0x04, 0x08, 0x04, 0x08, 0x05, 0x00,
    0x04, 0xE0, 0x04, 0x00, 0x04, 0x00, 0x04, 0x00, 0x04, 0x00, 0x04, 0x18, 0x04, 0x20, 0x04, 0x20,
    0x00, 0x00, 0x00, 0x00, 0x00, 0x00, 0x81, 0x00, 0x81, 0x00, 0x81, 0x00, 0x09, 0x00, 0x09, 0x00,
    0x09, 0x00, 0x09, 0x00, 0x09, 0x00, 0x09, 0x48, 0x09, 0x84, 0x09, 0x80, 0x09, 0x84, 0x09, 0x04,
    0x09, 0x30, 0x09, 0x00, 0x09, 0x00, 0x09, 0x00, 0x09, 0x00, 0x09, 0x00, 0x09, 0x00, 0x09, 0x00,
    0x00, 0x00, 0x00, 0x00, 0x00, 0x00, 0x00, 0x80, 0x00, 0x80, 0x00, 0x80, 0x02, 0x00, 0x02, 0x00,
    0x02, 0x00, 0x02, 0x00, 0x02, 0x00, 0x02, 0x00, 0x03, 0x40, 0x00, 0x00, 0x00, 0x80, 0x20, 0x00,
    0x82, 0x00, 0x42, 0x00, 0x02, 0x00, 0x02, 0x00, 0x02, 0x00, 0x02, 0x1C, 0x02, 0x10, 0x02, 0x10,
    0x00, 0x00, 0x00, 0x00, 0x00, 0x00, 0x00, 0x00, 0x00, 0x00, 0x00, 0x00, 0x08, 0x00, 0x08, 0x00,
    0x08, 0x00, 0x08, 0x00, 0x08, 0x00, 0x08, 0x40, 0x08, 0x20, 0x08, 0x20, 0x10, 0x80, 0x40, 0x00,
    0x40, 0x00, 0x28, 0x00, 0x08, 0x00, 0x08, 0x00, 0x08, 0x00, 0x08, 0x00, 0x08, 0x00, 0x08, 0x00,
    0x80, 0x10, 0x80, 0x10, 0x80, 0x10, 0x00, 0x00, 0x00, 0x40, 0x00, 0x90, 0x01, 0x00, 0x00, 0x00,
    0x00, 0x00, 0x00, 0x00, 0x00, 0x00, 0x00, 0x00, 0x04, 0x40, 0x00, 0x40, 0x02, 0x40, 0x02, 0x20,
    0x00, 0x20, 0x00, 0x20, 0x01, 0x20, 0x00, 0x20, 0x04, 0x20, 0x04, 0xA0, 0x06, 0x20, 0x06, 0x20,
    0x04, 0x60, 0x04, 0x60, 0x05, 0x20, 0x04, 0x20, 0x04, 0x00, 0x04, 0x80, 0x04, 0x00, 0x04, 0x00,
    0x04, 0x40, 0x02, 0x40, 0x02, 0x00, 0x02, 0x20, 0x00, 0x40, 0x00, 0x80, 0x00, 0x10, 0x00, 0x20,
    0x00, 0x40, 0x02, 0x80, 0x00, 0x00, 0x00, 0x00, 0x05, 0xB0, 0x06, 0x08, 0x04, 0x00, 0x02, 0x44,
    0x00, 0x04, 0x04, 0x20, 0x04, 0x20, 0x04, 0x20, 0x04, 0x20, 0x04, 0x20, 0x04, 0x20, 0x04, 0x20,
    0x04, 0x20, 0x04, 0x20, 0x02, 0x40, 0x02, 0x40, 0x02, 0x40, 0x04, 0x40, 0x00, 0x40, 0x02, 0x40,
    0x02, 0x20, 0x00, 0x20, 0x00, 0x20, 0x01, 0x20, 0x00, 0x20, 0x04, 0x20, 0x04, 0xA0, 0x06, 0x20,
    0x06, 0x20, 0x04, 0x60, 0x04, 0x60, 0x05, 0x20, 0x04, 0x20, 0x04, 0x00, 0x04, 0x80, 0x04, 0x00,
    0x04, 0x00, 0x04, 0x40, 0x02, 0x40, 0x02, 0x00, 0x02, 0x20, 0x00, 0x00, 0x01, 0x80, 0x02, 0x40,
    0x02, 0x40, 0x02, 0x40, 0x01, 0x40, 0x02, 0x00, 0x00, 0x00, 0x00, 0x00, 0x05, 0xB0, 0x06, 0x08,
    0x04, 0x00, 0x02, 0x44, 0x00, 0x04, 0x04, 0x20, 0x04, 0x20, 0x04, 0x20, 0x04, 0x20, 0x04, 0x20,
    0x04, 0x20, 0x04, 0x20, 0x04, 0x20, 0x04, 0x20, 0x02, 0x40, 0x02, 0x40, 0x02, 0x40, 0x00, 0x00,
    0x01, 0x80, 0x02, 0x40, 0x02, 0x40, 0x02, 0x40, 0x01, 0x40, 0x02, 0x00, 0x00, 0x00, 0x00, 0x00,
    0x00, 0x00, 0x0C, 0x30, 0x12, 0x48, 0x08, 0x10, 0x00, 0x00, 0x04, 0x20, 0x03, 0xC0, 0x00, 0x00,
    0x00, 0x00, 0x04, 0x40, 0x00, 0x40, 0x02, 0x40, 0x02, 0x20, 0x00, 0x20, 0x00, 0x20, 0x01, 0x20,
    0x00, 0x20, 0x04, 0x20, 0x04, 0xA0, 0x06, 0x20, 0x06, 0x20, 0x04, 0x60, 0x04, 0x60, 0x05, 0x20,
    0x04, 0x20, 0x04, 0x00, 0x04, 0x80, 0x04, 0x00, 0x04, 0x00, 0x04, 0x40, 0x02, 0x40, 0x02, 0x00,
    0x02, 0x20, 0x00, 0x00, 0x0C, 0x30, 0x12, 0x48, 0x08, 0x10, 0x00, 0x00, 0x04, 0x20, 0x03, 0xC0,
    0x00, 0x00, 0x00, 0x00, 0x05, 0xB0, 0x06, 0x08, 0x04, 0x00, 0x02, 0x44, 0x00, 0x04, 0x04, 0x20,
    0x04, 0x20, 0x04, 0x20, 0x04, 0x20, 0x04, 0x20, 0x04, 0x20, 0x04, 0x20, 0x04, 0x20, 0x04, 0x20,
    0x02, 0x40, 0x02, 0x40, 0x02, 0x40, 0x50, 0x00, 0x00, 0x00, 0x00, 0x00, 0x00, 0x00, 0x00, 0x40,
    0x00, 0x00, 0x50, 0x00, 0x00, 0x00, 0x00, 0x00, 0x20, 0x00, 0x00, 0x00, 0x00, 0x00, 0x00, 0xB6,
    0x00, 0x00, 0xC1, 0x00, 0x00, 0x80, 0x00, 0x00, 0x48, 0x80, 0x00, 0x00, 0x80, 0x00, 0x84, 0x00,
    0x00, 0x84, 0x00, 0x00, 0x84, 0x00, 0x00, 0x84, 0x00, 0x00, 0x84, 0x00, 0x00, 0x84, 0x00, 0x00,
    0x84, 0x00, 0x00, 0x84, 0x00, 0x00, 0x84, 0x00, 0x00, 0x48, 0x00, 0x00, 0x48, 0x00, 0x00, 0x48,
    0x00, 0x05, 0xB0, 0x06, 0x08, 0x04, 0x00, 0x02, 0x44, 0x00, 0x04, 0x04, 0x20, 0x04, 0x20, 0x04,
    0x20, 0x04, 0x20, 0x04, 0x20, 0x04, 0x20, 0x04, 0x20, 0x04, 0x20, 0x04, 0x20, 0x04, 0x20, 0x04,
    0x20, 0x04, 0x20, 0x04, 0x20, 0x04, 0x20, 0x04, 0x24, 0x04, 0x04, 0x02, 0x00, 0x02, 0x08, 0x02,
    0x30, 0x05, 0xB0, 0x06, 0x08, 0x04, 0x00, 0x02, 0x44, 0x00, 0x04, 0x04, 0x20, 0x04, 0x20, 0x04,
    0x20, 0x04, 0x20, 0x04, 0x20, 0x04, 0x20, 0x04, 0x20, 0x04, 0x20, 0x04, 0x20, 0x02, 0x20, 0x02,
    0x20, 0x02, 0x20, 0x00, 0x20, 0x00, 0x20, 0x00, 0x04, 0x00, 0x44, 0x00, 0x08, 0x00, 0x10, 0x00,
    0x60, 0x20, 0x10, 0x20, 0x10, 0x3F, 0xF0, 0x00, 0x00, 0x00, 0x00, 0x00, 0x00, 0x0C, 0xC0, 0x00,
    0x00, 0x00, 0x00, 0x44, 0x88, 0x08, 0x40, 0x08, 0x40, 0x00, 0x00, 0x00, 0x00, 0x00, 0x00, 0x00,
    0x00, 0x00, 0x00, 0x00, 0x00, 0x00, 0x00, 0x00, 0x00, 0x00, 0x00, 0x00, 0x00, 0x00, 0x00, 0x00,
    0x00, 0x08, 0x40, 0x08, 0x40, 0x44, 0x88, 0x00, 0x00, 0x00, 0x00, 0x0C, 0xC0, 0x20, 0x10, 0x20,
    0x10, 0x3F, 0xF0, 0x00, 0x00, 0x00, 0x00, 0x00, 0x00, 0x0C, 0xC0, 0x00, 0x00, 0x00, 0x00, 0x44,
    0x88, 0x08, 0x40, 0x08, 0x40, 0x00, 0x00, 0x00, 0x00, 0x00, 0x00, 0x00, 0x00, 0x00, 0x00, 0x08,
    0x40, 0x08, 0x40, 0x44, 0x88, 0x00, 0x00, 0x00, 0x00, 0x0C, 0xC0, 0x20, 0x10, 0x04, 0x80, 0x00,
    0x00, 0x00, 0x00, 0x07, 0x80, 0x00, 0x00, 0x00, 0x00, 0x0C, 0xC0, 0x00, 0x00, 0x00, 0x00, 0x44,
    0x88, 0x08, 0x40, 0x08, 0x40, 0x00, 0x00, 0x00, 0x00, 0x00, 0x00, 0x00, 0x00, 0x00, 0x00, 0x00,
    0x00, 0x00, 0x00, 0x00, 0x00, 0x00, 0x00, 0x00, 0x00, 0x00, 0x00, 0x00, 0x00, 0x08, 0x40, 0x08,
    0x40, 0x44, 0x88, 0x00, 0x00, 0x00, 0x00, 0x0C, 0xC0, 0x20, 0x10, 0x04, 0x80, 0x00, 0x00, 0x00,
    0x00, 0x07, 0x80, 0x00, 0x00, 0x00, 0x00, 0x0C, 0xC0, 0x00, 0x00, 0x00, 0x00, 0x44, 0x88, 0x08,
    0x40, 0x08, 0x40, 0x00, 0x00, 0x00, 0x00, 0x00, 0x00, 0x00, 0x00, 0x00, 0x00, 0x08, 0x40, 0x08,
    0x40, 0x44, 0x88, 0x00, 0x00, 0x00, 0x00, 0x0C, 0xC0, 0x02, 0x10, 0x05, 0x20, 0x08, 0x04, 0x10,
    0x08, 0x20, 0x10, 0x08, 0xA0, 0x00, 0x00, 0x00, 0x00, 0x0C, 0xC0, 0x00, 0x00, 0x00, 0x00, 0x44,
    0x88, 0x08, 0x40, 0x08, 0x40, 0x00, 0x00, 0x00, 0x00, 0x00, 0x00, 0x00, 0x00, 0x00, 0x00, 0x00,
    0x00, 0x00, 0x00, 0x00, 0x00, 0x00, 0x00, 0x00, 0x00, 0x00, 0x00, 0x00, 0x00, 0x08, 0x40, 0x08,
    0x40, 0x44, 0x88, 0x00, 0x00, 0x00, 0x00, 0x0C, 0xC0, 0x02, 0x10, 0x05, 0x20, 0x08, 0x44, 0x10,
    0x08, 0x20, 0x10, 0x08, 0xA0, 0x00, 0x00, 0x00, 0x00, 0x0C, 0xC0, 0x00, 0x00, 0x00, 0x00, 0x44,
    0x88, 0x08, 0x40, 0x08, 0x40, 0x00, 0x00, 0x00, 0x00, 0x00, 0x00, 0x00, 0x00, 0x00, 0x00, 0x08,
    0x40, 0x08, 0x40, 0x44, 0x88, 0x00, 0x00, 0x00, 0x00, 0x0C, 0xC0, 0x26, 0x04, 0x00, 0x04, 0x88,
    0x64, 0x90, 0x14, 0x02, 0x14, 0x02, 0x1C, 0x02, 0x00, 0x02, 0x00, 0x02, 0x00, 0x02, 0x00, 0x02,
    0x00, 0x02, 0x00, 0x02, 0x78, 0x02, 0x00, 0x02, 0x00, 0x02, 0x00, 0x02, 0x00, 0x02, 0x00, 0x02,
    0x1C, 0x02, 0x14, 0x90, 0x14, 0x88, 0x64, 0x00, 0x04, 0x26, 0x04, 0x29, 0x90, 0x02, 0x00, 0x88,
    0x44, 0x84, 0x84, 0x04, 0x80, 0x04, 0x80, 0x04, 0x80, 0x04, 0x00, 0x04, 0x00, 0x04, 0xFC, 0x04,
    0x80, 0x04, 0x80, 0x04, 0x84, 0x84, 0xA4, 0x88, 0x44, 0x02, 0x08, 0x29, 0x90, 0x00, 0x00, 0x00,
    0x40, 0x00, 0x90, 0x01, 0x00, 0x00, 0x00, 0x00, 0x00, 0x00, 0x00, 0x00, 0x00, 0x00, 0x00, 0x00,
    0x60, 0x00, 0x00, 0x00, 0x00, 0x04, 0x44, 0x04, 0x24, 0x04, 0x20, 0x04, 0x20, 0x04, 0x00, 0x04,
    0x20, 0x04, 0x20, 0x04, 0x20, 0x04, 0x44, 0x00, 0x00, 0x00, 0x00, 0x00, 0x00, 0x05, 0x00, 0x04,
    0x10, 0x04, 0x80, 0x04, 0x08, 0x04, 0x08, 0x04, 0x40, 0x02, 0x00, 0x02, 0x20, 0x02, 0x00, 0x01,
    0x00, 0x02, 0x00, 0x00, 0x40, 0x00, 0x80, 0x01, 0x00, 0x0A, 0x00, 0x00, 0x00, 0x00, 0x00, 0x00,
    0x80, 0x00, 0x00, 0x02, 0x08, 0x22, 0x08, 0x22, 0x48, 0x20, 0x00, 0x20, 0x00, 0x20, 0x00, 0x20,
    0x00, 0x20, 0x00, 0x20, 0x00, 0x20, 0x00, 0x20, 0x00, 0x20, 0x00, 0x00, 0x80, 0x00, 0x80, 0x00,
    0x80, 0x00, 0x60, 0x00, 0x00, 0x00, 0x00, 0x04, 0x44, 0x04, 0x24, 0x04, 0x20, 0x04, 0x20, 0x04,
    0x00, 0x04, 0x20, 0x04, 0x20, 0x04, 0x20, 0x04, 0x44, 0x00, 0x00, 0x00, 0x00, 0x00, 0x00, 0x05,
    0x00, 0x04, 0x10, 0x04, 0x80, 0x04, 0x08, 0x04, 0x08, 0x04, 0x40, 0x02, 0x00, 0x02, 0x20, 0x02,
    0x00, 0x00, 0x00, 0x01, 0x80, 0x02, 0x40, 0x02, 0x40, 0x02, 0x40, 0x01, 0x40, 0x02, 0x00, 0x00,
    0x00, 0x00, 0x00, 0x00, 0x80, 0x00, 0x00, 0x02, 0x08, 0x22, 0x08, 0x22, 0x48, 0x20, 0x00, 0x20,
    0x00, 0x20, 0x00, 0x20, 0x00, 0x20, 0x00, 0x20, 0x00, 0x20, 0x00, 0x20, 0x00, 0x20, 0x00, 0x00,
    0x80, 0x00, 0x80, 0x00, 0x80, 0x00, 0x00, 0x08, 0x00, 0x24, 0x00, 0x20, 0x00, 0x00, 0x00, 0x14,
    0x00, 0x00, 0x00, 0x18, 0x00, 0x00, 0x00, 0x00, 0x00, 0x0C, 0x30, 0x12, 0x48, 0x08, 0x10, 0x00,
    0x00, 0x04, 0x20, 0x03, 0xC0, 0x00, 0x00, 0x00, 0x00, 0x00, 0x60, 0x00, 0x00, 0x00, 0x00, 0x04,
    0x44, 0x04, 0x24, 0x04, 0x20, 0x04, 0x20, 0x04, 0x00, 0x04, 0x20, 0x04, 0x20, 0x04, 0x20, 0x04,
    0x44, 0x00, 0x00, 0x00, 0x00, 0x00, 0x00, 0x05, 0x00, 0x04, 0x10, 0x04, 0x80, 0x04, 0x08, 0x04,
    0x08, 0x04, 0x40, 0x02, 0x00, 0x02, 0x20, 0x02, 0x00, 0x00, 0x00, 0x30, 0xC0, 0x41, 0x20, 0x20,
    0x40, 0x00, 0x00, 0x10, 0x80, 0x0F, 0x00, 0x00, 0x00, 0x00, 0x00, 0x00, 0x80, 0x00, 0x00, 0x02,
    0x08, 0x22, 0x08, 0x22, 0x48, 0x20, 0x00, 0x20, 0x00, 0x20, 0x00, 0x20, 0x00, 0x20, 0x00, 0x20,
    0x00, 0x20, 0x00, 0x20, 0x00, 0x20, 0x00, 0x00, 0x80, 0x00, 0x80, 0x00, 0x80, 0x01, 0x00, 0x02,
    0x00, 0x00, 0x40, 0x00, 0x80, 0x01, 0x00, 0x0A, 0x00, 0x00, 0x00, 0x00, 0x00, 0x12, 0x00, 0x40,
    0x80, 0x02, 0x00, 0x88, 0x00, 0x90, 0x80, 0x10, 0x00, 0x10, 0x00, 0x80, 0x00, 0x88, 0x00, 0x04,
    0x00, 0x40, 0x00, 0x20, 0x80, 0x10, 0x40, 0x04, 0x20, 0x02, 0x10, 0x00, 0x10, 0x00, 0x80, 0x00,
    0x80, 0x00, 0x00, 0x10, 0x80, 0x00, 0x10, 0x00, 0x10, 0x10, 0x20, 0x04, 0xC0, 0x01, 0x00, 0x02,
    0x00, 0x00, 0x40, 0x00, 0x80, 0x01, 0x00, 0x0A, 0x00, 0x00, 0x00, 0x00, 0x00, 0x33, 0x00, 0x40,
    0x00, 0x02, 0x00, 0x80, 0x80, 0x90, 0x00, 0x80, 0x00, 0x04, 0x00, 0x40, 0x80, 0x20, 0x40, 0x08,
    0x00, 0x02, 0x10, 0x00, 0x00, 0x00, 0x80, 0x10, 0x10, 0x04, 0x10, 0x00, 0x20, 0x0C, 0xC0, 0x0F,
    0x00, 0x10, 0x80, 0x00, 0x00, 0x00, 0x00, 0x40, 0x20, 0x30, 0xC0, 0x00, 0x00, 0x00, 0x00, 0x12,
    0x00, 0x40, 0x80, 0x00, 0x00, 0x88, 0x00, 0x80, 0x80, 0x10, 0x00, 0x10, 0x00, 0x90, 0x00, 0x88,
    0x00, 0x04, 0x00, 0x42, 0x00, 0x20, 0x80, 0x10, 0x40, 0x04, 0x20, 0x02, 0x10, 0x00, 0x10, 0x00,
    0x80, 0x00, 0x80, 0x00, 0x00, 0x10, 0x80, 0x00, 0x10, 0x00, 0x10, 0x10, 0x20, 0x04, 0xC0, 0x00,
    0x00, 0x10, 0x80, 0x26, 0x40, 0x00, 0x00, 0x40, 0x20, 0x20, 0x40, 0x00, 0x00, 0x00, 0x00, 0x33,
    0x00, 0x40, 0x00, 0x06, 0x00, 0x80, 0x80, 0x90, 0x00, 0x88, 0x00, 0x06, 0x00, 0x40, 0x80, 0x20,
    0x00, 0x08, 0x00, 0x02, 0x10, 0x00, 0x00, 0x00, 0x80, 0x10, 0x10, 0x04, 0x10, 0x00, 0x20, 0x0C,
    0xC0, 0x12, 0x00, 0x40, 0x80, 0x02, 0x00, 0x88, 0x00, 0x90, 0x80, 0x10, 0x00, 0x10, 0x00, 0x80,
    0x00, 0x88, 0x00, 0x04, 0x00, 0x40, 0x00, 0x20, 0x80, 0x10, 0x40, 0x04, 0x20, 0x00, 0x10, 0x00,
    0x10, 0x00, 0x80, 0x00, 0x00, 0x00, 0x80, 0x10, 0x80, 0x09, 0x10, 0x00, 0x10, 0x10, 0x20, 0x08,
    0xC0, 0x09, 0x00, 0x09, 0x00, 0x06, 0x00, 0x00, 0x40, 0x1E, 0x40, 0x00, 0x00, 0x01, 0x00, 0x33,
    0x00, 0x40, 0x00, 0x02, 0x00, 0x80, 0x80, 0x90, 0x00, 0x80, 0x00, 0x04, 0x00, 0x40, 0x80, 0x20,
    0x40, 0x08, 0x00, 0x03, 0x10, 0x00, 0x80, 0x00, 0x80, 0x11, 0x10, 0x00, 0x10, 0x00, 0x20, 0x08,
    0xC0, 0x09, 0x00, 0x09, 0x00, 0x06, 0x00, 0x00, 0x40, 0x1E, 0x40, 0x00, 0x00, 0x01, 0x00, 0x00,
    0x00, 0x30, 0xC0, 0x49, 0x20, 0x20, 0x40, 0x00, 0x00, 0x10, 0x80, 0x0F, 0x00, 0x00, 0x00, 0x00,
    0x00, 0x12, 0x00, 0x40, 0x80, 0x02, 0x00, 0x88, 0x00, 0x90, 0x80, 0x10, 0x00, 0x10, 0x00, 0x80,
    0x00, 0x88, 0x00, 0x04, 0x00, 0x40, 0x00, 0x20, 0x80, 0x10, 0x40, 0x04, 0x20, 0x02, 0x10, 0x00,
    0x10, 0x00, 0x80, 0x00, 0x80, 0x00, 0x00, 0x10, 0x80, 0x00, 0x10, 0x00, 0x10, 0x10, 0x20, 0x04,
    0xC0, 0x00, 0x00, 0x30, 0xC0, 0x49, 0x20, 0x20, 0x40, 0x00, 0x00, 0x10, 0x80, 0x0F, 0x00, 0x00,
    0x00, 0x00, 0x00, 0x33, 0x00, 0x40, 0x00, 0x02, 0x00, 0x80, 0x80, 0x90, 0x00, 0x80, 0x00, 0x04,
    0x00, 0x40, 0x80, 0x20, 0x40, 0x08, 0x00, 0x02, 0x10, 0x00, 0x00, 0x00, 0x80, 0x10, 0x10, 0x04,
    0x10, 0x00, 0x20, 0x0C, 0xC0, 0x00, 0x00, 0x00, 0x00, 0x00, 0x00, 0x14, 0xA0, 0x14, 0xA0, 0x64,
    0x98, 0x04, 0x80, 0x04, 0x80, 0x04, 0x80, 0x04, 0x80, 0x04, 0x80, 0x04, 0x80, 0x04, 0x80, 0x04,
    0x80, 0x04, 0x80, 0x04, 0x80, 0x04, 0x80, 0x04, 0x80, 0x04, 0x80, 0x04, 0x80, 0x04, 0x80, 0x00,
    0x00, 0x00, 0x00, 0x00, 0x00, 0x04, 0x80, 0x04, 0x80, 0x03, 0x00, 0x00, 0x20, 0x0F, 0x20, 0x00,
    0x00, 0x00, 0x80, 0x00, 0x00, 0x00, 0x00, 0x00, 0x00, 0x00, 0x00, 0x00, 0x00, 0x00, 0x00, 0x00,
    0x00, 0x80, 0x10, 0x80, 0x10, 0x80, 0x10, 0x02, 0x00, 0x00, 0x00, 0x00, 0x00, 0x00, 0x00, 0x00,
    0x00, 0x00, 0x00, 0x00, 0x00, 0x00, 0x00, 0x02, 0x08, 0x02, 0x08, 0x02, 0x88, 0x10, 0x00, 0x08,
    0x00, 0x04, 0x40, 0x00, 0x80, 0x00, 0x80, 0x03, 0x00, 0x00, 0xA0, 0x0F, 0x20, 0x00, 0x00, 0x00,
    0x80, 0x00, 0x00, 0x18, 0x60, 0x24, 0x90, 0x10, 0x20, 0x00, 0x00, 0x08, 0x40, 0x07, 0x80, 0x00,
    0x00, 0x00, 0x00, 0x00, 0x00, 0x00, 0x00, 0x00, 0x00, 0x14, 0xA0, 0x14, 0xA0, 0x64, 0x98, 0x04,
    0x80, 0x04, 0x80, 0x04, 0x80, 0x04, 0x80, 0x04, 0x80, 0x04, 0x80, 0x04, 0x80, 0x04, 0x80, 0x04,
    0x80, 0x04, 0x80, 0x04, 0x80, 0x04, 0x80, 0x04, 0x80, 0x04, 0x80, 0x04, 0x80, 0x00, 0x00, 0x00,
    0x00, 0x00, 0x00, 0x00, 0x28, 0x00, 0x40, 0x00, 0x00, 0x00, 0x28, 0x00, 0x28, 0x00, 0x10, 0x00,
    0x00, 0x00, 0x00, 0x80, 0x10, 0x80, 0x10, 0x80, 0x10, 0x02, 0x00, 0x00, 0x00, 0x00, 0x00, 0x00,
    0x00, 0x00, 0x00, 0x00, 0x00, 0x00, 0x00, 0x00, 0x00, 0x02, 0x08, 0x02, 0x08, 0x10, 0x80, 0x10,
    0x00, 0x08, 0x00, 0x06, 0x40, 0x00, 0x00, 0x00, 0x00, 0x00, 0x00, 0x14, 0xA0, 0x14, 0xA0, 0x64,
    0x98, 0x04, 0x80, 0x04, 0x80, 0x04, 0x80, 0x04, 0x80, 0x04, 0x80, 0x04, 0x80, 0x00, 0x00, 0x00,
    0x00, 0x18, 0x60, 0x04, 0x80, 0x04, 0x80, 0x04, 0x80, 0x04, 0x80, 0x04, 0x80, 0x04, 0x80, 0x00,
    0x00, 0x00, 0x00, 0x00, 0x00, 0x00, 0x00, 0x00, 0x00, 0x00, 0x00, 0x00, 0x00, 0x00, 0x00, 0x00,
    0x00, 0x00, 0x00, 0x80, 0x10, 0x80, 0x10, 0x80, 0x10, 0x02, 0x00, 0x00, 0x00, 0x00, 0x00, 0x00,
    0x00, 0x00, 0x00, 0x63, 0x80, 0x00, 0x00, 0x00, 0x00, 0x02, 0x08, 0x02, 0x08, 0x10, 0x80, 0x10,
    0x00, 0x08, 0x00, 0x06, 0x40, 0x00, 0x00, 0x08, 0x18, 0x10, 0x24, 0x22, 0x00, 0x01, 0x08, 0x18,
    0x90, 0x00, 0x00, 0x00, 0x00, 0x02, 0x40, 0x02, 0x40, 0x02, 0x40, 0x04, 0x20, 0x04, 0x20, 0x04,
    0x20, 0x04, 0x20, 0x04, 0x20, 0x04, 0x20, 0x04, 0x20, 0x04, 0x20, 0x04, 0x20, 0x04, 0x20, 0x04,
    0x20, 0x04, 0x20, 0x04, 0x20, 0x04, 0x20, 0x04, 0x20, 0x04, 0x20, 0x20, 0x04, 0x22, 0x44, 0x10,
    0x08, 0x00, 0x00, 0x06, 0x60, 0x00, 0x00, 0x08, 0x18, 0x10, 0x24, 0x22, 0x00, 0x01, 0x08, 0x18,
    0x90, 0x00, 0x00, 0x00, 0x00, 0x04, 0x40, 0x04, 0x40, 0x04, 0x40, 0x04, 0x20, 0x04, 0x20, 0x04,
    0x20, 0x04, 0x20, 0x04, 0x20, 0x04, 0x20, 0x04, 0x20, 0x04, 0x20, 0x04, 0x20, 0x20, 0x00, 0x22,
    0x40, 0x00, 0x20, 0x10, 0x60, 0x0D, 0xA0, 0x10, 0x08, 0x10, 0x08, 0x1F, 0xF8, 0x00, 0x00, 0x00,
    0x00, 0x00, 0x00, 0x02, 0x40, 0x02, 0x40, 0x02, 0x40, 0x04, 0x20, 0x04, 0x20, 0x04, 0x20, 0x04,
    0x20, 0x04, 0x20, 0x04, 0x20, 0x04, 0x20, 0x04, 0x20, 0x04, 0x20, 0x04, 0x20, 0x04, 0x20, 0x04,
    0x20, 0x04, 0x20, 0x04, 0x20, 0x04, 0x20, 0x04, 0x20, 0x20, 0x04, 0x22, 0x44, 0x10, 0x08, 0x00,
    0x00, 0x06, 0x60, 0x10, 0x08, 0x10, 0x08, 0x1F, 0xF8, 0x00, 0x00, 0x00, 0x00, 0x00, 0x00, 0x04,
    0x40, 0x04, 0x40, 0x04, 0x40, 0x04, 0x20, 0x04, 0x20, 0x04, 0x20, 0x04, 0x20, 0x04, 0x20, 0x04,
    0x20, 0x04, 0x20, 0x04, 0x20, 0x04, 0x20, 0x20, 0x00, 0x22, 0x40, 0x00, 0x20, 0x10, 0x60, 0x0D,
    0xA0, 0x10, 0x08, 0x02, 0x40, 0x00, 0x00, 0x00, 0x00, 0x03, 0xC0, 0x00, 0x00, 0x00, 0x00, 0x02,
    0x40, 0x02, 0x40, 0x02, 0x40, 0x04, 0x20, 0x04, 0x20, 0x04, 0x20, 0x04, 0x20, 0x04, 0x20, 0x04,
    0x20, 0x04, 0x20, 0x04, 0x20, 0x04, 0x20, 0x04, 0x20, 0x04, 0x20, 0x04, 0x20, 0x04, 0x20, 0x04,
    0x20, 0x04, 0x20, 0x04, 0x20, 0x20, 0x04, 0x22, 0x44, 0x10, 0x08, 0x00, 0x00, 0x06, 0x60, 0x10,
    0x08, 0x02, 0x40, 0x00, 0x00, 0x00, 0x00, 0x03, 0xC0, 0x00, 0x00, 0x00, 0x00, 0x04, 0x40, 0x04,
    0x40, 0x04, 0x40, 0x04, 0x20, 0x04, 0x20, 0x04, 0x20, 0x04, 0x20, 0x04, 0x20, 0x04, 0x20, 0x04,
    0x20, 0x04, 0x20, 0x04, 0x20, 0x20, 0x00, 0x22, 0x40, 0x00, 0x20, 0x10, 0x60, 0x0D, 0xA0, 0x02,
    0x40, 0x04, 0x20, 0x00, 0x00, 0x00, 0x00, 0x04, 0x20, 0x02, 0x40, 0x00, 0x00, 0x00, 0x00, 0x02,
    0x40, 0x02, 0x40, 0x02, 0x40, 0x04, 0x20, 0x04, 0x20, 0x04, 0x20, 0x04, 0x20, 0x04, 0x20, 0x04,
    0x20, 0x04, 0x20, 0x04, 0x20, 0x04, 0x20, 0x04, 0x20, 0x04, 0x20, 0x04, 0x20, 0x04, 0x20, 0x04,
    0x20, 0x04, 0x20, 0x04, 0x20, 0x20, 0x04, 0x22, 0x44, 0x10, 0x08, 0x00, 0x00, 0x06, 0x60, 0x02,
    0x40, 0x04, 0x20, 0x00, 0x00, 0x00, 0x00, 0x04, 0x20, 0x02, 0x40, 0x00, 0x00, 0x00, 0x00, 0x04,
    0x40, 0x04, 0x40, 0x04, 0x40, 0x04, 0x20, 0x04, 0x20, 0x04, 0x20, 0x04, 0x20, 0x04, 0x20, 0x04,
    0x20, 0x04, 0x20, 0x04, 0x20, 0x04, 0x20, 0x20, 0x00, 0x22, 0x40, 0x00, 0x20, 0x10, 0x60, 0x0D,
    0xA0, 0x00, 0x00, 0x01, 0x0C, 0x00, 0x12, 0x00, 0xA2, 0x09, 0x40, 0x12, 0x00, 0x0C, 0x40, 0x00,
    0x00, 0x00, 0x00, 0x02, 0x40, 0x02, 0x40, 0x02, 0x40, 0x04, 0x20, 0x04, 0x20, 0x04, 0x20, 0x04,
    0x20, 0x04, 0x20, 0x04, 0x20, 0x04, 0x20, 0x04, 0x20, 0x04, 0x20, 0x04, 0x20, 0x04, 0x20, 0x04,
    0x20, 0x04, 0x20, 0x04, 0x20, 0x04, 0x20, 0x04, 0x20, 0x20, 0x04, 0x22, 0x44, 0x10, 0x08, 0x00,
    0x00, 0x06, 0x60, 0x00, 0x00, 0x01, 0x0C, 0x00, 0x12, 0x00, 0xA2, 0x09, 0x40, 0x12, 0x00, 0x0C,
    0x40, 0x00, 0x00, 0x00, 0x00, 0x04, 0x40, 0x04, 0x40, 0x04, 0x40, 0x04, 0x20, 0x04, 0x20, 0x04,
    0x20, 0x04, 0x20, 0x04, 0x20, 0x04, 0x20, 0x04, 0x20, 0x04, 0x20, 0x04, 0x20, 0x20, 0x00, 0x22,
    0x40, 0x00, 0x20, 0x10, 0x60, 0x0D, 0xA0, 0x02, 0x40, 0x02, 0x40, 0x02, 0x40, 0x04, 0x20, 0x04,
    0x20, 0x04, 0x20, 0x04, 0x20, 0x04, 0x20, 0x04, 0x20, 0x04, 0x20, 0x04, 0x20, 0x04, 0x20, 0x04,
    0x20, 0x04, 0x20, 0x04, 0x20, 0x04, 0x20, 0x04, 0x20, 0x04, 0x20, 0x04, 0x20, 0x20, 0x04, 0x22,
    0x44, 0x10, 0x08, 0x00, 0x00, 0x04, 0x20, 0x00, 0x80, 0x04, 0x00, 0x01, 0x00, 0x09, 0x00, 0x00,
    0xC0, 0x04, 0x20, 0x03, 0x00, 0x04, 0x40, 0x04, 0x40, 0x04, 0x40, 0x04, 0x20, 0x04, 0x20, 0x04,
    0x20, 0x04, 0x20, 0x04, 0x20, 0x04, 0x20, 0x04, 0x20, 0x04, 0x20, 0x04, 0x20, 0x20, 0x00, 0x22,
    0x40, 0x00, 0x20, 0x10, 0x60, 0x0D, 0xA0, 0x00, 0x02, 0x00, 0x04, 0x00, 0x20, 0x00, 0x20, 0x00,
    0x26, 0x00, 0x01, 0x00, 0x09, 0x03, 0xC0, 0x04, 0x20, 0x00, 0x00, 0x08, 0x10, 0x10, 0x08, 0x08,
    0x10, 0x00, 0x00, 0x00, 0x00, 0x84, 0x21, 0x84, 0x21, 0x84, 0x21, 0x48, 0x12, 0x48, 0x12, 0x48,
    0x12, 0x48, 0x12, 0x0A, 0x50, 0x0A, 0x50, 0x0A, 0x50, 0x08, 0x10, 0x28, 0x14, 0x20, 0x04, 0x21,
    0x84, 0x25, 0xA4, 0x25, 0xA4, 0x05, 0xA0, 0x00, 0x00, 0x00, 0x00, 0x00, 0x00, 0x10, 0x08, 0x12,
    0x48, 0x12, 0x48, 0x12, 0x48, 0x03, 0xC0, 0x04, 0x20, 0x00, 0x00, 0x08, 0x10, 0x10, 0x08, 0x08,
    0x10, 0x00, 0x00, 0x00, 0x00, 0x84, 0x21, 0x84, 0x21, 0x84, 0x21, 0x48, 0x12, 0x48, 0x12, 0x0A,
    0x50, 0x0A, 0x50, 0x08, 0x10, 0x20, 0x04, 0x21, 0x84, 0x25, 0xA4, 0x05, 0xA0, 0x00, 0x00, 0x00,
    0x00, 0x12, 0x08, 0x12, 0x48, 0x12, 0x48, 0x03, 0xC0, 0x04, 0x20, 0x00, 0x00, 0x08, 0x10, 0x10,
    0x08, 0x08, 0x10, 0x00, 0x00, 0x00, 0x00, 0x02, 0x40, 0x02, 0x40, 0x02, 0x40, 0x20, 0x04, 0x02,
    0x40, 0x12, 0x48, 0x10, 0x08, 0x01, 0x80, 0x09, 0x90, 0x00, 0x00, 0x00, 0x00, 0x04, 0x20, 0x00,
    0x00, 0x00, 0x00, 0x02, 0x40, 0x02, 0x40, 0x02, 0x40, 0x02, 0x40, 0x02, 0x40, 0x02, 0x40, 0x02,
    0x40, 0x00, 0x00, 0x00, 0x00, 0x00, 0x00, 0x03, 0xC0, 0x04, 0x20, 0x00, 0x00, 0x08, 0x10, 0x10,
    0x08, 0x08, 0x10, 0x00, 0x00, 0x00, 0x00, 0x02, 0x40, 0x02, 0x40, 0x02, 0x40, 0x20, 0x04, 0x00,
    0x00, 0x02, 0x40, 0x12, 0x48, 0x00, 0x08, 0x00, 0x00, 0x09, 0x10, 0x09, 0x90, 0x00, 0x80, 0x00,
    0x00, 0x04, 0x20, 0x04, 0x20, 0x00, 0x00, 0x00, 0x00, 0x00, 0x40, 0x00, 0x40, 0x04, 0x00, 0x04,
    0x00, 0x00, 0x80, 0x00, 0x00, 0x02, 0x00, 0x10, 0x08, 0x00, 0x00, 0x20, 0x04, 0x02, 0x40, 0x0C,
    0x30, 0x00, 0x00, 0x00, 0x00, 0x02, 0x40, 0x02, 0x40, 0x02, 0x40, 0x20, 0x04, 0x02, 0x40, 0x12,
    0x48, 0x10, 0x08, 0x01, 0x80, 0x09, 0x90, 0x00, 0x00, 0x00, 0x00, 0x04, 0x20, 0x00, 0x00, 0x00,
    0x00, 0x02, 0x40, 0x02, 0x40, 0x02, 0x40, 0x02, 0x40, 0x02, 0x40, 0x02, 0x40, 0x02, 0x40, 0x00,
    0x00, 0x00, 0x00, 0x00, 0x00, 0x00, 0x00, 0x01, 0x00, 0x02, 0x40, 0x04, 0x00, 0x00, 0x00, 0x00,
    0x00, 0x00, 0x00, 0x00, 0x00, 0x00, 0x00, 0x00, 0x00, 0x00, 0x00, 0x00, 0x00, 0x21, 0x10, 0x21,
    0x00, 0xE0, 0x00, 0x02, 0x20, 0x00, 0x00, 0x04, 0x40, 0x00, 0x00, 0x08, 0x80, 0x08, 0x00, 0x01,
    0x00, 0x11, 0x00, 0x00, 0x00, 0x22, 0x00, 0x00, 0x00, 0x44, 0x00, 0x00, 0x70, 0x08, 0x40, 0x88,
    0x40, 0x00, 0x00, 0x00, 0x00, 0x00, 0x00, 0x00, 0x00, 0x01, 0x00, 0x02, 0x40, 0x04, 0x00, 0x00,
    0x00, 0x00, 0x00, 0x00, 0x00, 0x00, 0x00, 0x00, 0x00, 0x00, 0x00, 0x00, 0x00, 0x00, 0x00, 0x20,
    0x10, 0x21, 0x20, 0xE2, 0x00, 0x00, 0x40, 0x00, 0x80, 0x09, 0x00, 0x10, 0x00, 0x20, 0x00, 0x04,
    0x70, 0x48, 0x40, 0x80, 0x40, 0x00, 0x00, 0x00, 0x00, 0x00, 0x00, 0x09, 0x00, 0x00, 0x00, 0x10,
    0x80, 0x10, 0x80, 0x09, 0x00, 0x00, 0x00, 0x00, 0x00, 0x00, 0x00, 0x00, 0x00, 0x00, 0x00, 0x21,
    0x10, 0x21, 0x00, 0xE0, 0x00, 0x02, 0x20, 0x00, 0x00, 0x04, 0x40, 0x00, 0x00, 0x08, 0x80, 0x08,
    0x00, 0x01, 0x00, 0x11, 0x00, 0x00, 0x00, 0x22, 0x00, 0x00, 0x00, 0x44, 0x00, 0x00, 0x70, 0x08,
    0x40, 0x88, 0x40, 0x00, 0x00, 0x00, 0x00, 0x00, 0x00, 0x09, 0x00, 0x00, 0x00, 0x10, 0x80, 0x10,
    0x80, 0x09, 0x00, 0x00, 0x00, 0x00, 0x00, 0x00, 0x00, 0x00, 0x00, 0x00, 0x00, 0x20, 0x10, 0x21,
    0x20, 0xE2, 0x00, 0x00, 0x40, 0x00, 0x80, 0x09, 0x00, 0x10, 0x00, 0x20, 0x00, 0x04, 0x70, 0x48,
    0x40, 0x80, 0x40, 0x00, 0x00, 0x00, 0x00, 0x00, 0x00, 0x00, 0x00, 0x30, 0xC0, 0x49, 0x20, 0x20,
    0x40, 0x00, 0x00, 0x10, 0x80, 0x0F, 0x00, 0x00, 0x00, 0x00, 0x00, 0x00, 0x00, 0x00, 0x00, 0x00,
    0x00, 0x21, 0x10, 0x21, 0x00, 0xE0, 0x00, 0x02, 0x20, 0x00, 0x00, 0x04, 0x40, 0x00, 0x00, 0x08,
    0x80, 0x08, 0x00, 0x01, 0x00, 0x11, 0x00, 0x00, 0x00, 0x22, 0x00, 0x00, 0x00, 0x44, 0x00, 0x00,
    0x70, 0x08, 0x40, 0x88, 0x40, 0x00, 0x00, 0x00, 0x00, 0x00, 0x00, 0x00, 0x00, 0x30, 0xC0, 0x49,
    0x20, 0x20, 0x40, 0x00, 0x00, 0x10, 0x80, 0x0F, 0x00, 0x00, 0x00, 0x00, 0x00, 0x00, 0x00, 0x00,
    0x00, 0x00, 0x00, 0x20, 0x10, 0x21, 0x20, 0xE2, 0x00, 0x00, 0x40, 0x00, 0x80, 0x09, 0x00, 0x10,
    0x00, 0x20, 0x00, 0x04, 0x70, 0x48, 0x40, 0x80, 0x40, 0x00, 0x00, 0x00, 0x00, 0x00, 0x00, 0x04,
    0x40, 0x00, 0x00, 0x10, 0x10, 0x02, 0x80, 0x20, 0x08, 0x24, 0x08, 0x24, 0x00, 0x24, 0x00, 0x24,
    0x00, 0x24, 0x00, 0x24, 0x00, 0x24, 0x00, 0x24, 0x00, 0x24, 0x00, 0x24, 0x00, 0x24, 0x00, 0x24,
    0x00, 0x24, 0x00, 0x24, 0x00, 0x24, 0x00, 0x24, 0x00, 0x80, 0x80, 0x80, 0x80, 0x80, 0x80, 0x00,
    0x00, 0x00, 0x00, 0x00, 0x00, 0x00, 0x00, 0x00, 0x00, 0x10, 0x80, 0x00, 0x00, 0x00, 0x00, 0x00,
    0x00, 0x00, 0x00, 0x00, 0x00, 0x00, 0x00, 0x00, 0x00, 0x00, 0x00, 0x00, 0x00, 0x00, 0x00, 0x00,
    0x00, 0x00, 0x00, 0x00, 0x00, 0x00, 0x00, 0x00, 0x00, 0x00, 0x00, 0x00, 0x00, 0x00, 0x00, 0x00,
    0x00, 0x00, 0x00, 0x00, 0x00, 0x00, 0x00, 0x00, 0x00, 0x00, 0x00, 0x00, 0x00, 0x00, 0x00, 0x00,
    0x00, 0x00, 0x00, 0x00, 0x00, 0x00, 0x00, 0x00, 0x00, 0x00, 0x00, 0x00, 0x00, 0x00, 0x00, 0x40,
    0x80, 0xA1, 0x40, 0x52, 0x80, 0x2D, 0x00, 0x12, 0x00, 0x12, 0x00, 0x2D, 0x00, 0x52, 0x80, 0xA1,
    0x40, 0x00, 0x00, 0x00, 0x00, 0x00, 0x00, 0x00, 0x00, 0x00, 0x00, 0x00, 0x00, 0x00, 0x00, 0x00,
    0x00, 0x00, 0x00, 0x00, 0x00, 0x00, 0x00, 0x00, 0x00, 0x00, 0x00, 0x00, 0x00, 0x00, 0x00, 0x00,
    0x00, 0x00, 0x00, 0x00, 0x00, 0x00, 0x00, 0x00, 0x00, 0x00, 0x00, 0x00, 0x00, 0x00, 0x00, 0x00,
    0x00, 0x00, 0x00, 0x00, 0x00, 0x00, 0x00, 0x00, 0x00, 0x00, 0x00, 0x00, 0x00, 0x00, 0x00, 0x00,
    0x00, 0x00, 0x00, 0x00, 0x00, 0x00, 0x00, 0x00, 0x00, 0x00, 0x00, 0x00, 0x00, 0x00, 0x00, 0x00,
    0x00, 0x00, 0x00, 0x00, 0x00, 0x00, 0x00, 0x00, 0x00, 0x12, 0x00, 0x12, 0x00, 0x12, 0x00, 0x12,
    0x00, 0x12, 0x00, 0x12, 0x00, 0x12, 0x00, 0x12, 0x00, 0x12, 0x00, 0x12, 0x00, 0x12, 0x00, 0x12,
    0x00, 0x12, 0x00, 0x12, 0x00, 0x12, 0x00, 0x12, 0x00, 0x12, 0x00, 0x12, 0x00, 0x12, 0x00, 0x12,
    0x00, 0x12, 0x00, 0x12, 0x00, 0x12, 0x00, 0x12, 0x00, 0x12, 0x00, 0x12, 0x00, 0x12, 0x00, 0x12,
    0x00, 0x12, 0x00, 0x12, 0x00, 0x12, 0x00, 0x00, 0x00, 0x00, 0x00, 0x00, 0x00, 0x00, 0x00, 0x00,
    0x00, 0x00, 0x00, 0x00, 0x00, 0x00, 0x00, 0x00, 0x14, 0x00, 0x00, 0x40, 0x10, 0x10, 0x80, 0x84,
    0x84, 0x84, 0x48, 0x18, 0x00, 0x42, 0x42, 0x42, 0x22, 0x10, 0x04, 0x20, 0x48, 0x50, 0x20, 0x30,
    0x00, 0x84, 0x84, 0x84, 0x88, 0x10, 0x40, 0x08, 0x24, 0x14, 0x08, 0x00, 0x00, 0x04, 0x18, 0x12,
    0x24, 0x24, 0x08, 0x08, 0x00, 0x40, 0x80, 0x10, 0x90, 0x04, 0x08, 0x00, 0x00, 0x00, 0x00, 0x00,
    0x00, 0x48, 0x40, 0x38, 0x30, 0x44, 0x88, 0x00, 0x00, 0x00, 0x00, 0x00, 0x00, 0x00, 0x40, 0x04,
    0x28, 0x20, 0x40, 0x48, 0x10, 0x00, 0x00, 0x80, 0x20, 0x20, 0x40, 0x10, 0x30, 0x44, 0x88, 0x00,
    0x00, 0x00, 0x00, 0x00, 0x00, 0x40, 0x40, 0x04, 0x28, 0x20, 0x48, 0x08, 0x10, 0x00, 0x00, 0x80,
    0x20, 0x20, 0x40, 0x30, 0x30, 0x44, 0x88, 0x00, 0x00, 0x00, 0x00, 0x00, 0x00, 0x08, 0x88, 0x50,
    0x80, 0x08, 0x10, 0x20, 0x48, 0x00, 0x00, 0x10, 0x04, 0x08, 0x10, 0x00, 0x00, 0x09, 0x00, 0x09,
    0x00, 0x09, 0x00, 0x09, 0x00, 0x09, 0x00, 0x09, 0x00, 0x09, 0x00, 0x09, 0x00, 0x09, 0x00, 0x00,
    0x00, 0x00, 0x00, 0x00, 0x00, 0x09, 0x00, 0x09, 0x00, 0x09, 0x00, 0x09, 0x00, 0x09, 0x00, 0x09,
    0x00, 0x09, 0x00, 0x09, 0x00, 0x09, 0x00, 0x09, 0x00, 0x09, 0x00, 0x09, 0x00, 0x09, 0x00, 0x09,
    0x00, 0x09, 0x00, 0x09, 0x00, 0x09, 0x00, 0x09, 0x00, 0x09, 0x00, 0x00, 0x00, 0x09, 0x00, 0x09,
    0x00, 0x09, 0x00, 0x09, 0x00, 0x09, 0x00, 0x09, 0x00, 0x09, 0x00, 0x09, 0x00, 0x09, 0x00, 0x00,
    0x00, 0x00, 0x00, 0x00, 0x00, 0x09, 0x00, 0x09, 0x00, 0x09, 0x00, 0x09, 0x00, 0x09, 0x00, 0x09,
    0x00, 0x09, 0x00, 0x00, 0x00, 0x00, 0x00, 0x00, 0x00, 0x09, 0x00, 0x09, 0x00, 0x09, 0x00, 0x09,
    0x00, 0x09, 0x00, 0x09, 0x00, 0x09, 0x00, 0x09, 0x00, 0x09, 0x00, 0x1E, 0x00, 0x40, 0x80, 0x00,
    0x00, 0x80, 0x40, 0x80, 0x40, 0x80, 0x40, 0x80, 0x40, 0x80, 0x40, 0x40, 0x80, 0x33, 0x00, 0x80,
    0x00, 0xA0, 0x00, 0x88, 0x00, 0x82, 0x00, 0x80, 0x00, 0x80, 0x40, 0x80, 0x40, 0x80, 0x80, 0x82,
    0x00, 0x88, 0x00, 0xA0, 0x00, 0xC0, 0x00, 0x00, 0x00, 0x00, 0x00, 0x00, 0x00, 0x00, 0x00, 0x42,
    0x00, 0x42, 0x00, 0x00, 0x00, 0x00, 0x00, 0x00, 0x42, 0x00, 0x42, 0x24, 0x00, 0x24, 0x00, 0x00,
    0x00, 0x00, 0x44, 0x00, 0x02, 0x20, 0x80, 0x10, 0x80, 0x10, 0x82, 0x00, 0x04, 0x10, 0x82, 0x00,
    0x04, 0x10, 0x80, 0x10, 0x80, 0x10, 0x48, 0x09, 0x01, 0x20, 0x24, 0x12, 0x00, 0x02, 0x00, 0x00,
    0x90, 0x24, 0x00, 0x88, 0x00, 0x00, 0x88, 0x48, 0x00, 0x88, 0x40, 0x00, 0x88, 0x10, 0x00, 0x88,
    0x80, 0x00, 0x88, 0x20, 0x00, 0x03, 0x00, 0x00, 0x40, 0x40, 0x00, 0x02, 0x00, 0x00, 0x00, 0x80,
    0x00, 0x04, 0x44, 0x04, 0x01, 0x82, 0x80, 0x01, 0x82, 0x22, 0x08, 0x80, 0x22, 0x02, 0x80, 0x22,
    0x10, 0x80, 0x22, 0x04, 0x80, 0x22, 0x20, 0x82, 0x22, 0x08, 0x92, 0x12, 0x40, 0x02, 0x80, 0x00,
    0x6C, 0x48, 0x24, 0x12, 0x00, 0x00, 0x02, 0x00, 0x00, 0x00, 0x98, 0x24, 0x00, 0x00, 0x88, 0x20,
    0x00, 0x00, 0x88, 0x08, 0x00, 0x00, 0x88, 0x40, 0x00, 0x00, 0x88, 0x10, 0x00, 0x00, 0x88, 0x80,
    0x00, 0x00, 0x98, 0x20, 0x00, 0x00, 0x01, 0x00, 0x00, 0x00, 0x40, 0x40, 0x00, 0x00, 0x02, 0x00,
    0x00, 0x00, 0x02, 0x80, 0x00, 0x00, 0x00, 0xC4, 0x44, 0x04, 0x04, 0x82, 0x82, 0x80, 0x01, 0x88,
    0x82, 0x32, 0x08, 0x88, 0x22, 0x22, 0x02, 0x88, 0x22, 0x22, 0x10, 0x88, 0x22, 0x22, 0x04, 0x88,
    0x22, 0x22, 0x20, 0x88, 0x22, 0x22, 0x00, 0x90, 0x92, 0x32, 0x48, 0x02, 0x80, 0x80, 0x00, 0x24,
    0x4C, 0x48, 0x1F, 0x11, 0x00, 0x22, 0x20, 0x00, 0x04, 0x40, 0x40, 0x08, 0x00, 0x1F, 0x7C, 0x11,
    0x44, 0x00, 0x00, 0x02, 0x08, 0x22, 0x88, 0x00, 0x00, 0x04, 0x10, 0x45, 0x00, 0x41, 0x00, 0x08,
    0x20, 0x08, 0x00, 0x1C, 0xE7, 0x00, 0x01, 0x09, 0x00, 0x25, 0x21, 0x00, 0x24, 0x00, 0x00, 0x00,
    0x12, 0x00, 0x0A, 0x52, 0x00, 0x4A, 0x00, 0x00, 0x00, 0x04, 0x00, 0x10, 0xA4, 0x00, 0x94, 0x20,
    0x00, 0x80, 0x08, 0x00, 0xF8, 0x88, 0x00, 0x44, 0x04, 0x00, 0x20, 0x02, 0x02, 0x10, 0x00, 0xFB,
    0xE0, 0x08, 0x20, 0x00, 0x00, 0x45, 0x10, 0x04, 0x10, 0x00, 0x00, 0x20, 0x80, 0x02, 0x08, 0x02,
    0x08, 0x10, 0x40, 0x00, 0x00, 0x73, 0x9C, 0x00, 0x48, 0x40, 0x00, 0x42, 0x52, 0x00, 0x00, 0x12,
    0x00, 0x24, 0x00, 0x00, 0x25, 0x28, 0x00, 0x00, 0x29, 0x00, 0x10, 0x00, 0x00, 0x12, 0x84, 0x00,
    0x02, 0x14, 0x80, 0x08, 0x00, 0x80, 0x00, 0x07, 0x01, 0x08, 0x02, 0x00, 0x24, 0x48, 0x80, 0x80,
    0x48, 0x24, 0x00, 0x12, 0x08, 0x01, 0x05, 0x00, 0x00, 0xE0, 0x80, 0x10, 0x40, 0x00, 0x24, 0x12,
    0x01, 0x01, 0x12, 0x24, 0x00, 0x48, 0x10, 0x80, 0xA0, 0x00, 0x00, 0x00, 0x00, 0x00, 0x40, 0x02,
    0x40, 0x02, 0x40, 0x02, 0x40, 0x02, 0x20, 0x01, 0x80, 0x00, 0x10, 0x00, 0x00, 0x00, 0x00, 0x00,
    0x00, 0x00, 0x00, 0x00, 0x00, 0x00, 0x00, 0x00, 0x00, 0x00, 0x00, 0x00, 0x00, 0x00, 0x00, 0x00,
    0x00, 0x00, 0x00, 0x04, 0x20, 0x00, 0x00, 0x02, 0x40, 0x00, 0x00, 0x01, 0x80, 0x00, 0x40, 0x00,
    0x00, 0x02, 0x08, 0x00, 0x00, 0x10, 0x08, 0x00, 0x20, 0x10, 0x30, 0x00, 0x10, 0x0C, 0x00, 0x00,
    0x08, 0x00, 0x00, 0x00, 0x04, 0x00, 0x00, 0x00, 0x02, 0x00, 0x00, 0x00, 0x01, 0x00, 0x00, 0x00,
    0x00, 0x80, 0x00, 0x00, 0x00, 0x40, 0x00, 0x00, 0x00, 0x20, 0x00, 0x00, 0x00, 0x10, 0x10, 0x00,
    0x00, 0x08, 0x20, 0x01, 0x80, 0x04, 0x40, 0x02, 0x40, 0x02, 0x40, 0x02, 0x40, 0x02, 0x00, 0x00,
    0x00, 0x00, 0x00, 0x00, 0x00, 0x00, 0x00, 0x00, 0x00, 0x00, 0x00, 0x00, 0x00, 0x00, 0x00, 0x00,
    0x00, 0x00, 0x00, 0x00, 0x00, 0x00, 0x00, 0x00, 0x00, 0x00, 0x00, 0x00, 0x00, 0x00, 0x70, 0xE0,
    0x00, 0x00, 0x00, 0x00, 0x00, 0x00, 0x70, 0xE0, 0x89, 0x10, 0x89, 0x10, 0x89, 0x10, 0x89, 0x10,
    0x50, 0xA0, 0x30, 0x98, 0x90, 0x00, 0x80, 0x02, 0x04, 0x50, 0x0C, 0x01, 0x46, 0x81, 0x40, 0x01,
    0x04, 0x10, 0x04, 0x00, 0x20, 0x22, 0x20, 0x40, 0x02, 0x80, 0x02, 0x08, 0x11, 0x10, 0x10, 0x00,
    0x00, 0x20, 0x08, 0x00, 0x00, 0x00, 0x03, 0x00, 0x00, 0x00, 0x08, 0x40, 0x08, 0x40, 0x08, 0x40,
    0x04, 0x80, 0x00, 0x00, 0x08, 0x40, 0x03, 0x00, 0x20, 0x10, 0x0C, 0xC0, 0x0F, 0xC0, 0x20, 0x10,
    0x00, 0x00, 0x08, 0x40, 0x20, 0x10, 0x00, 0x08, 0x00, 0x12, 0x00, 0x02, 0x00, 0x04, 0x00, 0x00,
    0x00, 0x80, 0x01, 0x00, 0x02, 0x20, 0x04, 0x20, 0x00, 0x00, 0x01, 0x80, 0x00, 0x00, 0x20, 0x04,
    0x40, 0x02, 0x48, 0x12, 0x10, 0x08, 0x00, 0x04, 0x80, 0x00, 0x00, 0x04, 0x80, 0x00, 0x00, 0x04,
    0x80, 0x00, 0x00, 0x44, 0x88, 0x00, 0x00, 0x0C, 0xC0, 0x00, 0x00, 0x80, 0x04, 0x00, 0x00, 0x60,
    0x18, 0x00, 0x00, 0x08, 0x40, 0x00, 0x00, 0x00, 0x00, 0x00, 0x00, 0x03, 0x00, 0x00, 0x00, 0x20,
    0x10, 0x00, 0x00, 0x24, 0x90, 0x00, 0x00, 0x08, 0x40, 0x00, 0x00, 0x00, 0x00, 0x00, 0x04, 0x80,
    0x04, 0x80, 0x04, 0x80, 0x04, 0x80, 0x04, 0x80, 0x04, 0x80, 0x44, 0x88, 0x44, 0x88, 0x0C, 0xC0,
    0x0C, 0xC0, 0x80, 0x04, 0x80, 0x04, 0x60, 0x18, 0x60, 0x18, 0x08, 0x40, 0x08, 0x40, 0x00, 0x00,
    0x00, 0x00, 0x13, 0x20, 0x13, 0x20, 0x20, 0x10, 0x20, 0x10, 0x24, 0x90, 0x24, 0x90, 0x18, 0x60,
    0x18, 0x60, 0x00, 0x00, 0x00, 0x00, 0x00, 0x00, 0x00, 0x40, 0x00, 0x40, 0x00, 0x40, 0x00, 0x00,
    0x00, 0x00, 0x00, 0x00, 0x00, 0x00, 0x00, 0x00, 0x00, 0x00, 0x00, 0x00, 0x00, 0x00, 0x00, 0x00,
    0x00, 0x00, 0x00, 0x00, 0x00, 0x40, 0x00, 0x40, 0x00, 0x40, 0x00, 0x00, 0x00, 0x00, 0x00, 0x00,
    0x00, 0x00, 0x00, 0x00, 0x00, 0x00, 0x00, 0x00, 0x00, 0x00, 0x00, 0x00, 0x00, 0x00, 0x00, 0x00,
    0x00, 0x40, 0x00, 0x40, 0x00, 0x40, 0x00, 0x00, 0x80, 0x00, 0x80, 0x00, 0x80, 0x00, 0x00, 0x00,
    0x00, 0x00, 0x00, 0x00, 0x00, 0x00, 0x00, 0x00, 0x00, 0x00, 0x00, 0x00, 0x00, 0x00, 0x00, 0x00,
    0x00, 0x00, 0x00, 0x00, 0x80, 0x00, 0x80, 0x00, 0x80, 0x00, 0x00, 0x00, 0x00, 0x00, 0x00, 0x00,
    0x00, 0x00, 0x00, 0x00, 0x00, 0x00, 0x00, 0x00, 0x00, 0x00, 0x00, 0x00, 0x00, 0x00, 0x00, 0x00,
    0x80, 0x00, 0x80, 0x00, 0x80, 0x00, 0x16, 0x68, 0x00, 0x80, 0x40, 0x02, 0x00, 0x20, 0x14, 0x28,
    0x94, 0x28, 0x04, 0x88, 0x04, 0x08, 0x00, 0x00, 0x08, 0x12, 0x01, 0x02, 0x00, 0x20, 0x12, 0x24,
    0x10, 0x00, 0x10, 0x00, 0x00, 0x00, 0x00, 0x00, 0x00, 0x00, 0x1C, 0x38, 0x22, 0x44, 0x22, 0x44,
    0x22, 0x44, 0x22, 0x44, 0x14, 0x28, 0x16, 0x00, 0x00, 0x00, 0x40, 0x00, 0x00, 0x00, 0x14, 0x80,
    0x94, 0x80, 0x04, 0x80, 0x04, 0x00, 0x00, 0x00, 0x08, 0x00, 0x01, 0x00, 0x00, 0x00, 0x12, 0x00,
    0x10, 0x00, 0x10, 0x38, 0x10, 0x00, 0x00, 0x00, 0x00, 0x00, 0x1C, 0x38, 0x22, 0x44, 0x22, 0x44,
    0x22, 0x44, 0x22, 0x44, 0x14, 0x28, 0x01, 0xA0, 0x02, 0x00, 0x00, 0x08, 0x00, 0x80, 0x04, 0xA0,
    0x04, 0xA0, 0x00, 0x20, 0x00, 0x20, 0x00, 0x00, 0x00, 0x48, 0x00, 0x08, 0x00, 0x80, 0x00, 0x90,
    0x00, 0x00, 0x70, 0x00, 0x00, 0x00, 0x00, 0x00, 0x00, 0x00, 0x70, 0xE0, 0x89, 0x10, 0x89, 0x10,
    0x89, 0x10, 0x89, 0x10, 0x50, 0xA0, 0x80, 0x10, 0x00, 0x00, 0x00, 0x00, 0xC0, 0x00, 0x00, 0x10,
    0x01, 0x00, 0x00, 0x20, 0x00, 0x20, 0x02, 0x00, 0x00, 0x40, 0x04, 0x00, 0x04, 0x00, 0x00, 0x80,
    0x08, 0x00, 0x01, 0x00, 0x10, 0x00, 0x10, 0x00, 0x06, 0x00, 0x00, 0x80, 0x00, 0x00, 0x28, 0x00,
    0x28, 0x10, 0x28, 0x10, 0x28, 0x00, 0x28, 0x00, 0x28, 0x00, 0x28, 0x10, 0x28, 0x10, 0x28, 0x00,
    0x28, 0x20, 0x28, 0x80, 0x2A, 0x00, 0x2A, 0x00, 0x2A, 0x00, 0x2A, 0x00, 0x2A, 0x00, 0x2A, 0x00,
    0x2A, 0x00, 0x2A, 0x00, 0x2A, 0x00, 0x2A, 0x00, 0x2A, 0x00, 0x10, 0x00, 0x40, 0x00, 0x01, 0x40,
    0x81, 0x40, 0x81, 0x40, 0x01, 0x40, 0x01, 0x40, 0x81, 0x40, 0x81, 0x40, 0x01, 0x40, 0x40, 0x00,
    0x30, 0x00, 0x00, 0x00, 0x00, 0x80, 0x00, 0x20, 0x28, 0x00, 0x28, 0x10, 0x28, 0x10, 0x28, 0x00,
    0x28, 0x00, 0x28, 0x10, 0x28, 0x10, 0x28, 0x00, 0x00, 0x20, 0x00, 0xC0, 0x00, 0x00, 0x24, 0x42,
    0x00, 0x00, 0x42, 0x00, 0x00, 0x00, 0x00, 0x00, 0x00, 0x00, 0x42, 0x00, 0x00, 0x02, 0x44, 0x48,
    0x00, 0x24, 0x02, 0x01, 0x0A, 0x04, 0x0C, 0xC0, 0x20, 0x10, 0x03, 0x00, 0x08, 0x40, 0x00, 0x00,
    0x00, 0x00, 0x00, 0x00, 0x00, 0x00, 0x00, 0x00, 0x00, 0x00, 0x00, 0x00, 0x00, 0x00, 0x00, 0x00,
    0x00, 0x00, 0x00, 0x00, 0x00, 0x00, 0x00, 0x00, 0x00, 0x00, 0x00, 0x00, 0x00, 0x00, 0x00, 0x00,
    0x00, 0x00, 0x00, 0x00, 0x00, 0x00, 0x08, 0x40, 0x03, 0x00, 0x20, 0x10, 0x0C, 0xC0, 0x04, 0x80,
    0x04, 0x80, 0x04, 0x80, 0x44, 0x88, 0x0C, 0xC0, 0x80, 0x04, 0x60, 0x18, 0x08, 0x40, 0x00, 0x00,
    0x03, 0x00, 0x20, 0x10, 0x24, 0x90, 0x08, 0x40, 0x00, 0x00, 0x04, 0x80, 0x04, 0x80, 0x04, 0x80,
    0x44, 0x88, 0x0C, 0xC0, 0x80, 0x04, 0x60, 0x18, 0x08, 0x40, 0x00, 0x00, 0x13, 0x20, 0x20, 0x10,
    0x24, 0x90, 0x18, 0x60, 0x00, 0x00, 0x24, 0x08, 0x42, 0x48, 0x00, 0x40, 0x00, 0x10, 0x02, 0x80,
    0x00, 0x00, 0x00, 0x20, 0x01, 0x00, 0x00, 0x40, 0x02, 0x40, 0x02, 0x00, 0x00, 0x80, 0x04, 0x00,
    0x01, 0x00, 0x09, 0x00, 0x08, 0x00, 0x02, 0x00, 0x10, 0x00, 0x00, 0x00, 0x05, 0x00, 0x20, 0x00,
    0x08, 0x00, 0x49, 0x08, 0x40, 0x90, 0x00, 0xF8, 0x00, 0x00, 0x02, 0x02, 0x00, 0x04, 0x04, 0x01,
    0x00, 0x10, 0x00, 0x88, 0x80, 0x20, 0x00, 0x04, 0x00, 0x44, 0x00, 0x00, 0x10, 0x08, 0x40, 0x00,
    0x84, 0x10, 0x40, 0x00, 0x40, 0x40, 0x00, 0x00, 0x11, 0x00, 0x03, 0x00, 0x04, 0x80, 0x24, 0x90,
    0x44, 0x88, 0x20, 0x10, 0x10, 0x20, 0x80, 0x04, 0x80, 0x04, 0x70, 0x38, 0x00, 0x00, 0x00, 0x00,
    0x4C, 0xC0, 0x14, 0xA0, 0x04, 0x80, 0x00, 0x50, 0x00, 0x00, 0x00, 0x00, 0x00, 0x00, 0x00, 0x08,
    0x38, 0x70, 0x40, 0x00, 0x00, 0x00, 0x00, 0x00, 0x00, 0x00, 0x28, 0x00, 0x00, 0x70, 0x00, 0x08,
    0x00, 0x00, 0x00, 0x00, 0x00, 0x00, 0x00, 0x50, 0x1C, 0xEE, 0x70, 0x01, 0x20, 0x90, 0x05, 0x02,
    0x00, 0x24, 0x10, 0x20, 0x20, 0x41, 0x20, 0x02, 0x05, 0x00, 0x08, 0x24, 0x40, 0x40, 0xA0, 0x40,
    0x44, 0x0A, 0x00, 0x14, 0x0A, 0x80, 0x81, 0x40, 0x80, 0x02, 0x40, 0x04, 0x20, 0x04, 0x20, 0x04,
    0x20, 0x00, 0x00, 0x39, 0x9C, 0x40, 0x02, 0x00, 0x00, 0x02, 0x40, 0x00, 0x00, 0x28, 0x14, 0x01,
    0x80, 0x00, 0x00, 0x04, 0x20, 0x04, 0x20, 0x04, 0x20, 0x02, 0x40, 0x28, 0x14, 0x00, 0x00, 0x02,
    0x40, 0x00, 0x00, 0x40, 0x02, 0x39, 0x9C, 0x00, 0x00, 0x04, 0x20, 0x04, 0x20, 0x04, 0x20, 0x02,
    0x40, 0x38, 0x1C, 0x40, 0x02, 0x00, 0x00, 0x02, 0x40, 0x00, 0x00, 0x28, 0x14, 0x24, 0x42, 0x00,
    0x00, 0x42, 0x00, 0x00, 0x00, 0x00, 0x00, 0x00, 0x00, 0x00, 0x00, 0x00, 0x00, 0x00, 0x00, 0x00,
    0x42, 0x00, 0x00, 0x42, 0x24, 0x02, 0x40, 0x04, 0x20, 0x04, 0x20, 0x04, 0x20, 0x04, 0x20, 0x01,
    0x80, 0x00, 0x00, 0x00, 0x00, 0x00, 0x00, 0x28, 0x14, 0x00, 0x00, 0x02, 0x40, 0x00, 0x00, 0x40,
    0x02, 0x38, 0x1C, 0x00, 0x00, 0x00, 0x00, 0x00, 0x00, 0x01, 0x80, 0x00, 0x00, 0x04, 0x20, 0x04,
    0x20, 0x04, 0x20, 0x02, 0x40, 0x04, 0x80, 0x04, 0x80, 0x24, 0x90, 0x04, 0x80, 0x04, 0x80, 0x54,
    0xA8, 0x04, 0x80, 0xF8, 0x7C, 0x00, 0x00, 0x00, 0x00, 0x04, 0x80, 0x54, 0xA8, 0x04, 0x80, 0x04,
    0x80, 0x24, 0x90, 0x04, 0x80, 0x04, 0x80, 0x48, 0x00, 0x00, 0x00, 0x30, 0x00, 0x48, 0x00, 0x00,
    0x00, 0x30, 0x00, 0x30, 0x00, 0x00, 0x00, 0x48, 0x48, 0x00, 0x00, 0x00, 0x30, 0x00, 0x30, 0x00,
    0x00, 0x00, 0x48, 0x00, 0x30, 0x00, 0x00, 0x00, 0x48, 0x00, 0x30, 0x00, 0x00, 0x00, 0x48, 0x33,
    0x00, 0x40, 0x80, 0x0C, 0x00, 0x80, 0x40, 0x80, 0x40, 0x80, 0x40, 0x80, 0x40, 0x88, 0x40, 0x92,
    0x40, 0x80, 0x40, 0x80, 0x40, 0x80, 0x40, 0x80, 0x40, 0x80, 0x40, 0x0C, 0x00, 0x40, 0x80, 0x33,
    0x00, 0x18, 0x20, 0x00, 0x20, 0x18, 0x00, 0x84, 0x84, 0x64, 0x04, 0x04, 0x04, 0x04, 0x04, 0x04,
    0xE7, 0x00, 0x00, 0x04, 0x00, 0x01, 0x00, 0x08, 0x00, 0x02, 0x00, 0x10, 0x00, 0x04, 0x00, 0x20,
    0x00, 0x0B, 0x00, 0x40, 0x80, 0x10, 0x80, 0x80, 0x80, 0x80, 0x40, 0x80, 0x40, 0x7C, 0x80, 0x04,
    0x80, 0x08, 0x00, 0x08, 0x00, 0x00, 0x00, 0x00, 0x00, 0x1E, 0x00, 0x10, 0x00, 0x10, 0x00, 0x10,
    0x00, 0x03, 0x00, 0x00, 0x80, 0x0C, 0x00, 0x72, 0x40, 0x00, 0x40, 0x00, 0x40, 0x00, 0x40, 0x92,
    0x40, 0x0C, 0x00, 0x40, 0x80, 0x32, 0x00, 0x08, 0x00, 0x02, 0x00, 0x10, 0x00, 0x04, 0x00, 0x24,
    0x00, 0x00, 0x00, 0x49, 0x00, 0x00, 0x80, 0x0C, 0x00, 0x92, 0x40, 0x80, 0x40, 0x80, 0x40, 0x80,
    0x40, 0x92, 0x40, 0x0C, 0x00, 0x40, 0x80, 0x32, 0x00, 0x80, 0x40, 0x80, 0x40, 0xBE, 0x40, 0xA2,
    0x00, 0x00, 0x00, 0x00, 0x80, 0x04, 0x00, 0x00, 0x00, 0x01, 0x00, 0x09, 0x00, 0x08, 0x00, 0x02,
    0x00, 0x12, 0x00, 0x10, 0x00, 0x00, 0x00, 0x04, 0x00, 0x20, 0x00, 0x33, 0x00, 0x40, 0x80, 0x0C,
    0x00, 0x12, 0x00, 0x12, 0x00, 0x00, 0x00, 0x4C, 0x80, 0x21, 0x00, 0x21, 0x00, 0x40, 0x80, 0x00,
    0x00, 0x92, 0x40, 0x80, 0x40, 0x80, 0x40, 0x8C, 0x40, 0x40, 0x80, 0x33, 0x00, 0x12, 0x00, 0x40,
    0x80, 0x0C, 0x00, 0x92, 0x40, 0x80, 0x40, 0x80, 0x40, 0x80, 0x40, 0x92, 0x40, 0x0C, 0x00, 0x40,
    0x00, 0x24, 0x80, 0x00, 0x00, 0x09, 0x00, 0x08, 0x00, 0x02, 0x00, 0x10, 0x00, 0x04, 0x00, 0x0C,
    0x00, 0x00, 0x00, 0x00, 0x00, 0x00, 0x00, 0x80, 0x40, 0x80, 0x40, 0x12, 0x00, 0x00, 0x00, 0x00,
    0x00, 0x00, 0x00, 0x00, 0x00, 0x80, 0x40, 0x80, 0x40, 0x00, 0x00, 0x80, 0x40, 0x80, 0x40, 0x00,
    0x00, 0x00, 0x00, 0x80, 0x40, 0x80, 0x40, 0x02, 0x09, 0x11, 0x00, 0x00, 0x48, 0x40, 0x10, 0x10,
    0x90, 0x90, 0x90, 0x90, 0x10, 0x10, 0x00, 0x48, 0x00, 0x24, 0x12, 0x09, 0x04, 0x00, 0x40, 0x90,
    0x88, 0x00, 0x00, 0x12, 0x02, 0x08, 0x08, 0x09, 0x09, 0x09, 0x09, 0x08, 0x08, 0x00, 0x12, 0x00,
    0x24, 0x48, 0x90, 0x20, 0x00, 0x04, 0x80, 0x08, 0x40, 0x46, 0x00, 0x49, 0x20, 0x40, 0x20, 0x40,
    0x20, 0x40, 0x20, 0x40, 0x20, 0x40, 0x20, 0x49, 0x20, 0x00, 0x00, 0x00, 0x00, 0x33, 0x00, 0x40,
    0x80, 0x8C, 0x40, 0x80, 0x40, 0x80, 0x40, 0x80, 0x40, 0x84, 0x40, 0x88, 0x40, 0x84, 0x40, 0x88,
    0x40, 0x80, 0x40, 0x80, 0x40, 0x80, 0x40, 0x8C, 0x40, 0x40, 0x80, 0x33, 0x00, 0x12, 0x00, 0x22,
    0x00, 0x42, 0x00, 0xA2, 0x00, 0x42, 0x00, 0x02, 0x00, 0x02, 0x00, 0x02, 0x00, 0x02, 0x00, 0x02,
    0x00, 0x02, 0x00, 0x02, 0x00, 0x02, 0x00, 0x73, 0x80, 0x00, 0x00, 0x00, 0x00, 0x33, 0x00, 0x40,
    0x80, 0x0C, 0x00, 0x92, 0x40, 0x00, 0x40, 0x00, 0x40, 0x02, 0x00, 0x04, 0x80, 0x09, 0x00, 0x02,
    0x00, 0x04, 0x00, 0x48, 0x00, 0x01, 0xC0, 0x9F, 0x40, 0x80, 0x40, 0x80, 0x40, 0x33, 0x00, 0x40,
    0x80, 0x0C, 0x00, 0x92, 0x40, 0x00, 0x40, 0x02, 0x00, 0x00, 0x80, 0x01, 0x00, 0x0C, 0x00, 0x02,
    0x40, 0x00, 0x40, 0x60, 0x00, 0x80, 0x40, 0x0C, 0x40, 0x40, 0x80, 0x33, 0x00, 0x04, 0x00, 0x01,
    0x00, 0x08, 0x00, 0x02, 0x00, 0x10, 0x00, 0x04, 0x00, 0x20, 0x00, 0x48, 0x80, 0x10, 0x80, 0x80,
    0x80, 0x80, 0x40, 0x80, 0x40, 0x7C, 0x80, 0x04, 0x80, 0x08, 0x00, 0x08, 0x00, 0x00, 0x00, 0x00,
    0x00, 0x1E, 0x00, 0x11, 0x80, 0x10, 0x00, 0x03, 0x00, 0x00, 0x80, 0x0C, 0x00, 0x72, 0x40, 0x00,
    0x40, 0x00, 0x40, 0x00, 0x40, 0x92, 0x40, 0x0C, 0x00, 0x40, 0x80, 0x32, 0x00, 0x08, 0x00, 0x02,
    0x00, 0x10, 0x00, 0x04, 0x00, 0x24, 0x00, 0x00, 0x00, 0x49, 0x00, 0x00, 0x80, 0x8C, 0x00, 0x92,
    0x40, 0x80, 0x40, 0x80, 0x40, 0x92, 0x40, 0x0C, 0x00, 0x40, 0x80, 0x33, 0x00, 0x80, 0x40, 0x80,
    0x40, 0xBE, 0x40, 0xE2, 0x00, 0x00, 0x00, 0x04, 0x80, 0x04, 0x00, 0x00, 0x00, 0x01, 0x00, 0x08,
    0x00, 0x00, 0x00, 0x02, 0x00, 0x10, 0x00, 0x00, 0x00, 0x04, 0x00, 0x20, 0x00, 0x33, 0x00, 0x40,
    0x80, 0x0C, 0x00, 0x12, 0x00, 0x12, 0x00, 0x00, 0x00, 0x00, 0x00, 0x21, 0x00, 0x21, 0x00, 0x4C,
    0x80, 0x92, 0x40, 0x80, 0x40, 0x80, 0x40, 0x8C, 0x40, 0x40, 0x80, 0x33, 0x00, 0x33, 0x00, 0x40,
    0x80, 0x0C, 0x00, 0x92, 0x40, 0x80, 0x40, 0x80, 0x40, 0x92, 0x40, 0x0C, 0x40, 0x40, 0x00, 0x24,
    0x80, 0x00, 0x00, 0x09, 0x00, 0x00, 0x00, 0x02, 0x00, 0x10, 0x00, 0x04, 0x00, 0x0C, 0x00, 0x00,
    0x00, 0x00, 0x00, 0x00, 0x00, 0x80, 0x40, 0x80, 0x40, 0x12, 0x00, 0x00, 0x00, 0x00, 0x00, 0x00,
    0x00, 0x00, 0x04, 0x09, 0x12, 0x24, 0x00, 0x48, 0x00, 0x10, 0x10, 0x90, 0x90, 0x90, 0x90, 0x10,
    0x10, 0x40, 0x48, 0x00, 0x00, 0x11, 0x09, 0x02, 0x00, 0x00, 0x20, 0x90, 0x48, 0x24, 0x00, 0x12,
    0x00, 0x08, 0x08, 0x09, 0x09, 0x09, 0x09, 0x08, 0x08, 0x02, 0x12, 0x00, 0x00, 0x88, 0x90, 0x40,
    0x00, 0x33, 0x00, 0x00, 0x80, 0x9C, 0x00, 0x00, 0x40, 0x30, 0x40, 0x40, 0x40, 0x9E, 0x40, 0x82,
    0x40, 0x9C, 0x40, 0x02, 0x00, 0x64, 0x00, 0x33, 0x00, 0x40, 0x80, 0x9E, 0x40, 0x9E, 0x40, 0x80,
    0x40, 0x80, 0x40, 0x80, 0x00, 0x91, 0xC0, 0x8C, 0x40, 0x40, 0x80, 0x33, 0x00, 0x33, 0x00, 0x40,
    0x80, 0x8C, 0x40, 0x80, 0x40, 0x80, 0x40, 0x80, 0x40, 0x80, 0x40, 0x80, 0x40, 0x8C, 0x40, 0x40,
    0x80, 0x33, 0x00, 0x00, 0x00, 0x00, 0x00, 0x66, 0x60, 0x10, 0x80, 0x00, 0x00, 0x09, 0x00, 0x00,
    0x00, 0x10, 0x80, 0x66, 0x60, 0x00, 0x00, 0x00, 0x00, 0x99, 0x00, 0x80, 0x00, 0x92, 0x40, 0x60,
    0x40, 0x80, 0x40, 0x80, 0x40, 0x9E, 0x40, 0x80, 0x40, 0x0C, 0x40, 0x40, 0x80, 0x33, 0x00, 0x00,
    0x00, 0x00, 0x00, 0x40, 0x00, 0x40, 0x00, 0x40, 0x00, 0x44, 0x80, 0x48, 0x40, 0x40, 0x00, 0x49,
    0x20, 0x40, 0x20, 0x40, 0x20, 0x40, 0x20, 0x40, 0x20, 0x49, 0x20, 0x00, 0x00, 0x00, 0x00, 0x90,
    0x00, 0x90, 0x00, 0x90, 0x00, 0x10, 0x00, 0x10, 0x00, 0x10, 0x00, 0x10, 0x00, 0x14, 0xC0, 0x19,
    0x00, 0x12, 0x00, 0x02, 0x00, 0x00, 0x00, 0x00, 0x00, 0x94, 0xC0, 0x82, 0x00, 0x80, 0x00, 0x84,
    0x84, 0x64, 0x04, 0x04, 0x04, 0x04, 0x04, 0x04, 0x04, 0x04, 0x04, 0x04, 0xE7, 0x00, 0x00, 0x9A,
    0x40, 0x80, 0x20, 0x59, 0xA0, 0x50, 0xA0, 0x50, 0xA0, 0x50, 0xA0, 0x50, 0xA0, 0x50, 0xA0, 0x50,
    0xA0, 0x90, 0x90, 0x90, 0x90, 0x04, 0x80, 0x08, 0x40, 0x46, 0x00, 0x49, 0x20, 0x40, 0x20, 0x40,
    0x20, 0x40, 0x20, 0x40, 0x20, 0x49, 0x20, 0x00, 0x00, 0x00, 0x00, 0x04, 0x80, 0x08, 0x00, 0x46,
    0x20, 0x48, 0x20, 0x40, 0x20, 0x40, 0x20, 0x40, 0x20, 0x48, 0x20, 0x41, 0x20, 0x48, 0x00, 0x44,
    0x80, 0x40, 0x00, 0x40, 0x00, 0x48, 0x00, 0x04, 0x00, 0x04, 0x00, 0x26, 0x40, 0x00, 0x40, 0x0E,
    0x40, 0x10, 0x40, 0x4D, 0x80, 0x21, 0x00, 0x6C, 0x00, 0x82, 0x40, 0x9E, 0x40, 0x80, 0x00, 0x99,
    0x00, 0x24, 0x00, 0x24, 0x00, 0x24, 0x00, 0x24, 0x00, 0x24, 0x00, 0x00, 0x80, 0x00, 0x80, 0x67,
    0x00, 0x24, 0x00, 0x24, 0x00, 0x24, 0x00, 0x24, 0x00, 0x25, 0x00, 0x02, 0x00, 0x10, 0x40, 0x09,
    0x80, 0x00, 0x00, 0x00, 0x24, 0x00, 0x84, 0x19, 0x00, 0x20, 0x00, 0x00, 0x00, 0x45, 0x00, 0x08,
    0xC0, 0x0A, 0x00, 0x02, 0x40, 0x01, 0x20, 0x01, 0x20, 0x04, 0x80, 0x02, 0x80, 0x0A, 0x40, 0x01,
    0x00, 0x05, 0x00, 0x04, 0x80, 0x02, 0x00, 0x02, 0x00, 0x09, 0x00, 0x09, 0x40, 0x0C, 0x08, 0x42,
    0x88, 0x40, 0x00, 0x40, 0x00, 0x20, 0xC0, 0x84, 0x00, 0x90, 0x00, 0x00, 0x00, 0x00, 0x00, 0x00,
    0x00, 0x00, 0x00, 0x04, 0x20, 0x04, 0x20, 0x04, 0x38, 0x04, 0x00, 0x04, 0x00, 0x04, 0x00, 0x04,
    0x00, 0x00, 0x80, 0x00, 0x80, 0x04, 0x00, 0x04, 0x00, 0x00, 0x80, 0x00, 0x80, 0x04, 0x00, 0x04,
    0x00, 0x04, 0x00, 0x04, 0x00, 0x04, 0x00, 0x01, 0x00, 0x01, 0x00, 0x01, 0x00, 0x06, 0x40, 0x08,
    0x00, 0x10, 0x10, 0x10, 0x80, 0x02, 0x08, 0x02, 0x70, 0x02, 0x00, 0x02, 0x00, 0x02, 0x00, 0x00,
    0x40, 0x00, 0x40, 0x02, 0x00, 0x02, 0x00, 0x02, 0x00, 0x00, 0x40, 0x00, 0x40, 0x63, 0x80, 0x02,
    0x00, 0x20, 0x38, 0x00, 0x20, 0x44, 0x20, 0x00, 0x00, 0x00, 0x00, 0x00, 0x00, 0x00, 0x18, 0x00,
    0x00, 0x8C, 0x20, 0x80, 0x40, 0x84, 0x02, 0x4A, 0x12, 0x4A, 0x32, 0x4A, 0x32, 0x4A, 0x12, 0x4A,
    0x52, 0x4A, 0x52, 0x4A, 0x52, 0x4A, 0x52, 0x48, 0x52, 0x4C, 0x52, 0x48, 0x52, 0x80, 0x51, 0x82,
    0x51, 0x86, 0x51, 0x00, 0x00, 0x18, 0x00, 0x80, 0x84, 0x84, 0x84, 0x44, 0x48, 0x40, 0x48, 0x40,
    0x48, 0x42, 0x48, 0x42, 0x48, 0x40, 0x48, 0xC9, 0xCC, 0x00, 0x00, 0x00, 0x00, 0x44, 0x08, 0x40,
    0x88, 0xCC, 0xCC, 0x00, 0x00, 0x00, 0x00, 0x48, 0x48, 0x48, 0x08, 0x49, 0x08, 0x48, 0x08, 0x48,
    0x08, 0x48, 0x88, 0x84, 0x88, 0x84, 0x08, 0x88, 0x08, 0x80, 0x08, 0x82, 0x08, 0x08, 0x08, 0x01,
    0x08, 0x01, 0x08, 0x01, 0x08, 0x01, 0x01, 0x01, 0x01, 0x00, 0x01, 0x08, 0x08, 0x02, 0x08, 0x00,
    0x08, 0x04, 0x08, 0x00, 0x08, 0x00, 0x08, 0x00, 0x08, 0x00, 0x0A, 0x00, 0x0D, 0x00, 0x0D, 0x00,
    0x09, 0x80, 0x20, 0x80, 0x00, 0x80, 0x14, 0x04, 0x00, 0x00, 0x00, 0x00, 0x00, 0x01, 0x00, 0x00,
    0x54, 0x00, 0x00, 0x50, 0x00, 0x00, 0x50, 0x00, 0x00, 0x50, 0x00, 0x00, 0x50, 0x96, 0x80, 0x50,
    0x20, 0x80, 0x50, 0x24, 0x80, 0x54, 0x0A, 0x80, 0x41, 0x0A, 0x80, 0x40, 0x0A, 0x80, 0x42, 0x24,
    0x00, 0x5A, 0x22, 0x00, 0x58, 0x11, 0x00, 0x50, 0x00, 0x00, 0x51, 0x04, 0x80, 0x55, 0x00, 0x80,
    0x54, 0x02, 0x80, 0x54, 0x00, 0x80, 0x00, 0x00, 0x00, 0x00, 0x00, 0x00, 0x02, 0x08, 0x00, 0x84,
    0x21, 0x84, 0x21, 0x84, 0x21, 0x48, 0x12, 0x48, 0x12, 0x48, 0x12, 0x48, 0x12, 0x0A, 0x50, 0x4E,
    0x72, 0x80, 0x01, 0x80, 0x01, 0x08, 0x10, 0x20, 0x04, 0x21, 0x84, 0x65, 0xA6, 0x80, 0x01, 0x80,
    0x01, 0x00, 0x00, 0x00, 0x00, 0x00, 0x00, 0x10, 0x08, 0x12, 0x48, 0x12, 0x48, 0x12, 0x48, 0x01,
    0x88, 0x00, 0x08, 0x11, 0x28, 0x10, 0x88, 0x10, 0x88, 0x11, 0x88, 0x11, 0x88, 0x11, 0x88, 0x11,
    0x88, 0x11, 0x88, 0x11, 0x88, 0x11, 0x88, 0x11, 0x08, 0x11, 0x08, 0x11, 0x12, 0x10, 0x04, 0x10,
    0x18, 0x00, 0x80, 0x00, 0x80, 0x00, 0x80, 0x00, 0x40, 0x02, 0x02, 0x02, 0x02, 0x00, 0x40, 0x13,
    0x40, 0x20, 0xC0, 0x40, 0x40, 0x44, 0x80, 0x08, 0x00, 0x08, 0x40, 0x00, 0x40, 0x00, 0x40, 0x00,
    0x40, 0x00, 0x40, 0x00, 0x40, 0x08, 0x40, 0x08, 0x00, 0x40, 0x80, 0x42, 0x40, 0x20, 0xC0, 0x13,
    0x40, 0x00, 0x00, 0x00, 0x00, 0x00, 0x00, 0x7F, 0xF8, 0x00, 0x00, 0x00, 0x00, 0x0C, 0x80, 0x10,
    0x20, 0x00, 0x00, 0x22, 0x00, 0x04, 0x20, 0x04, 0x00, 0x00, 0x00, 0x00, 0x00, 0x47, 0x00, 0x80,
    0x80, 0x80, 0x80, 0x00, 0x00, 0x00, 0x00, 0x80, 0x80, 0x80, 0x80, 0x47, 0x00, 0x00, 0x00, 0x00,
    0x00, 0x04, 0x20, 0x04, 0x04, 0x22, 0x44, 0x00, 0x00, 0x00, 0x00, 0x04, 0x60, 0x80, 0x40, 0x80,
    0x40, 0x80, 0x00, 0x40, 0x90, 0x40, 0x00, 0x41, 0x20, 0x40, 0x00, 0x42, 0x40, 0x40, 0x00, 0x44,
    0x80, 0x40, 0x00, 0x00, 0x00, 0x00, 0x00, 0xC0, 0x7C, 0x40, 0x40, 0x46, 0x40, 0x40, 0x00, 0x41,
    0x20, 0x40, 0x00, 0x40, 0x10, 0x40, 0x80, 0x80, 0x00, 0x80, 0x40, 0x80, 0x00, 0x00, 0x00, 0x00,
    0x00, 0x00, 0x00, 0x14, 0xA0, 0x14, 0xA0, 0x64, 0x98, 0x04, 0x80, 0x04, 0xE0, 0x04, 0x00, 0x08,
    0x20, 0x20, 0x00, 0x00, 0x80, 0x14, 0xA0, 0x04, 0x00, 0x00, 0x10, 0x10, 0x40, 0x00, 0x80, 0x1C,
    0x80, 0x04, 0x80, 0x04, 0x80, 0x04, 0x80, 0x00, 0x00, 0x00, 0x00, 0x00, 0x00, 0x04, 0x00, 0x00,
    0x02, 0x00, 0x00, 0x01, 0x00, 0x00, 0x50, 0x00, 0x00, 0x54, 0x00, 0x00, 0x50, 0x00, 0x00, 0x50,
    0x00, 0x00, 0x50, 0x8A, 0x00, 0x50, 0x81, 0x00, 0x50, 0xA0, 0x00, 0x50, 0x88, 0x80, 0x50, 0x8A,
    0x80, 0x50, 0x82, 0x80, 0x50, 0x82, 0x80, 0x50, 0x82, 0x80, 0x50, 0x82, 0x80, 0x50, 0x82, 0x80,
    0x50, 0x02, 0x80, 0x50, 0x02, 0x80, 0x54, 0x02, 0x80, 0x50, 0x08, 0x80, 0x01, 0x00, 0x80, 0x02,
    0x08, 0x00, 0x04, 0x05, 0x00, 0x00, 0x00, 0x00, 0x00, 0x00, 0x00, 0x00, 0x00, 0x00, 0x00, 0x00,
    0x00, 0x00, 0x00, 0x00, 0x00, 0x00, 0x00, 0x00, 0x00, 0x00, 0x80, 0x40, 0x80, 0x10, 0x80, 0x00,
    0x40, 0x88, 0x40, 0x40, 0x00, 0x00, 0x40, 0x04, 0x40, 0x04, 0x00, 0x00, 0x40, 0x44, 0x40, 0x40,
    0x40, 0x88, 0x40, 0x00, 0x40, 0x00, 0x40, 0xC0, 0x40, 0x00, 0x40, 0x00, 0x40, 0x00, 0x40, 0x00,
    0x40, 0x00, 0x40, 0x00, 0x80, 0x00, 0x80, 0x00, 0x80, 0x00, 0x00, 0x00, 0x00, 0x00, 0x00, 0x00,
    0x18, 0x00, 0x20, 0x40, 0x00, 0x00, 0x44, 0x00, 0x08, 0x40, 0x08, 0x00, 0x00, 0x00, 0x00, 0x00,
    0x00, 0x00, 0x00, 0x00, 0x00, 0x00, 0x00, 0x00, 0x00, 0x00, 0x00, 0x00, 0x00, 0x40, 0x00, 0x40,
    0x00, 0x40, 0x00, 0x40, 0x08, 0x40, 0x08, 0x00, 0x44, 0xC0, 0x40, 0x40, 0x20, 0x80, 0x10, 0x00,
    0x00, 0x00, 0x00, 0x00, 0x00, 0x00, 0x00, 0x00, 0x00, 0x00, 0x04, 0x20, 0x04, 0x20, 0x00, 0x00,
    0x00, 0x00, 0x01, 0x80, 0x09, 0x90, 0x09, 0x90, 0x00, 0x00, 0x00, 0x00, 0x31, 0x8E, 0x31, 0x8E,
    0x00, 0x00, 0x00, 0x00, 0x02, 0x40, 0x00, 0x00, 0x00, 0x00, 0x20, 0x04, 0x24, 0x24, 0x04, 0x20,
    0x02, 0x40, 0x02, 0x40, 0x02, 0x40, 0x02, 0x40, 0x08, 0x10, 0x02, 0x00, 0x00, 0x88, 0x08, 0x48,
    0x00, 0x40, 0x00, 0x40, 0x00, 0x08, 0x00, 0x00, 0x00, 0x00, 0xFC, 0x1C, 0x08, 0x20, 0x10, 0x40,
    0xE0, 0xFC, 0x00, 0x00, 0x00, 0x00, 0x08, 0x00, 0x08, 0x00, 0x00, 0x00, 0x08, 0x40, 0x40, 0x00,
    0x40, 0x00, 0x20, 0x40, 0x19, 0x00, 0x00, 0x00, 0x00, 0x00, 0x00, 0x00, 0x18, 0x00, 0x20, 0x40,
    0x00, 0x00, 0x44, 0x00, 0x08, 0x40, 0x08, 0x00, 0x00, 0x00, 0x00, 0x00, 0x00, 0x00, 0x00, 0x00,
    0x00, 0x00, 0x00, 0x00, 0x00, 0x00, 0x00, 0x00, 0x00, 0x00, 0x00, 0x00, 0x00, 0x00, 0x00, 0x00,
    0x08, 0x40, 0x08, 0x08, 0x44, 0x88, 0x00, 0x00, 0x00, 0x00, 0x08, 0xC0, 0x00, 0x00, 0x00, 0x00,
    0x00, 0x00, 0x00, 0x00, 0x7F, 0xF8, 0x00, 0x00, 0x00, 0x00, 0x00, 0x00, 0x00, 0x00, 0x00, 0x00,
    0x14, 0xA0, 0x14, 0xA0, 0x64, 0x98, 0x04, 0x80, 0x04, 0x80, 0x04, 0x80, 0x04, 0x80, 0x04, 0x80,
    0x04, 0x80, 0x04, 0x80, 0x04, 0x80, 0x04, 0x80, 0x04, 0x80, 0x00, 0x00, 0x00, 0x00, 0x00, 0x00,
    0xFF, 0xF0, 0x00, 0x00, 0x00, 0x00, 0xF8, 0x30, 0x00, 0x00, 0x02, 0x00, 0x00, 0x00, 0x00, 0x00,
    0x00, 0x00, 0x02, 0x20, 0x02, 0x00, 0x04, 0x40, 0x00, 0x00, 0x00, 0x00, 0xE0, 0x00, 0x00, 0x00,
    0x08, 0x80, 0x04, 0x00, 0x00, 0x40, 0x02, 0x00, 0x00, 0x00, 0x01, 0x04, 0x00, 0x84, 0x00, 0x04,
    0x00, 0x80, 0x00, 0x80, 0x00, 0x80, 0x02, 0x00, 0x02, 0x00, 0x02, 0x00, 0x02, 0x00, 0x02, 0x80,
    0x00, 0x40, 0x00, 0x40, 0x41, 0x00, 0x02, 0x00, 0x62, 0x80, 0x00, 0x40, 0x00, 0x40, 0x41, 0x00,
    0x02, 0x00, 0x62, 0x00, 0x02, 0x00, 0x02, 0x20, 0x02, 0x44, 0x00, 0x00, 0x00, 0x08, 0x00, 0x20,
    0x02, 0x40, 0x02, 0x40, 0x02, 0x40, 0x02, 0x40, 0x02, 0x40, 0x08, 0x10, 0x10, 0x08, 0x22, 0x44,
    0x02, 0x40, 0x4A, 0x52, 0x4A, 0x52, 0x4A, 0x52, 0x4A, 0x52, 0x4A, 0x52, 0x4A, 0x52, 0x4A, 0x52,
    0x4A, 0x52, 0x4A, 0x52, 0x4A, 0x52, 0x8C, 0x31, 0x84, 0x21, 0x84, 0x21, 0x40, 0x60, 0x40, 0x00,
    0x40, 0x00, 0x20, 0x44, 0x20, 0x20, 0x20, 0x00, 0x20, 0x02, 0x20, 0x02, 0x20, 0x02, 0x20, 0x00,
    0x20, 0x20, 0x20, 0x44, 0x00, 0x00, 0x00, 0x00, 0x00, 0x60, 0x20, 0x00, 0x22, 0x00, 0x00, 0x10,
    0x00, 0x10, 0x20, 0x00, 0x20, 0x00, 0x40, 0x00, 0x40, 0x00, 0x40, 0x00, 0x00, 0x00, 0x0B, 0x40,
    0x0B, 0x40, 0x0B, 0x40, 0x08, 0x00, 0x20, 0x10, 0x43, 0x08, 0x03, 0x04, 0x9B, 0x64, 0x8B, 0x40,
    0x0B, 0x40, 0x0B, 0x40, 0x0B, 0x40, 0x0B, 0x40, 0x00, 0x00, 0x00, 0x00, 0x00, 0x00, 0x00, 0x00,
    0x00, 0x00, 0x00, 0x00, 0x00, 0x00, 0x00, 0x00, 0x80, 0x00, 0x10, 0x00, 0x08, 0x00, 0xE3, 0xFC,
    0x80, 0x04, 0x80, 0x04, 0x0A, 0x00, 0x0A, 0x00, 0x0A, 0x00, 0x00, 0x00, 0x00, 0x10, 0x07, 0x88,
    0x08, 0x00, 0x08, 0x24, 0x08, 0x04, 0x08, 0x04, 0x08, 0x04, 0x08, 0x24, 0x08, 0x00, 0x07, 0x80,
    0x00, 0x00, 0x00, 0x00, 0x08, 0x40, 0x08, 0x00, 0x08, 0x10, 0x08, 0x12, 0x08, 0x02, 0x08, 0x12,
    0x08, 0x10, 0x08, 0x24, 0x07, 0xC0, 0x00, 0x00, 0x00, 0x00, 0x0A, 0x00, 0x0A, 0x00, 0x0A, 0x00,
    0x06, 0x60, 0x19, 0x00, 0x20, 0x40, 0x00, 0x00, 0x44, 0x00, 0x08, 0x40, 0x08, 0x00, 0x00, 0x00,
    0x00, 0x00, 0x00, 0x00, 0x00, 0x00, 0x00, 0x00, 0x08, 0x40, 0x08, 0x08, 0x44, 0x88, 0x00, 0x00,
    0x00, 0x00, 0x08, 0xC0, 0x00, 0x00, 0x00, 0x00, 0x00, 0x00, 0x7F, 0xF8, 0x00, 0x00, 0x00, 0x00,
};
inline constexpr size_t kFontData_ui_header_mbf_size = 67168;
