#pragma once

#include <cstddef>
#include <cstdint>

// Auto-generated by tools/make_font.py from Iosevka Slab Medium @ 24px
// Size: 18658 bytes

alignas(4) inline constexpr uint8_t kFontData_ui_large_wgf[] = {
    0x57, 0x47, 0x46, 0x31, 0x1E, 0x18, 0x1F, 0x30, 0x00, 0x03, 0x00, 0x0F, 0x02, 0x18, 0x00, 0x00,
    0x00, 0x00, 0x00, 0xDF, 0x14, 0x00, 0x00, 0x00, 0x00, 0x00, 0x00, 0x00, 0x00, 0x00, 0x00, 0x00,
    0x00, 0x00, 0x00, 0x00, 0x00, 0x00, 0x00, 0x00, 0x00, 0x00, 0x00, 0x00, 0x00, 0x00, 0x00, 0x02,
    0x01, 0x20, 0x00, 0x00, 0x00, 0x5F, 0x00, 0x00, 0x00, 0xA0, 0x00, 0x00, 0x00, 0xE0, 0x00, 0x5F,
    0x00, 0x00, 0x20, 0x00, 0x00, 0xD0, 0x00, 0x3F, 0x01, 0x00, 0x00, 0x00, 0x00, 0x30, 0x01, 0x01,
    0x00, 0xFF, 0x00, 0x01, 0x00, 0x00, 0x00, 0x30, 0x04, 0x12, 0x04, 0xEE, 0x00, 0x13, 0x00, 0x00,
    0x00, 0x30, 0x08, 0x08, 0x02, 0xED, 0x00, 0x1B, 0x00, 0x00, 0x00, 0x30, 0x0A, 0x12, 0x01, 0xEE,
    0x00, 0x3F, 0x00, 0x00, 0x00, 0x30, 0x09, 0x17, 0x02, 0xEB, 0x00, 0x6D, 0x00, 0x00, 0x00, 0x30,
    0x0A, 0x12, 0x01, 0xEE, 0x00, 0x91, 0x00, 0x00, 0x00, 0x30, 0x0B, 0x12, 0x01, 0xEE, 0x00, 0xB5,
    0x00, 0x00, 0x00, 0x30, 0x02, 0x08, 0x05, 0xED, 0x00, 0xBD, 0x00, 0x00, 0x00, 0x30, 0x07, 0x18,
    0x03, 0xEC, 0x00, 0xD5, 0x00, 0x00, 0x00, 0x30, 0x07, 0x18, 0x02, 0xEC, 0x00, 0xED, 0x00, 0x00,
    0x00, 0x30, 0x0A, 0x0A, 0x01, 0xEC, 0x00, 0x01, 0x01, 0x00, 0x00, 0x30, 0x08, 0x09, 0x02, 0xF3,
    0x00, 0x0A, 0x01, 0x00, 0x00, 0x30, 0x04, 0x09, 0x04, 0xFC, 0x00, 0x13, 0x01, 0x00, 0x00, 0x30,
    0x08, 0x02, 0x02, 0xF7, 0x00, 0x15, 0x01, 0x00, 0x00, 0x30, 0x04, 0x04, 0x04, 0xFC, 0x00, 0x19,
    0x01, 0x00, 0x00, 0x30, 0x0A, 0x18, 0x01, 0xEB, 0x00, 0x49, 0x01, 0x00, 0x00, 0x30, 0x0A, 0x12,
    0x01, 0xEE, 0x00, 0x6D, 0x01, 0x00, 0x00, 0x30, 0x09, 0x12, 0x01, 0xEE, 0x00, 0x91, 0x01, 0x00,
    0x00, 0x30, 0x08, 0x12, 0x02, 0xEE, 0x00, 0xA3, 0x01, 0x00, 0x00, 0x30, 0x0A, 0x12, 0x01, 0xEE,
    0x00, 0xC7, 0x01, 0x00, 0x00, 0x30, 0x09, 0x12, 0x01, 0xEE, 0x00, 0xEB, 0x01, 0x00, 0x00, 0x30,
    0x09, 0x12, 0x02, 0xEE, 0x00, 0x0F, 0x02, 0x00, 0x00, 0x30, 0x0A, 0x12, 0x01, 0xEE, 0x00, 0x33,
    0x02, 0x00, 0x00, 0x30, 0x08, 0x12, 0x02, 0xEE, 0x00, 0x45, 0x02, 0x00, 0x00, 0x30, 0x0A, 0x12,
    0x01, 0xEE, 0x00, 0x69, 0x02, 0x00, 0x00, 0x30, 0x0A, 0x12, 0x01, 0xEE, 0x00, 0x8D, 0x02, 0x00,
    0x00, 0x30, 0x04, 0x0D, 0x04, 0xF3, 0x00, 0x9A, 0x02, 0x00, 0x00, 0x30, 0x04, 0x12, 0x04, 0xF3,
    0x00, 0xAC, 0x02, 0x00, 0x00, 0x30, 0x09, 0x0C, 0x02, 0xF2, 0x00, 0xC4, 0x02, 0x00, 0x00, 0x30,
    0x08, 0x06, 0x02, 0xF5, 0x00, 0xCA, 0x02, 0x00, 0x00, 0x30, 0x09, 0x0C, 0x01, 0xF2, 0x00, 0xE2,
    0x02, 0x00, 0x00, 0x30, 0x08, 0x12, 0x02, 0xEE, 0x00, 0xF4, 0x02, 0x00, 0x00, 0x30, 0x08, 0x14,
    0x02, 0xEE, 0x00, 0x08, 0x03, 0x00, 0x00, 0x30, 0x0A, 0x12, 0x01, 0xEE, 0x00, 0x2C, 0x03, 0x00,
    0x00, 0x30, 0x0A, 0x12, 0x01, 0xEE, 0x00, 0x50, 0x03, 0x00, 0x00, 0x30, 0x09, 0x12, 0x01, 0xEE,
    0x00, 0x74, 0x03, 0x00, 0x00, 0x30, 0x0A, 0x12, 0x01, 0xEE, 0x00, 0x98, 0x03, 0x00, 0x00, 0x30,
    0x09, 0x12, 0x01, 0xEE, 0x00, 0xBC, 0x03, 0x00, 0x00, 0x30, 0x09, 0x12, 0x01, 0xEE, 0x00, 0xE0,
    0x03, 0x00, 0x00, 0x30, 0x09, 0x12, 0x01, 0xEE, 0x00, 0x04, 0x04, 0x00, 0x00, 0x30, 0x0A, 0x12,
    0x01, 0xEE, 0x00, 0x28, 0x04, 0x00, 0x00, 0x30, 0x08, 0x12, 0x02, 0xEE, 0x00, 0x3A, 0x04, 0x00,
    0x00, 0x30, 0x09, 0x12, 0x01, 0xEE, 0x00, 0x5E, 0x04, 0x00, 0x00, 0x30, 0x0A, 0x12, 0x01, 0xEE,
    0x00, 0x82, 0x04, 0x00, 0x00, 0x30, 0x0A, 0x12, 0x01, 0xEE, 0x00, 0xA6, 0x04, 0x00, 0x00, 0x30,
    0x0C, 0x12, 0x00, 0xEE, 0x00, 0xCA, 0x04, 0x00, 0x00, 0x30, 0x0A, 0x12, 0x01, 0xEE, 0x00, 0xEE,
    0x04, 0x00, 0x00, 0x30, 0x0A, 0x12, 0x01, 0xEE, 0x00, 0x12, 0x05, 0x00, 0x00, 0x30, 0x0A, 0x12,
    0x01, 0xEE, 0x00, 0x36, 0x05, 0x00, 0x00, 0x30, 0x0A, 0x17, 0x01, 0xEE, 0x00, 0x64, 0x05, 0x00,
    0x00, 0x30, 0x0A, 0x12, 0x01, 0xEE, 0x00, 0x88, 0x05, 0x00, 0x00, 0x30, 0x09, 0x12, 0x02, 0xEE,
    0x00, 0xAC, 0x05, 0x00, 0x00, 0x30, 0x0A, 0x12, 0x01, 0xEE, 0x00, 0xD0, 0x05, 0x00, 0x00, 0x30,
    0x0A, 0x12, 0x01, 0xEE, 0x00, 0xF4, 0x05, 0x00, 0x00, 0x30, 0x0C, 0x12, 0x00, 0xEE, 0x00, 0x18,
    0x06, 0x00, 0x00, 0x30, 0x0C, 0x12, 0x00, 0xEE, 0x00, 0x3C, 0x06, 0x00, 0x00, 0x30, 0x0A, 0x12,
    0x01, 0xEE, 0x00, 0x60, 0x06, 0x00, 0x00, 0x30, 0x0A, 0x12, 0x01, 0xEE, 0x00, 0x84, 0x06, 0x00,
    0x00, 0x30, 0x08, 0x12, 0x02, 0xEE, 0x00, 0x96, 0x06, 0x00, 0x00, 0x30, 0x07, 0x18, 0x03, 0xEB,
    0x00, 0xAE, 0x06, 0x00, 0x00, 0x30, 0x0A, 0x18, 0x01, 0xEB, 0x00, 0xDE, 0x06, 0x00, 0x00, 0x30,
    0x07, 0x18, 0x02, 0xEB, 0x00, 0xF6, 0x06, 0x00, 0x00, 0x30, 0x0A, 0x07, 0x01, 0xEE, 0x00, 0x13,
    0x01, 0x00, 0x00, 0x30, 0x08, 0x02, 0x02, 0x00, 0x00, 0x04, 0x07, 0x00, 0x00, 0x30, 0x06, 0x06,
    0x02, 0xED, 0x00, 0x0A, 0x07, 0x00, 0x00, 0x30, 0x0A, 0x0D, 0x01, 0xF3, 0x00, 0x24, 0x07, 0x00,
    0x00, 0x30, 0x0A, 0x12, 0x01, 0xEE, 0x00, 0x48, 0x07, 0x00, 0x00, 0x30, 0x09, 0x0D, 0x01, 0xF3,
    0x00, 0x62, 0x07, 0x00, 0x00, 0x30, 0x0A, 0x12, 0x01, 0xEE, 0x00, 0x86, 0x07, 0x00, 0x00, 0x30,
    0x0A, 0x0D, 0x01, 0xF3, 0x00, 0xA0, 0x07, 0x00, 0x00, 0x30, 0x09, 0x12, 0x02, 0xEE, 0x00, 0xC4,
    0x07, 0x00, 0x00, 0x30, 0x0A, 0x12, 0x01, 0xF3, 0x00, 0xE8, 0x07, 0x00, 0x00, 0x30, 0x0A, 0x12,
    0x01, 0xEE, 0x00, 0x0C, 0x08, 0x00, 0x00, 0x30, 0x08, 0x12, 0x02, 0xEE, 0x00, 0x1E, 0x08, 0x00,
    0x00, 0x30, 0x09, 0x17, 0x00, 0xEE, 0x00, 0x4C, 0x08, 0x00, 0x00, 0x30, 0x0A, 0x12, 0x01, 0xEE,
    0x00, 0x70, 0x08, 0x00, 0x00, 0x30, 0x08, 0x12, 0x02, 0xEE, 0x00, 0x82, 0x08, 0x00, 0x00, 0x30,
    0x0C, 0x0D, 0x00, 0xF3, 0x00, 0x9C, 0x08, 0x00, 0x00, 0x30, 0x0A, 0x0D, 0x01, 0xF3, 0x00, 0xB6,
    0x08, 0x00, 0x00, 0x30, 0x0A, 0x0D, 0x01, 0xF3, 0x00, 0xD0, 0x08, 0x00, 0x00, 0x30, 0x0A, 0x12,
    0x01, 0xF3, 0x00, 0xF4, 0x08, 0x00, 0x00, 0x30, 0x0A, 0x12, 0x01, 0xF3, 0x00, 0x18, 0x09, 0x00,
    0x00, 0x30, 0x09, 0x0D, 0x02, 0xF3, 0x00, 0x32, 0x09, 0x00, 0x00, 0x30, 0x08, 0x0D, 0x02, 0xF3,
    0x00, 0x3F, 0x09, 0x00, 0x00, 0x30, 0x09, 0x12, 0x02, 0xEE, 0x00, 0x63, 0x09, 0x00, 0x00, 0x30,
    0x0A, 0x0D, 0x01, 0xF3, 0x00, 0x7D, 0x09, 0x00, 0x00, 0x30, 0x0C, 0x0D, 0x00, 0xF3, 0x00, 0x97,
    0x09, 0x00, 0x00, 0x30, 0x0C, 0x0D, 0x00, 0xF3, 0x00, 0xB1, 0x09, 0x00, 0x00, 0x30, 0x0A, 0x0D,
    0x01, 0xF3, 0x00, 0xCB, 0x09, 0x00, 0x00, 0x30, 0x0A, 0x12, 0x01, 0xF3, 0x00, 0xEF, 0x09, 0x00,
    0x00, 0x30, 0x08, 0x0D, 0x02, 0xF3, 0x00, 0xFC, 0x09, 0x00, 0x00, 0x30, 0x08, 0x18, 0x02, 0xEC,
    0x00, 0x14, 0x0A, 0x00, 0x00, 0x30, 0x02, 0x18, 0x05, 0xEB, 0x00, 0x2C, 0x0A, 0x00, 0x00, 0x30,
    0x08, 0x18, 0x02, 0xEC, 0x00, 0x44, 0x0A, 0x00, 0x00, 0x30, 0x0A, 0x06, 0x01, 0xF5, 0x00, 0x00,
    0x00, 0x00, 0x00, 0x30, 0x01, 0x01, 0x00, 0xFF, 0x00, 0x50, 0x0A, 0x00, 0x00, 0x30, 0x04, 0x12,
    0x04, 0xF3, 0x00, 0x62, 0x0A, 0x00, 0x00, 0x30, 0x09, 0x12, 0x01, 0xF1, 0x00, 0x86, 0x0A, 0x00,
    0x00, 0x30, 0x09, 0x12, 0x01, 0xEE, 0x00, 0xAA, 0x0A, 0x00, 0x00, 0x30, 0x0A, 0x0B, 0x01, 0xF2,
    0x00, 0xC0, 0x0A, 0x00, 0x00, 0x30, 0x0A, 0x12, 0x01, 0xEE, 0x00, 0xE4, 0x0A, 0x00, 0x00, 0x30,
    0x02, 0x18, 0x05, 0xEB, 0x00, 0xFC, 0x0A, 0x00, 0x00, 0x30, 0x08, 0x18, 0x02, 0xEC, 0x00, 0x14,
    0x0B, 0x00, 0x00, 0x30, 0x08, 0x03, 0x02, 0xEE, 0x00, 0x17, 0x0B, 0x00, 0x00, 0x30, 0x0A, 0x12,
    0x01, 0xEF, 0x00, 0x3B, 0x0B, 0x00, 0x00, 0x30, 0x08, 0x0D, 0x02, 0xEF, 0x00, 0x48, 0x0B, 0x00,
    0x00, 0x30, 0x0A, 0x0C, 0x01, 0xF2, 0x00, 0x60, 0x0B, 0x00, 0x00, 0x30, 0x08, 0x06, 0x02, 0xF7,
    0x00, 0x13, 0x01, 0x00, 0x00, 0x30, 0x08, 0x02, 0x02, 0xF7, 0x00, 0x66, 0x0B, 0x00, 0x00, 0x30,
    0x0C, 0x0B, 0x00, 0xEA, 0x00, 0x13, 0x01, 0x00, 0x00, 0x30, 0x08, 0x02, 0x02, 0xEE, 0x00, 0x7C,
    0x0B, 0x00, 0x00, 0x30, 0x06, 0x06, 0x03, 0xED, 0x00, 0x82, 0x0B, 0x00, 0x00, 0x30, 0x08, 0x0D,
    0x02, 0xF3, 0x00, 0x8F, 0x0B, 0x00, 0x00, 0x30, 0x06, 0x0D, 0x03, 0xEB, 0x00, 0x9C, 0x0B, 0x00,
    0x00, 0x30, 0x08, 0x0D, 0x02, 0xEB, 0x00, 0xA9, 0x0B, 0x00, 0x00, 0x30, 0x06, 0x06, 0x04, 0xED,
    0x00, 0xAF, 0x0B, 0x00, 0x00, 0x30, 0x0A, 0x12, 0x01, 0xF3, 0x00, 0xD3, 0x0B, 0x00, 0x00, 0x30,
    0x08, 0x12, 0x02, 0xEE, 0x00, 0x15, 0x01, 0x00, 0x00, 0x30, 0x04, 0x04, 0x04, 0xF6, 0x00, 0xE5,
    0x0B, 0x00, 0x00, 0x30, 0x05, 0x05, 0x04, 0x00, 0x00, 0xEA, 0x0B, 0x00, 0x00, 0x30, 0x07, 0x0D,
    0x02, 0xEB, 0x00, 0xF7, 0x0B, 0x00, 0x00, 0x30, 0x08, 0x0D, 0x02, 0xEF, 0x00, 0x04, 0x0C, 0x00,
    0x00, 0x30, 0x0A, 0x0C, 0x01, 0xF2, 0x00, 0x1C, 0x0C, 0x00, 0x00, 0x30, 0x08, 0x19, 0x02, 0xEB,
    0x00, 0x35, 0x0C, 0x00, 0x00, 0x30, 0x08, 0x19, 0x02, 0xEB, 0x00, 0x4E, 0x0C, 0x00, 0x00, 0x30,
    0x08, 0x19, 0x02, 0xEB, 0x00, 0x67, 0x0C, 0x00, 0x00, 0x30, 0x08, 0x12, 0x02, 0xF3, 0x00, 0x79,
    0x0C, 0x00, 0x00, 0x30, 0x0A, 0x18, 0x01, 0xE8, 0x00, 0xA9, 0x0C, 0x00, 0x00, 0x30, 0x0A, 0x18,
    0x01, 0xE8, 0x00, 0xD9, 0x0C, 0x00, 0x00, 0x30, 0x0A, 0x18, 0x01, 0xE8, 0x00, 0x09, 0x0D, 0x00,
    0x00, 0x30, 0x0A, 0x18, 0x01, 0xE8, 0x00, 0x39, 0x0D, 0x00, 0x00, 0x30, 0x0A, 0x17, 0x01, 0xE9,
    0x00, 0x67, 0x0D, 0x00, 0x00, 0x30, 0x0A, 0x18, 0x01, 0xE8, 0x00, 0x97, 0x0D, 0x00, 0x00, 0x30,
    0x0B, 0x12, 0x00, 0xEE, 0x00, 0xBB, 0x0D, 0x00, 0x00, 0x30, 0x09, 0x17, 0x01, 0xEE, 0x00, 0xE9,
    0x0D, 0x00, 0x00, 0x30, 0x09, 0x18, 0x01, 0xE8, 0x00, 0x19, 0x0E, 0x00, 0x00, 0x30, 0x09, 0x18,
    0x01, 0xE8, 0x00, 0x49, 0x0E, 0x00, 0x00, 0x30, 0x09, 0x18, 0x01, 0xE8, 0x00, 0x79, 0x0E, 0x00,
    0x00, 0x30, 0x09, 0x17, 0x01, 0xE9, 0x00, 0xA7, 0x0E, 0x00, 0x00, 0x30, 0x08, 0x18, 0x02, 0xE8,
    0x00, 0xBF, 0x0E, 0x00, 0x00, 0x30, 0x08, 0x18, 0x02, 0xE8, 0x00, 0xD7, 0x0E, 0x00, 0x00, 0x30,
    0x08, 0x18, 0x02, 0xE8, 0x00, 0xEF, 0x0E, 0x00, 0x00, 0x30, 0x08, 0x17, 0x02, 0xE9, 0x00, 0x06,
    0x0F, 0x00, 0x00, 0x30, 0x0B, 0x12, 0x00, 0xEE, 0x00, 0x2A, 0x0F, 0x00, 0x00, 0x30, 0x0A, 0x18,
    0x01, 0xE8, 0x00, 0x5A, 0x0F, 0x00, 0x00, 0x30, 0x0A, 0x18, 0x01, 0xE8, 0x00, 0x8A, 0x0F, 0x00,
    0x00, 0x30, 0x0A, 0x18, 0x01, 0xE8, 0x00, 0xBA, 0x0F, 0x00, 0x00, 0x30, 0x0A, 0x18, 0x01, 0xE8,
    0x00, 0xEA, 0x0F, 0x00, 0x00, 0x30, 0x0A, 0x18, 0x01, 0xE8, 0x00, 0x1A, 0x10, 0x00, 0x00, 0x30,
    0x0A, 0x17, 0x01, 0xE9, 0x00, 0x48, 0x10, 0x00, 0x00, 0x30, 0x0C, 0x0B, 0x00, 0xF2, 0x00, 0x5E,
    0x10, 0x00, 0x00, 0x30, 0x0A, 0x14, 0x01, 0xED, 0x00, 0x86, 0x10, 0x00, 0x00, 0x30, 0x0A, 0x18,
    0x01, 0xE8, 0x00, 0xB6, 0x10, 0x00, 0x00, 0x30, 0x0A, 0x18, 0x01, 0xE8, 0x00, 0xE6, 0x10, 0x00,
    0x00, 0x30, 0x0A, 0x18, 0x01, 0xE8, 0x00, 0x16, 0x11, 0x00, 0x00, 0x30, 0x0A, 0x17, 0x01, 0xE9,
    0x00, 0x44, 0x11, 0x00, 0x00, 0x30, 0x0A, 0x18, 0x01, 0xE8, 0x00, 0x74, 0x11, 0x00, 0x00, 0x30,
    0x0A, 0x12, 0x01, 0xEE, 0x00, 0x98, 0x11, 0x00, 0x00, 0x30, 0x0A, 0x12, 0x01, 0xEE, 0x00, 0xBC,
    0x11, 0x00, 0x00, 0x30, 0x0A, 0x12, 0x01, 0xEE, 0x00, 0xE0, 0x11, 0x00, 0x00, 0x30, 0x0A, 0x12,
    0x01, 0xEE, 0x00, 0x04, 0x12, 0x00, 0x00, 0x30, 0x0A, 0x13, 0x01, 0xED, 0x00, 0x2A, 0x12, 0x00,
    0x00, 0x30, 0x0A, 0x13, 0x01, 0xED, 0x00, 0x50, 0x12, 0x00, 0x00, 0x30, 0x0A, 0x12, 0x01, 0xEE,
    0x00, 0x74, 0x12, 0x00, 0x00, 0x30, 0x0A, 0x13, 0x01, 0xED, 0x00, 0x9A, 0x12, 0x00, 0x00, 0x30,
    0x0A, 0x0D, 0x01, 0xF3, 0x00, 0xB4, 0x12, 0x00, 0x00, 0x30, 0x09, 0x12, 0x01, 0xF3, 0x00, 0xD8,
    0x12, 0x00, 0x00, 0x30, 0x0A, 0x12, 0x01, 0xEE, 0x00, 0xFC, 0x12, 0x00, 0x00, 0x30, 0x0A, 0x12,
    0x01, 0xEE, 0x00, 0x20, 0x13, 0x00, 0x00, 0x30, 0x0A, 0x13, 0x01, 0xED, 0x00, 0x46, 0x13, 0x00,
    0x00, 0x30, 0x0A, 0x12, 0x01, 0xEE, 0x00, 0x6A, 0x13, 0x00, 0x00, 0x30, 0x08, 0x12, 0x02, 0xEE,
    0x00, 0x7C, 0x13, 0x00, 0x00, 0x30, 0x08, 0x12, 0x02, 0xEE, 0x00, 0x8E, 0x13, 0x00, 0x00, 0x30,
    0x08, 0x13, 0x02, 0xED, 0x00, 0xA1, 0x13, 0x00, 0x00, 0x30, 0x08, 0x12, 0x02, 0xEE, 0x00, 0xB3,
    0x13, 0x00, 0x00, 0x30, 0x0A, 0x12, 0x01, 0xEE, 0x00, 0xD7, 0x13, 0x00, 0x00, 0x30, 0x0A, 0x13,
    0x01, 0xED, 0x00, 0xFD, 0x13, 0x00, 0x00, 0x30, 0x0A, 0x12, 0x01, 0xEE, 0x00, 0x21, 0x14, 0x00,
    0x00, 0x30, 0x0A, 0x12, 0x01, 0xEE, 0x00, 0x45, 0x14, 0x00, 0x00, 0x30, 0x0A, 0x13, 0x01, 0xED,
    0x00, 0x6B, 0x14, 0x00, 0x00, 0x30, 0x0A, 0x13, 0x01, 0xED, 0x00, 0x91, 0x14, 0x00, 0x00, 0x30,
    0x0A, 0x12, 0x01, 0xEE, 0x00, 0xB5, 0x14, 0x00, 0x00, 0x30, 0x08, 0x0D, 0x02, 0xF1, 0x00, 0xC2,
    0x14, 0x00, 0x00, 0x30, 0x0A, 0x0F, 0x01, 0xF2, 0x00, 0xE0, 0x14, 0x00, 0x00, 0x30, 0x0A, 0x12,
    0x01, 0xEE, 0x00, 0x04, 0x15, 0x00, 0x00, 0x30, 0x0A, 0x12, 0x01, 0xEE, 0x00, 0x28, 0x15, 0x00,
    0x00, 0x30, 0x0A, 0x13, 0x01, 0xED, 0x00, 0x4E, 0x15, 0x00, 0x00, 0x30, 0x0A, 0x12, 0x01, 0xEE,
    0x00, 0x72, 0x15, 0x00, 0x00, 0x30, 0x0A, 0x17, 0x01, 0xEE, 0x00, 0xA0, 0x15, 0x00, 0x00, 0x30,
    0x0A, 0x17, 0x01, 0xEE, 0x00, 0xCE, 0x15, 0x00, 0x00, 0x30, 0x0A, 0x17, 0x01, 0xEE, 0x00, 0xFC,
    0x15, 0x00, 0x00, 0x30, 0x0A, 0x17, 0x01, 0xE9, 0x00, 0x2A, 0x16, 0x00, 0x00, 0x30, 0x0A, 0x12,
    0x01, 0xEE, 0x00, 0x4E, 0x16, 0x00, 0x00, 0x30, 0x0A, 0x18, 0x01, 0xE8, 0x00, 0x7E, 0x16, 0x00,
    0x00, 0x30, 0x0A, 0x13, 0x01, 0xED, 0x00, 0xA4, 0x16, 0x00, 0x00, 0x30, 0x0A, 0x17, 0x01, 0xEE,
    0x00, 0xD2, 0x16, 0x00, 0x00, 0x30, 0x0B, 0x12, 0x01, 0xF3, 0x00, 0xF6, 0x16, 0x00, 0x00, 0x30,
    0x09, 0x18, 0x01, 0xE8, 0x00, 0x26, 0x17, 0x00, 0x00, 0x30, 0x09, 0x12, 0x01, 0xEE, 0x00, 0x4A,
    0x17, 0x00, 0x00, 0x30, 0x09, 0x18, 0x01, 0xE8, 0x00, 0x7A, 0x17, 0x00, 0x00, 0x30, 0x09, 0x13,
    0x01, 0xED, 0x00, 0xA0, 0x17, 0x00, 0x00, 0x30, 0x09, 0x17, 0x01, 0xE9, 0x00, 0xCE, 0x17, 0x00,
    0x00, 0x30, 0x09, 0x12, 0x01, 0xEE, 0x00, 0xF2, 0x17, 0x00, 0x00, 0x30, 0x09, 0x18, 0x01, 0xE8,
    0x00, 0x22, 0x18, 0x00, 0x00, 0x30, 0x09, 0x13, 0x01, 0xED, 0x00, 0x48, 0x18, 0x00, 0x00, 0x30,
    0x0A, 0x18, 0x01, 0xE8, 0x00, 0x78, 0x18, 0x00, 0x00, 0x30, 0x0C, 0x13, 0x01, 0xED, 0x00, 0x06,
    0x0F, 0x00, 0x00, 0x30, 0x0B, 0x12, 0x00, 0xEE, 0x00, 0x9E, 0x18, 0x00, 0x00, 0x30, 0x0B, 0x12,
    0x01, 0xEE, 0x00, 0xC2, 0x18, 0x00, 0x00, 0x30, 0x09, 0x17, 0x01, 0xE9, 0x00, 0xF0, 0x18, 0x00,
    0x00, 0x30, 0x0A, 0x12, 0x01, 0xEE, 0x00, 0x14, 0x19, 0x00, 0x00, 0x30, 0x09, 0x18, 0x01, 0xE8,
    0x00, 0x44, 0x19, 0x00, 0x00, 0x30, 0x0A, 0x13, 0x01, 0xED, 0x00, 0x6A, 0x19, 0x00, 0x00, 0x30,
    0x09, 0x17, 0x01, 0xE9, 0x00, 0x98, 0x19, 0x00, 0x00, 0x30, 0x0A, 0x12, 0x01, 0xEE, 0x00, 0xBC,
    0x19, 0x00, 0x00, 0x30, 0x0A, 0x17, 0x01, 0xEE, 0x00, 0xEA, 0x19, 0x00, 0x00, 0x30, 0x0A, 0x12,
    0x01, 0xF3, 0x00, 0x0E, 0x1A, 0x00, 0x00, 0x30, 0x09, 0x18, 0x01, 0xE8, 0x00, 0x3E, 0x1A, 0x00,
    0x00, 0x30, 0x0A, 0x13, 0x01, 0xED, 0x00, 0x64, 0x1A, 0x00, 0x00, 0x30, 0x09, 0x18, 0x01, 0xE8,
    0x00, 0x94, 0x1A, 0x00, 0x00, 0x30, 0x0A, 0x18, 0x01, 0xED, 0x00, 0xC4, 0x1A, 0x00, 0x00, 0x30,
    0x09, 0x18, 0x01, 0xE8, 0x00, 0xF4, 0x1A, 0x00, 0x00, 0x30, 0x0A, 0x18, 0x01, 0xED, 0x00, 0x24,
    0x1B, 0x00, 0x00, 0x30, 0x09, 0x17, 0x01, 0xE9, 0x00, 0x52, 0x1B, 0x00, 0x00, 0x30, 0x0A, 0x17,
    0x01, 0xEE, 0x00, 0x80, 0x1B, 0x00, 0x00, 0x30, 0x09, 0x18, 0x01, 0xEE, 0x00, 0xB0, 0x1B, 0x00,
    0x00, 0x30, 0x0A, 0x18, 0x01, 0xED, 0x00, 0xE0, 0x1B, 0x00, 0x00, 0x30, 0x0A, 0x18, 0x01, 0xE8,
    0x00, 0x10, 0x1C, 0x00, 0x00, 0x30, 0x0C, 0x18, 0xFF, 0xE8, 0x00, 0x40, 0x1C, 0x00, 0x00, 0x30,
    0x0C, 0x12, 0x00, 0xEE, 0x00, 0x64, 0x1C, 0x00, 0x00, 0x30, 0x0B, 0x12, 0x00, 0xEE, 0x00, 0x88,
    0x1C, 0x00, 0x00, 0x30, 0x08, 0x18, 0x02, 0xE8, 0x00, 0xA0, 0x1C, 0x00, 0x00, 0x30, 0x08, 0x13,
    0x02, 0xED, 0x00, 0xB3, 0x1C, 0x00, 0x00, 0x30, 0x08, 0x17, 0x02, 0xE9, 0x00, 0xCA, 0x1C, 0x00,
    0x00, 0x30, 0x08, 0x12, 0x02, 0xEE, 0x00, 0xDC, 0x1C, 0x00, 0x00, 0x30, 0x08, 0x18, 0x02, 0xE8,
    0x00, 0xF4, 0x1C, 0x00, 0x00, 0x30, 0x08, 0x13, 0x02, 0xED, 0x00, 0x07, 0x1D, 0x00, 0x00, 0x30,
    0x09, 0x17, 0x02, 0xEE, 0x00, 0x35, 0x1D, 0x00, 0x00, 0x30, 0x09, 0x17, 0x02, 0xEE, 0x00, 0x63,
    0x1D, 0x00, 0x00, 0x30, 0x08, 0x17, 0x02, 0xE9, 0x00, 0x7A, 0x1D, 0x00, 0x00, 0x30, 0x08, 0x0D,
    0x02, 0xF3, 0x00, 0x87, 0x1D, 0x00, 0x00, 0x30, 0x0B, 0x12, 0x00, 0xEE, 0x00, 0xAB, 0x1D, 0x00,
    0x00, 0x30, 0x0C, 0x17, 0x00, 0xEE, 0x00, 0xD9, 0x1D, 0x00, 0x00, 0x30, 0x0B, 0x18, 0x01, 0xE8,
    0x00, 0x09, 0x1E, 0x00, 0x00, 0x30, 0x0B, 0x18, 0x00, 0xED, 0x00, 0x39, 0x1E, 0x00, 0x00, 0x30,
    0x0A, 0x18, 0x01, 0xEE, 0x00, 0x69, 0x1E, 0x00, 0x00, 0x30, 0x0A, 0x18, 0x01, 0xEE, 0x00, 0x99,
    0x1E, 0x00, 0x00, 0x30, 0x0A, 0x0D, 0x01, 0xF3, 0x00, 0xB3, 0x1E, 0x00, 0x00, 0x30, 0x0A, 0x18,
    0x01, 0xE8, 0x00, 0xE3, 0x1E, 0x00, 0x00, 0x30, 0x08, 0x18, 0x02, 0xE8, 0x00, 0xFB, 0x1E, 0x00,
    0x00, 0x30, 0x0A, 0x18, 0x01, 0xEE, 0x00, 0x2B, 0x1F, 0x00, 0x00, 0x30, 0x08, 0x18, 0x02, 0xEE,
    0x00, 0x43, 0x1F, 0x00, 0x00, 0x30, 0x0A, 0x13, 0x01, 0xED, 0x00, 0x69, 0x1F, 0x00, 0x00, 0x30,
    0x09, 0x13, 0x02, 0xED, 0x00, 0x8F, 0x1F, 0x00, 0x00, 0x30, 0x0A, 0x12, 0x01, 0xEE, 0x00, 0xB3,
    0x1F, 0x00, 0x00, 0x30, 0x0A, 0x12, 0x01, 0xEE, 0x00, 0xD7, 0x1F, 0x00, 0x00, 0x30, 0x0B, 0x12,
    0x00, 0xEE, 0x00, 0xFB, 0x1F, 0x00, 0x00, 0x30, 0x08, 0x12, 0x02, 0xEE, 0x00, 0x0D, 0x20, 0x00,
    0x00, 0x30, 0x0A, 0x18, 0x01, 0xE8, 0x00, 0x3D, 0x20, 0x00, 0x00, 0x30, 0x0A, 0x12, 0x01, 0xEE,
    0x00, 0x61, 0x20, 0x00, 0x00, 0x30, 0x0A, 0x18, 0x01, 0xEE, 0x00, 0x91, 0x20, 0x00, 0x00, 0x30,
    0x0A, 0x13, 0x01, 0xF3, 0x00, 0xB7, 0x20, 0x00, 0x00, 0x30, 0x0A, 0x18, 0x01, 0xE8, 0x00, 0xE7,
    0x20, 0x00, 0x00, 0x30, 0x0A, 0x13, 0x01, 0xED, 0x00, 0x0D, 0x21, 0x00, 0x00, 0x30, 0x0C, 0x13,
    0xFF, 0xED, 0x00, 0x33, 0x21, 0x00, 0x00, 0x30, 0x09, 0x12, 0x01, 0xEE, 0x00, 0x57, 0x21, 0x00,
    0x00, 0x30, 0x09, 0x12, 0x01, 0xF3, 0x00, 0x7B, 0x21, 0x00, 0x00, 0x30, 0x0A, 0x17, 0x01, 0xE9,
    0x00, 0xA9, 0x21, 0x00, 0x00, 0x30, 0x0A, 0x12, 0x01, 0xEE, 0x00, 0xCD, 0x21, 0x00, 0x00, 0x30,
    0x0A, 0x18, 0x01, 0xE8, 0x00, 0xFD, 0x21, 0x00, 0x00, 0x30, 0x0A, 0x13, 0x01, 0xED, 0x00, 0x23,
    0x22, 0x00, 0x00, 0x30, 0x0A, 0x18, 0x01, 0xE8, 0x00, 0x53, 0x22, 0x00, 0x00, 0x30, 0x0A, 0x12,
    0x01, 0xEE, 0x00, 0x77, 0x22, 0x00, 0x00, 0x30, 0x0A, 0x12, 0x01, 0xEE, 0x00, 0x9B, 0x22, 0x00,
    0x00, 0x30, 0x0A, 0x0D, 0x01, 0xF3, 0x00, 0xB5, 0x22, 0x00, 0x00, 0x30, 0x0A, 0x18, 0x01, 0xE8,
    0x00, 0xE5, 0x22, 0x00, 0x00, 0x30, 0x09, 0x12, 0x02, 0xEE, 0x00, 0x09, 0x23, 0x00, 0x00, 0x30,
    0x0A, 0x18, 0x01, 0xEE, 0x00, 0x39, 0x23, 0x00, 0x00, 0x30, 0x09, 0x13, 0x02, 0xF3, 0x00, 0x5F,
    0x23, 0x00, 0x00, 0x30, 0x0A, 0x18, 0x01, 0xE8, 0x00, 0x8F, 0x23, 0x00, 0x00, 0x30, 0x09, 0x13,
    0x02, 0xED, 0x00, 0xB5, 0x23, 0x00, 0x00, 0x30, 0x09, 0x18, 0x02, 0xE8, 0x00, 0xE5, 0x23, 0x00,
    0x00, 0x30, 0x08, 0x12, 0x02, 0xEE, 0x00, 0xF7, 0x23, 0x00, 0x00, 0x30, 0x09, 0x18, 0x02, 0xE8,
    0x00, 0x27, 0x24, 0x00, 0x00, 0x30, 0x08, 0x13, 0x02, 0xED, 0x00, 0x3A, 0x24, 0x00, 0x00, 0x30,
    0x09, 0x17, 0x02, 0xEE, 0x00, 0x68, 0x24, 0x00, 0x00, 0x30, 0x08, 0x12, 0x02, 0xF3, 0x00, 0x7A,
    0x24, 0x00, 0x00, 0x30, 0x09, 0x18, 0x02, 0xE8, 0x00, 0xAA, 0x24, 0x00, 0x00, 0x30, 0x08, 0x13,
    0x02, 0xED, 0x00, 0xBD, 0x24, 0x00, 0x00, 0x30, 0x0A, 0x17, 0x01, 0xEE, 0x00, 0xEB, 0x24, 0x00,
    0x00, 0x30, 0x09, 0x17, 0x02, 0xEE, 0x00, 0x19, 0x25, 0x00, 0x00, 0x30, 0x0A, 0x18, 0x01, 0xE8,
    0x00, 0x49, 0x25, 0x00, 0x00, 0x30, 0x09, 0x13, 0x02, 0xED, 0x00, 0x6F, 0x25, 0x00, 0x00, 0x30,
    0x0A, 0x12, 0x01, 0xEE, 0x00, 0x93, 0x25, 0x00, 0x00, 0x30, 0x09, 0x12, 0x02, 0xEE, 0x00, 0xB7,
    0x25, 0x00, 0x00, 0x30, 0x0A, 0x18, 0x01, 0xE8, 0x00, 0xE7, 0x25, 0x00, 0x00, 0x30, 0x0A, 0x13,
    0x01, 0xED, 0x00, 0x0D, 0x26, 0x00, 0x00, 0x30, 0x0A, 0x17, 0x01, 0xE9, 0x00, 0x3B, 0x26, 0x00,
    0x00, 0x30, 0x0A, 0x12, 0x01, 0xEE, 0x00, 0x5F, 0x26, 0x00, 0x00, 0x30, 0x0A, 0x18, 0x01, 0xE8,
    0x00, 0x8F, 0x26, 0x00, 0x00, 0x30, 0x0A, 0x13, 0x01, 0xED, 0x00, 0xB5, 0x26, 0x00, 0x00, 0x30,
    0x0A, 0x18, 0x01, 0xE8, 0x00, 0xE5, 0x26, 0x00, 0x00, 0x30, 0x0A, 0x13, 0x01, 0xED, 0x00, 0x0B,
    0x27, 0x00, 0x00, 0x30, 0x0A, 0x18, 0x01, 0xE8, 0x00, 0x3B, 0x27, 0x00, 0x00, 0x30, 0x0A, 0x12,
    0x01, 0xEE, 0x00, 0x5F, 0x27, 0x00, 0x00, 0x30, 0x0A, 0x17, 0x01, 0xEE, 0x00, 0x8D, 0x27, 0x00,
    0x00, 0x30, 0x0B, 0x12, 0x01, 0xF3, 0x00, 0xB1, 0x27, 0x00, 0x00, 0x30, 0x0C, 0x18, 0x00, 0xE8,
    0x00, 0xE1, 0x27, 0x00, 0x00, 0x30, 0x0C, 0x13, 0x00, 0xED, 0x00, 0x07, 0x28, 0x00, 0x00, 0x30,
    0x0A, 0x18, 0x01, 0xE8, 0x00, 0x37, 0x28, 0x00, 0x00, 0x30, 0x0A, 0x18, 0x01, 0xED, 0x00, 0x67,
    0x28, 0x00, 0x00, 0x30, 0x0A, 0x17, 0x01, 0xE9, 0x00, 0x95, 0x28, 0x00, 0x00, 0x30, 0x08, 0x18,
    0x02, 0xE8, 0x00, 0xAD, 0x28, 0x00, 0x00, 0x30, 0x08, 0x12, 0x02, 0xEE, 0x00, 0xBF, 0x28, 0x00,
    0x00, 0x30, 0x08, 0x17, 0x02, 0xE9, 0x00, 0xD6, 0x28, 0x00, 0x00, 0x30, 0x08, 0x12, 0x02, 0xEE,
    0x00, 0xE8, 0x28, 0x00, 0x00, 0x30, 0x08, 0x18, 0x02, 0xE8, 0x00, 0x00, 0x29, 0x00, 0x00, 0x30,
    0x08, 0x13, 0x02, 0xED, 0x00, 0x13, 0x29, 0x00, 0x00, 0x30, 0x09, 0x12, 0x02, 0xEE, 0x00, 0x00,
    0x00, 0x00, 0x00, 0x30, 0x01, 0x01, 0x00, 0xFF, 0x00, 0x00, 0x00, 0x00, 0x00, 0x60, 0x01, 0x01,
    0x00, 0xFF, 0x00, 0x00, 0x00, 0x00, 0x00, 0x30, 0x01, 0x01, 0x00, 0xFF, 0x00, 0x00, 0x00, 0x00,
    0x00, 0x60, 0x01, 0x01, 0x00, 0xFF, 0x00, 0x00, 0x00, 0x00, 0x00, 0x30, 0x01, 0x01, 0x00, 0xFF,
    0x00, 0x00, 0x00, 0x00, 0x00, 0x30, 0x01, 0x01, 0x00, 0xFF, 0x00, 0x00, 0x00, 0x00, 0x00, 0x30,
    0x01, 0x01, 0x00, 0xFF, 0x00, 0x00, 0x00, 0x00, 0x00, 0x30, 0x01, 0x01, 0x00, 0xFF, 0x00, 0x00,
    0x00, 0x00, 0x00, 0x30, 0x01, 0x01, 0x00, 0xFF, 0x00, 0x00, 0x00, 0x00, 0x00, 0x30, 0x01, 0x01,
    0x00, 0xFF, 0x00, 0x00, 0x00, 0x00, 0x00, 0x30, 0x01, 0x01, 0x00, 0xFF, 0x00, 0x00, 0x00, 0x00,
    0x00, 0x00, 0x01, 0x01, 0x00, 0xFF, 0x00, 0x37, 0x29, 0x00, 0x00, 0x00, 0x08, 0x1E, 0xFC, 0xE7,
    0x00, 0x55, 0x29, 0x00, 0x00, 0x00, 0x06, 0x1E, 0xFD, 0xE7, 0x00, 0x00, 0x00, 0x00, 0x00, 0x30,
    0x00, 0x00, 0x00, 0x00, 0x00, 0x00, 0x00, 0x00, 0x00, 0x30, 0x00, 0x00, 0x00, 0x00, 0x00, 0x13,
    0x01, 0x00, 0x00, 0x30, 0x08, 0x02, 0x02, 0xF7, 0x00, 0x13, 0x01, 0x00, 0x00, 0x30, 0x08, 0x02,
    0x02, 0xF7, 0x00, 0x13, 0x01, 0x00, 0x00, 0x30, 0x08, 0x02, 0x02, 0xF7, 0x00, 0x73, 0x29, 0x00,
    0x00, 0x30, 0x0A, 0x02, 0x01, 0xF7, 0x00, 0x77, 0x29, 0x00, 0x00, 0x60, 0x18, 0x02, 0x00, 0xF7,
    0x00, 0x77, 0x29, 0x00, 0x00, 0x60, 0x18, 0x02, 0x00, 0xF7, 0x00, 0x7D, 0x29, 0x00, 0x00, 0x30,
    0x06, 0x18, 0x03, 0xEB, 0x00, 0x95, 0x29, 0x00, 0x00, 0x30, 0x08, 0x05, 0x02, 0x00, 0x00, 0x9A,
    0x29, 0x00, 0x00, 0x30, 0x04, 0x09, 0x04, 0xEC, 0x00, 0xA3, 0x29, 0x00, 0x00, 0x30, 0x04, 0x09,
    0x04, 0xED, 0x00, 0xA3, 0x29, 0x00, 0x00, 0x30, 0x04, 0x09, 0x04, 0xFC, 0x00, 0xAC, 0x29, 0x00,
    0x00, 0x30, 0x04, 0x09, 0x04, 0xED, 0x00, 0xB5, 0x29, 0x00, 0x00, 0x30, 0x0A, 0x09, 0x01, 0xEC,
    0x00, 0xC7, 0x29, 0x00, 0x00, 0x30, 0x0A, 0x09, 0x01, 0xED, 0x00, 0xC7, 0x29, 0x00, 0x00, 0x30,
    0x0A, 0x09, 0x01, 0xFC, 0x00, 0xD9, 0x29, 0x00, 0x00, 0x30, 0x0A, 0x09, 0x01, 0xED, 0x00, 0xEB,
    0x29, 0x00, 0x00, 0x30, 0x08, 0x18, 0x02, 0xEC, 0x00, 0x03, 0x2A, 0x00, 0x00, 0x30, 0x08, 0x18,
    0x02, 0xEC, 0x00, 0x1B, 0x2A, 0x00, 0x00, 0x30, 0x08, 0x07, 0x02, 0xF4, 0x00, 0x22, 0x2A, 0x00,
    0x00, 0x30, 0x07, 0x09, 0x03, 0xF3, 0x00, 0x15, 0x01, 0x00, 0x00, 0x60, 0x04, 0x04, 0x0A, 0xFC,
    0x00, 0x2B, 0x2A, 0x00, 0x00, 0x60, 0x10, 0x04, 0x04, 0xFC, 0x00, 0x33, 0x2A, 0x00, 0x00, 0x60,
    0x14, 0x04, 0x02, 0xFC, 0x00, 0x15, 0x01, 0x00, 0x00, 0x30, 0x04, 0x04, 0x04, 0xF6, 0x00, 0x00,
    0x00, 0x00, 0x00, 0x00, 0x01, 0x01, 0x00, 0xFF, 0x00, 0x00, 0x00, 0x00, 0x00, 0x00, 0x01, 0x01,
    0x00, 0xFF, 0x00, 0x00, 0x00, 0x00, 0x00, 0x30, 0x00, 0x00, 0x00, 0x00, 0x00, 0x00, 0x00, 0x00,
    0x00, 0x30, 0x00, 0x00, 0x00, 0x00, 0x00, 0x00, 0x00, 0x00, 0x00, 0x30, 0x00, 0x00, 0x00, 0x00,
    0x00, 0x00, 0x00, 0x00, 0x00, 0x30, 0x00, 0x00, 0x00, 0x00, 0x00, 0x00, 0x00, 0x00, 0x00, 0x30,
    0x00, 0x00, 0x00, 0x00, 0x00, 0x00, 0x00, 0x00, 0x00, 0x30, 0x01, 0x01, 0x00, 0xFF, 0x00, 0x3F,
    0x2A, 0x00, 0x00, 0x60, 0x11, 0x12, 0x04, 0xEE, 0x00, 0x75, 0x2A, 0x00, 0x00, 0x60, 0x17, 0x12,
    0x01, 0xEE, 0x00, 0xAB, 0x2A, 0x00, 0x00, 0x30, 0x05, 0x08, 0x04, 0xED, 0x00, 0xB3, 0x2A, 0x00,
    0x00, 0x30, 0x09, 0x08, 0x02, 0xED, 0x00, 0xC3, 0x2A, 0x00, 0x00, 0x30, 0x0C, 0x08, 0x00, 0xED,
    0x00, 0xD3, 0x2A, 0x00, 0x00, 0x30, 0x05, 0x08, 0x03, 0xED, 0x00, 0xDB, 0x2A, 0x00, 0x00, 0x30,
    0x09, 0x08, 0x01, 0xED, 0x00, 0xEB, 0x2A, 0x00, 0x00, 0x30, 0x0C, 0x08, 0x00, 0xED, 0x00, 0xFB,
    0x2A, 0x00, 0x00, 0x30, 0x0A, 0x06, 0x01, 0xFE, 0x00, 0x07, 0x2B, 0x00, 0x00, 0x30, 0x06, 0x0C,
    0x03, 0xF2, 0x00, 0x13, 0x2B, 0x00, 0x00, 0x30, 0x06, 0x0C, 0x03, 0xF2, 0x00, 0x1F, 0x2B, 0x00,
    0x00, 0x60, 0x16, 0x17, 0x01, 0xEC, 0x00, 0x64, 0x2B, 0x00, 0x00, 0x30, 0x08, 0x12, 0x02, 0xEE,
    0x00, 0x76, 0x2B, 0x00, 0x00, 0x30, 0x0B, 0x12, 0x01, 0xEE, 0x00, 0x13, 0x01, 0x00, 0x00, 0x30,
    0x08, 0x02, 0x02, 0xEE, 0x00, 0x9A, 0x2B, 0x00, 0x00, 0x30, 0x0A, 0x03, 0x01, 0xFF, 0x00, 0xA0,
    0x2B, 0x00, 0x00, 0x30, 0x0A, 0x03, 0x01, 0xEC, 0x00, 0xA6, 0x2B, 0x00, 0x00, 0x30, 0x0A, 0x0C,
    0x01, 0xFA, 0x00, 0xBE, 0x2B, 0x00, 0x00, 0x60, 0x16, 0x15, 0x01, 0xED, 0x00, 0x13, 0x01, 0x00,
    0x00, 0x30, 0x08, 0x02, 0x02, 0xF7, 0x00, 0x19, 0x01, 0x00, 0x00, 0x30, 0x0A, 0x18, 0x01, 0xEB,
    0x00, 0xFD, 0x2B, 0x00, 0x00, 0x30, 0x07, 0x18, 0x03, 0xEB, 0x00, 0x15, 0x2C, 0x00, 0x00, 0x30,
    0x07, 0x18, 0x02, 0xEB, 0x00, 0x2D, 0x2C, 0x00, 0x00, 0x30, 0x0A, 0x12, 0x01, 0xEE, 0x00, 0x51,
    0x2C, 0x00, 0x00, 0x30, 0x09, 0x12, 0x01, 0xEE, 0x00, 0x75, 0x2C, 0x00, 0x00, 0x30, 0x09, 0x12,
    0x02, 0xEE, 0x00, 0x99, 0x2C, 0x00, 0x00, 0x30, 0x08, 0x0D, 0x02, 0xF3, 0x00, 0xA6, 0x2C, 0x00,
    0x00, 0x30, 0x08, 0x12, 0x02, 0xEE, 0x00, 0xB8, 0x2C, 0x00, 0x00, 0x30, 0x08, 0x0A, 0x02, 0xF3,
    0x00, 0xC2, 0x2C, 0x00, 0x00, 0x30, 0x08, 0x0A, 0x02, 0xF3, 0x00, 0xCC, 0x2C, 0x00, 0x00, 0x30,
    0x0A, 0x0A, 0x01, 0xF6, 0x00, 0xE0, 0x2C, 0x00, 0x00, 0x30, 0x04, 0x12, 0x04, 0xF3, 0x00, 0xF2,
    0x2C, 0x00, 0x00, 0x30, 0x0A, 0x16, 0x01, 0xEC, 0x00, 0x1E, 0x2D, 0x00, 0x00, 0x30, 0x0A, 0x15,
    0x01, 0xED, 0x00, 0x48, 0x2D, 0x00, 0x00, 0x30, 0x0A, 0x12, 0x01, 0xEE, 0x00, 0x6C, 0x2D, 0x00,
    0x00, 0x60, 0x16, 0x07, 0x01, 0xF5, 0x00, 0xA0, 0x2B, 0x00, 0x00, 0x30, 0x0A, 0x03, 0x01, 0xFE,
    0x00, 0x81, 0x2D, 0x00, 0x00, 0x30, 0x0A, 0x0A, 0x01, 0xEC, 0x00, 0x95, 0x2D, 0x00, 0x00, 0x30,
    0x0A, 0x0D, 0x01, 0xF3, 0x00, 0xAF, 0x2D, 0x00, 0x00, 0x30, 0x0E, 0x08, 0xFF, 0xED, 0x00, 0xBF,
    0x2D, 0x00, 0x00, 0x30, 0x0A, 0x0D, 0x01, 0xF3, 0x00, 0xD9, 0x2D, 0x00, 0x00, 0x30, 0x0A, 0x0D,
    0x01, 0xF3, 0x00, 0xF3, 0x2D, 0x00, 0x00, 0x30, 0x04, 0x12, 0x04, 0xEE, 0x00, 0x05, 0x2E, 0x00,
    0x00, 0x30, 0x0A, 0x12, 0x01, 0xEE, 0x00, 0x29, 0x2E, 0x00, 0x00, 0x30, 0x0A, 0x0D, 0x01, 0xF3,
    0x00, 0x43, 0x2E, 0x00, 0x00, 0x30, 0x04, 0x0D, 0x04, 0xF3, 0x00, 0x50, 0x2E, 0x00, 0x00, 0x30,
    0x04, 0x11, 0x04, 0xF1, 0x00, 0x00, 0x00, 0x00, 0x00, 0x30, 0x01, 0x01, 0x00, 0xFF, 0x00, 0x00,
    0x00, 0x00, 0x00, 0x00, 0x01, 0x01, 0x00, 0xFF, 0x00, 0x00, 0x00, 0x00, 0x00, 0x00, 0x01, 0x01,
    0x00, 0xFF, 0x00, 0x00, 0x00, 0x00, 0x00, 0x00, 0x01, 0x01, 0x00, 0xFF, 0x00, 0x00, 0x00, 0x00,
    0x00, 0x00, 0x01, 0x01, 0x00, 0xFF, 0x00, 0x00, 0x00, 0x00, 0x00, 0x00, 0x01, 0x01, 0x00, 0xFF,
    0x00, 0x00, 0x00, 0x00, 0x00, 0x30, 0x00, 0x00, 0x00, 0x00, 0x00, 0x00, 0x00, 0x00, 0x00, 0x30,
    0x00, 0x00, 0x00, 0x00, 0x00, 0x00, 0x00, 0x00, 0x00, 0x30, 0x00, 0x00, 0x00, 0x00, 0x00, 0x00,
    0x00, 0x00, 0x00, 0x30, 0x00, 0x00, 0x00, 0x00, 0x00, 0x00, 0x00, 0x00, 0x00, 0x30, 0x00, 0x00,
    0x00, 0x00, 0x00, 0x00, 0x00, 0x00, 0x00, 0x30, 0x00, 0x00, 0x00, 0x00, 0x00, 0x00, 0x00, 0x00,
    0x00, 0x30, 0x00, 0x00, 0x00, 0x00, 0x00, 0x00, 0x00, 0x00, 0x00, 0x30, 0x00, 0x00, 0x00, 0x00,
    0x00, 0x00, 0x00, 0x00, 0x00, 0x30, 0x00, 0x00, 0x00, 0x00, 0x00, 0x00, 0x00, 0x00, 0x00, 0x30,
    0x00, 0x00, 0x00, 0x00, 0x00, 0x00, 0x00, 0x00, 0x00, 0x30, 0x00, 0x00, 0x00, 0x00, 0x00, 0x61,
    0x2E, 0x00, 0x00, 0x30, 0x08, 0x0D, 0x02, 0xEB, 0x00, 0x6E, 0x2E, 0x00, 0x00, 0x30, 0x06, 0x0D,
    0x03, 0xEB, 0x00, 0x00, 0x00, 0x00, 0x00, 0x30, 0x00, 0x00, 0x00, 0x00, 0x00, 0x00, 0x00, 0x00,
    0x00, 0x30, 0x00, 0x00, 0x00, 0x00, 0x00, 0x7B, 0x2E, 0x00, 0x00, 0x30, 0x07, 0x0D, 0x02, 0xEB,
    0x00, 0x88, 0x2E, 0x00, 0x00, 0x30, 0x07, 0x0D, 0x03, 0xEB, 0x00, 0x95, 0x2E, 0x00, 0x00, 0x30,
    0x08, 0x0D, 0x02, 0xEB, 0x00, 0xA2, 0x2E, 0x00, 0x00, 0x30, 0x06, 0x0D, 0x03, 0xEB, 0x00, 0xAF,
    0x2E, 0x00, 0x00, 0x30, 0x08, 0x0D, 0x02, 0xEB, 0x00, 0xBC, 0x2E, 0x00, 0x00, 0x30, 0x08, 0x0D,
    0x02, 0xEB, 0x00, 0xC9, 0x2E, 0x00, 0x00, 0x30, 0x06, 0x07, 0x03, 0xEF, 0x00, 0xD0, 0x2E, 0x00,
    0x00, 0x30, 0x06, 0x02, 0x03, 0xF1, 0x00, 0xD2, 0x2E, 0x00, 0x00, 0x30, 0x06, 0x05, 0x03, 0xF0,
    0x00, 0xD7, 0x2E, 0x00, 0x00, 0x30, 0x06, 0x11, 0x03, 0xEA, 0x00, 0xE8, 0x2E, 0x00, 0x00, 0x30,
    0x06, 0x11, 0x03, 0xEA, 0x00, 0xF9, 0x2E, 0x00, 0x00, 0x30, 0x08, 0x09, 0x02, 0xEF, 0x00, 0x02,
    0x2F, 0x00, 0x00, 0x30, 0x08, 0x0B, 0x02, 0xF7, 0x00, 0x0D, 0x2F, 0x00, 0x00, 0x30, 0x07, 0x0B,
    0x02, 0xF7, 0x00, 0x18, 0x2F, 0x00, 0x00, 0x30, 0x06, 0x0B, 0x03, 0xF7, 0x00, 0x23, 0x2F, 0x00,
    0x00, 0x30, 0x08, 0x0B, 0x02, 0xF7, 0x00, 0x2E, 0x2F, 0x00, 0x00, 0x30, 0x07, 0x0B, 0x02, 0xF7,
    0x00, 0x39, 0x2F, 0x00, 0x00, 0x30, 0x07, 0x0B, 0x03, 0xF7, 0x00, 0x44, 0x2F, 0x00, 0x00, 0x30,
    0x08, 0x0B, 0x02, 0xF7, 0x00, 0x4F, 0x2F, 0x00, 0x00, 0x30, 0x06, 0x0B, 0x03, 0xF7, 0x00, 0x5A,
    0x2F, 0x00, 0x00, 0x30, 0x08, 0x0B, 0x02, 0xF7, 0x00, 0x65, 0x2F, 0x00, 0x00, 0x30, 0x08, 0x0B,
    0x02, 0xF7, 0x00, 0x70, 0x2F, 0x00, 0x00, 0x30, 0x06, 0x07, 0x03, 0xFA, 0x00, 0xD0, 0x2E, 0x00,
    0x00, 0x30, 0x06, 0x02, 0x03, 0xFC, 0x00, 0xD2, 0x2E, 0x00, 0x00, 0x30, 0x06, 0x05, 0x03, 0xFA,
    0x00, 0x77, 0x2F, 0x00, 0x00, 0x30, 0x06, 0x11, 0x03, 0xF4, 0x00, 0x88, 0x2F, 0x00, 0x00, 0x30,
    0x06, 0x11, 0x03, 0xF4, 0x00, 0x00, 0x00, 0x00, 0x00, 0x30, 0x00, 0x00, 0x00, 0x00, 0x00, 0x99,
    0x2F, 0x00, 0x00, 0x30, 0x08, 0x08, 0x02, 0xFA, 0x00, 0xA1, 0x2F, 0x00, 0x00, 0x30, 0x08, 0x08,
    0x02, 0xFA, 0x00, 0xA9, 0x2F, 0x00, 0x00, 0x30, 0x08, 0x08, 0x02, 0xFA, 0x00, 0xB1, 0x2F, 0x00,
    0x00, 0x30, 0x08, 0x08, 0x02, 0xFA, 0x00, 0xB9, 0x2F, 0x00, 0x00, 0x30, 0x08, 0x08, 0x02, 0xFA,
    0x00, 0xC1, 0x2F, 0x00, 0x00, 0x30, 0x08, 0x0B, 0x02, 0xF7, 0x00, 0xCC, 0x2F, 0x00, 0x00, 0x30,
    0x08, 0x0B, 0x02, 0xF7, 0x00, 0xD7, 0x2F, 0x00, 0x00, 0x30, 0x06, 0x0B, 0x03, 0xF7, 0x00, 0xE2,
    0x2F, 0x00, 0x00, 0x30, 0x08, 0x08, 0x02, 0xFA, 0x00, 0xEA, 0x2F, 0x00, 0x00, 0x30, 0x08, 0x08,
    0x02, 0xFA, 0x00, 0xF2, 0x2F, 0x00, 0x00, 0x30, 0x08, 0x0C, 0x02, 0xFA, 0x00, 0xFE, 0x2F, 0x00,
    0x00, 0x30, 0x06, 0x08, 0x03, 0xFA, 0x00, 0x06, 0x30, 0x00, 0x00, 0x30, 0x07, 0x0B, 0x03, 0xF7,
    0x00, 0x00, 0x00, 0x00, 0x00, 0x30, 0x00, 0x00, 0x00, 0x00, 0x00, 0x00, 0x00, 0x00, 0x00, 0x30,
    0x00, 0x00, 0x00, 0x00, 0x00, 0x00, 0x00, 0x00, 0x00, 0x30, 0x00, 0x00, 0x00, 0x00, 0x00, 0x00,
    0x00, 0x00, 0x00, 0x30, 0x00, 0x00, 0x00, 0x00, 0x00, 0x11, 0x30, 0x00, 0x00, 0x30, 0x0A, 0x16,
    0x01, 0xEC, 0x00, 0x00, 0x00, 0x00, 0x00, 0x30, 0x00, 0x00, 0x00, 0x00, 0x00, 0x3D, 0x30, 0x00,
    0x00, 0x30, 0x09, 0x12, 0x01, 0xEE, 0x00, 0x61, 0x30, 0x00, 0x00, 0x30, 0x09, 0x12, 0x01, 0xEE,
    0x00, 0x85, 0x30, 0x00, 0x00, 0x30, 0x0C, 0x0F, 0x00, 0xF2, 0x00, 0xA3, 0x30, 0x00, 0x00, 0x30,
    0x0A, 0x12, 0x01, 0xEE, 0x00, 0xC7, 0x30, 0x00, 0x00, 0x30, 0x0C, 0x12, 0x00, 0xEE, 0x00, 0xEB,
    0x30, 0x00, 0x00, 0x30, 0x0C, 0x12, 0x00, 0xEE, 0x00, 0x0F, 0x31, 0x00, 0x00, 0x30, 0x0C, 0x12,
    0x00, 0xEE, 0x00, 0x33, 0x31, 0x00, 0x00, 0x30, 0x0A, 0x0D, 0x01, 0xF3, 0x00, 0x4D, 0x31, 0x00,
    0x00, 0x30, 0x0B, 0x17, 0x01, 0xEE, 0x00, 0x7B, 0x31, 0x00, 0x00, 0x30, 0x0A, 0x12, 0x00, 0xEE,
    0x00, 0x9F, 0x31, 0x00, 0x00, 0x30, 0x0A, 0x12, 0x01, 0xEE, 0x00, 0xC3, 0x31, 0x00, 0x00, 0x30,
    0x0A, 0x12, 0x01, 0xEE, 0x00, 0xE7, 0x31, 0x00, 0x00, 0x30, 0x0C, 0x17, 0x00, 0xEE, 0x00, 0x00,
    0x00, 0x00, 0x00, 0x30, 0x00, 0x00, 0x00, 0x00, 0x00, 0x15, 0x32, 0x00, 0x00, 0x30, 0x0A, 0x12,
    0x01, 0xEE, 0x00, 0x39, 0x32, 0x00, 0x00, 0x30, 0x09, 0x15, 0x01, 0xEC, 0x00, 0x63, 0x32, 0x00,
    0x00, 0x30, 0x0A, 0x12, 0x01, 0xEE, 0x00, 0x87, 0x32, 0x00, 0x00, 0x30, 0x0A, 0x12, 0x01, 0xEE,
    0x00, 0xAB, 0x32, 0x00, 0x00, 0x30, 0x09, 0x15, 0x01, 0xEC, 0x00, 0x00, 0x00, 0x00, 0x00, 0x30,
    0x00, 0x00, 0x00, 0x00, 0x00, 0x00, 0x00, 0x00, 0x00, 0x30, 0x00, 0x00, 0x00, 0x00, 0x00, 0xD5,
    0x32, 0x00, 0x00, 0x30, 0x0A, 0x12, 0x01, 0xEE, 0x00, 0xF9, 0x32, 0x00, 0x00, 0x30, 0x0A, 0x12,
    0x02, 0xEE, 0x00, 0x1D, 0x33, 0x00, 0x00, 0x30, 0x0B, 0x12, 0x00, 0xEE, 0x00, 0x00, 0x00, 0x00,
    0x00, 0x30, 0x00, 0x00, 0x00, 0x00, 0x00, 0x41, 0x33, 0x00, 0x00, 0x30, 0x0C, 0x11, 0x00, 0xEF,
    0x00, 0x63, 0x33, 0x00, 0x00, 0x30, 0x0A, 0x12, 0x01, 0xEE, 0x00, 0x87, 0x33, 0x00, 0x00, 0x30,
    0x0A, 0x15, 0x01, 0xEB, 0x00, 0xB1, 0x33, 0x00, 0x00, 0x30, 0x0A, 0x17, 0x01, 0xEB, 0x00, 0xDF,
    0x33, 0x00, 0x00, 0x30, 0x09, 0x12, 0x01, 0xF3, 0x00, 0x00, 0x00, 0x00, 0x00, 0x30, 0x00, 0x00,
    0x00, 0x00, 0x00, 0x00, 0x00, 0x00, 0x00, 0x30, 0x00, 0x00, 0x00, 0x00, 0x00, 0x00, 0x00, 0x00,
    0x00, 0x30, 0x00, 0x00, 0x00, 0x00, 0x00, 0x00, 0x00, 0x00, 0x00, 0x30, 0x00, 0x00, 0x00, 0x00,
    0x00, 0x00, 0x00, 0x00, 0x00, 0x30, 0x00, 0x00, 0x00, 0x00, 0x00, 0x00, 0x00, 0x00, 0x00, 0x30,
    0x00, 0x00, 0x00, 0x00, 0x00, 0x00, 0x00, 0x00, 0x00, 0x30, 0x00, 0x00, 0x00, 0x00, 0x00, 0x00,
    0x00, 0x00, 0x00, 0x30, 0x00, 0x00, 0x00, 0x00, 0x00, 0x00, 0x00, 0x00, 0x00, 0x30, 0x00, 0x00,
    0x00, 0x00, 0x00, 0x00, 0x00, 0x00, 0x00, 0x30, 0x00, 0x00, 0x00, 0x00, 0x00, 0x00, 0x00, 0x00,
    0x00, 0x30, 0x00, 0x00, 0x00, 0x00, 0x00, 0x00, 0x00, 0x00, 0x00, 0x30, 0x00, 0x00, 0x00, 0x00,
    0x00, 0x00, 0x00, 0x00, 0x00, 0x30, 0x00, 0x00, 0x00, 0x00, 0x00, 0x00, 0x00, 0x00, 0x00, 0x30,
    0x00, 0x00, 0x00, 0x00, 0x00, 0x00, 0x00, 0x00, 0x00, 0x30, 0x00, 0x00, 0x00, 0x00, 0x00, 0xFF,
    0x9F, 0x9F, 0x9F, 0x9F, 0x9F, 0x9F, 0x9F, 0x9F, 0x9F, 0x9F, 0x9F, 0x9F, 0xFF, 0xFF, 0x9F, 0x0F,
    0x0F, 0x9F, 0x18, 0x18, 0x18, 0x18, 0x18, 0x18, 0x19, 0x99, 0xCC, 0xFF, 0xCC, 0xFF, 0xCC, 0xFF,
    0xCC, 0xFF, 0xCC, 0xFF, 0x00, 0x3F, 0x00, 0x3F, 0xCC, 0xFF, 0xCC, 0xFF, 0xCC, 0xFF, 0xCC, 0xFF,
    0xCC, 0xFF, 0x00, 0x3F, 0x00, 0x3F, 0xCC, 0xFF, 0xCC, 0xFF, 0xCC, 0xFF, 0xCC, 0xFF, 0xE7, 0xFF,
    0xE7, 0xFF, 0xE7, 0xFF, 0x84, 0xFF, 0x00, 0xFF, 0x00, 0xFF, 0x24, 0xFF, 0x24, 0xFF, 0x27, 0xFF,
    0x07, 0xFF, 0x87, 0xFF, 0xC3, 0xFF, 0xE1, 0xFF, 0xE0, 0xFF, 0xE4, 0xFF, 0x24, 0x7F, 0x24, 0x7F,
    0x04, 0xFF, 0x00, 0xFF, 0x21, 0xFF, 0xE7, 0xFF, 0xE7, 0xFF, 0xE7, 0xFF, 0x8F, 0x3F, 0x07, 0x3F,
    0x66, 0x7F, 0x66, 0x7F, 0x66, 0x7F, 0x64, 0xFF, 0x64, 0xFF, 0x07, 0xFF, 0x8C, 0x7F, 0xF8, 0x3F,
    0xC9, 0x3F, 0xC9, 0xBF, 0x99, 0xBF, 0x99, 0xBF, 0x99, 0xBF, 0x99, 0xBF, 0x38, 0x3F, 0x3C, 0x7F,
    0xE1, 0xFF, 0xC0, 0xFF, 0x8C, 0xFF, 0x9C, 0xFF, 0x9C, 0xFF, 0x8C, 0xFF, 0xC9, 0xFF, 0xC1, 0xFF,
    0xE7, 0xFF, 0xC3, 0xFF, 0x93, 0x3F, 0x99, 0x3F, 0x38, 0x3F, 0x1C, 0x7F, 0x9C, 0x7F, 0x9C, 0x7F,
    0x80, 0x3F, 0xC3, 0x1F, 0x3F, 0x3F, 0x3F, 0x3F, 0x3F, 0x3F, 0x3F, 0x3F, 0xFB, 0xE1, 0xE7, 0xCF,
    0x8F, 0x9F, 0x1F, 0x3F, 0x3F, 0x3F, 0x3F, 0x3F, 0x3F, 0x3F, 0x3F, 0x3F, 0x1F, 0x9F, 0x9F, 0x8F,
    0xC7, 0xE3, 0xF1, 0xFB, 0xBF, 0x1F, 0xCF, 0xC7, 0xE3, 0xF3, 0xF1, 0xF9, 0xF9, 0xF9, 0xF9, 0xF9,
    0xF9, 0xF9, 0xF9, 0xF9, 0xF1, 0xF3, 0xF3, 0xE7, 0xC7, 0x8F, 0x1F, 0xBF, 0xF3, 0xFF, 0xF3, 0xFF,
    0xF3, 0xFF, 0x12, 0x3F, 0x00, 0x3F, 0xE1, 0xFF, 0xE1, 0xFF, 0xCC, 0xFF, 0x8C, 0x7F, 0xDE, 0xFF,
    0xE7, 0xE7, 0xE7, 0x00, 0x00, 0xE7, 0xE7, 0xE7, 0xE7, 0x9F, 0x0F, 0x0F, 0x8F, 0xCF, 0x9F, 0x9F,
    0x3F, 0x3F, 0x00, 0x00, 0x9F, 0x0F, 0x0F, 0x9F, 0xFE, 0x3F, 0xFE, 0x7F, 0xFE, 0x7F, 0xFC, 0x7F,
    0xFC, 0xFF, 0xFC, 0xFF, 0xF8, 0xFF, 0xF9, 0xFF, 0xF9, 0xFF, 0xF9, 0xFF, 0xF1, 0xFF, 0xF3, 0xFF,
    0xF3, 0xFF, 0xE3, 0xFF, 0xE7, 0xFF, 0xE7, 0xFF, 0xE7, 0xFF, 0xC7, 0xFF, 0xCF, 0xFF, 0xCF, 0xFF,
    0x8F, 0xFF, 0x9F, 0xFF, 0x9F, 0xFF, 0x1F, 0xFF, 0xE1, 0xFF, 0x80, 0x7F, 0x9C, 0x7F, 0x9E, 0x7F,
    0x1E, 0x3F, 0x1E, 0x3F, 0x1E, 0x3F, 0x1C, 0x3F, 0x10, 0x3F, 0x02, 0x3F, 0x06, 0x3F, 0x1E, 0x3F,
    0x1E, 0x3F, 0x1E, 0x3F, 0x9E, 0x7F, 0x9E, 0x7F, 0x80, 0x7F, 0xE1, 0xFF, 0xF3, 0xFF, 0xC3, 0xFF,
    0x83, 0xFF, 0x13, 0xFF, 0xB3, 0xFF, 0xF3, 0xFF, 0xF3, 0xFF, 0xF3, 0xFF, 0xF3, 0xFF, 0xF3, 0xFF,
    0xF3, 0xFF, 0xF3, 0xFF, 0xF3, 0xFF, 0xF3, 0xFF, 0xF3, 0xFF, 0xF3, 0xFF, 0x80, 0x7F, 0x80, 0x7F,
    0xC3, 0x01, 0x18, 0x3C, 0x3C, 0xFC, 0xFC, 0xFC, 0xF9, 0xE3, 0xC7, 0x8F, 0x9F, 0x1F, 0x3E, 0x3E,
    0x00, 0x00, 0xE1, 0xFF, 0xC0, 0xFF, 0x8C, 0x7F, 0x9E, 0x7F, 0x9E, 0x7F, 0xFE, 0x7F, 0xFE, 0x7F,
    0xFC, 0x7F, 0xF0, 0xFF, 0xF0, 0xFF, 0xFC, 0x7F, 0xFE, 0x7F, 0xFF, 0x3F, 0xFF, 0x3F, 0x1E, 0x3F,
    0x9E, 0x7F, 0x80, 0x7F, 0xE1, 0xFF, 0xFC, 0xFF, 0xF9, 0xFF, 0xF9, 0xFF, 0xF1, 0xFF, 0xF3, 0xFF,
    0xE3, 0xFF, 0xE7, 0xFF, 0xE7, 0xFF, 0xCC, 0xFF, 0xCC, 0xFF, 0x9C, 0xFF, 0x9C, 0xFF, 0x00, 0x7F,
    0x00, 0x7F, 0xFC, 0xFF, 0xFC, 0xFF, 0xF8, 0x7F, 0xF8, 0x7F, 0x00, 0xFF, 0x00, 0xFF, 0x3C, 0xFF,
    0x3C, 0xFF, 0x3F, 0xFF, 0x3F, 0xFF, 0x03, 0xFF, 0x01, 0xFF, 0x18, 0xFF, 0x3C, 0xFF, 0xFC, 0xFF,
    0xFC, 0x7F, 0xFC, 0x7F, 0x3C, 0xFF, 0x3C, 0xFF, 0x18, 0xFF, 0x81, 0xFF, 0xC3, 0xFF, 0xF9, 0xFF,
    0xF3, 0xFF, 0xF3, 0xFF, 0xE7, 0xFF, 0xE7, 0xFF, 0xC7, 0xFF, 0xCF, 0xFF, 0x80, 0xFF, 0x80, 0x7F,
    0x8C, 0x7F, 0x9E, 0x7F, 0x1E, 0x3F, 0x1E, 0x3F, 0x1E, 0x3F, 0x9E, 0x7F, 0x8C, 0x7F, 0xC0, 0xFF,
    0xE1, 0xFF, 0x00, 0x00, 0x7C, 0x7C, 0xF8, 0xF9, 0xF9, 0xF9, 0xF3, 0xF3, 0xF3, 0xE3, 0xE7, 0xE7,
    0xC7, 0xCF, 0xCF, 0x8F, 0xE1, 0xFF, 0xC0, 0xFF, 0x8C, 0x7F, 0x9E, 0x7F, 0x9E, 0x7F, 0x9E, 0x7F,
    0x8C, 0x7F, 0xC0, 0xFF, 0xE1, 0xFF, 0xE1, 0xFF, 0xCC, 0xFF, 0x9E, 0x7F, 0x9E, 0x7F, 0x1E, 0x3F,
    0x1E, 0x3F, 0x9E, 0x7F, 0x80, 0x7F, 0xE0, 0xFF, 0xE1, 0xFF, 0xC0, 0xFF, 0x8C, 0x7F, 0x9E, 0x7F,
    0x1E, 0x3F, 0x1E, 0x3F, 0x1E, 0x3F, 0x9E, 0x7F, 0x8C, 0x7F, 0x80, 0x7F, 0xC0, 0x7F, 0xFC, 0xFF,
    0xF8, 0xFF, 0xF9, 0xFF, 0xF9, 0xFF, 0xF3, 0xFF, 0xF3, 0xFF, 0xE7, 0xFF, 0x9F, 0x0F, 0x0F, 0x9F,
    0xFF, 0xFF, 0xFF, 0xFF, 0xFF, 0x9F, 0x0F, 0x0F, 0x9F, 0x9F, 0x0F, 0x0F, 0x9F, 0xFF, 0xFF, 0xFF,
    0xFF, 0xFF, 0x9F, 0x0F, 0x0F, 0x8F, 0xCF, 0x9F, 0x9F, 0x3F, 0x3F, 0xFE, 0xFF, 0xF8, 0x7F, 0xE1,
    0xFF, 0xC7, 0xFF, 0x0F, 0xFF, 0x3F, 0xFF, 0x3F, 0xFF, 0x8F, 0xFF, 0xC3, 0xFF, 0xF1, 0xFF, 0xF8,
    0x7F, 0xFE, 0xFF, 0x00, 0x00, 0xFF, 0xFF, 0x00, 0x00, 0x9F, 0xFF, 0x0F, 0xFF, 0xC3, 0xFF, 0xF1,
    0xFF, 0xF8, 0x7F, 0xFE, 0x7F, 0xFE, 0x7F, 0xF8, 0xFF, 0xE1, 0xFF, 0xC7, 0xFF, 0x0F, 0xFF, 0xBF,
    0xFF, 0xC3, 0x00, 0x3C, 0x3C, 0xFC, 0xFC, 0xF8, 0xF9, 0xF1, 0xE3, 0xE7, 0xE7, 0xFF, 0xFF, 0xE7,
    0xC3, 0xC3, 0xE7, 0xC3, 0x81, 0x3C, 0x3C, 0x7C, 0x70, 0x60, 0x66, 0x66, 0x66, 0x66, 0x66, 0x66,
    0x66, 0x64, 0x60, 0x31, 0x3F, 0x81, 0xC1, 0xF3, 0xFF, 0xE1, 0xFF, 0xE1, 0xFF, 0xE1, 0xFF, 0xE1,
    0xFF, 0xE1, 0xFF, 0xCC, 0xFF, 0xCC, 0xFF, 0xCC, 0xFF, 0xCC, 0xFF, 0xC0, 0xFF, 0x80, 0x7F, 0x9E,
    0x7F, 0x9E, 0x7F, 0x9E, 0x7F, 0x9E, 0x7F, 0x0C, 0x3F, 0x0C, 0x3F, 0x01, 0xFF, 0x00, 0xFF, 0x9C,
    0x7F, 0x9E, 0x7F, 0x9E, 0x7F, 0x9E, 0x7F, 0x9E, 0x7F, 0x9C, 0x7F, 0x80, 0xFF, 0x80, 0xFF, 0x9C,
    0x7F, 0x9E, 0x3F, 0x9F, 0x3F, 0x9F, 0x3F, 0x9E, 0x3F, 0x9C, 0x7F, 0x00, 0x7F, 0x01, 0xFF, 0xC2,
    0x7F, 0x80, 0x7F, 0x8E, 0x7F, 0x9E, 0x7F, 0x1E, 0x7F, 0x1F, 0xFF, 0x1F, 0xFF, 0x1F, 0xFF, 0x1F,
    0xFF, 0x1F, 0xFF, 0x1F, 0xFF, 0x1F, 0xFF, 0x1F, 0xFF, 0x1E, 0x7F, 0x9E, 0x7F, 0x9C, 0x7F, 0x80,
    0xFF, 0xE1, 0xFF, 0x01, 0xFF, 0x00, 0xFF, 0x9C, 0x7F, 0x9E, 0x7F, 0x9E, 0x3F, 0x9E, 0x3F, 0x9E,
    0x3F, 0x9E, 0x3F, 0x9E, 0x3F, 0x9E, 0x3F, 0x9E, 0x3F, 0x9E, 0x3F, 0x9E, 0x3F, 0x9E, 0x3F, 0x9E,
    0x7F, 0x9C, 0x7F, 0x00, 0xFF, 0x01, 0xFF, 0x00, 0x7F, 0x00, 0x7F, 0x9F, 0x7F, 0x9F, 0x7F, 0x9F,
    0xFF, 0x9F, 0xFF, 0x9F, 0xFF, 0x9F, 0xFF, 0x80, 0xFF, 0x80, 0xFF, 0x9F, 0xFF, 0x9F, 0xFF, 0x9F,
    0xFF, 0x9F, 0xFF, 0x9F, 0x7F, 0x9F, 0x7F, 0x00, 0x7F, 0x00, 0x7F, 0x00, 0x7F, 0x00, 0x7F, 0x8F,
    0x7F, 0x8F, 0x7F, 0x8F, 0xFF, 0x8F, 0xFF, 0x8F, 0xFF, 0x8F, 0xFF, 0x80, 0xFF, 0x80, 0xFF, 0x8F,
    0xFF, 0x8F, 0xFF, 0x8F, 0xFF, 0x8F, 0xFF, 0x8F, 0xFF, 0x8F, 0xFF, 0x07, 0xFF, 0x07, 0xFF, 0xC2,
    0x7F, 0x80, 0x7F, 0x8E, 0x7F, 0x9E, 0x7F, 0x1E, 0x7F, 0x1F, 0xFF, 0x1F, 0xFF, 0x1F, 0xFF, 0x18,
    0x7F, 0x18, 0x7F, 0x1E, 0x7F, 0x1E, 0x7F, 0x1E, 0x7F, 0x1E, 0x7F, 0x1E, 0x7F, 0x9C, 0x7F, 0x80,
    0x7F, 0xC2, 0x7F, 0x0C, 0x3F, 0x0C, 0x3F, 0x9E, 0x7F, 0x9E, 0x7F, 0x9E, 0x7F, 0x9E, 0x7F, 0x9E,
    0x7F, 0x9E, 0x7F, 0x80, 0x7F, 0x80, 0x7F, 0x9E, 0x7F, 0x9E, 0x7F, 0x9E, 0x7F, 0x9E, 0x7F, 0x9E,
    0x7F, 0x9E, 0x7F, 0x0C, 0x3F, 0x0C, 0x3F, 0x00, 0x00, 0xE7, 0xE7, 0xE7, 0xE7, 0xE7, 0xE7, 0xE7,
    0xE7, 0xE7, 0xE7, 0xE7, 0xE7, 0xE7, 0xE7, 0x00, 0x00, 0xE0, 0x7F, 0xE0, 0x7F, 0xFE, 0x7F, 0xFE,
    0x7F, 0xFE, 0x7F, 0xFE, 0x7F, 0xFE, 0x7F, 0xFE, 0x7F, 0xFE, 0x7F, 0xFE, 0x7F, 0xFE, 0x7F, 0xFE,
    0x7F, 0xFE, 0x7F, 0x3E, 0x7F, 0x3C, 0x7F, 0x1C, 0xFF, 0x80, 0xFF, 0xC1, 0xFF, 0x0E, 0x3F, 0x0E,
    0x3F, 0x9C, 0xFF, 0x9C, 0xFF, 0x99, 0xFF, 0x99, 0xFF, 0x93, 0xFF, 0x83, 0xFF, 0x87, 0xFF, 0x83,
    0xFF, 0x83, 0xFF, 0x99, 0xFF, 0x99, 0xFF, 0x9C, 0xFF, 0x9C, 0xFF, 0x9C, 0x7F, 0x0E, 0x3F, 0x0E,
    0x3F, 0x07, 0xFF, 0x07, 0xFF, 0x8F, 0xFF, 0x8F, 0xFF, 0x8F, 0xFF, 0x8F, 0xFF, 0x8F, 0xFF, 0x8F,
    0xFF, 0x8F, 0xFF, 0x8F, 0xFF, 0x8F, 0xFF, 0x8F, 0xFF, 0x8F, 0xFF, 0x8F, 0xFF, 0x8F, 0x3F, 0x8F,
    0x3F, 0x00, 0x3F, 0x00, 0x3F, 0x0F, 0x0F, 0x0F, 0x0F, 0x8F, 0x1F, 0x86, 0x1F, 0x86, 0x1F, 0x86,
    0x1F, 0x96, 0x9F, 0x90, 0x9F, 0x90, 0x9F, 0x90, 0x9F, 0x99, 0x9F, 0x99, 0x9F, 0x99, 0x9F, 0x9F,
    0x9F, 0x9F, 0x9F, 0x9F, 0x9F, 0x0F, 0x0F, 0x0F, 0x0F, 0x1C, 0x3F, 0x0C, 0x3F, 0x8E, 0x7F, 0x8E,
    0x7F, 0xAE, 0x7F, 0x86, 0x7F, 0x86, 0x7F, 0x96, 0x7F, 0x92, 0x7F, 0x92, 0x7F, 0x9A, 0x7F, 0x98,
    0x7F, 0x98, 0x7F, 0x9C, 0x7F, 0x9C, 0x7F, 0x9C, 0x7F, 0x0C, 0x7F, 0x0E, 0x7F, 0xE1, 0xFF, 0x80,
    0x7F, 0x9E, 0x7F, 0x9E, 0x7F, 0x1E, 0x3F, 0x1E, 0x3F, 0x1E, 0x3F, 0x1E, 0x3F, 0x1E, 0x3F, 0x1E,
    0x3F, 0x1E, 0x3F, 0x1E, 0x3F, 0x1E, 0x3F, 0x1E, 0x3F, 0x9E, 0x7F, 0x9E, 0x7F, 0x80, 0x7F, 0xE1,
    0xFF, 0x01, 0xFF, 0x00, 0x7F, 0x9E, 0x7F, 0x9E, 0x3F, 0x9F, 0x3F, 0x9F, 0x3F, 0x9F, 0x3F, 0x9E,
    0x3F, 0x9E, 0x7F, 0x80, 0x7F, 0x81, 0xFF, 0x9F, 0xFF, 0x9F, 0xFF, 0x9F, 0xFF, 0x9F, 0xFF, 0x9F,
    0xFF, 0x07, 0xFF, 0x07, 0xFF, 0xE1, 0xFF, 0x80, 0x7F, 0x8C, 0x7F, 0x9E, 0x7F, 0x1E, 0x3F, 0x1E,
    0x3F, 0x1E, 0x3F, 0x1E, 0x3F, 0x1E, 0x3F, 0x1E, 0x3F, 0x1E, 0x3F, 0x1E, 0x3F, 0x1E, 0x3F, 0x1E,
    0x3F, 0x1E, 0x3F, 0x9E, 0x7F, 0x8C, 0x7F, 0xC0, 0xFF, 0xF3, 0xFF, 0xF3, 0xFF, 0xF1, 0xFF, 0xF8,
    0x7F, 0xFC, 0x7F, 0x01, 0xFF, 0x00, 0xFF, 0x9C, 0x7F, 0x9E, 0x7F, 0x9E, 0x3F, 0x9E, 0x3F, 0x9E,
    0x3F, 0x9E, 0x7F, 0x9C, 0x7F, 0x80, 0xFF, 0x81, 0xFF, 0x99, 0xFF, 0x99, 0xFF, 0x98, 0xFF, 0x9C,
    0xFF, 0x9C, 0x7F, 0x0E, 0x3F, 0x0E, 0x3F, 0x84, 0xFF, 0x00, 0xFF, 0x1C, 0xFF, 0x3C, 0xFF, 0x3C,
    0xFF, 0x3F, 0xFF, 0x3F, 0xFF, 0x8F, 0xFF, 0x87, 0xFF, 0xE1, 0xFF, 0xF8, 0xFF, 0xFC, 0xFF, 0xFC,
    0xFF, 0x3C, 0x7F, 0x3C, 0x7F, 0x3C, 0xFF, 0x00, 0xFF, 0x21, 0xFF, 0x00, 0x3F, 0x00, 0x3F, 0x33,
    0x3F, 0x33, 0x3F, 0xF3, 0xFF, 0xF3, 0xFF, 0xF3, 0xFF, 0xF3, 0xFF, 0xF3, 0xFF, 0xF3, 0xFF, 0xF3,
    0xFF, 0xF3, 0xFF, 0xF3, 0xFF, 0xF3, 0xFF, 0xF3, 0xFF, 0xF3, 0xFF, 0xC0, 0xFF, 0xC0, 0xFF, 0x0C,
    0x3F, 0x0C, 0x3F, 0x9E, 0x7F, 0x9E, 0x7F, 0x9E, 0x7F, 0x9E, 0x7F, 0x9E, 0x7F, 0x9E, 0x7F, 0x9E,
    0x7F, 0x9E, 0x7F, 0x9E, 0x7F, 0x9E, 0x7F, 0x9E, 0x7F, 0x9E, 0x7F, 0x9E, 0x7F, 0x8C, 0x7F, 0xC0,
    0xFF, 0xE1, 0xFF, 0x06, 0x0F, 0x06, 0x0F, 0xCF, 0x3F, 0xCF, 0x3F, 0xCF, 0x3F, 0xCF, 0x3F, 0xC6,
    0x3F, 0xE6, 0x7F, 0xE6, 0x7F, 0xE6, 0x7F, 0xE6, 0x7F, 0xE4, 0x7F, 0xF0, 0xFF, 0xF0, 0xFF, 0xF0,
    0xFF, 0xF0, 0xFF, 0xF0, 0xFF, 0xF9, 0xFF, 0x0F, 0x0F, 0x0F, 0x0F, 0x9F, 0x9F, 0x9F, 0x9F, 0x9F,
    0x9F, 0x99, 0x9F, 0x99, 0x9F, 0xD9, 0xBF, 0xD9, 0xBF, 0xC0, 0x3F, 0xC0, 0x3F, 0xC0, 0x3F, 0xC6,
    0x3F, 0xC6, 0x3F, 0xC6, 0x3F, 0xC6, 0x3F, 0xE6, 0x7F, 0xE6, 0x7F, 0x0C, 0x3F, 0x0C, 0x3F, 0x8C,
    0x7F, 0xCC, 0xFF, 0xCC, 0xFF, 0xC0, 0xFF, 0xE1, 0xFF, 0xE1, 0xFF, 0xF3, 0xFF, 0xF3, 0xFF, 0xE1,
    0xFF, 0xE1, 0xFF, 0xC0, 0xFF, 0xCC, 0xFF, 0xCC, 0xFF, 0x8C, 0x7F, 0x0C, 0x3F, 0x0C, 0x3F, 0x0C,
    0x3F, 0x0C, 0x3F, 0x9E, 0x7F, 0x8C, 0x7F, 0xCC, 0xFF, 0xCC, 0xFF, 0xC0, 0xFF, 0xE1, 0xFF, 0xE1,
    0xFF, 0xE1, 0xFF, 0xF3, 0xFF, 0xF3, 0xFF, 0xF3, 0xFF, 0xF3, 0xFF, 0xF3, 0xFF, 0xF3, 0xFF, 0xC0,
    0xFF, 0xC0, 0xFF, 0x00, 0x00, 0x7C, 0x78, 0xF9, 0xF1, 0xF3, 0xE3, 0xE7, 0xE7, 0xC7, 0xCF, 0x8F,
    0x9F, 0x1E, 0x3E, 0x00, 0x00, 0x01, 0x01, 0x3F, 0x3F, 0x3F, 0x3F, 0x3F, 0x3F, 0x3F, 0x3F, 0x3F,
    0x3F, 0x3F, 0x3F, 0x3F, 0x3F, 0x3F, 0x3F, 0x3F, 0x3F, 0x3F, 0x3F, 0x01, 0x01, 0x1F, 0xFF, 0x9F,
    0xFF, 0x9F, 0xFF, 0x8F, 0xFF, 0xCF, 0xFF, 0xCF, 0xFF, 0xC7, 0xFF, 0xE7, 0xFF, 0xE7, 0xFF, 0xE7,
    0xFF, 0xE3, 0xFF, 0xF3, 0xFF, 0xF3, 0xFF, 0xF1, 0xFF, 0xF9, 0xFF, 0xF9, 0xFF, 0xF9, 0xFF, 0xF8,
    0xFF, 0xFC, 0xFF, 0xFC, 0xFF, 0xFC, 0x7F, 0xFE, 0x7F, 0xFE, 0x7F, 0xFE, 0x3F, 0x01, 0x01, 0xF9,
    0xF9, 0xF9, 0xF9, 0xF9, 0xF9, 0xF9, 0xF9, 0xF9, 0xF9, 0xF9, 0xF9, 0xF9, 0xF9, 0xF9, 0xF9, 0xF9,
    0xF9, 0xF9, 0xF9, 0x01, 0x01, 0xE1, 0xFF, 0xE1, 0xFF, 0xC0, 0xFF, 0x8C, 0x7F, 0x9E, 0x7F, 0x1E,
    0x3F, 0xBF, 0x7F, 0x9F, 0x1F, 0x8F, 0xC7, 0xE3, 0xF7, 0xC1, 0xFF, 0x80, 0x7F, 0x9E, 0x7F, 0x9E,
    0x7F, 0xFE, 0x7F, 0xE0, 0x7F, 0x80, 0x7F, 0x9E, 0x7F, 0x1E, 0x7F, 0x1E, 0x7F, 0x9C, 0x7F, 0x80,
    0x3F, 0xC2, 0x3F, 0x1F, 0xFF, 0x1F, 0xFF, 0x9F, 0xFF, 0x9F, 0xFF, 0x9F, 0xFF, 0x90, 0xFF, 0x80,
    0x7F, 0x8E, 0x7F, 0x9E, 0x7F, 0x9E, 0x3F, 0x9E, 0x3F, 0x9E, 0x3F, 0x9E, 0x3F, 0x9E, 0x3F, 0x9E,
    0x7F, 0x8E, 0x7F, 0x00, 0x7F, 0x10, 0xFF, 0xC2, 0x7F, 0x80, 0x7F, 0x9E, 0x7F, 0x9E, 0x7F, 0x1E,
    0x7F, 0x1F, 0xFF, 0x1F, 0xFF, 0x1F, 0xFF, 0x1F, 0xFF, 0x9E, 0x7F, 0x9C, 0x7F, 0x80, 0xFF, 0xE1,
    0xFF, 0xFC, 0x7F, 0xFC, 0x7F, 0xFE, 0x7F, 0xFE, 0x7F, 0xFE, 0x7F, 0xC2, 0x7F, 0x80, 0x7F, 0x9C,
    0x7F, 0x9E, 0x7F, 0x1E, 0x7F, 0x1E, 0x7F, 0x1E, 0x7F, 0x1E, 0x7F, 0x1E, 0x7F, 0x9E, 0x7F, 0x9C,
    0x7F, 0x80, 0x3F, 0xC2, 0x3F, 0xE1, 0xFF, 0x80, 0x7F, 0x9E, 0x7F, 0x9E, 0x7F, 0x1E, 0x3F, 0x00,
    0x3F, 0x00, 0x3F, 0x1F, 0xFF, 0x1F, 0xFF, 0x9E, 0x7F, 0x8E, 0x7F, 0x80, 0x7F, 0xE1, 0xFF, 0xF1,
    0xFF, 0xE0, 0xFF, 0xC4, 0x7F, 0xCF, 0xFF, 0xCF, 0xFF, 0xCF, 0xFF, 0x00, 0xFF, 0x00, 0xFF, 0xCF,
    0xFF, 0xCF, 0xFF, 0xCF, 0xFF, 0xCF, 0xFF, 0xCF, 0xFF, 0xCF, 0xFF, 0xCF, 0xFF, 0xCF, 0xFF, 0x01,
    0xFF, 0x01, 0xFF, 0xC2, 0x3F, 0x80, 0x3F, 0x9C, 0x7F, 0x9E, 0x7F, 0x1E, 0x7F, 0x1E, 0x7F, 0x1E,
    0x7F, 0x1E, 0x7F, 0x1E, 0x7F, 0x9E, 0x7F, 0x9C, 0x7F, 0x80, 0x7F, 0xC2, 0x7F, 0xFE, 0x7F, 0xFE,
    0x7F, 0x9C, 0x7F, 0x80, 0xFF, 0xC1, 0xFF, 0x1F, 0xFF, 0x1F, 0xFF, 0x9F, 0xFF, 0x9F, 0xFF, 0x9F,
    0xFF, 0x90, 0xFF, 0x80, 0x7F, 0x8C, 0x7F, 0x9E, 0x7F, 0x9E, 0x7F, 0x9E, 0x7F, 0x9E, 0x7F, 0x9E,
    0x7F, 0x9E, 0x7F, 0x9E, 0x7F, 0x9E, 0x7F, 0x0C, 0x3F, 0x0C, 0x3F, 0xE7, 0xC3, 0xE7, 0xFF, 0xFF,
    0x07, 0x07, 0xE7, 0xE7, 0xE7, 0xE7, 0xE7, 0xE7, 0xE7, 0xE7, 0xE7, 0x00, 0x00, 0xFC, 0x7F, 0xFC,
    0x7F, 0xFC, 0x7F, 0xFF, 0xFF, 0xFF, 0xFF, 0xE0, 0x7F, 0xE0, 0x7F, 0xFC, 0x7F, 0xFC, 0x7F, 0xFC,
    0x7F, 0xFC, 0x7F, 0xFC, 0x7F, 0xFC, 0x7F, 0xFC, 0x7F, 0xFC, 0x7F, 0xFC, 0x7F, 0xFC, 0x7F, 0xFC,
    0x7F, 0xFC, 0x7F, 0x1C, 0xFF, 0x9C, 0xFF, 0x80, 0xFF, 0xC1, 0xFF, 0x1F, 0xFF, 0x1F, 0xFF, 0x9F,
    0xFF, 0x9F, 0xFF, 0x9F, 0xFF, 0x9E, 0x3F, 0x9C, 0x3F, 0x9C, 0xFF, 0x99, 0xFF, 0x91, 0xFF, 0x93,
    0xFF, 0x83, 0xFF, 0x81, 0xFF, 0x89, 0xFF, 0x98, 0xFF, 0x9C, 0xFF, 0x0E, 0x3F, 0x0E, 0x3F, 0x07,
    0x07, 0xE7, 0xE7, 0xE7, 0xE7, 0xE7, 0xE7, 0xE7, 0xE7, 0xE7, 0xE7, 0xE7, 0xE7, 0xE7, 0xE7, 0x00,
    0x00, 0x12, 0x3F, 0x00, 0x1F, 0x99, 0x9F, 0x99, 0x9F, 0x99, 0x9F, 0x99, 0x9F, 0x99, 0x9F, 0x99,
    0x9F, 0x99, 0x9F, 0x99, 0x9F, 0x99, 0x9F, 0x19, 0x8F, 0x19, 0x8F, 0x10, 0xFF, 0x00, 0x7F, 0x8C,
    0x7F, 0x9E, 0x7F, 0x9E, 0x7F, 0x9E, 0x7F, 0x9E, 0x7F, 0x9E, 0x7F, 0x9E, 0x7F, 0x9E, 0x7F, 0x9E,
    0x7F, 0x0C, 0x3F, 0x0C, 0x3F, 0xE1, 0xFF, 0x80, 0x7F, 0x9C, 0x7F, 0x9E, 0x7F, 0x1E, 0x3F, 0x1E,
    0x3F, 0x1E, 0x3F, 0x1E, 0x3F, 0x1E, 0x3F, 0x9E, 0x7F, 0x9C, 0x7F, 0x80, 0x7F, 0xE1, 0xFF, 0x10,
    0xFF, 0x00, 0x7F, 0x8E, 0x7F, 0x9E, 0x7F, 0x9E, 0x3F, 0x9E, 0x3F, 0x9E, 0x3F, 0x9E, 0x3F, 0x9E,
    0x3F, 0x9E, 0x7F, 0x8E, 0x7F, 0x80, 0x7F, 0x90, 0xFF, 0x9F, 0xFF, 0x9F, 0xFF, 0x9F, 0xFF, 0x0F,
    0xFF, 0x0F, 0xFF, 0xC2, 0x3F, 0x80, 0x3F, 0x9C, 0x7F, 0x9E, 0x7F, 0x1E, 0x7F, 0x1E, 0x7F, 0x1E,
    0x7F, 0x1E, 0x7F, 0x1E, 0x7F, 0x9E, 0x7F, 0x9C, 0x7F, 0x80, 0x7F, 0xC2, 0x7F, 0xFE, 0x7F, 0xFE,
    0x7F, 0xFE, 0x7F, 0xFC, 0x3F, 0xFC, 0x3F, 0x08, 0xFF, 0x00, 0x7F, 0xC6, 0x7F, 0xCF, 0xFF, 0xCF,
    0xFF, 0xCF, 0xFF, 0xCF, 0xFF, 0xCF, 0xFF, 0xCF, 0xFF, 0xCF, 0xFF, 0xCF, 0xFF, 0x03, 0xFF, 0x03,
    0xFF, 0x80, 0x00, 0x1C, 0x3C, 0x3C, 0x8F, 0xC1, 0xF0, 0x3C, 0x3C, 0x3C, 0x00, 0x01, 0xCF, 0xFF,
    0xCF, 0xFF, 0xCF, 0xFF, 0xCF, 0xFF, 0xCF, 0xFF, 0x00, 0xFF, 0x00, 0xFF, 0xCF, 0xFF, 0xCF, 0xFF,
    0xCF, 0xFF, 0xCF, 0xFF, 0xCF, 0xFF, 0xCF, 0xFF, 0xCE, 0x7F, 0xCE, 0x7F, 0xCC, 0x7F, 0xE0, 0xFF,
    0xF1, 0xFF, 0x1C, 0x7F, 0x1C, 0x7F, 0x9E, 0x7F, 0x9E, 0x7F, 0x9E, 0x7F, 0x9E, 0x7F, 0x9E, 0x7F,
    0x9E, 0x7F, 0x9E, 0x7F, 0x9E, 0x7F, 0x8C, 0x7F, 0x80, 0x3F, 0xC2, 0x3F, 0x06, 0x0F, 0x06, 0x0F,
    0xCF, 0x3F, 0xCF, 0x3F, 0xC6, 0x3F, 0xE6, 0x7F, 0xE6, 0x7F, 0xE6, 0x7F, 0xF0, 0xFF, 0xF0, 0xFF,
    0xF0, 0xFF, 0xF0, 0xFF, 0xF9, 0xFF, 0x0F, 0x0F, 0x0F, 0x0F, 0x9F, 0x9F, 0x9F, 0x9F, 0x99, 0x9F,
    0xD9, 0xBF, 0xC1, 0x3F, 0xC0, 0x3F, 0xC0, 0x3F, 0xC6, 0x3F, 0xC6, 0x3F, 0xE6, 0x7F, 0xE6, 0x7F,
    0x0C, 0x3F, 0x0C, 0x3F, 0xCC, 0xFF, 0xC0, 0xFF, 0xE1, 0xFF, 0xE1, 0xFF, 0xF3, 0xFF, 0xE1, 0xFF,
    0xE1, 0xFF, 0xC0, 0xFF, 0xCC, 0xFF, 0x0C, 0x3F, 0x0C, 0x3F, 0x0C, 0x3F, 0x0C, 0x3F, 0x9E, 0x7F,
    0x9E, 0x7F, 0xCC, 0xFF, 0xCC, 0xFF, 0xCC, 0xFF, 0xCC, 0xFF, 0xE1, 0xFF, 0xE1, 0xFF, 0xE1, 0xFF,
    0xF1, 0xFF, 0xF3, 0xFF, 0xF3, 0xFF, 0xE3, 0xFF, 0xE7, 0xFF, 0x87, 0xFF, 0x8F, 0xFF, 0x00, 0x00,
    0x7C, 0x79, 0xF1, 0xF3, 0xE7, 0xCF, 0x8F, 0x9E, 0x3E, 0x00, 0x00, 0xF8, 0xE0, 0xC7, 0xCF, 0xCF,
    0xCF, 0xC7, 0xE7, 0xE7, 0xE7, 0xC7, 0x0F, 0x0F, 0xC7, 0xE7, 0xE7, 0xE7, 0xC7, 0xCF, 0xCF, 0xCF,
    0xC7, 0xE0, 0xF8, 0x3F, 0x3F, 0x3F, 0x3F, 0x3F, 0x3F, 0x3F, 0x3F, 0x3F, 0x3F, 0x3F, 0x3F, 0x3F,
    0x3F, 0x3F, 0x3F, 0x3F, 0x3F, 0x3F, 0x3F, 0x3F, 0x3F, 0x3F, 0x3F, 0x1F, 0x07, 0xE3, 0xF3, 0xF3,
    0xF3, 0xE3, 0xE7, 0xE7, 0xE7, 0xE3, 0xF0, 0xF0, 0xE3, 0xE7, 0xE7, 0xE7, 0xE3, 0xF3, 0xF3, 0xF3,
    0xE3, 0x07, 0x1F, 0xEF, 0xFF, 0xC7, 0x3F, 0x83, 0x3F, 0x12, 0x7F, 0x38, 0x7F, 0x38, 0xFF, 0x9F,
    0x0F, 0x0F, 0x9F, 0xFF, 0xFF, 0x9F, 0x9F, 0x9F, 0x9F, 0x9F, 0x9F, 0x9F, 0x9F, 0x9F, 0x9F, 0x9F,
    0x9F, 0xF3, 0xFF, 0xF3, 0xFF, 0xC2, 0x7F, 0x80, 0x7F, 0x80, 0x7F, 0x92, 0x7F, 0x12, 0x7F, 0x13,
    0xFF, 0x13, 0xFF, 0x13, 0xFF, 0x13, 0xFF, 0x12, 0x7F, 0x92, 0x7F, 0x80, 0x7F, 0xC0, 0xFF, 0xF3,
    0xFF, 0xF3, 0xFF, 0xF3, 0xFF, 0xF1, 0xFF, 0xE0, 0xFF, 0xC4, 0x7F, 0xCE, 0x7F, 0xCF, 0xFF, 0xCF,
    0xFF, 0xCF, 0xFF, 0xCF, 0xFF, 0x01, 0xFF, 0x01, 0xFF, 0xCF, 0xFF, 0xCF, 0xFF, 0xCF, 0xFF, 0xCF,
    0xFF, 0xCF, 0x7F, 0x8F, 0x7F, 0x80, 0x7F, 0x80, 0x7F, 0xBF, 0x7F, 0x21, 0x3F, 0x80, 0x7F, 0x9E,
    0x7F, 0x9E, 0x7F, 0x9E, 0x7F, 0x9E, 0x7F, 0x8C, 0x7F, 0x80, 0x7F, 0x21, 0x3F, 0xBF, 0x7F, 0x0C,
    0x3F, 0x0C, 0x3F, 0x9E, 0x7F, 0x8C, 0x7F, 0xCC, 0xFF, 0xCC, 0xFF, 0xC0, 0xFF, 0xE1, 0xFF, 0xE1,
    0xFF, 0xF1, 0xFF, 0x80, 0x7F, 0x80, 0x7F, 0xF3, 0xFF, 0x80, 0x7F, 0x80, 0x7F, 0xF3, 0xFF, 0xC0,
    0xFF, 0xC0, 0xFF, 0x3F, 0x3F, 0x3F, 0x3F, 0x3F, 0x3F, 0x3F, 0x3F, 0x3F, 0x3F, 0x3F, 0xFF, 0xFF,
    0x3F, 0x3F, 0x3F, 0x3F, 0x3F, 0x3F, 0x3F, 0x3F, 0x3F, 0x3F, 0x3F, 0xC3, 0x81, 0x18, 0x3C, 0x3C,
    0x3F, 0x1F, 0x0F, 0x83, 0x11, 0x38, 0x3C, 0x3C, 0x3C, 0x08, 0x81, 0xF1, 0xF8, 0xFC, 0x3C, 0x3C,
    0x38, 0x81, 0xC3, 0x18, 0x18, 0x18, 0xE1, 0xFF, 0x9E, 0x7F, 0xBF, 0x3F, 0x3F, 0x3F, 0x61, 0xBF,
    0x6D, 0xBF, 0x4D, 0xBF, 0x4F, 0xBF, 0x4F, 0xBF, 0x4F, 0xBF, 0x4F, 0xBF, 0x4F, 0xBF, 0x6D, 0xBF,
    0x61, 0xBF, 0x3F, 0x3F, 0x3F, 0x3F, 0x9E, 0x7F, 0xC0, 0xFF, 0xC3, 0x81, 0x99, 0xFD, 0xE1, 0x81,
    0x39, 0x80, 0x84, 0xFF, 0xFF, 0xFF, 0x81, 0xF3, 0x3F, 0xE7, 0x7F, 0xE6, 0x7F, 0xCC, 0xFF, 0x98,
    0xFF, 0x11, 0xFF, 0x19, 0xFF, 0x8C, 0xFF, 0xCE, 0x7F, 0xE6, 0x7F, 0xE7, 0x3F, 0xF3, 0x3F, 0x00,
    0x00, 0xFC, 0xFC, 0xFC, 0xFC, 0xE0, 0x7F, 0xCF, 0x3F, 0x90, 0x9F, 0xB6, 0xDF, 0x36, 0xCF, 0x30,
    0xCF, 0x35, 0xCF, 0xB4, 0xDF, 0x96, 0x9F, 0xCF, 0x3F, 0xE0, 0x7F, 0x87, 0x03, 0x33, 0x33, 0x03,
    0x87, 0xE7, 0xE7, 0xE7, 0xE7, 0x00, 0x00, 0xE7, 0xE7, 0xE7, 0xFF, 0xFF, 0x00, 0x00, 0x87, 0x03,
    0x33, 0xFB, 0xF3, 0xF3, 0xE7, 0xCF, 0x9F, 0x3F, 0x3B, 0x03, 0x03, 0xC3, 0x81, 0x99, 0xF9, 0xF9,
    0xE1, 0xE3, 0xF9, 0xFC, 0x7C, 0x9D, 0x81, 0xC3, 0xE7, 0xE3, 0xC7, 0x8F, 0x1F, 0xBF, 0x1C, 0x7F,
    0x1C, 0x7F, 0x9E, 0x7F, 0x9E, 0x7F, 0x9E, 0x7F, 0x9E, 0x7F, 0x9E, 0x7F, 0x9E, 0x7F, 0x9E, 0x7F,
    0x9E, 0x7F, 0x8C, 0x7F, 0x80, 0x3F, 0x82, 0x3F, 0x9F, 0xFF, 0x9F, 0xFF, 0x9F, 0xFF, 0x9F, 0xFF,
    0x9F, 0xFF, 0xC0, 0x80, 0x06, 0x06, 0x06, 0x06, 0x06, 0x06, 0x86, 0xC6, 0xF6, 0xF6, 0xF6, 0xF6,
    0xF6, 0xF6, 0xF6, 0xF6, 0x9F, 0x8F, 0xE7, 0x07, 0x0F, 0xE7, 0xC7, 0x07, 0xA7, 0xE7, 0xE7, 0xE7,
    0xE7, 0xE7, 0xE7, 0xE7, 0x81, 0x81, 0xC3, 0x81, 0x99, 0x3C, 0x3C, 0x3C, 0x99, 0x81, 0xC3, 0xFF,
    0xFF, 0x81, 0x81, 0x33, 0xFF, 0x39, 0xFF, 0x99, 0xFF, 0xCC, 0xFF, 0xC6, 0x7F, 0xE2, 0x3F, 0xE6,
    0x3F, 0xCC, 0x7F, 0x9C, 0xFF, 0x99, 0xFF, 0x39, 0xFF, 0x33, 0xFF, 0xE7, 0xC7, 0x87, 0xE7, 0xE7,
    0xE7, 0xE7, 0xE7, 0xE7, 0xC3, 0xFF, 0xFF, 0x00, 0xFF, 0xFF, 0xF3, 0xF7, 0xE7, 0xCF, 0xCF, 0x9B,
    0x81, 0x81, 0xF1, 0xF1, 0xE7, 0xC7, 0x87, 0xE7, 0xE7, 0xE7, 0xE7, 0xE7, 0xE7, 0xC3, 0xFF, 0xFF,
    0x00, 0xFF, 0xFF, 0xC3, 0x81, 0x99, 0xF9, 0xF9, 0xE3, 0xC7, 0xCF, 0x81, 0x81, 0xE7, 0xC3, 0x99,
    0xF9, 0xE3, 0xE3, 0xF9, 0xF9, 0x81, 0xC3, 0xFF, 0xFF, 0x00, 0xFF, 0xFF, 0xF3, 0xF7, 0xE7, 0xCF,
    0xCF, 0x9B, 0x81, 0x81, 0xF1, 0xF1, 0xE7, 0xC3, 0xC3, 0xE7, 0xFF, 0xFF, 0xE7, 0xE7, 0xC7, 0x8F,
    0x9F, 0x1F, 0x3F, 0x3C, 0x3C, 0x38, 0x00, 0xC3, 0xEF, 0xFF, 0xC7, 0xFF, 0xE7, 0xFF, 0xF1, 0xFF,
    0xFB, 0xFF, 0xFF, 0xFF, 0xF3, 0xFF, 0xE1, 0xFF, 0xE1, 0xFF, 0xE1, 0xFF, 0xE1, 0xFF, 0xE1, 0xFF,
    0xCC, 0xFF, 0xCC, 0xFF, 0xCC, 0xFF, 0xCC, 0xFF, 0xC0, 0xFF, 0x80, 0x7F, 0x9E, 0x7F, 0x9E, 0x7F,
    0x9E, 0x7F, 0x9E, 0x7F, 0x0C, 0x3F, 0x0C, 0x3F, 0xFD, 0xFF, 0xF8, 0xFF, 0xF9, 0xFF, 0xE3, 0xFF,
    0xF7, 0xFF, 0xFF, 0xFF, 0xF3, 0xFF, 0xE1, 0xFF, 0xE1, 0xFF, 0xE1, 0xFF, 0xE1, 0xFF, 0xE1, 0xFF,
    0xCC, 0xFF, 0xCC, 0xFF, 0xCC, 0xFF, 0xCC, 0xFF, 0xC0, 0xFF, 0x80, 0x7F, 0x9E, 0x7F, 0x9E, 0x7F,
    0x9E, 0x7F, 0x9E, 0x7F, 0x0C, 0x3F, 0x0C, 0x3F, 0xE1, 0xFF, 0xE1, 0xFF, 0xCC, 0xFF, 0xDE, 0xFF,
    0xFF, 0xFF, 0xFF, 0xFF, 0xF3, 0xFF, 0xE1, 0xFF, 0xE1, 0xFF, 0xE1, 0xFF, 0xE1, 0xFF, 0xE1, 0xFF,
    0xCC, 0xFF, 0xCC, 0xFF, 0xCC, 0xFF, 0xCC, 0xFF, 0xC0, 0xFF, 0x80, 0x7F, 0x9E, 0x7F, 0x9E, 0x7F,
    0x9E, 0x7F, 0x9E, 0x7F, 0x0C, 0x3F, 0x0C, 0x3F, 0xC6, 0x7F, 0x82, 0x7F, 0x90, 0xFF, 0xB9, 0xFF,
    0xFF, 0xFF, 0xFF, 0xFF, 0xF3, 0xFF, 0xE1, 0xFF, 0xE1, 0xFF, 0xE1, 0xFF, 0xE1, 0xFF, 0xE1, 0xFF,
    0xCC, 0xFF, 0xCC, 0xFF, 0xCC, 0xFF, 0xCC, 0xFF, 0xC0, 0xFF, 0x80, 0x7F, 0x9E, 0x7F, 0x9E, 0x7F,
    0x9E, 0x7F, 0x9E, 0x7F, 0x0C, 0x3F, 0x0C, 0x3F, 0x8C, 0x7F, 0x8C, 0x7F, 0x8C, 0xFF, 0xFF, 0xFF,
    0xFF, 0xFF, 0xF3, 0xFF, 0xE1, 0xFF, 0xE1, 0xFF, 0xE1, 0xFF, 0xE1, 0xFF, 0xE1, 0xFF, 0xCC, 0xFF,
    0xCC, 0xFF, 0xCC, 0xFF, 0xCC, 0xFF, 0xC0, 0xFF, 0x80, 0x7F, 0x9E, 0x7F, 0x9E, 0x7F, 0x9E, 0x7F,
    0x9E, 0x7F, 0x0C, 0x3F, 0x0C, 0x3F, 0xE1, 0xFF, 0xE1, 0xFF, 0xED, 0xFF, 0xE1, 0xFF, 0xF3, 0xFF,
    0xFF, 0xFF, 0xF3, 0xFF, 0xE1, 0xFF, 0xE1, 0xFF, 0xE1, 0xFF, 0xE1, 0xFF, 0xE1, 0xFF, 0xCC, 0xFF,
    0xCC, 0xFF, 0xCC, 0xFF, 0xCC, 0xFF, 0xC0, 0xFF, 0x80, 0x7F, 0x9E, 0x7F, 0x9E, 0x7F, 0x9E, 0x7F,
    0x9E, 0x7F, 0x0C, 0x3F, 0x0C, 0x3F, 0xE0, 0x1F, 0xE0, 0x1F, 0xF1, 0x9F, 0xF1, 0x9F, 0xF5, 0xFF,
    0xE5, 0xFF, 0xE5, 0xFF, 0xE5, 0xFF, 0xE4, 0x3F, 0xEC, 0x3F, 0xCD, 0xFF, 0xC1, 0xFF, 0xC1, 0xFF,
    0xCD, 0xFF, 0xDD, 0x9F, 0x9D, 0x9F, 0x0C, 0x1F, 0x0C, 0x1F, 0xC2, 0x7F, 0x80, 0x7F, 0x8E, 0x7F,
    0x9E, 0x7F, 0x1E, 0x7F, 0x1F, 0xFF, 0x1F, 0xFF, 0x1F, 0xFF, 0x1F, 0xFF, 0x1F, 0xFF, 0x1F, 0xFF,
    0x1F, 0xFF, 0x1F, 0xFF, 0x1E, 0x7F, 0x9E, 0x7F, 0x9C, 0x7F, 0x80, 0xFF, 0xE1, 0xFF, 0xF3, 0xFF,
    0xF1, 0xFF, 0xFC, 0xFF, 0xE1, 0xFF, 0xE1, 0xFF, 0xEF, 0xFF, 0xC7, 0xFF, 0xE7, 0xFF, 0xF1, 0xFF,
    0xFB, 0xFF, 0xFF, 0xFF, 0x00, 0x7F, 0x00, 0x7F, 0x9F, 0x7F, 0x9F, 0x7F, 0x9F, 0xFF, 0x9F, 0xFF,
    0x9F, 0xFF, 0x9F, 0xFF, 0x80, 0xFF, 0x80, 0xFF, 0x9F, 0xFF, 0x9F, 0xFF, 0x9F, 0xFF, 0x9F, 0xFF,
    0x9F, 0x7F, 0x9F, 0x7F, 0x00, 0x7F, 0x00, 0x7F, 0xFD, 0xFF, 0xF8, 0xFF, 0xF9, 0xFF, 0xE3, 0xFF,
    0xF7, 0xFF, 0xFF, 0xFF, 0x00, 0x7F, 0x00, 0x7F, 0x9F, 0x7F, 0x9F, 0x7F, 0x9F, 0xFF, 0x9F, 0xFF,
    0x9F, 0xFF, 0x9F, 0xFF, 0x80, 0xFF, 0x80, 0xFF, 0x9F, 0xFF, 0x9F, 0xFF, 0x9F, 0xFF, 0x9F, 0xFF,
    0x9F, 0x7F, 0x9F, 0x7F, 0x00, 0x7F, 0x00, 0x7F, 0xE1, 0xFF, 0xE1, 0xFF, 0xCC, 0xFF, 0xDE, 0xFF,
    0xFF, 0xFF, 0xFF, 0xFF, 0x00, 0x7F, 0x00, 0x7F, 0x9F, 0x7F, 0x9F, 0x7F, 0x9F, 0xFF, 0x9F, 0xFF,
    0x9F, 0xFF, 0x9F, 0xFF, 0x80, 0xFF, 0x80, 0xFF, 0x9F, 0xFF, 0x9F, 0xFF, 0x9F, 0xFF, 0x9F, 0xFF,
    0x9F, 0x7F, 0x9F, 0x7F, 0x00, 0x7F, 0x00, 0x7F, 0x8C, 0x7F, 0x8C, 0x7F, 0x8C, 0xFF, 0xFF, 0xFF,
    0xFF, 0xFF, 0x00, 0x7F, 0x00, 0x7F, 0x9F, 0x7F, 0x9F, 0x7F, 0x9F, 0xFF, 0x9F, 0xFF, 0x9F, 0xFF,
    0x9F, 0xFF, 0x80, 0xFF, 0x80, 0xFF, 0x9F, 0xFF, 0x9F, 0xFF, 0x9F, 0xFF, 0x9F, 0xFF, 0x9F, 0x7F,
    0x9F, 0x7F, 0x00, 0x7F, 0x00, 0x7F, 0xDF, 0x8F, 0xCF, 0xE3, 0xF7, 0xFF, 0x00, 0x00, 0xE7, 0xE7,
    0xE7, 0xE7, 0xE7, 0xE7, 0xE7, 0xE7, 0xE7, 0xE7, 0xE7, 0xE7, 0xE7, 0xE7, 0x00, 0x00, 0xFB, 0xF1,
    0xF3, 0xC7, 0xEF, 0xFF, 0x00, 0x00, 0xE7, 0xE7, 0xE7, 0xE7, 0xE7, 0xE7, 0xE7, 0xE7, 0xE7, 0xE7,
    0xE7, 0xE7, 0xE7, 0xE7, 0x00, 0x00, 0xC3, 0xC3, 0x99, 0xBD, 0xFF, 0xFF, 0x00, 0x00, 0xE7, 0xE7,
    0xE7, 0xE7, 0xE7, 0xE7, 0xE7, 0xE7, 0xE7, 0xE7, 0xE7, 0xE7, 0xE7, 0xE7, 0x00, 0x00, 0x18, 0x18,
    0x19, 0xFF, 0xFF, 0x00, 0x00, 0xE7, 0xE7, 0xE7, 0xE7, 0xE7, 0xE7, 0xE7, 0xE7, 0xE7, 0xE7, 0xE7,
    0xE7, 0xE7, 0xE7, 0x00, 0x00, 0x80, 0xFF, 0x80, 0x7F, 0xCE, 0x3F, 0xCF, 0x3F, 0xCF, 0x1F, 0xCF,
    0x1F, 0xCF, 0x1F, 0xCF, 0x1F, 0x03, 0x1F, 0x03, 0x1F, 0xCF, 0x1F, 0xCF, 0x1F, 0xCF, 0x1F, 0xCF,
    0x1F, 0xCF, 0x3F, 0xCE, 0x3F, 0x80, 0x7F, 0x80, 0xFF, 0xC6, 0x7F, 0x82, 0x7F, 0x90, 0xFF, 0xB9,
    0xFF, 0xFF, 0xFF, 0xFF, 0xFF, 0x1C, 0x3F, 0x0C, 0x3F, 0x8E, 0x7F, 0x8E, 0x7F, 0xAE, 0x7F, 0x86,
    0x7F, 0x86, 0x7F, 0x96, 0x7F, 0x92, 0x7F, 0x92, 0x7F, 0x9A, 0x7F, 0x98, 0x7F, 0x98, 0x7F, 0x9C,
    0x7F, 0x9C, 0x7F, 0x9C, 0x7F, 0x0C, 0x7F, 0x0E, 0x7F, 0xEF, 0xFF, 0xC7, 0xFF, 0xE7, 0xFF, 0xF1,
    0xFF, 0xFB, 0xFF, 0xFF, 0xFF, 0xE1, 0xFF, 0x80, 0x7F, 0x9E, 0x7F, 0x9E, 0x7F, 0x1E, 0x3F, 0x1E,
    0x3F, 0x1E, 0x3F, 0x1E, 0x3F, 0x1E, 0x3F, 0x1E, 0x3F, 0x1E, 0x3F, 0x1E, 0x3F, 0x1E, 0x3F, 0x1E,
    0x3F, 0x9E, 0x7F, 0x9E, 0x7F, 0x80, 0x7F, 0xE1, 0xFF, 0xFD, 0xFF, 0xF8, 0xFF, 0xF9, 0xFF, 0xE3,
    0xFF, 0xF7, 0xFF, 0xFF, 0xFF, 0xE1, 0xFF, 0x80, 0x7F, 0x9E, 0x7F, 0x9E, 0x7F, 0x1E, 0x3F, 0x1E,
    0x3F, 0x1E, 0x3F, 0x1E, 0x3F, 0x1E, 0x3F, 0x1E, 0x3F, 0x1E, 0x3F, 0x1E, 0x3F, 0x1E, 0x3F, 0x1E,
    0x3F, 0x9E, 0x7F, 0x9E, 0x7F, 0x80, 0x7F, 0xE1, 0xFF, 0xE1, 0xFF, 0xE1, 0xFF, 0xCC, 0xFF, 0xDE,
    0xFF, 0xFF, 0xFF, 0xFF, 0xFF, 0xE1, 0xFF, 0x80, 0x7F, 0x9E, 0x7F, 0x9E, 0x7F, 0x1E, 0x3F, 0x1E,
    0x3F, 0x1E, 0x3F, 0x1E, 0x3F, 0x1E, 0x3F, 0x1E, 0x3F, 0x1E, 0x3F, 0x1E, 0x3F, 0x1E, 0x3F, 0x1E,
    0x3F, 0x9E, 0x7F, 0x9E, 0x7F, 0x80, 0x7F, 0xE1, 0xFF, 0xC6, 0x7F, 0x82, 0x7F, 0x90, 0xFF, 0xB9,
    0xFF, 0xFF, 0xFF, 0xFF, 0xFF, 0xE1, 0xFF, 0x80, 0x7F, 0x9E, 0x7F, 0x9E, 0x7F, 0x1E, 0x3F, 0x1E,
    0x3F, 0x1E, 0x3F, 0x1E, 0x3F, 0x1E, 0x3F, 0x1E, 0x3F, 0x1E, 0x3F, 0x1E, 0x3F, 0x1E, 0x3F, 0x1E,
    0x3F, 0x9E, 0x7F, 0x9E, 0x7F, 0x80, 0x7F, 0xE1, 0xFF, 0x8C, 0x7F, 0x8C, 0x7F, 0x8C, 0xFF, 0xFF,
    0xFF, 0xFF, 0xFF, 0xE1, 0xFF, 0x80, 0x7F, 0x9E, 0x7F, 0x9E, 0x7F, 0x1E, 0x3F, 0x1E, 0x3F, 0x1E,
    0x3F, 0x1E, 0x3F, 0x1E, 0x3F, 0x1E, 0x3F, 0x1E, 0x3F, 0x1E, 0x3F, 0x1E, 0x3F, 0x1E, 0x3F, 0x9E,
    0x7F, 0x9E, 0x7F, 0x80, 0x7F, 0xE1, 0xFF, 0xBF, 0xDF, 0x1F, 0x8F, 0x8F, 0x1F, 0xC6, 0x3F, 0xE0,
    0x7F, 0xF0, 0xFF, 0xF0, 0xFF, 0xE0, 0x7F, 0xC6, 0x3F, 0x8F, 0x1F, 0x1F, 0x8F, 0xFF, 0x3F, 0xE0,
    0x7F, 0x80, 0x7F, 0x9C, 0x7F, 0x9C, 0x7F, 0x1C, 0x3F, 0x18, 0x3F, 0x18, 0x3F, 0x18, 0x3F, 0x12,
    0x3F, 0x12, 0x3F, 0x06, 0x3F, 0x06, 0x3F, 0x06, 0x3F, 0x0E, 0x3F, 0x8E, 0x7F, 0x9E, 0x7F, 0x80,
    0x7F, 0x81, 0xFF, 0x3F, 0xFF, 0xEF, 0xFF, 0xC7, 0xFF, 0xE7, 0xFF, 0xF1, 0xFF, 0xFB, 0xFF, 0xFF,
    0xFF, 0x0C, 0x3F, 0x0C, 0x3F, 0x9E, 0x7F, 0x9E, 0x7F, 0x9E, 0x7F, 0x9E, 0x7F, 0x9E, 0x7F, 0x9E,
    0x7F, 0x9E, 0x7F, 0x9E, 0x7F, 0x9E, 0x7F, 0x9E, 0x7F, 0x9E, 0x7F, 0x9E, 0x7F, 0x9E, 0x7F, 0x8C,
    0x7F, 0xC0, 0xFF, 0xE1, 0xFF, 0xFD, 0xFF, 0xF8, 0xFF, 0xF9, 0xFF, 0xE3, 0xFF, 0xF7, 0xFF, 0xFF,
    0xFF, 0x0C, 0x3F, 0x0C, 0x3F, 0x9E, 0x7F, 0x9E, 0x7F, 0x9E, 0x7F, 0x9E, 0x7F, 0x9E, 0x7F, 0x9E,
    0x7F, 0x9E, 0x7F, 0x9E, 0x7F, 0x9E, 0x7F, 0x9E, 0x7F, 0x9E, 0x7F, 0x9E, 0x7F, 0x9E, 0x7F, 0x8C,
    0x7F, 0xC0, 0xFF, 0xE1, 0xFF, 0xE1, 0xFF, 0xE1, 0xFF, 0xCC, 0xFF, 0xDE, 0xFF, 0xFF, 0xFF, 0xFF,
    0xFF, 0x0C, 0x3F, 0x0C, 0x3F, 0x9E, 0x7F, 0x9E, 0x7F, 0x9E, 0x7F, 0x9E, 0x7F, 0x9E, 0x7F, 0x9E,
    0x7F, 0x9E, 0x7F, 0x9E, 0x7F, 0x9E, 0x7F, 0x9E, 0x7F, 0x9E, 0x7F, 0x9E, 0x7F, 0x9E, 0x7F, 0x8C,
    0x7F, 0xC0, 0xFF, 0xE1, 0xFF, 0x8C, 0x7F, 0x8C, 0x7F, 0x8C, 0xFF, 0xFF, 0xFF, 0xFF, 0xFF, 0x0C,
    0x3F, 0x0C, 0x3F, 0x9E, 0x7F, 0x9E, 0x7F, 0x9E, 0x7F, 0x9E, 0x7F, 0x9E, 0x7F, 0x9E, 0x7F, 0x9E,
    0x7F, 0x9E, 0x7F, 0x9E, 0x7F, 0x9E, 0x7F, 0x9E, 0x7F, 0x9E, 0x7F, 0x9E, 0x7F, 0x8C, 0x7F, 0xC0,
    0xFF, 0xE1, 0xFF, 0xFD, 0xFF, 0xF8, 0xFF, 0xF9, 0xFF, 0xE3, 0xFF, 0xF7, 0xFF, 0xFF, 0xFF, 0x0C,
    0x3F, 0x0C, 0x3F, 0x9E, 0x7F, 0x8C, 0x7F, 0xCC, 0xFF, 0xCC, 0xFF, 0xC0, 0xFF, 0xE1, 0xFF, 0xE1,
    0xFF, 0xE1, 0xFF, 0xF3, 0xFF, 0xF3, 0xFF, 0xF3, 0xFF, 0xF3, 0xFF, 0xF3, 0xFF, 0xF3, 0xFF, 0xC0,
    0xFF, 0xC0, 0xFF, 0x07, 0xFF, 0x07, 0xFF, 0x9F, 0xFF, 0x9F, 0xFF, 0x81, 0xFF, 0x80, 0x7F, 0x9E,
    0x7F, 0x9E, 0x7F, 0x9E, 0x3F, 0x9E, 0x3F, 0x9E, 0x7F, 0x9E, 0x7F, 0x80, 0x7F, 0x80, 0xFF, 0x9F,
    0xFF, 0x9F, 0xFF, 0x07, 0xFF, 0x07, 0xFF, 0xE1, 0xFF, 0xC0, 0xFF, 0x8C, 0x7F, 0x9E, 0x7F, 0x9E,
    0x7F, 0x9E, 0x7F, 0x9C, 0x7F, 0x9C, 0xFF, 0x91, 0xFF, 0x90, 0xFF, 0x9C, 0x7F, 0x9E, 0x7F, 0x9E,
    0x3F, 0x9E, 0x3F, 0x9E, 0x7F, 0x9C, 0x7F, 0x00, 0xFF, 0x01, 0xFF, 0xCF, 0xFF, 0xE7, 0xFF, 0xF3,
    0xFF, 0xF9, 0xFF, 0xFF, 0xFF, 0xC1, 0xFF, 0x80, 0x7F, 0x9E, 0x7F, 0x9E, 0x7F, 0xFE, 0x7F, 0xE0,
    0x7F, 0x80, 0x7F, 0x9E, 0x7F, 0x1E, 0x7F, 0x1E, 0x7F, 0x9C, 0x7F, 0x80, 0x3F, 0xC2, 0x3F, 0xFC,
    0xFF, 0xF9, 0xFF, 0xF3, 0xFF, 0xE7, 0xFF, 0xFF, 0xFF, 0xC1, 0xFF, 0x80, 0x7F, 0x9E, 0x7F, 0x9E,
    0x7F, 0xFE, 0x7F, 0xE0, 0x7F, 0x80, 0x7F, 0x9E, 0x7F, 0x1E, 0x7F, 0x1E, 0x7F, 0x9C, 0x7F, 0x80,
    0x3F, 0xC2, 0x3F, 0xE1, 0xFF, 0xE1, 0xFF, 0xCC, 0xFF, 0xDE, 0xFF, 0xFF, 0xFF, 0xFF, 0xFF, 0xC1,
    0xFF, 0x80, 0x7F, 0x9E, 0x7F, 0x9E, 0x7F, 0xFE, 0x7F, 0xE0, 0x7F, 0x80, 0x7F, 0x9E, 0x7F, 0x1E,
    0x7F, 0x1E, 0x7F, 0x9C, 0x7F, 0x80, 0x3F, 0xC2, 0x3F, 0xC7, 0x7F, 0x82, 0x7F, 0x90, 0x7F, 0xB8,
    0xFF, 0xFF, 0xFF, 0xFF, 0xFF, 0xC1, 0xFF, 0x80, 0x7F, 0x9E, 0x7F, 0x9E, 0x7F, 0xFE, 0x7F, 0xE0,
    0x7F, 0x80, 0x7F, 0x9E, 0x7F, 0x1E, 0x7F, 0x1E, 0x7F, 0x9C, 0x7F, 0x80, 0x3F, 0xC2, 0x3F, 0x8C,
    0x7F, 0x8C, 0x7F, 0x8C, 0x7F, 0xFF, 0xFF, 0xFF, 0xFF, 0xC1, 0xFF, 0x80, 0x7F, 0x9E, 0x7F, 0x9E,
    0x7F, 0xFE, 0x7F, 0xE0, 0x7F, 0x80, 0x7F, 0x9E, 0x7F, 0x1E, 0x7F, 0x1E, 0x7F, 0x9C, 0x7F, 0x80,
    0x3F, 0xC2, 0x3F, 0xE1, 0xFF, 0xE1, 0xFF, 0xED, 0xFF, 0xE1, 0xFF, 0xE1, 0xFF, 0xFF, 0xFF, 0xC1,
    0xFF, 0x80, 0x7F, 0x9E, 0x7F, 0x9E, 0x7F, 0xFE, 0x7F, 0xE0, 0x7F, 0x80, 0x7F, 0x9E, 0x7F, 0x1E,
    0x7F, 0x1E, 0x7F, 0x9C, 0x7F, 0x80, 0x3F, 0xC2, 0x3F, 0x88, 0x7F, 0x00, 0x3F, 0x33, 0x3F, 0x33,
    0x3F, 0xF3, 0x3F, 0xC0, 0x3F, 0x80, 0x3F, 0x33, 0xFF, 0x33, 0xFF, 0x33, 0x3F, 0x33, 0x3F, 0x00,
    0x7F, 0x88, 0x7F, 0xC2, 0x7F, 0x80, 0x7F, 0x9E, 0x7F, 0x9E, 0x7F, 0x1E, 0x7F, 0x1F, 0xFF, 0x1F,
    0xFF, 0x1F, 0xFF, 0x1F, 0xFF, 0x9E, 0x7F, 0x9C, 0x7F, 0x80, 0xFF, 0xE1, 0xFF, 0xF3, 0xFF, 0xF1,
    0xFF, 0xFC, 0xFF, 0xE1, 0xFF, 0xE1, 0xFF, 0xCF, 0xFF, 0xE7, 0xFF, 0xF3, 0xFF, 0xF9, 0xFF, 0xFF,
    0xFF, 0xE1, 0xFF, 0x80, 0x7F, 0x9E, 0x7F, 0x9E, 0x7F, 0x1E, 0x3F, 0x00, 0x3F, 0x00, 0x3F, 0x1F,
    0xFF, 0x1F, 0xFF, 0x9E, 0x7F, 0x8E, 0x7F, 0x80, 0x7F, 0xE1, 0xFF, 0xFC, 0xFF, 0xF9, 0xFF, 0xF3,
    0xFF, 0xE7, 0xFF, 0xFF, 0xFF, 0xE1, 0xFF, 0x80, 0x7F, 0x9E, 0x7F, 0x9E, 0x7F, 0x1E, 0x3F, 0x00,
    0x3F, 0x00, 0x3F, 0x1F, 0xFF, 0x1F, 0xFF, 0x9E, 0x7F, 0x8E, 0x7F, 0x80, 0x7F, 0xE1, 0xFF, 0xE1,
    0xFF, 0xE1, 0xFF, 0xCC, 0xFF, 0xDE, 0xFF, 0xFF, 0xFF, 0xFF, 0xFF, 0xE1, 0xFF, 0x80, 0x7F, 0x9E,
    0x7F, 0x9E, 0x7F, 0x1E, 0x3F, 0x00, 0x3F, 0x00, 0x3F, 0x1F, 0xFF, 0x1F, 0xFF, 0x9E, 0x7F, 0x8E,
    0x7F, 0x80, 0x7F, 0xE1, 0xFF, 0x8C, 0x7F, 0x8C, 0x7F, 0x8C, 0x7F, 0xFF, 0xFF, 0xFF, 0xFF, 0xE1,
    0xFF, 0x80, 0x7F, 0x9E, 0x7F, 0x9E, 0x7F, 0x1E, 0x3F, 0x00, 0x3F, 0x00, 0x3F, 0x1F, 0xFF, 0x1F,
    0xFF, 0x9E, 0x7F, 0x8E, 0x7F, 0x80, 0x7F, 0xE1, 0xFF, 0x8F, 0xCF, 0xE7, 0xF3, 0xFF, 0x07, 0x07,
    0xE7, 0xE7, 0xE7, 0xE7, 0xE7, 0xE7, 0xE7, 0xE7, 0xE7, 0x00, 0x00, 0xF9, 0xF3, 0xE7, 0xEF, 0xFF,
    0x07, 0x07, 0xE7, 0xE7, 0xE7, 0xE7, 0xE7, 0xE7, 0xE7, 0xE7, 0xE7, 0x00, 0x00, 0xE3, 0xC3, 0x99,
    0xBC, 0xFF, 0xFF, 0x07, 0x07, 0xE7, 0xE7, 0xE7, 0xE7, 0xE7, 0xE7, 0xE7, 0xE7, 0xE7, 0x00, 0x00,
    0x18, 0x18, 0x18, 0xFF, 0xFF, 0x07, 0x07, 0xE7, 0xE7, 0xE7, 0xE7, 0xE7, 0xE7, 0xE7, 0xE7, 0xE7,
    0x00, 0x00, 0xEF, 0xFF, 0xC3, 0xFF, 0xE1, 0xFF, 0xF8, 0x7F, 0xC0, 0xFF, 0x84, 0x7F, 0xFE, 0x7F,
    0xC2, 0x7F, 0x80, 0x7F, 0x9E, 0x3F, 0x9E, 0x3F, 0x1E, 0x3F, 0x1E, 0x3F, 0x1E, 0x3F, 0x9E, 0x7F,
    0x8C, 0x7F, 0xC0, 0xFF, 0xE1, 0xFF, 0xC7, 0x7F, 0x82, 0x7F, 0x90, 0x7F, 0xB8, 0xFF, 0xFF, 0xFF,
    0xFF, 0xFF, 0x10, 0xFF, 0x00, 0x7F, 0x8C, 0x7F, 0x9E, 0x7F, 0x9E, 0x7F, 0x9E, 0x7F, 0x9E, 0x7F,
    0x9E, 0x7F, 0x9E, 0x7F, 0x9E, 0x7F, 0x9E, 0x7F, 0x0C, 0x3F, 0x0C, 0x3F, 0xCF, 0xFF, 0xE7, 0xFF,
    0xF3, 0xFF, 0xF9, 0xFF, 0xFF, 0xFF, 0xE1, 0xFF, 0x80, 0x7F, 0x9C, 0x7F, 0x9E, 0x7F, 0x1E, 0x3F,
    0x1E, 0x3F, 0x1E, 0x3F, 0x1E, 0x3F, 0x1E, 0x3F, 0x9E, 0x7F, 0x9C, 0x7F, 0x80, 0x7F, 0xE1, 0xFF,
    0xFC, 0xFF, 0xF9, 0xFF, 0xF3, 0xFF, 0xE7, 0xFF, 0xFF, 0xFF, 0xE1, 0xFF, 0x80, 0x7F, 0x9C, 0x7F,
    0x9E, 0x7F, 0x1E, 0x3F, 0x1E, 0x3F, 0x1E, 0x3F, 0x1E, 0x3F, 0x1E, 0x3F, 0x9E, 0x7F, 0x9C, 0x7F,
    0x80, 0x7F, 0xE1, 0xFF, 0xE1, 0xFF, 0xE1, 0xFF, 0xCC, 0xFF, 0xDE, 0xFF, 0xFF, 0xFF, 0xFF, 0xFF,
    0xE1, 0xFF, 0x80, 0x7F, 0x9C, 0x7F, 0x9E, 0x7F, 0x1E, 0x3F, 0x1E, 0x3F, 0x1E, 0x3F, 0x1E, 0x3F,
    0x1E, 0x3F, 0x9E, 0x7F, 0x9C, 0x7F, 0x80, 0x7F, 0xE1, 0xFF, 0xC7, 0x7F, 0x82, 0x7F, 0x90, 0x7F,
    0xB8, 0xFF, 0xFF, 0xFF, 0xFF, 0xFF, 0xE1, 0xFF, 0x80, 0x7F, 0x9C, 0x7F, 0x9E, 0x7F, 0x1E, 0x3F,
    0x1E, 0x3F, 0x1E, 0x3F, 0x1E, 0x3F, 0x1E, 0x3F, 0x9E, 0x7F, 0x9C, 0x7F, 0x80, 0x7F, 0xE1, 0xFF,
    0x8C, 0x7F, 0x8C, 0x7F, 0x8C, 0x7F, 0xFF, 0xFF, 0xFF, 0xFF, 0xE1, 0xFF, 0x80, 0x7F, 0x9C, 0x7F,
    0x9E, 0x7F, 0x1E, 0x3F, 0x1E, 0x3F, 0x1E, 0x3F, 0x1E, 0x3F, 0x1E, 0x3F, 0x9E, 0x7F, 0x9C, 0x7F,
    0x80, 0x7F, 0xE1, 0xFF, 0xE7, 0xC3, 0xC3, 0xE7, 0xFF, 0xFF, 0x00, 0x00, 0xFF, 0xE7, 0xC3, 0xC3,
    0xE7, 0xFF, 0x3F, 0xE0, 0x7F, 0x80, 0x7F, 0x8C, 0x7F, 0x9C, 0x7F, 0x18, 0x3F, 0x18, 0x3F, 0x12,
    0x3F, 0x06, 0x3F, 0x06, 0x3F, 0x8E, 0x7F, 0x8E, 0x7F, 0x80, 0x7F, 0x81, 0xFF, 0x3F, 0xFF, 0xCF,
    0xFF, 0xE7, 0xFF, 0xF3, 0xFF, 0xF9, 0xFF, 0xFF, 0xFF, 0x1C, 0x7F, 0x1C, 0x7F, 0x9E, 0x7F, 0x9E,
    0x7F, 0x9E, 0x7F, 0x9E, 0x7F, 0x9E, 0x7F, 0x9E, 0x7F, 0x9E, 0x7F, 0x9E, 0x7F, 0x8C, 0x7F, 0x80,
    0x3F, 0xC2, 0x3F, 0xFC, 0xFF, 0xF9, 0xFF, 0xF3, 0xFF, 0xE7, 0xFF, 0xFF, 0xFF, 0x1C, 0x7F, 0x1C,
    0x7F, 0x9E, 0x7F, 0x9E, 0x7F, 0x9E, 0x7F, 0x9E, 0x7F, 0x9E, 0x7F, 0x9E, 0x7F, 0x9E, 0x7F, 0x9E,
    0x7F, 0x8C, 0x7F, 0x80, 0x3F, 0xC2, 0x3F, 0xE1, 0xFF, 0xE1, 0xFF, 0xCC, 0xFF, 0xDE, 0xFF, 0xFF,
    0xFF, 0xFF, 0xFF, 0x1C, 0x7F, 0x1C, 0x7F, 0x9E, 0x7F, 0x9E, 0x7F, 0x9E, 0x7F, 0x9E, 0x7F, 0x9E,
    0x7F, 0x9E, 0x7F, 0x9E, 0x7F, 0x9E, 0x7F, 0x8C, 0x7F, 0x80, 0x3F, 0xC2, 0x3F, 0x8C, 0x7F, 0x8C,
    0x7F, 0x8C, 0x7F, 0xFF, 0xFF, 0xFF, 0xFF, 0x1C, 0x7F, 0x1C, 0x7F, 0x9E, 0x7F, 0x9E, 0x7F, 0x9E,
    0x7F, 0x9E, 0x7F, 0x9E, 0x7F, 0x9E, 0x7F, 0x9E, 0x7F, 0x9E, 0x7F, 0x8C, 0x7F, 0x80, 0x3F, 0xC2,
    0x3F, 0xFC, 0xFF, 0xF9, 0xFF, 0xF3, 0xFF, 0xE7, 0xFF, 0xFF, 0xFF, 0x0C, 0x3F, 0x0C, 0x3F, 0x9E,
    0x7F, 0x9E, 0x7F, 0xCC, 0xFF, 0xCC, 0xFF, 0xCC, 0xFF, 0xCC, 0xFF, 0xE1, 0xFF, 0xE1, 0xFF, 0xE1,
    0xFF, 0xF1, 0xFF, 0xF3, 0xFF, 0xF3, 0xFF, 0xE3, 0xFF, 0xE7, 0xFF, 0x87, 0xFF, 0x8F, 0xFF, 0x1F,
    0xFF, 0x1F, 0xFF, 0x9F, 0xFF, 0x9F, 0xFF, 0x9F, 0xFF, 0x90, 0xFF, 0x80, 0x7F, 0x8E, 0x7F, 0x9E,
    0x7F, 0x9E, 0x3F, 0x9E, 0x3F, 0x9E, 0x3F, 0x9E, 0x3F, 0x9E, 0x3F, 0x9E, 0x7F, 0x8E, 0x7F, 0x80,
    0x7F, 0x90, 0xFF, 0x9F, 0xFF, 0x9F, 0xFF, 0x9F, 0xFF, 0x0F, 0xFF, 0x0F, 0xFF, 0x8C, 0x7F, 0x8C,
    0x7F, 0x8C, 0x7F, 0xFF, 0xFF, 0xFF, 0xFF, 0x0C, 0x3F, 0x0C, 0x3F, 0x9E, 0x7F, 0x9E, 0x7F, 0xCC,
    0xFF, 0xCC, 0xFF, 0xCC, 0xFF, 0xCC, 0xFF, 0xE1, 0xFF, 0xE1, 0xFF, 0xE1, 0xFF, 0xF1, 0xFF, 0xF3,
    0xFF, 0xF3, 0xFF, 0xE3, 0xFF, 0xE7, 0xFF, 0x87, 0xFF, 0x8F, 0xFF, 0x80, 0x7F, 0x80, 0x7F, 0xFF,
    0xFF, 0xFF, 0xFF, 0xFF, 0xFF, 0xF3, 0xFF, 0xE1, 0xFF, 0xE1, 0xFF, 0xE1, 0xFF, 0xE1, 0xFF, 0xE1,
    0xFF, 0xCC, 0xFF, 0xCC, 0xFF, 0xCC, 0xFF, 0xCC, 0xFF, 0xC0, 0xFF, 0x80, 0x7F, 0x9E, 0x7F, 0x9E,
    0x7F, 0x9E, 0x7F, 0x9E, 0x7F, 0x0C, 0x3F, 0x0C, 0x3F, 0x80, 0x7F, 0x80, 0x7F, 0xFF, 0xFF, 0xFF,
    0xFF, 0xFF, 0xFF, 0xC1, 0xFF, 0x80, 0x7F, 0x9E, 0x7F, 0x9E, 0x7F, 0xFE, 0x7F, 0xE0, 0x7F, 0x80,
    0x7F, 0x9E, 0x7F, 0x1E, 0x7F, 0x1E, 0x7F, 0x9C, 0x7F, 0x80, 0x3F, 0xC2, 0x3F, 0xDE, 0xFF, 0xCC,
    0xFF, 0xC0, 0xFF, 0xE1, 0xFF, 0xFF, 0xFF, 0xFF, 0xFF, 0xF3, 0xFF, 0xE1, 0xFF, 0xE1, 0xFF, 0xE1,
    0xFF, 0xE1, 0xFF, 0xE1, 0xFF, 0xCC, 0xFF, 0xCC, 0xFF, 0xCC, 0xFF, 0xCC, 0xFF, 0xC0, 0xFF, 0x80,
    0x7F, 0x9E, 0x7F, 0x9E, 0x7F, 0x9E, 0x7F, 0x9E, 0x7F, 0x0C, 0x3F, 0x0C, 0x3F, 0xDE, 0xFF, 0xCC,
    0xFF, 0xC0, 0xFF, 0xE1, 0xFF, 0xFF, 0xFF, 0xFF, 0xFF, 0xC1, 0xFF, 0x80, 0x7F, 0x9E, 0x7F, 0x9E,
    0x7F, 0xFE, 0x7F, 0xE0, 0x7F, 0x80, 0x7F, 0x9E, 0x7F, 0x1E, 0x7F, 0x1E, 0x7F, 0x9C, 0x7F, 0x80,
    0x3F, 0xC2, 0x3F, 0xF3, 0xFF, 0xE1, 0xFF, 0xE1, 0xFF, 0xE1, 0xFF, 0xE1, 0xFF, 0xE1, 0xFF, 0xCC,
    0xFF, 0xCC, 0xFF, 0xCC, 0xFF, 0xCC, 0xFF, 0xC0, 0xFF, 0x80, 0x7F, 0x9E, 0x7F, 0x9E, 0x7F, 0x9E,
    0x7F, 0x9E, 0x7F, 0x0C, 0x3F, 0x0C, 0x3F, 0xFC, 0xFF, 0xFC, 0xFF, 0xFC, 0xFF, 0xFC, 0x3F, 0xFE,
    0x3F, 0xC1, 0xFF, 0x80, 0x7F, 0x9E, 0x7F, 0x9E, 0x7F, 0xFE, 0x7F, 0xE0, 0x7F, 0x80, 0x7F, 0x9E,
    0x7F, 0x1E, 0x7F, 0x1E, 0x7F, 0x9C, 0x7F, 0x80, 0x3F, 0xC2, 0x3F, 0xFF, 0x7F, 0xFE, 0x7F, 0xFE,
    0x7F, 0xFE, 0x1F, 0xFF, 0x1F, 0xFD, 0xFF, 0xF8, 0xFF, 0xF9, 0xFF, 0xE3, 0xFF, 0xF7, 0xFF, 0xFF,
    0xFF, 0xC2, 0x7F, 0x80, 0x7F, 0x8E, 0x7F, 0x9E, 0x7F, 0x1E, 0x7F, 0x1F, 0xFF, 0x1F, 0xFF, 0x1F,
    0xFF, 0x1F, 0xFF, 0x1F, 0xFF, 0x1F, 0xFF, 0x1F, 0xFF, 0x1F, 0xFF, 0x1E, 0x7F, 0x9E, 0x7F, 0x9C,
    0x7F, 0x80, 0xFF, 0xE1, 0xFF, 0xFC, 0xFF, 0xF9, 0xFF, 0xF3, 0xFF, 0xE7, 0xFF, 0xFF, 0xFF, 0xC2,
    0x7F, 0x80, 0x7F, 0x9E, 0x7F, 0x9E, 0x7F, 0x1E, 0x7F, 0x1F, 0xFF, 0x1F, 0xFF, 0x1F, 0xFF, 0x1F,
    0xFF, 0x9E, 0x7F, 0x9C, 0x7F, 0x80, 0xFF, 0xE1, 0xFF, 0xE1, 0xFF, 0xE1, 0xFF, 0xCC, 0xFF, 0xDE,
    0xFF, 0xFF, 0xFF, 0xFF, 0xFF, 0xC2, 0x7F, 0x80, 0x7F, 0x8E, 0x7F, 0x9E, 0x7F, 0x1E, 0x7F, 0x1F,
    0xFF, 0x1F, 0xFF, 0x1F, 0xFF, 0x1F, 0xFF, 0x1F, 0xFF, 0x1F, 0xFF, 0x1F, 0xFF, 0x1F, 0xFF, 0x1E,
    0x7F, 0x9E, 0x7F, 0x9C, 0x7F, 0x80, 0xFF, 0xE1, 0xFF, 0xE1, 0xFF, 0xE1, 0xFF, 0xCC, 0xFF, 0xDE,
    0xFF, 0xFF, 0xFF, 0xFF, 0xFF, 0xC2, 0x7F, 0x80, 0x7F, 0x9E, 0x7F, 0x9E, 0x7F, 0x1E, 0x7F, 0x1F,
    0xFF, 0x1F, 0xFF, 0x1F, 0xFF, 0x1F, 0xFF, 0x9E, 0x7F, 0x9C, 0x7F, 0x80, 0xFF, 0xE1, 0xFF, 0xF3,
    0xFF, 0xE1, 0xFF, 0xF3, 0xFF, 0xFF, 0xFF, 0xFF, 0xFF, 0xC2, 0x7F, 0x80, 0x7F, 0x8E, 0x7F, 0x9E,
    0x7F, 0x1E, 0x7F, 0x1F, 0xFF, 0x1F, 0xFF, 0x1F, 0xFF, 0x1F, 0xFF, 0x1F, 0xFF, 0x1F, 0xFF, 0x1F,
    0xFF, 0x1F, 0xFF, 0x1E, 0x7F, 0x9E, 0x7F, 0x9C, 0x7F, 0x80, 0xFF, 0xE1, 0xFF, 0xF3, 0xFF, 0xE1,
    0xFF, 0xF3, 0xFF, 0xFF, 0xFF, 0xFF, 0xFF, 0xC2, 0x7F, 0x80, 0x7F, 0x9E, 0x7F, 0x9E, 0x7F, 0x1E,
    0x7F, 0x1F, 0xFF, 0x1F, 0xFF, 0x1F, 0xFF, 0x1F, 0xFF, 0x9E, 0x7F, 0x9C, 0x7F, 0x80, 0xFF, 0xE1,
    0xFF, 0xDE, 0xFF, 0xCC, 0xFF, 0xE1, 0xFF, 0xF3, 0xFF, 0xFF, 0xFF, 0xFF, 0xFF, 0xC2, 0x7F, 0x80,
    0x7F, 0x8E, 0x7F, 0x9E, 0x7F, 0x1E, 0x7F, 0x1F, 0xFF, 0x1F, 0xFF, 0x1F, 0xFF, 0x1F, 0xFF, 0x1F,
    0xFF, 0x1F, 0xFF, 0x1F, 0xFF, 0x1F, 0xFF, 0x1E, 0x7F, 0x9E, 0x7F, 0x9C, 0x7F, 0x80, 0xFF, 0xE1,
    0xFF, 0xDE, 0xFF, 0xCC, 0xFF, 0xE1, 0xFF, 0xE1, 0xFF, 0xFF, 0xFF, 0xFF, 0xFF, 0xC2, 0x7F, 0x80,
    0x7F, 0x9E, 0x7F, 0x9E, 0x7F, 0x1E, 0x7F, 0x1F, 0xFF, 0x1F, 0xFF, 0x1F, 0xFF, 0x1F, 0xFF, 0x9E,
    0x7F, 0x9C, 0x7F, 0x80, 0xFF, 0xE1, 0xFF, 0xDE, 0xFF, 0xCC, 0xFF, 0xE1, 0xFF, 0xF3, 0xFF, 0xFF,
    0xFF, 0xFF, 0xFF, 0x01, 0xFF, 0x00, 0xFF, 0x9C, 0x7F, 0x9E, 0x7F, 0x9E, 0x3F, 0x9E, 0x3F, 0x9E,
    0x3F, 0x9E, 0x3F, 0x9E, 0x3F, 0x9E, 0x3F, 0x9E, 0x3F, 0x9E, 0x3F, 0x9E, 0x3F, 0x9E, 0x3F, 0x9E,
    0x7F, 0x9C, 0x7F, 0x00, 0xFF, 0x01, 0xFF, 0xFF, 0x8F, 0xFC, 0x0F, 0xFC, 0x4F, 0xFE, 0x5F, 0xFE,
    0x1F, 0xFE, 0x7F, 0xC6, 0x7F, 0x82, 0x7F, 0x9C, 0x7F, 0x1C, 0x7F, 0x1E, 0x7F, 0x1E, 0x7F, 0x1E,
    0x7F, 0x1E, 0x7F, 0x1E, 0x7F, 0x1C, 0x7F, 0x9C, 0x7F, 0x82, 0x3F, 0xC6, 0x3F, 0xFC, 0x7F, 0xFC,
    0x7F, 0xFE, 0x7F, 0xF8, 0x1F, 0xF8, 0x1F, 0xC2, 0x7F, 0x80, 0x7F, 0x9C, 0x7F, 0x9E, 0x7F, 0x1E,
    0x7F, 0x1E, 0x7F, 0x1E, 0x7F, 0x1E, 0x7F, 0x1E, 0x7F, 0x9E, 0x7F, 0x9C, 0x7F, 0x80, 0x3F, 0xC2,
    0x3F, 0x80, 0x7F, 0x80, 0x7F, 0xFF, 0xFF, 0xFF, 0xFF, 0xFF, 0xFF, 0x00, 0x7F, 0x00, 0x7F, 0x9F,
    0x7F, 0x9F, 0x7F, 0x9F, 0xFF, 0x9F, 0xFF, 0x9F, 0xFF, 0x9F, 0xFF, 0x80, 0xFF, 0x80, 0xFF, 0x9F,
    0xFF, 0x9F, 0xFF, 0x9F, 0xFF, 0x9F, 0xFF, 0x9F, 0x7F, 0x9F, 0x7F, 0x00, 0x7F, 0x00, 0x7F, 0x80,
    0x7F, 0x80, 0x7F, 0xFF, 0xFF, 0xFF, 0xFF, 0xFF, 0xFF, 0xE1, 0xFF, 0x80, 0x7F, 0x9E, 0x7F, 0x9E,
    0x7F, 0x1E, 0x3F, 0x00, 0x3F, 0x00, 0x3F, 0x1F, 0xFF, 0x1F, 0xFF, 0x9E, 0x7F, 0x8E, 0x7F, 0x80,
    0x7F, 0xE1, 0xFF, 0xDE, 0xFF, 0xCC, 0xFF, 0xC0, 0xFF, 0xE1, 0xFF, 0xFF, 0xFF, 0xFF, 0xFF, 0x00,
    0x7F, 0x00, 0x7F, 0x9F, 0x7F, 0x9F, 0x7F, 0x9F, 0xFF, 0x9F, 0xFF, 0x9F, 0xFF, 0x9F, 0xFF, 0x80,
    0xFF, 0x80, 0xFF, 0x9F, 0xFF, 0x9F, 0xFF, 0x9F, 0xFF, 0x9F, 0xFF, 0x9F, 0x7F, 0x9F, 0x7F, 0x00,
    0x7F, 0x00, 0x7F, 0xDE, 0xFF, 0xCC, 0xFF, 0xC0, 0xFF, 0xE1, 0xFF, 0xFF, 0xFF, 0xFF, 0xFF, 0xE1,
    0xFF, 0x80, 0x7F, 0x9E, 0x7F, 0x9E, 0x7F, 0x1E, 0x3F, 0x00, 0x3F, 0x00, 0x3F, 0x1F, 0xFF, 0x1F,
    0xFF, 0x9E, 0x7F, 0x8E, 0x7F, 0x80, 0x7F, 0xE1, 0xFF, 0xF3, 0xFF, 0xE1, 0xFF, 0xF3, 0xFF, 0xFF,
    0xFF, 0xFF, 0xFF, 0x00, 0x7F, 0x00, 0x7F, 0x9F, 0x7F, 0x9F, 0x7F, 0x9F, 0xFF, 0x9F, 0xFF, 0x9F,
    0xFF, 0x9F, 0xFF, 0x80, 0xFF, 0x80, 0xFF, 0x9F, 0xFF, 0x9F, 0xFF, 0x9F, 0xFF, 0x9F, 0xFF, 0x9F,
    0x7F, 0x9F, 0x7F, 0x00, 0x7F, 0x00, 0x7F, 0xF3, 0xFF, 0xE1, 0xFF, 0xF3, 0xFF, 0xFF, 0xFF, 0xFF,
    0xFF, 0xE1, 0xFF, 0x80, 0x7F, 0x9E, 0x7F, 0x9E, 0x7F, 0x1E, 0x3F, 0x00, 0x3F, 0x00, 0x3F, 0x1F,
    0xFF, 0x1F, 0xFF, 0x9E, 0x7F, 0x8E, 0x7F, 0x80, 0x7F, 0xE1, 0xFF, 0x00, 0x7F, 0x00, 0x7F, 0x9F,
    0x7F, 0x9F, 0x7F, 0x9F, 0xFF, 0x9F, 0xFF, 0x9F, 0xFF, 0x9F, 0xFF, 0x80, 0xFF, 0x80, 0xFF, 0x9F,
    0xFF, 0x9F, 0xFF, 0x9F, 0xFF, 0x9F, 0xFF, 0x9F, 0x7F, 0x9F, 0x7F, 0x00, 0x7F, 0x00, 0x7F, 0xFC,
    0xFF, 0xFC, 0xFF, 0xFC, 0xFF, 0xFC, 0x3F, 0xFE, 0x3F, 0xE1, 0xFF, 0x80, 0x7F, 0x9E, 0x7F, 0x9E,
    0x7F, 0x1E, 0x3F, 0x00, 0x3F, 0x00, 0x3F, 0x1F, 0xFF, 0x1F, 0xFF, 0x9E, 0x3F, 0x8E, 0x7F, 0x80,
    0x7F, 0xE0, 0x7F, 0xFE, 0xFF, 0xFC, 0xFF, 0xFC, 0xFF, 0xFC, 0x3F, 0xFE, 0x3F, 0xDE, 0xFF, 0xCC,
    0xFF, 0xE1, 0xFF, 0xF3, 0xFF, 0xFF, 0xFF, 0xFF, 0xFF, 0x00, 0x7F, 0x00, 0x7F, 0x9F, 0x7F, 0x9F,
    0x7F, 0x9F, 0xFF, 0x9F, 0xFF, 0x9F, 0xFF, 0x9F, 0xFF, 0x80, 0xFF, 0x80, 0xFF, 0x9F, 0xFF, 0x9F,
    0xFF, 0x9F, 0xFF, 0x9F, 0xFF, 0x9F, 0x7F, 0x9F, 0x7F, 0x00, 0x7F, 0x00, 0x7F, 0xDE, 0xFF, 0xCC,
    0xFF, 0xE1, 0xFF, 0xE1, 0xFF, 0xFF, 0xFF, 0xFF, 0xFF, 0xE1, 0xFF, 0x80, 0x7F, 0x9E, 0x7F, 0x9E,
    0x7F, 0x1E, 0x3F, 0x00, 0x3F, 0x00, 0x3F, 0x1F, 0xFF, 0x1F, 0xFF, 0x9E, 0x7F, 0x8E, 0x7F, 0x80,
    0x7F, 0xE1, 0xFF, 0xE1, 0xFF, 0xE1, 0xFF, 0xCC, 0xFF, 0xDE, 0xFF, 0xFF, 0xFF, 0xFF, 0xFF, 0xC2,
    0x7F, 0x80, 0x7F, 0x8E, 0x7F, 0x9E, 0x7F, 0x1E, 0x7F, 0x1F, 0xFF, 0x1F, 0xFF, 0x1F, 0xFF, 0x18,
    0x7F, 0x18, 0x7F, 0x1E, 0x7F, 0x1E, 0x7F, 0x1E, 0x7F, 0x1E, 0x7F, 0x1E, 0x7F, 0x9C, 0x7F, 0x80,
    0x7F, 0xC2, 0x7F, 0xE1, 0xFF, 0xE1, 0xFF, 0xCC, 0xFF, 0xDE, 0xFF, 0xFF, 0xFF, 0xFF, 0xFF, 0xC2,
    0x3F, 0x80, 0x3F, 0x9C, 0x7F, 0x9E, 0x7F, 0x1E, 0x7F, 0x1E, 0x7F, 0x1E, 0x7F, 0x1E, 0x7F, 0x1E,
    0x7F, 0x9E, 0x7F, 0x9C, 0x7F, 0x80, 0x7F, 0xC2, 0x7F, 0xFE, 0x7F, 0xFE, 0x7F, 0x9C, 0x7F, 0x80,
    0xFF, 0xC1, 0xFF, 0xDE, 0xFF, 0xCC, 0xFF, 0xC0, 0xFF, 0xE1, 0xFF, 0xFF, 0xFF, 0xFF, 0xFF, 0xC2,
    0x7F, 0x80, 0x7F, 0x8E, 0x7F, 0x9E, 0x7F, 0x1E, 0x7F, 0x1F, 0xFF, 0x1F, 0xFF, 0x1F, 0xFF, 0x18,
    0x7F, 0x18, 0x7F, 0x1E, 0x7F, 0x1E, 0x7F, 0x1E, 0x7F, 0x1E, 0x7F, 0x1E, 0x7F, 0x9C, 0x7F, 0x80,
    0x7F, 0xC2, 0x7F, 0xDE, 0xFF, 0xCC, 0xFF, 0xC0, 0xFF, 0xE1, 0xFF, 0xFF, 0xFF, 0xFF, 0xFF, 0xC2,
    0x3F, 0x80, 0x3F, 0x9C, 0x7F, 0x9E, 0x7F, 0x1E, 0x7F, 0x1E, 0x7F, 0x1E, 0x7F, 0x1E, 0x7F, 0x1E,
    0x7F, 0x9E, 0x7F, 0x9C, 0x7F, 0x80, 0x7F, 0xC2, 0x7F, 0xFE, 0x7F, 0xFE, 0x7F, 0x9C, 0x7F, 0x80,
    0xFF, 0xC1, 0xFF, 0xF3, 0xFF, 0xE1, 0xFF, 0xF3, 0xFF, 0xFF, 0xFF, 0xFF, 0xFF, 0xC2, 0x7F, 0x80,
    0x7F, 0x8E, 0x7F, 0x9E, 0x7F, 0x1E, 0x7F, 0x1F, 0xFF, 0x1F, 0xFF, 0x1F, 0xFF, 0x18, 0x7F, 0x18,
    0x7F, 0x1E, 0x7F, 0x1E, 0x7F, 0x1E, 0x7F, 0x1E, 0x7F, 0x1E, 0x7F, 0x9C, 0x7F, 0x80, 0x7F, 0xC2,
    0x7F, 0xF3, 0xFF, 0xE1, 0xFF, 0xF3, 0xFF, 0xFF, 0xFF, 0xFF, 0xFF, 0xC2, 0x3F, 0x80, 0x3F, 0x9C,
    0x7F, 0x9E, 0x7F, 0x1E, 0x7F, 0x1E, 0x7F, 0x1E, 0x7F, 0x1E, 0x7F, 0x1E, 0x7F, 0x9E, 0x7F, 0x9C,
    0x7F, 0x80, 0x7F, 0xC2, 0x7F, 0xFE, 0x7F, 0xFE, 0x7F, 0x9C, 0x7F, 0x80, 0xFF, 0xC1, 0xFF, 0xC2,
    0x7F, 0x80, 0x7F, 0x8E, 0x7F, 0x9E, 0x7F, 0x1E, 0x7F, 0x1F, 0xFF, 0x1F, 0xFF, 0x1F, 0xFF, 0x18,
    0x7F, 0x18, 0x7F, 0x1E, 0x7F, 0x1E, 0x7F, 0x1E, 0x7F, 0x1E, 0x7F, 0x1E, 0x7F, 0x9C, 0x7F, 0x80,
    0x7F, 0xC2, 0x7F, 0xFF, 0xFF, 0xF3, 0xFF, 0xF3, 0xFF, 0xFB, 0xFF, 0xF3, 0xFF, 0xF7, 0xFF, 0xFB,
    0xFF, 0xF3, 0xFF, 0xF7, 0xFF, 0xF3, 0xFF, 0xF3, 0xFF, 0xFF, 0xFF, 0xC2, 0x3F, 0x80, 0x3F, 0x9C,
    0x7F, 0x9E, 0x7F, 0x1E, 0x7F, 0x1E, 0x7F, 0x1E, 0x7F, 0x1E, 0x7F, 0x1E, 0x7F, 0x9E, 0x7F, 0x9C,
    0x7F, 0x80, 0x7F, 0xC2, 0x7F, 0xFE, 0x7F, 0xFE, 0x7F, 0x9C, 0x7F, 0x80, 0xFF, 0xC1, 0xFF, 0xE1,
    0xFF, 0xE1, 0xFF, 0xCC, 0xFF, 0xDE, 0xFF, 0xFF, 0xFF, 0xFF, 0xFF, 0x0C, 0x3F, 0x0C, 0x3F, 0x9E,
    0x7F, 0x9E, 0x7F, 0x9E, 0x7F, 0x9E, 0x7F, 0x9E, 0x7F, 0x9E, 0x7F, 0x80, 0x7F, 0x80, 0x7F, 0x9E,
    0x7F, 0x9E, 0x7F, 0x9E, 0x7F, 0x9E, 0x7F, 0x9E, 0x7F, 0x9E, 0x7F, 0x0C, 0x3F, 0x0C, 0x3F, 0xC7,
    0xFF, 0x83, 0xFF, 0x99, 0xFF, 0x39, 0xFF, 0xFF, 0xFF, 0xFF, 0xFF, 0xC7, 0xFF, 0xC7, 0xFF, 0xE7,
    0xFF, 0xE7, 0xFF, 0xE7, 0xFF, 0xE4, 0x3F, 0xE0, 0x1F, 0xE3, 0x1F, 0xE7, 0x9F, 0xE7, 0x9F, 0xE7,
    0x9F, 0xE7, 0x9F, 0xE7, 0x9F, 0xE7, 0x9F, 0xE7, 0x9F, 0xE7, 0x9F, 0xC3, 0x0F, 0xC3, 0x0F, 0x86,
    0x1F, 0x86, 0x1F, 0xCF, 0x3F, 0xCF, 0x3F, 0x00, 0x0F, 0x00, 0x0F, 0xCF, 0x3F, 0xCF, 0x3F, 0xC0,
    0x3F, 0xC0, 0x3F, 0xCF, 0x3F, 0xCF, 0x3F, 0xCF, 0x3F, 0xCF, 0x3F, 0xCF, 0x3F, 0xCF, 0x3F, 0x86,
    0x1F, 0x86, 0x1F, 0x8F, 0xFF, 0x8F, 0xFF, 0xCF, 0xFF, 0x03, 0xFF, 0x03, 0xFF, 0xC8, 0x7F, 0xC0,
    0x3F, 0xC6, 0x3F, 0xCF, 0x3F, 0xCF, 0x3F, 0xCF, 0x3F, 0xCF, 0x3F, 0xCF, 0x3F, 0xCF, 0x3F, 0xCF,
    0x3F, 0xCF, 0x3F, 0x86, 0x1F, 0x86, 0x1F, 0x8C, 0x04, 0x21, 0x73, 0xFF, 0xFF, 0x00, 0x00, 0xE7,
    0xE7, 0xE7, 0xE7, 0xE7, 0xE7, 0xE7, 0xE7, 0xE7, 0xE7, 0xE7, 0xE7, 0xE7, 0xE7, 0x00, 0x00, 0x8E,
    0x04, 0x20, 0x71, 0xFF, 0xFF, 0x07, 0x07, 0xE7, 0xE7, 0xE7, 0xE7, 0xE7, 0xE7, 0xE7, 0xE7, 0xE7,
    0x00, 0x00, 0x00, 0x00, 0xFF, 0xFF, 0xFF, 0x00, 0x00, 0xE7, 0xE7, 0xE7, 0xE7, 0xE7, 0xE7, 0xE7,
    0xE7, 0xE7, 0xE7, 0xE7, 0xE7, 0xE7, 0xE7, 0x00, 0x00, 0x00, 0x00, 0xFF, 0xFF, 0xFF, 0x07, 0x07,
    0xE7, 0xE7, 0xE7, 0xE7, 0xE7, 0xE7, 0xE7, 0xE7, 0xE7, 0x00, 0x00, 0xBD, 0x99, 0x81, 0xC3, 0xFF,
    0xFF, 0x00, 0x00, 0xE7, 0xE7, 0xE7, 0xE7, 0xE7, 0xE7, 0xE7, 0xE7, 0xE7, 0xE7, 0xE7, 0xE7, 0xE7,
    0xE7, 0x00, 0x00, 0x9D, 0x99, 0x81, 0xC3, 0xFF, 0xFF, 0x07, 0x07, 0xE7, 0xE7, 0xE7, 0xE7, 0xE7,
    0xE7, 0xE7, 0xE7, 0xE7, 0x00, 0x00, 0x00, 0xFF, 0x00, 0xFF, 0xE7, 0xFF, 0xE7, 0xFF, 0xE7, 0xFF,
    0xE7, 0xFF, 0xE7, 0xFF, 0xE7, 0xFF, 0xE7, 0xFF, 0xE7, 0xFF, 0xE7, 0xFF, 0xE7, 0xFF, 0xE7, 0xFF,
    0xE7, 0xFF, 0xE7, 0xFF, 0xE7, 0xFF, 0x00, 0xFF, 0x00, 0xFF, 0xF9, 0xFF, 0xF9, 0xFF, 0xF9, 0xFF,
    0xF8, 0x7F, 0xFC, 0x7F, 0xE7, 0xFF, 0xC3, 0xFF, 0xE7, 0xFF, 0xFF, 0xFF, 0xFF, 0xFF, 0x07, 0xFF,
    0x07, 0xFF, 0xE7, 0xFF, 0xE7, 0xFF, 0xE7, 0xFF, 0xE7, 0xFF, 0xE7, 0xFF, 0xE7, 0xFF, 0xE7, 0xFF,
    0xE7, 0xFF, 0xE7, 0xFF, 0x00, 0xFF, 0x00, 0xFF, 0xF9, 0xFF, 0xF9, 0xFF, 0xF9, 0xFF, 0xF8, 0x7F,
    0xFC, 0x7F, 0xE7, 0xC3, 0xE7, 0xFF, 0xFF, 0x00, 0x00, 0xE7, 0xE7, 0xE7, 0xE7, 0xE7, 0xE7, 0xE7,
    0xE7, 0xE7, 0xE7, 0xE7, 0xE7, 0xE7, 0xE7, 0x00, 0x00, 0x07, 0x07, 0xE7, 0xE7, 0xE7, 0xE7, 0xE7,
    0xE7, 0xE7, 0xE7, 0xE7, 0x00, 0x00, 0x02, 0x1F, 0x02, 0x1F, 0xCF, 0x9F, 0xCF, 0x9F, 0xCF, 0x9F,
    0xCF, 0x9F, 0xCF, 0x9F, 0xCF, 0x9F, 0xCF, 0x9F, 0xCF, 0x9F, 0xCF, 0x9F, 0xCF, 0x9F, 0xCF, 0x9F,
    0xCC, 0x9F, 0xCC, 0x9F, 0xCC, 0xBF, 0x00, 0x3F, 0x02, 0x3F, 0xC7, 0x9F, 0xC7, 0x0F, 0xC7, 0x9F,
    0xFF, 0xFF, 0xFF, 0xFF, 0x8E, 0x1F, 0x8E, 0x1F, 0xCF, 0x9F, 0xCF, 0x9F, 0xCF, 0x9F, 0xCF, 0x9F,
    0xCF, 0x9F, 0xCF, 0x9F, 0xCF, 0x9F, 0xCF, 0x9F, 0xCF, 0x9F, 0x03, 0x9F, 0x03, 0x9F, 0xFF, 0x9F,
    0xF9, 0x9F, 0xF8, 0x9F, 0xFC, 0x1F, 0xFE, 0x3F, 0xF8, 0x7F, 0xF8, 0x7F, 0xF3, 0x3F, 0xF7, 0x9F,
    0xFF, 0xFF, 0xFF, 0xFF, 0xE0, 0x7F, 0xE0, 0x7F, 0xFE, 0x7F, 0xFE, 0x7F, 0xFE, 0x7F, 0xFE, 0x7F,
    0xFE, 0x7F, 0xFE, 0x7F, 0xFE, 0x7F, 0xFE, 0x7F, 0xFE, 0x7F, 0xFE, 0x7F, 0xFE, 0x7F, 0x3E, 0x7F,
    0x3C, 0x7F, 0x1C, 0xFF, 0x80, 0xFF, 0xC1, 0xFF, 0xFC, 0x7F, 0xF8, 0x3F, 0xF3, 0x3F, 0xF3, 0x9F,
    0xFF, 0xFF, 0xFF, 0xFF, 0xE0, 0x7F, 0xE0, 0x7F, 0xFC, 0x7F, 0xFC, 0x7F, 0xFC, 0x7F, 0xFC, 0x7F,
    0xFC, 0x7F, 0xFC, 0x7F, 0xFC, 0x7F, 0xFC, 0x7F, 0xFC, 0x7F, 0xFC, 0x7F, 0xFC, 0x7F, 0xFC, 0x7F,
    0x1C, 0xFF, 0x9C, 0xFF, 0x80, 0xFF, 0xC1, 0xFF, 0x0E, 0x3F, 0x0E, 0x3F, 0x9C, 0xFF, 0x9C, 0xFF,
    0x99, 0xFF, 0x99, 0xFF, 0x93, 0xFF, 0x83, 0xFF, 0x87, 0xFF, 0x83, 0xFF, 0x83, 0xFF, 0x99, 0xFF,
    0x99, 0xFF, 0x9C, 0xFF, 0x9C, 0xFF, 0x9C, 0x7F, 0x0E, 0x3F, 0x0E, 0x3F, 0xFF, 0xFF, 0xF3, 0xFF,
    0xF3, 0xFF, 0xFB, 0xFF, 0xF3, 0xFF, 0xF7, 0xFF, 0x1F, 0xFF, 0x1F, 0xFF, 0x9F, 0xFF, 0x9F, 0xFF,
    0x9F, 0xFF, 0x9E, 0x3F, 0x9C, 0x3F, 0x9C, 0xFF, 0x99, 0xFF, 0x91, 0xFF, 0x93, 0xFF, 0x83, 0xFF,
    0x81, 0xFF, 0x89, 0xFF, 0x98, 0xFF, 0x9C, 0xFF, 0x0E, 0x3F, 0x0E, 0x3F, 0xFF, 0xFF, 0xF3, 0xFF,
    0xF3, 0xFF, 0xFB, 0xFF, 0xF3, 0xFF, 0xF7, 0xFF, 0x1E, 0x3F, 0x1C, 0x3F, 0x9C, 0xFF, 0x99, 0xFF,
    0x91, 0xFF, 0x93, 0xFF, 0x83, 0xFF, 0x81, 0xFF, 0x89, 0xFF, 0x98, 0xFF, 0x9C, 0xFF, 0x0E, 0x3F,
    0x0E, 0x3F, 0xEF, 0xFF, 0xE7, 0xFF, 0xC7, 0xFF, 0x8F, 0xFF, 0xDF, 0xFF, 0xFF, 0xFF, 0x07, 0xFF,
    0x07, 0xFF, 0x8F, 0xFF, 0x8F, 0xFF, 0x8F, 0xFF, 0x8F, 0xFF, 0x8F, 0xFF, 0x8F, 0xFF, 0x8F, 0xFF,
    0x8F, 0xFF, 0x8F, 0xFF, 0x8F, 0xFF, 0x8F, 0xFF, 0x8F, 0xFF, 0x8F, 0x3F, 0x8F, 0x3F, 0x00, 0x3F,
    0x00, 0x3F, 0xFB, 0xF9, 0xF3, 0xE7, 0xEF, 0xFF, 0x07, 0x07, 0xE7, 0xE7, 0xE7, 0xE7, 0xE7, 0xE7,
    0xE7, 0xE7, 0xE7, 0xE7, 0xE7, 0xE7, 0xE7, 0xE7, 0x00, 0x00, 0x07, 0xFF, 0x07, 0xFF, 0x8F, 0xFF,
    0x8F, 0xFF, 0x8F, 0xFF, 0x8F, 0xFF, 0x8F, 0xFF, 0x8F, 0xFF, 0x8F, 0xFF, 0x8F, 0xFF, 0x8F, 0xFF,
    0x8F, 0xFF, 0x8F, 0xFF, 0x8F, 0xFF, 0x8F, 0x3F, 0x8F, 0x3F, 0x00, 0x3F, 0x00, 0x3F, 0xFF, 0xFF,
    0xF3, 0xFF, 0xF3, 0xFF, 0xFB, 0xFF, 0xF3, 0xFF, 0xF7, 0xFF, 0x07, 0x07, 0xE7, 0xE7, 0xE7, 0xE7,
    0xE7, 0xE7, 0xE7, 0xE7, 0xE7, 0xE7, 0xE7, 0xE7, 0xE7, 0xE7, 0x00, 0x00, 0xFF, 0xE7, 0xE7, 0xF7,
    0xE7, 0xEF, 0xFE, 0x7F, 0x06, 0x3F, 0x07, 0x7F, 0x8E, 0x7F, 0x8E, 0xFF, 0x8F, 0xFF, 0x8F, 0xFF,
    0x8F, 0xFF, 0x8F, 0xFF, 0x8F, 0xFF, 0x8F, 0xFF, 0x8F, 0xFF, 0x8F, 0xFF, 0x8F, 0xFF, 0x8F, 0xFF,
    0x8F, 0x3F, 0x8F, 0x3F, 0x00, 0x3F, 0x00, 0x3F, 0xFE, 0x7F, 0x04, 0x7F, 0x06, 0x7F, 0xE6, 0xFF,
    0xE4, 0xFF, 0xE7, 0xFF, 0xE7, 0xFF, 0xE7, 0xFF, 0xE7, 0xFF, 0xE7, 0xFF, 0xE7, 0xFF, 0xE7, 0xFF,
    0xE7, 0xFF, 0xE7, 0xFF, 0xE7, 0xFF, 0xE7, 0xFF, 0xE7, 0xFF, 0x00, 0xFF, 0x00, 0xFF, 0x07, 0xFF,
    0x07, 0xFF, 0x8F, 0xFF, 0x8F, 0xFF, 0x8F, 0xFF, 0x8F, 0xFF, 0x8C, 0xFF, 0x88, 0x7F, 0x88, 0x7F,
    0x88, 0xFF, 0x8F, 0xFF, 0x8F, 0xFF, 0x8F, 0xFF, 0x8F, 0xFF, 0x8F, 0x3F, 0x8F, 0x3F, 0x00, 0x3F,
    0x00, 0x3F, 0x07, 0xFF, 0x07, 0xFF, 0xE7, 0xFF, 0xE7, 0xFF, 0xE7, 0xFF, 0xE7, 0xFF, 0xE6, 0x7F,
    0xE4, 0x7F, 0xE4, 0x3F, 0xE4, 0x7F, 0xE7, 0xFF, 0xE7, 0xFF, 0xE7, 0xFF, 0xE7, 0xFF, 0xE7, 0xFF,
    0xE7, 0xFF, 0x00, 0xFF, 0x00, 0xFF, 0x83, 0xFF, 0x83, 0xFF, 0xC7, 0xFF, 0xC7, 0xFF, 0xC7, 0xFF,
    0xC7, 0xFF, 0xC7, 0xFF, 0xC0, 0xFF, 0xC1, 0xFF, 0x87, 0xFF, 0x07, 0xFF, 0xC7, 0xFF, 0xC7, 0xFF,
    0xC7, 0xFF, 0xC7, 0x9F, 0xC7, 0x9F, 0x80, 0x1F, 0x80, 0x1F, 0x07, 0x07, 0xE7, 0xE7, 0xE7, 0xE7,
    0xE5, 0xE0, 0xE3, 0x07, 0xA7, 0xE7, 0xE7, 0xE7, 0xE7, 0xE7, 0x00, 0x00, 0xFD, 0xFF, 0xF8, 0xFF,
    0xF9, 0xFF, 0xE3, 0xFF, 0xF7, 0xFF, 0xFF, 0xFF, 0x1C, 0x3F, 0x0C, 0x3F, 0x8E, 0x7F, 0x8E, 0x7F,
    0xAE, 0x7F, 0x86, 0x7F, 0x86, 0x7F, 0x96, 0x7F, 0x92, 0x7F, 0x92, 0x7F, 0x9A, 0x7F, 0x98, 0x7F,
    0x98, 0x7F, 0x9C, 0x7F, 0x9C, 0x7F, 0x9C, 0x7F, 0x0C, 0x7F, 0x0E, 0x7F, 0xFC, 0xFF, 0xF9, 0xFF,
    0xF3, 0xFF, 0xE7, 0xFF, 0xFF, 0xFF, 0x10, 0xFF, 0x00, 0x7F, 0x8C, 0x7F, 0x9E, 0x7F, 0x9E, 0x7F,
    0x9E, 0x7F, 0x9E, 0x7F, 0x9E, 0x7F, 0x9E, 0x7F, 0x9E, 0x7F, 0x9E, 0x7F, 0x0C, 0x3F, 0x0C, 0x3F,
    0x1C, 0x3F, 0x0C, 0x3F, 0x8E, 0x7F, 0x8E, 0x7F, 0xAE, 0x7F, 0x86, 0x7F, 0x86, 0x7F, 0x96, 0x7F,
    0x92, 0x7F, 0x92, 0x7F, 0x9A, 0x7F, 0x98, 0x7F, 0x98, 0x7F, 0x9C, 0x7F, 0x9C, 0x7F, 0x9C, 0x7F,
    0x0C, 0x7F, 0x0E, 0x7F, 0xFF, 0xFF, 0xF3, 0xFF, 0xF3, 0xFF, 0xFB, 0xFF, 0xF3, 0xFF, 0xF7, 0xFF,
    0x10, 0xFF, 0x00, 0x7F, 0x8C, 0x7F, 0x9E, 0x7F, 0x9E, 0x7F, 0x9E, 0x7F, 0x9E, 0x7F, 0x9E, 0x7F,
    0x9E, 0x7F, 0x9E, 0x7F, 0x9E, 0x7F, 0x0C, 0x3F, 0x0C, 0x3F, 0xFF, 0xFF, 0xF3, 0xFF, 0xF3, 0xFF,
    0xFB, 0xFF, 0xF3, 0xFF, 0xF7, 0xFF, 0xDE, 0xFF, 0xCC, 0xFF, 0xE1, 0xFF, 0xF3, 0xFF, 0xFF, 0xFF,
    0xFF, 0xFF, 0x1C, 0x3F, 0x0C, 0x3F, 0x8E, 0x7F, 0x8E, 0x7F, 0xAE, 0x7F, 0x86, 0x7F, 0x86, 0x7F,
    0x96, 0x7F, 0x92, 0x7F, 0x92, 0x7F, 0x9A, 0x7F, 0x98, 0x7F, 0x98, 0x7F, 0x9C, 0x7F, 0x9C, 0x7F,
    0x9C, 0x7F, 0x0C, 0x7F, 0x0E, 0x7F, 0xDE, 0xFF, 0xCC, 0xFF, 0xE1, 0xFF, 0xE1, 0xFF, 0xFF, 0xFF,
    0xFF, 0xFF, 0x10, 0xFF, 0x00, 0x7F, 0x8C, 0x7F, 0x9E, 0x7F, 0x9E, 0x7F, 0x9E, 0x7F, 0x9E, 0x7F,
    0x9E, 0x7F, 0x9E, 0x7F, 0x9E, 0x7F, 0x9E, 0x7F, 0x0C, 0x3F, 0x0C, 0x3F, 0x3F, 0xFF, 0x3F, 0xFF,
    0xBF, 0xFF, 0x3F, 0xFF, 0x7F, 0xFF, 0xFF, 0xFF, 0xC4, 0x3F, 0xC0, 0x1F, 0xE3, 0x1F, 0xE7, 0x9F,
    0xE7, 0x9F, 0xE7, 0x9F, 0xE7, 0x9F, 0xE7, 0x9F, 0xE7, 0x9F, 0xE7, 0x9F, 0xE7, 0x9F, 0xC3, 0x0F,
    0xC3, 0x0F, 0x10, 0xFF, 0x00, 0x7F, 0x8C, 0x7F, 0x9E, 0x7F, 0x9E, 0x7F, 0x9E, 0x7F, 0x9E, 0x7F,
    0x9E, 0x7F, 0x9E, 0x7F, 0x9E, 0x7F, 0x9E, 0x7F, 0x9E, 0x7F, 0x9E, 0x7F, 0x9E, 0x7F, 0x9E, 0x7F,
    0x9E, 0x7F, 0x0C, 0x7F, 0x0C, 0xFF, 0x10, 0xFF, 0x00, 0x7F, 0x8C, 0x7F, 0x9E, 0x7F, 0x9E, 0x7F,
    0x9E, 0x7F, 0x9E, 0x7F, 0x9E, 0x7F, 0x9E, 0x7F, 0x9E, 0x7F, 0x9E, 0x7F, 0x0E, 0x7F, 0x0E, 0x7F,
    0xFE, 0x7F, 0xFE, 0x7F, 0xFC, 0x7F, 0xF0, 0xFF, 0xF1, 0xFF, 0x80, 0x7F, 0x80, 0x7F, 0xFF, 0xFF,
    0xFF, 0xFF, 0xFF, 0xFF, 0xE1, 0xFF, 0x80, 0x7F, 0x9E, 0x7F, 0x9E, 0x7F, 0x1E, 0x3F, 0x1E, 0x3F,
    0x1E, 0x3F, 0x1E, 0x3F, 0x1E, 0x3F, 0x1E, 0x3F, 0x1E, 0x3F, 0x1E, 0x3F, 0x1E, 0x3F, 0x1E, 0x3F,
    0x9E, 0x7F, 0x9E, 0x7F, 0x80, 0x7F, 0xE1, 0xFF, 0x80, 0x7F, 0x80, 0x7F, 0xFF, 0xFF, 0xFF, 0xFF,
    0xFF, 0xFF, 0xE1, 0xFF, 0x80, 0x7F, 0x9C, 0x7F, 0x9E, 0x7F, 0x1E, 0x3F, 0x1E, 0x3F, 0x1E, 0x3F,
    0x1E, 0x3F, 0x1E, 0x3F, 0x9E, 0x7F, 0x9C, 0x7F, 0x80, 0x7F, 0xE1, 0xFF, 0xDE, 0xFF, 0xCC, 0xFF,
    0xC0, 0xFF, 0xE1, 0xFF, 0xFF, 0xFF, 0xFF, 0xFF, 0xE1, 0xFF, 0x80, 0x7F, 0x9E, 0x7F, 0x9E, 0x7F,
    0x1E, 0x3F, 0x1E, 0x3F, 0x1E, 0x3F, 0x1E, 0x3F, 0x1E, 0x3F, 0x1E, 0x3F, 0x1E, 0x3F, 0x1E, 0x3F,
    0x1E, 0x3F, 0x1E, 0x3F, 0x9E, 0x7F, 0x9E, 0x7F, 0x80, 0x7F, 0xE1, 0xFF, 0xDE, 0xFF, 0xCC, 0xFF,
    0xC0, 0xFF, 0xE1, 0xFF, 0xFF, 0xFF, 0xFF, 0xFF, 0xE1, 0xFF, 0x80, 0x7F, 0x9C, 0x7F, 0x9E, 0x7F,
    0x1E, 0x3F, 0x1E, 0x3F, 0x1E, 0x3F, 0x1E, 0x3F, 0x1E, 0x3F, 0x9E, 0x7F, 0x9C, 0x7F, 0x80, 0x7F,
    0xE1, 0xFF, 0xF7, 0x7F, 0xF3, 0x3F, 0xE6, 0x7F, 0x8C, 0xFF, 0xDD, 0xFF, 0xFF, 0xFF, 0xE1, 0xFF,
    0x80, 0x7F, 0x9E, 0x7F, 0x9E, 0x7F, 0x1E, 0x3F, 0x1E, 0x3F, 0x1E, 0x3F, 0x1E, 0x3F, 0x1E, 0x3F,
    0x1E, 0x3F, 0x1E, 0x3F, 0x1E, 0x3F, 0x1E, 0x3F, 0x1E, 0x3F, 0x9E, 0x7F, 0x9E, 0x7F, 0x80, 0x7F,
    0xE1, 0xFF, 0xF3, 0x3F, 0xE6, 0x3F, 0xCC, 0xFF, 0x9D, 0xFF, 0xFF, 0xFF, 0xE1, 0xFF, 0x80, 0x7F,
    0x9C, 0x7F, 0x9E, 0x7F, 0x1E, 0x3F, 0x1E, 0x3F, 0x1E, 0x3F, 0x1E, 0x3F, 0x1E, 0x3F, 0x9E, 0x7F,
    0x9C, 0x7F, 0x80, 0x7F, 0xE1, 0xFF, 0x88, 0x3F, 0x00, 0x3F, 0x33, 0x3F, 0x33, 0x3F, 0x3B, 0xFF,
    0x3B, 0xFF, 0x3B, 0xFF, 0x3B, 0xFF, 0x38, 0x7F, 0x38, 0x7F, 0x3B, 0xFF, 0x3B, 0xFF, 0x3B, 0xFF,
    0x3B, 0xFF, 0x3B, 0x3F, 0x33, 0x3F, 0x00, 0x3F, 0x88, 0x3F, 0x88, 0x7F, 0x00, 0x3F, 0x33, 0x3F,
    0x33, 0x3F, 0x33, 0x3F, 0x30, 0x3F, 0x30, 0x3F, 0x33, 0xFF, 0x33, 0xFF, 0x33, 0x3F, 0x33, 0x3F,
    0x00, 0x7F, 0x88, 0x7F, 0xFD, 0xFF, 0xF8, 0xFF, 0xF9, 0xFF, 0xE3, 0xFF, 0xF7, 0xFF, 0xFF, 0xFF,
    0x01, 0xFF, 0x00, 0xFF, 0x9C, 0x7F, 0x9E, 0x7F, 0x9E, 0x3F, 0x9E, 0x3F, 0x9E, 0x3F, 0x9E, 0x7F,
    0x9C, 0x7F, 0x80, 0xFF, 0x81, 0xFF, 0x99, 0xFF, 0x99, 0xFF, 0x98, 0xFF, 0x9C, 0xFF, 0x9C, 0x7F,
    0x0E, 0x3F, 0x0E, 0x3F, 0xF9, 0xFF, 0xF3, 0xFF, 0xE7, 0xFF, 0xCF, 0xFF, 0xFF, 0xFF, 0x08, 0xFF,
    0x00, 0x7F, 0xC6, 0x7F, 0xCF, 0xFF, 0xCF, 0xFF, 0xCF, 0xFF, 0xCF, 0xFF, 0xCF, 0xFF, 0xCF, 0xFF,
    0xCF, 0xFF, 0xCF, 0xFF, 0x03, 0xFF, 0x03, 0xFF, 0x01, 0xFF, 0x00, 0xFF, 0x9C, 0x7F, 0x9E, 0x7F,
    0x9E, 0x3F, 0x9E, 0x3F, 0x9E, 0x3F, 0x9E, 0x7F, 0x9C, 0x7F, 0x80, 0xFF, 0x81, 0xFF, 0x99, 0xFF,
    0x99, 0xFF, 0x98, 0xFF, 0x9C, 0xFF, 0x9C, 0x7F, 0x0E, 0x3F, 0x0E, 0x3F, 0xFF, 0xFF, 0xF3, 0xFF,
    0xF3, 0xFF, 0xFB, 0xFF, 0xF3, 0xFF, 0xF7, 0xFF, 0x08, 0xFF, 0x00, 0x7F, 0xC6, 0x7F, 0xCF, 0xFF,
    0xCF, 0xFF, 0xCF, 0xFF, 0xCF, 0xFF, 0xCF, 0xFF, 0xCF, 0xFF, 0xCF, 0xFF, 0xCF, 0xFF, 0x03, 0xFF,
    0x03, 0xFF, 0xFF, 0xFF, 0xCF, 0xFF, 0x8F, 0xFF, 0xCF, 0xFF, 0xDF, 0xFF, 0x9F, 0xFF, 0xDE, 0xFF,
    0xCC, 0xFF, 0xE1, 0xFF, 0xF3, 0xFF, 0xFF, 0xFF, 0xFF, 0xFF, 0x01, 0xFF, 0x00, 0xFF, 0x9C, 0x7F,
    0x9E, 0x7F, 0x9E, 0x3F, 0x9E, 0x3F, 0x9E, 0x3F, 0x9E, 0x7F, 0x9C, 0x7F, 0x80, 0xFF, 0x81, 0xFF,
    0x99, 0xFF, 0x99, 0xFF, 0x98, 0xFF, 0x9C, 0xFF, 0x9C, 0x7F, 0x0E, 0x3F, 0x0E, 0x3F, 0xBD, 0xFF,
    0x99, 0xFF, 0xC3, 0xFF, 0xC3, 0xFF, 0xFF, 0xFF, 0xFF, 0xFF, 0x08, 0xFF, 0x00, 0x7F, 0xC6, 0x7F,
    0xCF, 0xFF, 0xCF, 0xFF, 0xCF, 0xFF, 0xCF, 0xFF, 0xCF, 0xFF, 0xCF, 0xFF, 0xCF, 0xFF, 0xCF, 0xFF,
    0x03, 0xFF, 0x03, 0xFF, 0xFB, 0xFF, 0xF1, 0xFF, 0xF3, 0xFF, 0xC7, 0xFF, 0xEF, 0xFF, 0xFF, 0xFF,
    0x84, 0xFF, 0x00, 0xFF, 0x1C, 0xFF, 0x3C, 0xFF, 0x3C, 0xFF, 0x3F, 0xFF, 0x3F, 0xFF, 0x8F, 0xFF,
    0x87, 0xFF, 0xE1, 0xFF, 0xF8, 0xFF, 0xFC, 0xFF, 0xFC, 0xFF, 0x3C, 0x7F, 0x3C, 0x7F, 0x3C, 0xFF,
    0x00, 0xFF, 0x21, 0xFF, 0xF9, 0xF3, 0xE7, 0xCF, 0xFF, 0x80, 0x00, 0x1C, 0x3C, 0x3C, 0x8F, 0xC1,
    0xF0, 0x3C, 0x3C, 0x3C, 0x00, 0x01, 0xC3, 0xFF, 0xC3, 0xFF, 0x99, 0xFF, 0xBD, 0xFF, 0xFF, 0xFF,
    0xFF, 0xFF, 0x84, 0xFF, 0x00, 0xFF, 0x1C, 0xFF, 0x3C, 0xFF, 0x3C, 0xFF, 0x3F, 0xFF, 0x3F, 0xFF,
    0x8F, 0xFF, 0x87, 0xFF, 0xE1, 0xFF, 0xF8, 0xFF, 0xFC, 0xFF, 0xFC, 0xFF, 0x3C, 0x7F, 0x3C, 0x7F,
    0x3C, 0xFF, 0x00, 0xFF, 0x21, 0xFF, 0xC3, 0xC3, 0x99, 0xBD, 0xFF, 0xFF, 0x80, 0x00, 0x1C, 0x3C,
    0x3C, 0x8F, 0xC1, 0xF0, 0x3C, 0x3C, 0x3C, 0x00, 0x01, 0x84, 0xFF, 0x00, 0xFF, 0x1C, 0xFF, 0x3C,
    0xFF, 0x3C, 0xFF, 0x3F, 0xFF, 0x3F, 0xFF, 0x8F, 0xFF, 0x87, 0xFF, 0xE1, 0xFF, 0xF8, 0xFF, 0xFC,
    0xFF, 0xFC, 0xFF, 0x3C, 0x7F, 0x3C, 0x7F, 0x3C, 0xFF, 0x00, 0xFF, 0x21, 0xFF, 0xE7, 0xFF, 0xE3,
    0xFF, 0xF9, 0xFF, 0xC3, 0xFF, 0xC3, 0xFF, 0x80, 0x00, 0x1C, 0x3C, 0x3C, 0x8F, 0xC1, 0xF0, 0x3C,
    0x3C, 0x3C, 0x00, 0x01, 0xE7, 0xE3, 0xF9, 0xC3, 0xC3, 0xBD, 0xFF, 0x99, 0xFF, 0xC3, 0xFF, 0xE7,
    0xFF, 0xFF, 0xFF, 0xFF, 0xFF, 0x84, 0xFF, 0x00, 0xFF, 0x1C, 0xFF, 0x3C, 0xFF, 0x3C, 0xFF, 0x3F,
    0xFF, 0x3F, 0xFF, 0x8F, 0xFF, 0x87, 0xFF, 0xE1, 0xFF, 0xF8, 0xFF, 0xFC, 0xFF, 0xFC, 0xFF, 0x3C,
    0x7F, 0x3C, 0x7F, 0x3C, 0xFF, 0x00, 0xFF, 0x21, 0xFF, 0xBD, 0x99, 0xC3, 0xC3, 0xFF, 0xFF, 0x80,
    0x00, 0x1C, 0x3C, 0x3C, 0x8F, 0xC1, 0xF0, 0x3C, 0x3C, 0x3C, 0x00, 0x01, 0x00, 0x3F, 0x00, 0x3F,
    0x33, 0x3F, 0x33, 0x3F, 0xF3, 0xFF, 0xF3, 0xFF, 0xF3, 0xFF, 0xF3, 0xFF, 0xF3, 0xFF, 0xF3, 0xFF,
    0xF3, 0xFF, 0xF3, 0xFF, 0xF3, 0xFF, 0xF3, 0xFF, 0xF3, 0xFF, 0xF3, 0xFF, 0xC0, 0xFF, 0xC0, 0xFF,
    0xF3, 0xFF, 0xF1, 0xFF, 0xFC, 0xFF, 0xE0, 0xFF, 0xE1, 0xFF, 0xCF, 0xFF, 0xCF, 0xFF, 0xCF, 0xFF,
    0xCF, 0xFF, 0xCF, 0xFF, 0x00, 0xFF, 0x00, 0xFF, 0xCF, 0xFF, 0xCF, 0xFF, 0xCF, 0xFF, 0xCF, 0xFF,
    0xCF, 0xFF, 0xCF, 0xFF, 0xCE, 0x7F, 0xCE, 0x7F, 0xC4, 0x7F, 0xE0, 0xFF, 0xF1, 0xFF, 0xF3, 0xFF,
    0xF1, 0xFF, 0xFC, 0xFF, 0xE1, 0xFF, 0xE1, 0xFF, 0xDE, 0xFF, 0xCC, 0xFF, 0xE1, 0xFF, 0xF3, 0xFF,
    0xFF, 0xFF, 0xFF, 0xFF, 0x00, 0x3F, 0x00, 0x3F, 0x33, 0x3F, 0x33, 0x3F, 0xF3, 0xFF, 0xF3, 0xFF,
    0xF3, 0xFF, 0xF3, 0xFF, 0xF3, 0xFF, 0xF3, 0xFF, 0xF3, 0xFF, 0xF3, 0xFF, 0xF3, 0xFF, 0xF3, 0xFF,
    0xF3, 0xFF, 0xF3, 0xFF, 0xC0, 0xFF, 0xC0, 0xFF, 0xFE, 0x7F, 0xCC, 0x7F, 0xCE, 0x7F, 0xCE, 0xFF,
    0xCC, 0xFF, 0xCF, 0xFF, 0x00, 0xFF, 0x00, 0xFF, 0xCF, 0xFF, 0xCF, 0xFF, 0xCF, 0xFF, 0xCF, 0xFF,
    0xCF, 0xFF, 0xCF, 0xFF, 0xCE, 0x7F, 0xCE, 0x7F, 0xCC, 0x7F, 0xE0, 0xFF, 0xF1, 0xFF, 0x00, 0x3F,
    0x00, 0x3F, 0x33, 0x3F, 0x33, 0x3F, 0xF3, 0xFF, 0xF3, 0xFF, 0xF3, 0xFF, 0xF3, 0xFF, 0xF3, 0xFF,
    0xC0, 0xFF, 0xC0, 0xFF, 0xF3, 0xFF, 0xF3, 0xFF, 0xF3, 0xFF, 0xF3, 0xFF, 0xF3, 0xFF, 0xC0, 0xFF,
    0xC0, 0xFF, 0xCF, 0xFF, 0xCF, 0xFF, 0xCF, 0xFF, 0xCF, 0xFF, 0xCF, 0xFF, 0x00, 0xFF, 0x00, 0xFF,
    0xCF, 0xFF, 0xCF, 0xFF, 0x03, 0xFF, 0x03, 0xFF, 0xCF, 0xFF, 0xCF, 0xFF, 0xCE, 0x7F, 0xCE, 0x7F,
    0xCC, 0x7F, 0xE0, 0xFF, 0xF1, 0xFF, 0xC6, 0x7F, 0x82, 0x7F, 0x90, 0xFF, 0xB9, 0xFF, 0xFF, 0xFF,
    0xFF, 0xFF, 0x0C, 0x3F, 0x0C, 0x3F, 0x9E, 0x7F, 0x9E, 0x7F, 0x9E, 0x7F, 0x9E, 0x7F, 0x9E, 0x7F,
    0x9E, 0x7F, 0x9E, 0x7F, 0x9E, 0x7F, 0x9E, 0x7F, 0x9E, 0x7F, 0x9E, 0x7F, 0x9E, 0x7F, 0x9E, 0x7F,
    0x8C, 0x7F, 0xC0, 0xFF, 0xE1, 0xFF, 0xC7, 0x7F, 0x82, 0x7F, 0x90, 0x7F, 0xB8, 0xFF, 0xFF, 0xFF,
    0xFF, 0xFF, 0x1C, 0x7F, 0x1C, 0x7F, 0x9E, 0x7F, 0x9E, 0x7F, 0x9E, 0x7F, 0x9E, 0x7F, 0x9E, 0x7F,
    0x9E, 0x7F, 0x9E, 0x7F, 0x9E, 0x7F, 0x8C, 0x7F, 0x80, 0x3F, 0xC2, 0x3F, 0x80, 0x7F, 0x80, 0x7F,
    0xFF, 0xFF, 0xFF, 0xFF, 0xFF, 0xFF, 0x0C, 0x3F, 0x0C, 0x3F, 0x9E, 0x7F, 0x9E, 0x7F, 0x9E, 0x7F,
    0x9E, 0x7F, 0x9E, 0x7F, 0x9E, 0x7F, 0x9E, 0x7F, 0x9E, 0x7F, 0x9E, 0x7F, 0x9E, 0x7F, 0x9E, 0x7F,
    0x9E, 0x7F, 0x9E, 0x7F, 0x8C, 0x7F, 0xC0, 0xFF, 0xE1, 0xFF, 0x80, 0x7F, 0x80, 0x7F, 0xFF, 0xFF,
    0xFF, 0xFF, 0xFF, 0xFF, 0x1C, 0x7F, 0x1C, 0x7F, 0x9E, 0x7F, 0x9E, 0x7F, 0x9E, 0x7F, 0x9E, 0x7F,
    0x9E, 0x7F, 0x9E, 0x7F, 0x9E, 0x7F, 0x9E, 0x7F, 0x8C, 0x7F, 0x80, 0x3F, 0xC2, 0x3F, 0xDE, 0xFF,
    0xCC, 0xFF, 0xC0, 0xFF, 0xE1, 0xFF, 0xFF, 0xFF, 0xFF, 0xFF, 0x0C, 0x3F, 0x0C, 0x3F, 0x9E, 0x7F,
    0x9E, 0x7F, 0x9E, 0x7F, 0x9E, 0x7F, 0x9E, 0x7F, 0x9E, 0x7F, 0x9E, 0x7F, 0x9E, 0x7F, 0x9E, 0x7F,
    0x9E, 0x7F, 0x9E, 0x7F, 0x9E, 0x7F, 0x9E, 0x7F, 0x8C, 0x7F, 0xC0, 0xFF, 0xE1, 0xFF, 0xDE, 0xFF,
    0xCC, 0xFF, 0xC0, 0xFF, 0xE1, 0xFF, 0xFF, 0xFF, 0xFF, 0xFF, 0x1C, 0x7F, 0x1C, 0x7F, 0x9E, 0x7F,
    0x9E, 0x7F, 0x9E, 0x7F, 0x9E, 0x7F, 0x9E, 0x7F, 0x9E, 0x7F, 0x9E, 0x7F, 0x9E, 0x7F, 0x8C, 0x7F,
    0x80, 0x3F, 0xC2, 0x3F, 0xE1, 0xFF, 0xE1, 0xFF, 0xED, 0xFF, 0xE1, 0xFF, 0xF3, 0xFF, 0xFF, 0xFF,
    0x0C, 0x3F, 0x0C, 0x3F, 0x9E, 0x7F, 0x9E, 0x7F, 0x9E, 0x7F, 0x9E, 0x7F, 0x9E, 0x7F, 0x9E, 0x7F,
    0x9E, 0x7F, 0x9E, 0x7F, 0x9E, 0x7F, 0x9E, 0x7F, 0x9E, 0x7F, 0x9E, 0x7F, 0x9E, 0x7F, 0x8C, 0x7F,
    0xC0, 0xFF, 0xE1, 0xFF, 0xE1, 0xFF, 0xE1, 0xFF, 0xED, 0xFF, 0xE1, 0xFF, 0xE1, 0xFF, 0xFF, 0xFF,
    0x1C, 0x7F, 0x1C, 0x7F, 0x9E, 0x7F, 0x9E, 0x7F, 0x9E, 0x7F, 0x9E, 0x7F, 0x9E, 0x7F, 0x9E, 0x7F,
    0x9E, 0x7F, 0x9E, 0x7F, 0x8C, 0x7F, 0x80, 0x3F, 0xC2, 0x3F, 0xF7, 0x7F, 0xF3, 0x3F, 0xE6, 0x7F,
    0x8C, 0xFF, 0xDD, 0xFF, 0xFF, 0xFF, 0x0C, 0x3F, 0x0C, 0x3F, 0x9E, 0x7F, 0x9E, 0x7F, 0x9E, 0x7F,
    0x9E, 0x7F, 0x9E, 0x7F, 0x9E, 0x7F, 0x9E, 0x7F, 0x9E, 0x7F, 0x9E, 0x7F, 0x9E, 0x7F, 0x9E, 0x7F,
    0x9E, 0x7F, 0x9E, 0x7F, 0x8C, 0x7F, 0xC0, 0xFF, 0xE1, 0xFF, 0xF3, 0x3F, 0xE6, 0x3F, 0xCC, 0xFF,
    0x9D, 0xFF, 0xFF, 0xFF, 0x1C, 0x7F, 0x1C, 0x7F, 0x9E, 0x7F, 0x9E, 0x7F, 0x9E, 0x7F, 0x9E, 0x7F,
    0x9E, 0x7F, 0x9E, 0x7F, 0x9E, 0x7F, 0x9E, 0x7F, 0x8C, 0x7F, 0x80, 0x3F, 0xC2, 0x3F, 0x0C, 0x3F,
    0x0C, 0x3F, 0x9E, 0x7F, 0x9E, 0x7F, 0x9E, 0x7F, 0x9E, 0x7F, 0x9E, 0x7F, 0x9E, 0x7F, 0x9E, 0x7F,
    0x9E, 0x7F, 0x9E, 0x7F, 0x9E, 0x7F, 0x9E, 0x7F, 0x9E, 0x7F, 0x9E, 0x7F, 0x8C, 0x7F, 0xC0, 0xFF,
    0xE1, 0xFF, 0xF7, 0xFF, 0xE7, 0xFF, 0xE7, 0xFF, 0xE1, 0xFF, 0xF1, 0xFF, 0x1C, 0x7F, 0x1C, 0x7F,
    0x9E, 0x7F, 0x9E, 0x7F, 0x9E, 0x7F, 0x9E, 0x7F, 0x9E, 0x7F, 0x9E, 0x7F, 0x9E, 0x7F, 0x9E, 0x7F,
    0x8C, 0x7F, 0x80, 0x3F, 0xC2, 0x3F, 0xFF, 0x7F, 0xFE, 0x7F, 0xFE, 0x7F, 0xFE, 0x1F, 0xFF, 0x1F,
    0xF0, 0xFF, 0xF0, 0xFF, 0xE6, 0x7F, 0xEF, 0x7F, 0xFF, 0xFF, 0xFF, 0xFF, 0x0F, 0x0F, 0x0F, 0x0F,
    0x9F, 0x9F, 0x9F, 0x9F, 0x9F, 0x9F, 0x99, 0x9F, 0x99, 0x9F, 0xD9, 0xBF, 0xD9, 0xBF, 0xC0, 0x3F,
    0xC0, 0x3F, 0xC0, 0x3F, 0xC6, 0x3F, 0xC6, 0x3F, 0xC6, 0x3F, 0xC6, 0x3F, 0xE6, 0x7F, 0xE6, 0x7F,
    0xF0, 0xFF, 0xF0, 0xFF, 0xE6, 0x7F, 0xEF, 0x7F, 0xFF, 0xFF, 0xFF, 0xFF, 0x0F, 0x0F, 0x0F, 0x0F,
    0x9F, 0x9F, 0x9F, 0x9F, 0x99, 0x9F, 0xD9, 0xBF, 0xC1, 0x3F, 0xC0, 0x3F, 0xC0, 0x3F, 0xC6, 0x3F,
    0xC6, 0x3F, 0xE6, 0x7F, 0xE6, 0x7F, 0xE1, 0xFF, 0xE1, 0xFF, 0xCC, 0xFF, 0xDE, 0xFF, 0xFF, 0xFF,
    0xFF, 0xFF, 0x0C, 0x3F, 0x0C, 0x3F, 0x9E, 0x7F, 0x8C, 0x7F, 0xCC, 0xFF, 0xCC, 0xFF, 0xC0, 0xFF,
    0xE1, 0xFF, 0xE1, 0xFF, 0xE1, 0xFF, 0xF3, 0xFF, 0xF3, 0xFF, 0xF3, 0xFF, 0xF3, 0xFF, 0xF3, 0xFF,
    0xF3, 0xFF, 0xC0, 0xFF, 0xC0, 0xFF, 0xE1, 0xFF, 0xE1, 0xFF, 0xCC, 0xFF, 0xDE, 0xFF, 0xFF, 0xFF,
    0xFF, 0xFF, 0x0C, 0x3F, 0x0C, 0x3F, 0x9E, 0x7F, 0x9E, 0x7F, 0xCC, 0xFF, 0xCC, 0xFF, 0xCC, 0xFF,
    0xCC, 0xFF, 0xE1, 0xFF, 0xE1, 0xFF, 0xE1, 0xFF, 0xF1, 0xFF, 0xF3, 0xFF, 0xF3, 0xFF, 0xE3, 0xFF,
    0xE7, 0xFF, 0x87, 0xFF, 0x8F, 0xFF, 0x8C, 0x7F, 0x8C, 0x7F, 0x8C, 0xFF, 0xFF, 0xFF, 0xFF, 0xFF,
    0x0C, 0x3F, 0x0C, 0x3F, 0x9E, 0x7F, 0x8C, 0x7F, 0xCC, 0xFF, 0xCC, 0xFF, 0xC0, 0xFF, 0xE1, 0xFF,
    0xE1, 0xFF, 0xE1, 0xFF, 0xF3, 0xFF, 0xF3, 0xFF, 0xF3, 0xFF, 0xF3, 0xFF, 0xF3, 0xFF, 0xF3, 0xFF,
    0xC0, 0xFF, 0xC0, 0xFF, 0xFB, 0xF1, 0xF3, 0xC7, 0xEF, 0xFF, 0x00, 0x00, 0x7C, 0x78, 0xF9, 0xF1,
    0xF3, 0xE3, 0xE7, 0xE7, 0xC7, 0xCF, 0x8F, 0x9F, 0x1E, 0x3E, 0x00, 0x00, 0xF9, 0xF3, 0xE7, 0xCF,
    0xFF, 0x00, 0x00, 0x7C, 0x79, 0xF1, 0xF3, 0xE7, 0xCF, 0x8F, 0x9E, 0x3E, 0x00, 0x00, 0xE7, 0xC3,
    0xE7, 0xFF, 0xFF, 0x00, 0x00, 0x7C, 0x78, 0xF9, 0xF1, 0xF3, 0xE3, 0xE7, 0xE7, 0xC7, 0xCF, 0x8F,
    0x9F, 0x1E, 0x3E, 0x00, 0x00, 0xE7, 0xC3, 0xE7, 0xFF, 0xFF, 0x00, 0x00, 0x7C, 0x79, 0xF1, 0xF3,
    0xE7, 0xCF, 0x8F, 0x9E, 0x3E, 0x00, 0x00, 0xBD, 0x99, 0xC3, 0xE7, 0xFF, 0xFF, 0x00, 0x00, 0x7C,
    0x78, 0xF9, 0xF1, 0xF3, 0xE3, 0xE7, 0xE7, 0xC7, 0xCF, 0x8F, 0x9F, 0x1E, 0x3E, 0x00, 0x00, 0xBD,
    0x99, 0xC3, 0xC3, 0xFF, 0xFF, 0x00, 0x00, 0x7C, 0x79, 0xF1, 0xF3, 0xE7, 0xCF, 0x8F, 0x9E, 0x3E,
    0x00, 0x00, 0xE1, 0xFF, 0xC0, 0xFF, 0xCC, 0xFF, 0x8C, 0x7F, 0x8E, 0x7F, 0x8F, 0xFF, 0x8F, 0xFF,
    0x8F, 0xFF, 0x8F, 0xFF, 0x8F, 0xFF, 0x8F, 0xFF, 0x8F, 0xFF, 0x8F, 0xFF, 0x8F, 0xFF, 0x8F, 0xFF,
    0x8F, 0xFF, 0x03, 0xFF, 0x03, 0xFF, 0xE7, 0xC3, 0x99, 0x3C, 0x99, 0xC3, 0xE7, 0xE7, 0xE7, 0xE7,
    0xE7, 0xE7, 0xE7, 0xE7, 0xE7, 0xE7, 0xE7, 0xE7, 0xE7, 0xE7, 0xE7, 0xE7, 0xE7, 0xE7, 0xE7, 0xE7,
    0xE7, 0xE7, 0xE7, 0xE7, 0x7B, 0x33, 0x87, 0xCF, 0xCF, 0xB7, 0x7B, 0xCF, 0xCF, 0xCF, 0xCF, 0xCF,
    0xCF, 0xCF, 0xCF, 0xCF, 0xCF, 0xCF, 0xCF, 0xCF, 0xCF, 0xCF, 0xCF, 0xCF, 0xCF, 0xCF, 0xCF, 0xCF,
    0xCF, 0xCF, 0x00, 0x3F, 0x00, 0x3F, 0x00, 0x00, 0x00, 0x00, 0x00, 0x00, 0x33, 0x33, 0x33, 0x33,
    0x33, 0x33, 0x33, 0x33, 0x33, 0x33, 0x33, 0x33, 0x33, 0x33, 0x33, 0x33, 0x33, 0x33, 0x33, 0x33,
    0x33, 0x33, 0x33, 0x33, 0x00, 0x00, 0xFF, 0x00, 0x00, 0xDF, 0xCF, 0x9F, 0x9F, 0x3F, 0x1F, 0x0F,
    0x0F, 0x9F, 0x9F, 0x0F, 0x0F, 0x8F, 0xCF, 0x9F, 0x9F, 0x3F, 0xBF, 0x9F, 0x0F, 0x0F, 0x1F, 0x3F,
    0x9F, 0x9F, 0xCF, 0xDF, 0xEF, 0x7F, 0xC7, 0x3F, 0xCE, 0x7F, 0x9E, 0xFF, 0xBC, 0xFF, 0x0C, 0x7F,
    0x0C, 0x3F, 0x0C, 0x3F, 0x8C, 0x7F, 0x8C, 0x7F, 0x0C, 0x3F, 0x0C, 0x3F, 0x8C, 0x3F, 0xCF, 0x7F,
    0xDE, 0x7F, 0x9C, 0xFF, 0x38, 0xFF, 0xBD, 0xFF, 0x8C, 0x7F, 0x0C, 0x3F, 0x0C, 0x3F, 0x0C, 0x7F,
    0xBC, 0xFF, 0x9C, 0xFF, 0xCE, 0x7F, 0xC7, 0x3F, 0xEF, 0x7F, 0xE7, 0xE7, 0xE7, 0xE7, 0xE7, 0xE7,
    0xE7, 0x00, 0x00, 0xE7, 0xE7, 0xE7, 0xE7, 0xE7, 0xE7, 0xE7, 0xE7, 0xE7, 0xE7, 0xE7, 0xE7, 0xE7,
    0xE7, 0xE7, 0xE7, 0xE7, 0xE7, 0xE7, 0xE7, 0xE7, 0xE7, 0x00, 0x00, 0xE7, 0xE7, 0xE7, 0xE7, 0xE7,
    0xE7, 0x00, 0x00, 0xE7, 0xE7, 0xE7, 0xE7, 0xE7, 0xE7, 0xE7, 0xC3, 0x81, 0x00, 0x00, 0x00, 0x81,
    0xC3, 0x7F, 0x3F, 0x1F, 0x07, 0x01, 0x03, 0x07, 0x1F, 0x7F, 0x9F, 0xF1, 0x0F, 0xF0, 0x0F, 0xF0,
    0x9F, 0xF1, 0x0F, 0x1F, 0x0F, 0x0F, 0x0F, 0x0F, 0x0F, 0x0F, 0x0F, 0x0F, 0x1F, 0x0F, 0x8F, 0x1F,
    0xFF, 0x07, 0x3F, 0xFF, 0x26, 0x7F, 0xFF, 0x26, 0x7F, 0xFF, 0x26, 0x7F, 0xFF, 0x24, 0xFF, 0xFF,
    0x24, 0xFF, 0xFF, 0x01, 0xFF, 0xFF, 0x89, 0xFF, 0xFF, 0xF2, 0x38, 0xFF, 0xF0, 0x10, 0x7F, 0xE4,
    0x92, 0x7F, 0xE4, 0x92, 0x7F, 0xCC, 0x92, 0x7F, 0xCC, 0x92, 0x7F, 0x9C, 0x92, 0x7F, 0x9C, 0x90,
    0x7F, 0x3E, 0x38, 0xFF, 0x8F, 0x1F, 0xFF, 0x07, 0x3F, 0xFF, 0x27, 0x3F, 0xFF, 0x26, 0x7F, 0xFF,
    0x26, 0x7F, 0xFF, 0x24, 0xFF, 0xFF, 0x24, 0xFF, 0xFF, 0x01, 0xFF, 0xFF, 0x89, 0xFF, 0xFF, 0xF2,
    0x38, 0xE3, 0xF0, 0x10, 0x41, 0xE4, 0x92, 0x49, 0xE4, 0x92, 0x49, 0xCC, 0x92, 0x49, 0xCC, 0x92,
    0x49, 0x9C, 0x92, 0x49, 0x9C, 0x92, 0x43, 0x1E, 0x38, 0xE3, 0xC7, 0x8F, 0x8F, 0x9F, 0x9F, 0x1F,
    0x3F, 0x3F, 0xCC, 0x7F, 0x8C, 0xFF, 0x88, 0xFF, 0x98, 0xFF, 0x19, 0xFF, 0x19, 0xFF, 0x31, 0xFF,
    0x33, 0xFF, 0xC4, 0xCF, 0xCC, 0x9F, 0xC8, 0x9F, 0xC9, 0x9F, 0x99, 0x3F, 0x99, 0x3F, 0x93, 0x3F,
    0x32, 0x7F, 0x1F, 0x8F, 0x8F, 0xCF, 0xCF, 0xC7, 0xE7, 0xE7, 0x19, 0xFF, 0x98, 0xFF, 0x8C, 0xFF,
    0x8C, 0xFF, 0xCC, 0x7F, 0xCE, 0x7F, 0xC6, 0x7F, 0xE6, 0x7F, 0x32, 0x3F, 0x93, 0x3F, 0x99, 0x3F,
    0x99, 0x3F, 0xC9, 0x9F, 0xC9, 0x9F, 0xCC, 0x9F, 0xE4, 0xCF, 0xE1, 0xFF, 0xC0, 0xFF, 0xCC, 0xFF,
    0x8C, 0x7F, 0x1E, 0x3F, 0x3F, 0x3F, 0xF3, 0xE7, 0xE7, 0xCF, 0x8F, 0x1F, 0x1F, 0x8F, 0xCF, 0xE7,
    0xF7, 0xF3, 0x3F, 0x9F, 0x9F, 0xCF, 0xC7, 0xE3, 0xE3, 0xCF, 0xCF, 0x9F, 0xBF, 0x3F, 0xBF, 0xCF,
    0xF7, 0x1F, 0xCF, 0xE3, 0x9F, 0xCF, 0xE7, 0xCF, 0xFF, 0xCF, 0xE7, 0xFF, 0x9F, 0xF3, 0xFF, 0x3F,
    0xF9, 0xFE, 0x7F, 0xFC, 0xFC, 0xFF, 0xFE, 0x79, 0xFF, 0xFF, 0x33, 0xFF, 0x1F, 0x87, 0xE3, 0x1F,
    0xCF, 0xE3, 0x1F, 0x87, 0xE3, 0xFF, 0x33, 0xFF, 0xFE, 0x79, 0xFF, 0xFC, 0xFC, 0xFF, 0xF9, 0xFE,
    0x7F, 0xF3, 0xFF, 0x3F, 0xE7, 0xFF, 0x9F, 0xCF, 0xFF, 0xCF, 0x8F, 0xCF, 0xC7, 0x1F, 0xCF, 0xE3,
    0xBF, 0xCF, 0xF7, 0x3C, 0x3C, 0x3C, 0x3C, 0x3C, 0x3C, 0x3C, 0x3C, 0x3C, 0x3C, 0x3C, 0x3C, 0xFF,
    0xFF, 0x18, 0x18, 0x18, 0x18, 0xBC, 0x3F, 0x38, 0x1F, 0x11, 0x9F, 0x93, 0x9F, 0x9F, 0x9F, 0x9F,
    0x9F, 0x8F, 0x1F, 0xCE, 0x3F, 0xCE, 0x3F, 0xCC, 0x7F, 0xE0, 0xFF, 0xE1, 0xFF, 0xED, 0xFF, 0xFF,
    0xFF, 0xF3, 0xFF, 0xE1, 0xFF, 0xE1, 0xFF, 0xF3, 0xFF, 0x9E, 0x7F, 0x00, 0x3F, 0xE1, 0xFF, 0xE1,
    0xFF, 0x00, 0x3F, 0x9E, 0x7F, 0xFF, 0x7F, 0xFF, 0x3F, 0xFE, 0x7F, 0xFC, 0xFF, 0xF8, 0xFF, 0xF1,
    0xFF, 0xE1, 0xFF, 0xC0, 0xFF, 0xCC, 0xFF, 0x9E, 0x7F, 0x3F, 0x3F, 0xBF, 0x7F, 0xFF, 0xCF, 0xFF,
    0xFF, 0xCF, 0xFF, 0xFF, 0xCF, 0xFF, 0xFC, 0x48, 0xFF, 0xFC, 0x00, 0xFF, 0xFF, 0x87, 0xFF, 0xFF,
    0x87, 0xFF, 0xFF, 0x03, 0xFF, 0xFE, 0x31, 0xFF, 0xFF, 0x7B, 0xFF, 0xFF, 0xFF, 0xFF, 0xF3, 0xFF,
    0x3F, 0xF3, 0xFF, 0x3F, 0x73, 0xB7, 0x3B, 0x00, 0x30, 0x03, 0x80, 0x78, 0x07, 0xE1, 0xFE, 0x1F,
    0xE1, 0xFE, 0x1F, 0xCC, 0xFC, 0xCF, 0x8C, 0x78, 0xC7, 0xDE, 0xFD, 0xEF, 0x01, 0x01, 0x3F, 0x3F,
    0x3F, 0x3F, 0x3F, 0x3F, 0x3F, 0x3F, 0x3F, 0x01, 0x01, 0x3F, 0x3F, 0x3F, 0x3F, 0x3F, 0x3F, 0x3F,
    0x3F, 0x3F, 0x01, 0x01, 0x01, 0x01, 0xF9, 0xF9, 0xF9, 0xF9, 0xF9, 0xF9, 0xF9, 0xF9, 0xF9, 0x01,
    0x01, 0xF9, 0xF9, 0xF9, 0xF9, 0xF9, 0xF9, 0xF9, 0xF9, 0xF9, 0x01, 0x01, 0x8C, 0x7F, 0x00, 0x3F,
    0x21, 0x3F, 0x21, 0x3F, 0x61, 0x3F, 0xE7, 0x3F, 0xE7, 0x3F, 0xC7, 0x3F, 0xCE, 0x7F, 0xCE, 0x7F,
    0xCE, 0x7F, 0x9E, 0x7F, 0xFF, 0xFF, 0xFF, 0xFF, 0x8C, 0x7F, 0x8C, 0x7F, 0x8C, 0x7F, 0x8C, 0x7F,
    0x8E, 0x7F, 0x06, 0x7F, 0x26, 0x7F, 0x26, 0x7F, 0x66, 0x7F, 0xE6, 0x7F, 0xE6, 0x7F, 0xE6, 0x7F,
    0xCE, 0x7F, 0xCE, 0x7F, 0xCE, 0x7F, 0x9E, 0x7F, 0x9F, 0xFF, 0xFF, 0xFF, 0x8C, 0x7F, 0x8C, 0x7F,
    0x8C, 0x7F, 0x8C, 0x7F, 0x38, 0xFF, 0x30, 0x7F, 0x32, 0x7F, 0x32, 0x7F, 0x32, 0x7F, 0x3E, 0x7F,
    0x3E, 0x7F, 0x3E, 0x7F, 0x3C, 0x7F, 0x3C, 0xFF, 0x3C, 0xFF, 0x3C, 0xFF, 0xFC, 0xFF, 0xFF, 0xFF,
    0x18, 0xFF, 0x18, 0xFF, 0x18, 0xFF, 0x18, 0xFF, 0x00, 0x00, 0xFC, 0xF8, 0xF9, 0xF9, 0xF1, 0xF3,
    0xF3, 0xE3, 0xE7, 0xC7, 0xEF, 0x03, 0x01, 0x60, 0x60, 0x60, 0x60, 0x60, 0x60, 0x61, 0x63, 0x6F,
    0x6F, 0x6F, 0x6F, 0x6F, 0x6F, 0x6F, 0x6F, 0xC0, 0x80, 0x06, 0x06, 0x06, 0x06, 0x06, 0x06, 0x80,
    0xC0, 0x03, 0x01, 0x60, 0x60, 0x60, 0x60, 0x60, 0x60, 0x01, 0x03, 0xF3, 0xFF, 0xF3, 0xFF, 0x73,
    0xBF, 0x00, 0x3F, 0x80, 0x7F, 0xE1, 0xFF, 0xE1, 0xFF, 0xCC, 0xFF, 0x8C, 0x7F, 0xDE, 0xFF, 0x9F,
    0x0F, 0x0F, 0x9F, 0xFF, 0xFF, 0xFF, 0xFF, 0xFF, 0x9F, 0x0F, 0x0F, 0x1F, 0x3F, 0x9F, 0x9F, 0xCF,
    0xCF, 0xE1, 0xFF, 0x00, 0x3F, 0x9E, 0x7F, 0xFF, 0xFF, 0xFF, 0xFF, 0xFF, 0xFF, 0xFF, 0xFF, 0xFF,
    0xFF, 0xFF, 0xFF, 0xFF, 0xFF, 0xFF, 0xFF, 0xFF, 0xFF, 0xFF, 0xFF, 0xFF, 0xFF, 0xFF, 0xFF, 0xFF,
    0xFF, 0xFF, 0xFF, 0xFF, 0xFF, 0xFF, 0xFF, 0x9E, 0x7F, 0x00, 0x3F, 0xE1, 0xFF, 0xF3, 0xFF, 0xF3,
    0xFF, 0xF3, 0xFF, 0x12, 0x3F, 0x00, 0x3F, 0xE1, 0xFF, 0xE1, 0xFF, 0xC0, 0xFF, 0x8C, 0x7F, 0xDE,
    0xFF, 0xFF, 0xFF, 0xF3, 0xFF, 0xF3, 0xFF, 0x73, 0xBF, 0x00, 0x3F, 0x80, 0x7F, 0xE1, 0xFF, 0xE1,
    0xFF, 0xCC, 0xFF, 0x8C, 0x7F, 0xDE, 0xFF, 0x8E, 0x7F, 0x0E, 0x7F, 0x06, 0xFF, 0x8C, 0xFF, 0xFC,
    0xFF, 0xF9, 0xFF, 0xF9, 0xFF, 0xF9, 0xFF, 0xF3, 0xFF, 0xF3, 0xFF, 0xE7, 0xFF, 0xE7, 0xFF, 0xE7,
    0xFF, 0xCF, 0xFF, 0xCC, 0x7F, 0xD8, 0x3F, 0x9C, 0x3F, 0x9C, 0x7F, 0xF8, 0x7F, 0xF7, 0xE0, 0x3F,
    0xF3, 0xC7, 0x1F, 0xE3, 0x8F, 0xCF, 0xC7, 0x1F, 0xE3, 0x8F, 0x3F, 0xF0, 0x1F, 0xBF, 0xF8, 0x7F,
    0xF3, 0xFF, 0x92, 0x7F, 0x80, 0x7F, 0xE1, 0xFF, 0x00, 0x3F, 0x00, 0x3F, 0xC0, 0xFF, 0x80, 0x7F,
    0x92, 0x7F, 0xF3, 0xFF, 0xFC, 0x7F, 0xFC, 0x3F, 0xFC, 0x3F, 0xFC, 0x7F, 0x8F, 0xFF, 0x0F, 0xFF,
    0x0F, 0xFF, 0x8F, 0xFF, 0xFF, 0xFF, 0xFC, 0x7F, 0xFC, 0x3F, 0xFC, 0x3F, 0xFC, 0x7F, 0xC8, 0x93,
    0xC9, 0x33, 0x99, 0x27, 0x93, 0x27, 0x93, 0x67, 0xB2, 0x67, 0x32, 0x4F, 0x26, 0x4F, 0xF3, 0xFF,
    0xE1, 0xFF, 0xE1, 0xFF, 0xF3, 0xFF, 0x1E, 0x3F, 0x1E, 0x3F, 0x1E, 0x3F, 0x1E, 0x3F, 0xFF, 0xFF,
    0xF3, 0xFF, 0xE1, 0xFF, 0xE1, 0xFF, 0xF3, 0xFF, 0x1E, 0x3F, 0x1E, 0x3F, 0x1E, 0x3F, 0x1E, 0x3F,
    0xF3, 0xFF, 0xE1, 0xFF, 0xE1, 0xFF, 0xF3, 0xFF, 0xFF, 0xFF, 0x1E, 0x3F, 0x1E, 0x3F, 0x1E, 0x3F,
    0x1E, 0x3F, 0x9F, 0x0F, 0x0F, 0x9F, 0xFF, 0xFF, 0xFF, 0xFF, 0xFF, 0xFF, 0xFF, 0xFF, 0xFF, 0xFF,
    0x9F, 0x0F, 0x0F, 0x9F, 0xF3, 0xFF, 0xE1, 0xFF, 0xE1, 0xFF, 0xF3, 0xFF, 0xFF, 0xFF, 0xFF, 0xFF,
    0xFF, 0xFF, 0x1E, 0x3F, 0x1E, 0x3F, 0x1E, 0x3F, 0x1E, 0x3F, 0xFF, 0xFF, 0xFF, 0xFF, 0xFF, 0xFF,
    0xF3, 0xFF, 0xE1, 0xFF, 0xE1, 0xFF, 0xF3, 0xFF, 0xF3, 0xFF, 0xF3, 0xFF, 0x12, 0x3F, 0x92, 0x7F,
    0xF3, 0xFF, 0xF3, 0xFF, 0x00, 0x3F, 0x00, 0x3F, 0xF3, 0xFF, 0x12, 0x3F, 0x92, 0x7F, 0xF3, 0xFF,
    0xF3, 0xFF, 0x9F, 0x0F, 0x9F, 0xFF, 0xFF, 0x9F, 0x0F, 0x9F, 0xFF, 0xFF, 0x9F, 0x0F, 0x9F, 0x9F,
    0x0F, 0x9F, 0xFF, 0x9F, 0x0F, 0x9F, 0xFF, 0xFF, 0x9F, 0x0F, 0x9F, 0xFF, 0xFF, 0x9F, 0x0F, 0x9F,
    0xC3, 0x81, 0x99, 0xBC, 0x38, 0x30, 0x24, 0x0C, 0x1C, 0x3D, 0x99, 0x81, 0xC3, 0xCF, 0xC7, 0xCF,
    0xFF, 0x0F, 0x0F, 0xCF, 0xCF, 0xCF, 0xCF, 0xCF, 0x03, 0x03, 0xF3, 0xF3, 0xE7, 0xE7, 0xEF, 0xCF,
    0xC9, 0x99, 0x99, 0x01, 0x01, 0xF1, 0xF1, 0x03, 0x03, 0x3B, 0x3F, 0x0F, 0x03, 0x33, 0xFB, 0xF9,
    0xFB, 0x33, 0x03, 0x87, 0xF3, 0xE7, 0xE7, 0xCF, 0xD7, 0x81, 0x99, 0xBD, 0x3C, 0xBD, 0x99, 0x81,
    0xC3, 0x03, 0x03, 0x73, 0xF3, 0xF3, 0xE7, 0xE7, 0xE7, 0xCF, 0xCF, 0xCF, 0x9F, 0x9F, 0xC3, 0x81,
    0x99, 0x99, 0x99, 0xC3, 0xC3, 0x81, 0x99, 0x3C, 0xBD, 0x81, 0xC3, 0xC3, 0x81, 0x99, 0xBD, 0x3C,
    0xBD, 0x99, 0x81, 0xEB, 0xF3, 0xE7, 0xE7, 0xCF, 0xCF, 0xCF, 0x03, 0x03, 0xCF, 0xCF, 0xCF, 0x03,
    0x03, 0x03, 0x03, 0xFF, 0x03, 0x03, 0xF7, 0xE3, 0xC7, 0xCF, 0x9F, 0x9F, 0xBF, 0xBF, 0x3F, 0x3F,
    0xBF, 0x9F, 0x9F, 0xCF, 0xC7, 0xE3, 0xF7, 0xBF, 0x1F, 0x8F, 0xCF, 0xE7, 0xE7, 0xE7, 0xF7, 0xF3,
    0xF7, 0xE7, 0xE7, 0xE7, 0xCF, 0x8F, 0x1F, 0xBF, 0x23, 0x21, 0x99, 0xB9, 0xBD, 0xBD, 0xBD, 0x18,
    0x18, 0xC3, 0x81, 0xBD, 0x3C, 0x30, 0x24, 0x0C, 0x3C, 0xBD, 0x81, 0xC3, 0xE7, 0x87, 0x27, 0xE7,
    0xE7, 0xE7, 0xE7, 0xE7, 0xE7, 0x81, 0x81, 0x87, 0x03, 0x73, 0xFB, 0xF3, 0xE7, 0xCF, 0x9F, 0x3F,
    0x03, 0x03, 0xC3, 0x81, 0x99, 0xF9, 0xE3, 0xE1, 0xF9, 0xFC, 0x3C, 0x81, 0xC3, 0xF3, 0xF3, 0xE7,
    0xEF, 0xCF, 0x99, 0x99, 0x01, 0x01, 0xF1, 0xF1, 0x03, 0x03, 0x3F, 0x07, 0x03, 0x33, 0xFB, 0xF9,
    0x33, 0x03, 0x87, 0xE3, 0xE7, 0xC7, 0xCF, 0x97, 0x81, 0x99, 0x3C, 0xBD, 0x81, 0xC3, 0x03, 0x03,
    0xF3, 0xF3, 0xE7, 0xE7, 0xE7, 0xCF, 0xCF, 0xDF, 0x9F, 0xC3, 0x81, 0x99, 0x99, 0xC3, 0xC3, 0x81,
    0x99, 0x3C, 0x81, 0xC3, 0xC3, 0x81, 0xBD, 0x3C, 0x99, 0x81, 0xC9, 0xF3, 0xF3, 0xE7, 0xC7, 0xCF,
    0xCF, 0xCF, 0x03, 0x03, 0xCF, 0xCF, 0xFB, 0xE3, 0xC7, 0xCF, 0x9F, 0x9F, 0x9F, 0xBF, 0x3F, 0x3F,
    0xBF, 0x9F, 0x9F, 0x8F, 0xCF, 0xE7, 0xF3, 0x7F, 0x1F, 0x9F, 0xCF, 0xE7, 0xE7, 0xE7, 0xF7, 0xF3,
    0xF7, 0xF7, 0xE7, 0xE7, 0xC7, 0xCF, 0x9F, 0x3F, 0xC3, 0x81, 0xFD, 0xC1, 0x81, 0x39, 0x80, 0x84,
    0xC3, 0x81, 0xBD, 0x00, 0x00, 0xBF, 0x81, 0xC3, 0xC3, 0x81, 0xBD, 0x3C, 0x3C, 0xBD, 0x81, 0xC3,
    0x18, 0x18, 0xC3, 0xE7, 0xE7, 0xC3, 0x18, 0x18, 0xA3, 0x99, 0xFD, 0x00, 0x00, 0xB9, 0x81, 0xC3,
    0x3F, 0x3F, 0xBF, 0xA3, 0xA1, 0x99, 0xBD, 0xBD, 0xBD, 0x18, 0x18, 0x1F, 0x1F, 0x9F, 0x98, 0x90,
    0x93, 0x87, 0x87, 0x93, 0x18, 0x18, 0x0F, 0x0F, 0xCF, 0xCF, 0xCF, 0xCF, 0xCF, 0xCF, 0xCF, 0x03,
    0x03, 0x09, 0x25, 0x24, 0x24, 0x24, 0x24, 0x24, 0x24, 0x23, 0x01, 0x99, 0xBD, 0xBD, 0xBD, 0x18,
    0x18, 0x23, 0x01, 0x9D, 0xBC, 0xBC, 0x9D, 0x81, 0xA3, 0xBF, 0xBF, 0x0F, 0x0F, 0x8B, 0x03, 0x3B,
    0x0F, 0xC3, 0x73, 0x03, 0x43, 0x9F, 0x9F, 0x9F, 0x03, 0x03, 0x9F, 0x9F, 0x9F, 0x99, 0xC1, 0xC3,
    0xFC, 0xBF, 0xFD, 0xBF, 0xC0, 0x3F, 0x80, 0x7F, 0x88, 0x7F, 0x9A, 0x7F, 0x1A, 0x7F, 0x12, 0xFF,
    0x14, 0xFF, 0x15, 0xFF, 0x05, 0xFF, 0x09, 0xFF, 0x0B, 0xFF, 0x0B, 0xFF, 0x1B, 0xFF, 0x16, 0x7F,
    0x96, 0x7F, 0x94, 0x7F, 0x80, 0xFF, 0xA1, 0xFF, 0x2F, 0xFF, 0x4F, 0xFF, 0x00, 0x7F, 0x00, 0x7F,
    0x8F, 0x7F, 0x8F, 0x7F, 0x8F, 0xFF, 0x8F, 0xFF, 0x8F, 0xFF, 0x03, 0xFF, 0x03, 0xFF, 0x8F, 0xFF,
    0x03, 0xFF, 0x03, 0xFF, 0x8F, 0xFF, 0x8F, 0xFF, 0x8F, 0xFF, 0x8F, 0xFF, 0x07, 0xFF, 0x07, 0xFF,
    0xF1, 0xFF, 0xE0, 0xFF, 0xC4, 0x7F, 0xCE, 0x7F, 0xCF, 0xFF, 0xCF, 0xFF, 0xCF, 0xFF, 0x01, 0xFF,
    0x01, 0xFF, 0xCF, 0xFF, 0x01, 0xFF, 0x01, 0xFF, 0xCF, 0xFF, 0xCF, 0xFF, 0xCF, 0x7F, 0x8F, 0x7F,
    0x80, 0x7F, 0x80, 0x7F, 0xFF, 0x3F, 0x12, 0x3F, 0x00, 0x1F, 0x98, 0x1F, 0x98, 0x9F, 0x98, 0x9F,
    0x99, 0x9F, 0x99, 0x9F, 0x99, 0x9F, 0x99, 0x9F, 0x91, 0x9F, 0x91, 0x9F, 0x01, 0x8F, 0x09, 0x8F,
    0xCF, 0xFF, 0x0C, 0x3F, 0x0C, 0x3F, 0x8E, 0x7F, 0x8E, 0x7F, 0x86, 0x7F, 0x86, 0x7F, 0x00, 0x3F,
    0x00, 0x3F, 0x92, 0x7F, 0x92, 0x7F, 0x00, 0x3F, 0x00, 0x3F, 0x98, 0x7F, 0x98, 0x7F, 0x9C, 0x7F,
    0x9C, 0x7F, 0x0C, 0x7F, 0x0C, 0x7F, 0x0F, 0x7F, 0x07, 0x7F, 0xA7, 0x7F, 0xB3, 0x7F, 0xB3, 0x7F,
    0xB2, 0x0F, 0xB2, 0x0F, 0xB7, 0x7F, 0xA7, 0x7F, 0x87, 0x7F, 0x8F, 0x7F, 0xBF, 0x7F, 0xBF, 0x7F,
    0xBF, 0x4F, 0xBF, 0x4F, 0xBF, 0x4F, 0x1F, 0x1F, 0x1F, 0x9F, 0x0F, 0xFF, 0x07, 0xFF, 0x27, 0xFF,
    0x37, 0xFF, 0x37, 0xFF, 0x33, 0x0F, 0x36, 0x0F, 0x36, 0x4F, 0x26, 0xCF, 0x06, 0x4F, 0x0E, 0x7F,
    0x2F, 0x1F, 0x2F, 0x9F, 0x26, 0xCF, 0x26, 0xCF, 0x36, 0xCF, 0x32, 0x1F, 0x32, 0x1F, 0x0F, 0x0F,
    0x0F, 0x0F, 0x9F, 0x9F, 0x9F, 0x9F, 0x9F, 0x9F, 0x99, 0x9F, 0x00, 0x0F, 0x00, 0x0F, 0xD9, 0xBF,
    0xC0, 0x3F, 0xC0, 0x3F, 0x00, 0x0F, 0x00, 0x0F, 0xC6, 0x3F, 0xC6, 0x3F, 0xC6, 0x3F, 0xE6, 0x7F,
    0xE6, 0x7F, 0x03, 0xBF, 0x01, 0xBF, 0x79, 0xBF, 0x7D, 0xBF, 0x6D, 0xBF, 0x6D, 0xBF, 0x6D, 0xBF,
    0x6D, 0xBF, 0x6D, 0xBF, 0x6F, 0xBF, 0x6F, 0x3F, 0x60, 0x3F, 0x60, 0x7F, 0xFC, 0x7F, 0xFC, 0x7F,
    0xFE, 0x7F, 0xF8, 0x1F, 0xF8, 0x1F, 0xC2, 0x7F, 0x80, 0x7F, 0x9C, 0x7F, 0x9E, 0x7F, 0x1E, 0x7F,
    0x1E, 0x7F, 0x1E, 0x7F, 0x1E, 0x7F, 0x1E, 0x7F, 0x9E, 0x7F, 0x9C, 0x7F, 0x80, 0x3F, 0xC2, 0x3F,
    0xFF, 0xFF, 0xFF, 0xFF, 0xFF, 0xFF, 0x80, 0x7F, 0x80, 0x7F, 0xE1, 0x3F, 0xC0, 0x3F, 0xCF, 0x3F,
    0x8F, 0x3F, 0x8F, 0x3F, 0x8F, 0xFF, 0x03, 0xFF, 0x03, 0xFF, 0x8F, 0xFF, 0x8F, 0xFF, 0x03, 0xFF,
    0x03, 0xFF, 0x8F, 0xFF, 0x8F, 0xFF, 0x8F, 0x3F, 0xCF, 0x3F, 0xC0, 0x3F, 0xF0, 0xFF, 0x0E, 0x3F,
    0x0E, 0x3F, 0x9C, 0xFF, 0x9C, 0xFF, 0x99, 0xFF, 0x99, 0xFF, 0x93, 0xFF, 0x00, 0x3F, 0x00, 0x3F,
    0x83, 0xFF, 0x83, 0xFF, 0x99, 0xFF, 0x99, 0xFF, 0x9C, 0xFF, 0x9C, 0xFF, 0x9C, 0x7F, 0x0E, 0x3F,
    0x0E, 0x3F, 0x00, 0x3F, 0x00, 0x3F, 0x33, 0x3F, 0x33, 0x3F, 0xF3, 0xFF, 0xF2, 0xFF, 0xF0, 0xFF,
    0xE1, 0xFF, 0xC3, 0xFF, 0xF2, 0xFF, 0xF0, 0xFF, 0xE1, 0xFF, 0xC3, 0xFF, 0xF3, 0xFF, 0xF3, 0xFF,
    0xF3, 0xFF, 0xC0, 0xFF, 0xC0, 0xFF, 0x0F, 0xFF, 0x07, 0xFF, 0x27, 0xFF, 0x37, 0xFF, 0x37, 0xFF,
    0x33, 0x1F, 0x32, 0x1F, 0x32, 0x4F, 0x32, 0xCF, 0x32, 0xCF, 0x32, 0xCF, 0x32, 0xCF, 0x32, 0xCF,
    0x36, 0xCF, 0x36, 0xCF, 0x26, 0x4F, 0x06, 0x1F, 0x0E, 0x9F, 0xFE, 0xFF, 0xFE, 0xFF, 0xFE, 0xFF,
    0xFE, 0xFF, 0xFE, 0xFF, 0x01, 0xFF, 0x00, 0x7F, 0x9C, 0x7F, 0x9E, 0x3F, 0x00, 0x3F, 0x9F, 0x3F,
    0x00, 0x3F, 0x9E, 0x3F, 0x9E, 0x7F, 0x80, 0x7F, 0x81, 0xFF, 0x9F, 0xFF, 0x9F, 0xFF, 0x9F, 0xFF,
    0x9F, 0xFF, 0x9F, 0xFF, 0x07, 0xFF, 0x07, 0xFF, 0xF3, 0xFF, 0xF3, 0xFF, 0xC2, 0x7F, 0x80, 0x7F,
    0x82, 0x7F, 0x92, 0x7F, 0x12, 0x7F, 0x13, 0xFF, 0x13, 0xFF, 0x13, 0xFF, 0x10, 0x7F, 0x10, 0x7F,
    0x12, 0x7F, 0x12, 0x7F, 0x12, 0x7F, 0x12, 0x7F, 0x12, 0x7F, 0x90, 0x7F, 0x80, 0x7F, 0xC2, 0x7F,
    0xF3, 0xFF, 0xF3, 0xFF, 0xE1, 0xFF, 0xE1, 0xFF, 0xE1, 0xFF, 0xE1, 0xFF, 0xE1, 0xFF, 0xC0, 0xFF,
    0x00, 0x3F, 0x00, 0x3F, 0xCC, 0xFF, 0x00, 0x3F, 0x00, 0x3F, 0x8C, 0x7F, 0x9E, 0x7F, 0x9E, 0x7F,
    0x9E, 0x7F, 0x0C, 0x3F, 0x0C, 0x3F, 0x90, 0xFF, 0x80, 0x7F, 0x9C, 0x7F, 0x9E, 0x7F, 0x9E, 0x7F,
    0xFE, 0x7F, 0x00, 0x3F, 0x00, 0x3F, 0xF0, 0xFF, 0xC3, 0xFF, 0x00, 0x3F, 0x00, 0x3F, 0x9F, 0xFF,
    0x1E, 0x7F, 0x1E, 0x7F, 0x9E, 0x7F, 0x80, 0x7F, 0xC2, 0x7F, 0xF3, 0xFF, 0xF3, 0xFF, 0xC2, 0x7F,
    0x80, 0x7F, 0x82, 0x7F, 0x92, 0x7F, 0x12, 0x7F, 0x13, 0xFF, 0x13, 0xFF, 0x13, 0xFF, 0x13, 0xFF,
    0x13, 0xFF, 0x13, 0xFF, 0x13, 0xFF, 0x13, 0xFF, 0x12, 0x7F, 0x92, 0x7F, 0x90, 0x7F, 0x80, 0xFF,
    0xE1, 0xFF, 0xF3, 0xFF, 0x00, 0x3F, 0x00, 0x3F, 0xFF, 0xFF, 0x00, 0x3F, 0x00, 0x3F, 0x33, 0x3F,
    0x33, 0x3F, 0xF3, 0xFF, 0xF3, 0xFF, 0xF3, 0xFF, 0xF3, 0xFF, 0xF3, 0xFF, 0xF3, 0xFF, 0xF3, 0xFF,
    0xF3, 0xFF, 0xF3, 0xFF, 0xC0, 0xFF, 0xC0, 0xFF, 0x00, 0xFF, 0x00, 0xFF, 0xF1, 0xFF, 0xF9, 0xFF,
    0xF9, 0xFF, 0x00, 0xFF, 0x00, 0xFF, 0xF9, 0xFF, 0xF1, 0xFF, 0x03, 0xFF, 0x07, 0xFF, 0xC7, 0xFF,
    0xE3, 0xFF, 0xF3, 0xFF, 0xF1, 0xFF, 0xF9, 0xFF, 0xFC, 0x3F, 0xFC, 0x3F, 0x83, 0xFF, 0x83, 0xFF,
    0xC7, 0xFF, 0xC7, 0xFF, 0xC7, 0xFF, 0xC7, 0xFF, 0xC1, 0xFF, 0xC3, 0xFF, 0x07, 0xFF, 0x85, 0xFF,
    0xC1, 0xFF, 0x03, 0xFF, 0x87, 0xFF, 0xC7, 0x1F, 0xC7, 0x1F, 0xC7, 0x3F, 0x80, 0x3F, 0x80, 0x7F,
    0xF9, 0xFF, 0xF9, 0xFF, 0xF9, 0xFF, 0xF9, 0xFF, 0xE0, 0x7F, 0xC0, 0x3F, 0xC9, 0x3F, 0x99, 0x9F,
    0x99, 0x9F, 0x99, 0x9F, 0x99, 0x9F, 0x99, 0x9F, 0x99, 0x9F, 0x99, 0x9F, 0x99, 0x9F, 0x0F, 0x0F,
    0x0F, 0x0F, 0x01, 0xFF, 0x00, 0x7F, 0x9E, 0x7F, 0x9E, 0x3F, 0x9F, 0x3F, 0x9F, 0x3F, 0x9F, 0x3F,
    0x9E, 0x3F, 0x9E, 0x7F, 0x00, 0x7F, 0x01, 0xFF, 0x9F, 0xFF, 0x00, 0xFF, 0x00, 0xFF, 0x9F, 0xFF,
    0x9F, 0xFF, 0x07, 0xFF, 0x07, 0xFF, 0xE1, 0xFF, 0xE1, 0xFF, 0xE1, 0xFF, 0xC0, 0xFF, 0x80, 0x7F,
    0x00, 0x3F, 0x21, 0x3F, 0x21, 0x3F, 0x21, 0xFF, 0x21, 0xFF, 0x3F, 0xFF, 0x3F, 0xFF, 0x3F, 0xFF,
    0x3F, 0xFF, 0x3F, 0xFF, 0x3F, 0xFF, 0x3F, 0xFF, 0x3F, 0xFF, 0x9F, 0xFF, 0x00, 0x3F, 0x00, 0x3F,
    0xED, 0xFF, 0xED, 0xFF, 0xED, 0xFF, 0x01, 0xFF, 0x00, 0xFF, 0xBC, 0x7F, 0xBE, 0x7F, 0xBE, 0x7F,
    0xBE, 0x7F, 0xBE, 0x7F, 0xBC, 0x7F, 0x80, 0xFF, 0x80, 0xFF, 0xBE, 0x7F, 0xBF, 0x3F, 0xBF, 0x3F,
    0xBF, 0x3F, 0xBF, 0x3F, 0xBE, 0x7F, 0x00, 0x7F, 0x01, 0xFF, 0xED, 0xFF, 0xED, 0xFF, 0xC2, 0x7F,
    0x80, 0x7F, 0x9E, 0x7F, 0x9E, 0x7F, 0x1E, 0x7F, 0x1F, 0xFF, 0x1F, 0xFF, 0x1F, 0xFF, 0x1F, 0xFF,
    0x9E, 0x7F, 0x9C, 0x7F, 0x80, 0xFF, 0xE1, 0xFF, 0xFF, 0xFF, 0xFF, 0xFF, 0xFF, 0xFF, 0x80, 0x7F,
    0x80, 0x7F,
};
inline constexpr size_t kFontData_ui_large_wgf_size = 18658;
