#pragma once

#include <cstddef>
#include <cstdint>

// Auto-generated by tools/make_font.py from Iosevka Slab Medium @ 32px
// Size: 25382 bytes

alignas(4) inline constexpr uint8_t kFontData_ui_header_wgf[] = {
    0x57, 0x47, 0x46, 0x31, 0x28, 0x1F, 0x29, 0x40, 0x00, 0x03, 0x00, 0x0F, 0x02, 0x20, 0x00, 0x00,
    0x00, 0x00, 0x00, 0xDF, 0x14, 0x00, 0x00, 0x00, 0x00, 0x00, 0x00, 0x00, 0x00, 0x00, 0x00, 0x00,
    0x00, 0x00, 0x00, 0x00, 0x00, 0x00, 0x00, 0x00, 0x00, 0x00, 0x00, 0x00, 0x00, 0x00, 0x00, 0x03,
    0x02, 0x20, 0x00, 0x00, 0x00, 0x5F, 0x00, 0x00, 0x00, 0xA0, 0x00, 0x00, 0x00, 0xE0, 0x00, 0x5F,
    0x00, 0x00, 0x20, 0x00, 0x00, 0xD0, 0x00, 0x3F, 0x01, 0x00, 0x00, 0x00, 0x00, 0x40, 0x01, 0x01,
    0x00, 0xFF, 0x00, 0x01, 0x00, 0x00, 0x00, 0x40, 0x04, 0x18, 0x06, 0xE8, 0x00, 0x19, 0x00, 0x00,
    0x00, 0x40, 0x0A, 0x0B, 0x03, 0xE7, 0x00, 0x2F, 0x00, 0x00, 0x00, 0x40, 0x0E, 0x17, 0x01, 0xE8,
    0x00, 0x5D, 0x00, 0x00, 0x00, 0x40, 0x0C, 0x1E, 0x02, 0xE5, 0x00, 0x99, 0x00, 0x00, 0x00, 0x40,
    0x0E, 0x18, 0x01, 0xE8, 0x00, 0xC9, 0x00, 0x00, 0x00, 0x40, 0x0D, 0x18, 0x02, 0xE8, 0x00, 0xF9,
    0x00, 0x00, 0x00, 0x40, 0x04, 0x0B, 0x06, 0xE7, 0x00, 0x04, 0x01, 0x00, 0x00, 0x40, 0x09, 0x20,
    0x04, 0xE5, 0x00, 0x44, 0x01, 0x00, 0x00, 0x40, 0x09, 0x20, 0x03, 0xE5, 0x00, 0x84, 0x01, 0x00,
    0x00, 0x40, 0x0E, 0x0D, 0x01, 0xE6, 0x00, 0x9E, 0x01, 0x00, 0x00, 0x40, 0x0C, 0x0C, 0x02, 0xEF,
    0x00, 0xB6, 0x01, 0x00, 0x00, 0x40, 0x06, 0x0C, 0x05, 0xFB, 0x00, 0xC2, 0x01, 0x00, 0x00, 0x40,
    0x0C, 0x03, 0x02, 0xF3, 0x00, 0xC8, 0x01, 0x00, 0x00, 0x40, 0x06, 0x05, 0x05, 0xFB, 0x00, 0xCD,
    0x01, 0x00, 0x00, 0x40, 0x0C, 0x1F, 0x02, 0xE6, 0x00, 0x0B, 0x02, 0x00, 0x00, 0x40, 0x0C, 0x18,
    0x02, 0xE8, 0x00, 0x3B, 0x02, 0x00, 0x00, 0x40, 0x0D, 0x18, 0x01, 0xE8, 0x00, 0x6B, 0x02, 0x00,
    0x00, 0x40, 0x0C, 0x18, 0x02, 0xE8, 0x00, 0x9B, 0x02, 0x00, 0x00, 0x40, 0x0C, 0x18, 0x02, 0xE8,
    0x00, 0xCB, 0x02, 0x00, 0x00, 0x40, 0x0C, 0x18, 0x02, 0xE8, 0x00, 0xFB, 0x02, 0x00, 0x00, 0x40,
    0x0C, 0x18, 0x02, 0xE8, 0x00, 0x2B, 0x03, 0x00, 0x00, 0x40, 0x0C, 0x18, 0x02, 0xE8, 0x00, 0x5B,
    0x03, 0x00, 0x00, 0x40, 0x0C, 0x18, 0x02, 0xE8, 0x00, 0x8B, 0x03, 0x00, 0x00, 0x40, 0x0C, 0x18,
    0x02, 0xE8, 0x00, 0xBB, 0x03, 0x00, 0x00, 0x40, 0x0C, 0x18, 0x02, 0xE8, 0x00, 0xEB, 0x03, 0x00,
    0x00, 0x40, 0x06, 0x11, 0x05, 0xEF, 0x00, 0xFC, 0x03, 0x00, 0x00, 0x40, 0x06, 0x18, 0x05, 0xEF,
    0x00, 0x14, 0x04, 0x00, 0x00, 0x40, 0x0D, 0x10, 0x02, 0xED, 0x00, 0x34, 0x04, 0x00, 0x00, 0x40,
    0x0C, 0x08, 0x02, 0xF1, 0x00, 0x44, 0x04, 0x00, 0x00, 0x40, 0x0D, 0x10, 0x01, 0xED, 0x00, 0x64,
    0x04, 0x00, 0x00, 0x40, 0x0C, 0x18, 0x02, 0xE8, 0x00, 0x94, 0x04, 0x00, 0x00, 0x40, 0x0C, 0x1B,
    0x02, 0xE7, 0x00, 0xCA, 0x04, 0x00, 0x00, 0x40, 0x0E, 0x18, 0x01, 0xE8, 0x00, 0xFA, 0x04, 0x00,
    0x00, 0x40, 0x0D, 0x18, 0x01, 0xE8, 0x00, 0x2A, 0x05, 0x00, 0x00, 0x40, 0x0C, 0x18, 0x02, 0xE8,
    0x00, 0x5A, 0x05, 0x00, 0x00, 0x40, 0x0D, 0x18, 0x01, 0xE8, 0x00, 0x8A, 0x05, 0x00, 0x00, 0x40,
    0x0D, 0x18, 0x01, 0xE8, 0x00, 0xBA, 0x05, 0x00, 0x00, 0x40, 0x0C, 0x18, 0x02, 0xE8, 0x00, 0xEA,
    0x05, 0x00, 0x00, 0x40, 0x0C, 0x18, 0x02, 0xE8, 0x00, 0x1A, 0x06, 0x00, 0x00, 0x40, 0x0E, 0x18,
    0x01, 0xE8, 0x00, 0x4A, 0x06, 0x00, 0x00, 0x40, 0x0C, 0x18, 0x02, 0xE8, 0x00, 0x7A, 0x06, 0x00,
    0x00, 0x40, 0x0B, 0x18, 0x02, 0xE8, 0x00, 0xAA, 0x06, 0x00, 0x00, 0x40, 0x0E, 0x18, 0x01, 0xE8,
    0x00, 0xDA, 0x06, 0x00, 0x00, 0x40, 0x0C, 0x18, 0x02, 0xE8, 0x00, 0x0A, 0x07, 0x00, 0x00, 0x40,
    0x10, 0x18, 0x00, 0xE8, 0x00, 0x3A, 0x07, 0x00, 0x00, 0x40, 0x0E, 0x18, 0x01, 0xE8, 0x00, 0x6A,
    0x07, 0x00, 0x00, 0x40, 0x0C, 0x18, 0x02, 0xE8, 0x00, 0x9A, 0x07, 0x00, 0x00, 0x40, 0x0D, 0x18,
    0x01, 0xE8, 0x00, 0xCA, 0x07, 0x00, 0x00, 0x40, 0x0C, 0x1E, 0x02, 0xE8, 0x00, 0x06, 0x08, 0x00,
    0x00, 0x40, 0x0E, 0x18, 0x01, 0xE8, 0x00, 0x36, 0x08, 0x00, 0x00, 0x40, 0x0C, 0x18, 0x02, 0xE8,
    0x00, 0x66, 0x08, 0x00, 0x00, 0x40, 0x0C, 0x18, 0x02, 0xE8, 0x00, 0x96, 0x08, 0x00, 0x00, 0x40,
    0x0E, 0x18, 0x01, 0xE8, 0x00, 0xC6, 0x08, 0x00, 0x00, 0x40, 0x0E, 0x18, 0x01, 0xE8, 0x00, 0xF6,
    0x08, 0x00, 0x00, 0x40, 0x10, 0x18, 0x00, 0xE8, 0x00, 0x26, 0x09, 0x00, 0x00, 0x40, 0x0E, 0x18,
    0x01, 0xE8, 0x00, 0x56, 0x09, 0x00, 0x00, 0x40, 0x0E, 0x18, 0x01, 0xE8, 0x00, 0x86, 0x09, 0x00,
    0x00, 0x40, 0x0C, 0x18, 0x02, 0xE8, 0x00, 0xB6, 0x09, 0x00, 0x00, 0x40, 0x09, 0x1F, 0x04, 0xE6,
    0x00, 0xF4, 0x09, 0x00, 0x00, 0x40, 0x0C, 0x1F, 0x02, 0xE6, 0x00, 0x32, 0x0A, 0x00, 0x00, 0x40,
    0x09, 0x1F, 0x03, 0xE6, 0x00, 0x70, 0x0A, 0x00, 0x00, 0x40, 0x0E, 0x09, 0x01, 0xE9, 0x00, 0xC2,
    0x01, 0x00, 0x00, 0x40, 0x0C, 0x03, 0x02, 0x00, 0x00, 0x82, 0x0A, 0x00, 0x00, 0x40, 0x08, 0x09,
    0x03, 0xE6, 0x00, 0x8B, 0x0A, 0x00, 0x00, 0x40, 0x0D, 0x11, 0x02, 0xEF, 0x00, 0xAD, 0x0A, 0x00,
    0x00, 0x40, 0x0D, 0x18, 0x01, 0xE8, 0x00, 0xDD, 0x0A, 0x00, 0x00, 0x40, 0x0C, 0x11, 0x02, 0xEF,
    0x00, 0xFF, 0x0A, 0x00, 0x00, 0x40, 0x0D, 0x18, 0x02, 0xE8, 0x00, 0x2F, 0x0B, 0x00, 0x00, 0x40,
    0x0C, 0x11, 0x02, 0xEF, 0x00, 0x51, 0x0B, 0x00, 0x00, 0x40, 0x0C, 0x18, 0x02, 0xE8, 0x00, 0x81,
    0x0B, 0x00, 0x00, 0x40, 0x0D, 0x18, 0x02, 0xEF, 0x00, 0xB1, 0x0B, 0x00, 0x00, 0x40, 0x0E, 0x18,
    0x01, 0xE8, 0x00, 0xE1, 0x0B, 0x00, 0x00, 0x40, 0x0C, 0x17, 0x02, 0xE9, 0x00, 0x0F, 0x0C, 0x00,
    0x00, 0x40, 0x0C, 0x1E, 0x00, 0xE9, 0x00, 0x4B, 0x0C, 0x00, 0x00, 0x40, 0x0E, 0x18, 0x01, 0xE8,
    0x00, 0x7B, 0x0C, 0x00, 0x00, 0x40, 0x0C, 0x18, 0x02, 0xE8, 0x00, 0xAB, 0x0C, 0x00, 0x00, 0x40,
    0x10, 0x11, 0x00, 0xEF, 0x00, 0xCD, 0x0C, 0x00, 0x00, 0x40, 0x0E, 0x11, 0x01, 0xEF, 0x00, 0xEF,
    0x0C, 0x00, 0x00, 0x40, 0x0C, 0x11, 0x02, 0xEF, 0x00, 0x11, 0x0D, 0x00, 0x00, 0x40, 0x0D, 0x18,
    0x01, 0xEF, 0x00, 0x41, 0x0D, 0x00, 0x00, 0x40, 0x0D, 0x18, 0x02, 0xEF, 0x00, 0x71, 0x0D, 0x00,
    0x00, 0x40, 0x0D, 0x11, 0x02, 0xEF, 0x00, 0x93, 0x0D, 0x00, 0x00, 0x40, 0x0C, 0x11, 0x02, 0xEF,
    0x00, 0xB5, 0x0D, 0x00, 0x00, 0x40, 0x0D, 0x18, 0x02, 0xE8, 0x00, 0xE5, 0x0D, 0x00, 0x00, 0x40,
    0x0E, 0x11, 0x01, 0xEF, 0x00, 0x07, 0x0E, 0x00, 0x00, 0x40, 0x0E, 0x11, 0x01, 0xEF, 0x00, 0x29,
    0x0E, 0x00, 0x00, 0x40, 0x10, 0x11, 0x00, 0xEF, 0x00, 0x4B, 0x0E, 0x00, 0x00, 0x40, 0x0E, 0x11,
    0x01, 0xEF, 0x00, 0x6D, 0x0E, 0x00, 0x00, 0x40, 0x0E, 0x18, 0x01, 0xEF, 0x00, 0x9D, 0x0E, 0x00,
    0x00, 0x40, 0x0C, 0x11, 0x02, 0xEF, 0x00, 0xBF, 0x0E, 0x00, 0x00, 0x40, 0x0A, 0x20, 0x03, 0xE5,
    0x00, 0xFF, 0x0E, 0x00, 0x00, 0x40, 0x02, 0x1F, 0x07, 0xE6, 0x00, 0x1E, 0x0F, 0x00, 0x00, 0x40,
    0x0A, 0x20, 0x03, 0xE5, 0x00, 0x5E, 0x0F, 0x00, 0x00, 0x40, 0x0E, 0x07, 0x01, 0xF3, 0x00, 0x00,
    0x00, 0x00, 0x00, 0x40, 0x01, 0x01, 0x00, 0xFF, 0x00, 0x6C, 0x0F, 0x00, 0x00, 0x40, 0x04, 0x18,
    0x06, 0xEF, 0x00, 0x84, 0x0F, 0x00, 0x00, 0x40, 0x0C, 0x18, 0x02, 0xEB, 0x00, 0xB4, 0x0F, 0x00,
    0x00, 0x40, 0x0C, 0x18, 0x02, 0xE8, 0x00, 0xE4, 0x0F, 0x00, 0x00, 0x40, 0x0E, 0x0E, 0x01, 0xEE,
    0x00, 0x00, 0x10, 0x00, 0x00, 0x40, 0x0E, 0x18, 0x01, 0xE8, 0x00, 0x30, 0x10, 0x00, 0x00, 0x40,
    0x02, 0x1F, 0x07, 0xE6, 0x00, 0x4F, 0x10, 0x00, 0x00, 0x40, 0x0C, 0x20, 0x02, 0xE5, 0x00, 0x8F,
    0x10, 0x00, 0x00, 0x40, 0x0A, 0x04, 0x03, 0xE9, 0x00, 0x97, 0x10, 0x00, 0x00, 0x40, 0x0E, 0x18,
    0x01, 0xE9, 0x00, 0xC7, 0x10, 0x00, 0x00, 0x40, 0x0A, 0x10, 0x03, 0xEA, 0x00, 0xE7, 0x10, 0x00,
    0x00, 0x40, 0x0E, 0x10, 0x01, 0xED, 0x00, 0x07, 0x11, 0x00, 0x00, 0x40, 0x0C, 0x08, 0x02, 0xF3,
    0x00, 0xC2, 0x01, 0x00, 0x00, 0x40, 0x0C, 0x03, 0x02, 0xF3, 0x00, 0x17, 0x11, 0x00, 0x00, 0x40,
    0x0E, 0x0F, 0x01, 0xE3, 0x00, 0xC2, 0x01, 0x00, 0x00, 0x40, 0x0C, 0x03, 0x02, 0xE9, 0x00, 0x35,
    0x11, 0x00, 0x00, 0x40, 0x08, 0x08, 0x04, 0xE7, 0x00, 0x3D, 0x11, 0x00, 0x00, 0x40, 0x0C, 0x11,
    0x02, 0xEF, 0x00, 0x5F, 0x11, 0x00, 0x00, 0x40, 0x0A, 0x11, 0x03, 0xE5, 0x00, 0x81, 0x11, 0x00,
    0x00, 0x40, 0x0A, 0x11, 0x03, 0xE5, 0x00, 0xA3, 0x11, 0x00, 0x00, 0x40, 0x08, 0x09, 0x05, 0xE6,
    0x00, 0xAC, 0x11, 0x00, 0x00, 0x40, 0x0E, 0x18, 0x01, 0xEF, 0x00, 0xDC, 0x11, 0x00, 0x00, 0x40,
    0x0C, 0x18, 0x02, 0xE8, 0x00, 0x0C, 0x12, 0x00, 0x00, 0x40, 0x06, 0x06, 0x05, 0xF2, 0x00, 0x12,
    0x12, 0x00, 0x00, 0x40, 0x06, 0x07, 0x05, 0x00, 0x00, 0x19, 0x12, 0x00, 0x00, 0x40, 0x09, 0x11,
    0x03, 0xE5, 0x00, 0x3B, 0x12, 0x00, 0x00, 0x40, 0x0A, 0x10, 0x03, 0xEA, 0x00, 0x5B, 0x12, 0x00,
    0x00, 0x40, 0x0E, 0x10, 0x01, 0xED, 0x00, 0x7B, 0x12, 0x00, 0x00, 0x40, 0x0C, 0x20, 0x02, 0xE5,
    0x00, 0xBB, 0x12, 0x00, 0x00, 0x40, 0x0C, 0x20, 0x02, 0xE5, 0x00, 0xFB, 0x12, 0x00, 0x00, 0x40,
    0x0C, 0x21, 0x02, 0xE4, 0x00, 0x3D, 0x13, 0x00, 0x00, 0x40, 0x0C, 0x18, 0x02, 0xEF, 0x00, 0x6D,
    0x13, 0x00, 0x00, 0x40, 0x0E, 0x1F, 0x01, 0xE1, 0x00, 0xAB, 0x13, 0x00, 0x00, 0x40, 0x0E, 0x1F,
    0x01, 0xE1, 0x00, 0xE9, 0x13, 0x00, 0x00, 0x40, 0x0E, 0x20, 0x01, 0xE0, 0x00, 0x29, 0x14, 0x00,
    0x00, 0x40, 0x0E, 0x1F, 0x01, 0xE1, 0x00, 0x67, 0x14, 0x00, 0x00, 0x40, 0x0E, 0x1E, 0x01, 0xE2,
    0x00, 0xA3, 0x14, 0x00, 0x00, 0x40, 0x0E, 0x20, 0x01, 0xE0, 0x00, 0xE3, 0x14, 0x00, 0x00, 0x40,
    0x0F, 0x18, 0x00, 0xE8, 0x00, 0x13, 0x15, 0x00, 0x00, 0x40, 0x0C, 0x1F, 0x02, 0xE8, 0x00, 0x51,
    0x15, 0x00, 0x00, 0x40, 0x0D, 0x1F, 0x01, 0xE1, 0x00, 0x8F, 0x15, 0x00, 0x00, 0x40, 0x0D, 0x1F,
    0x01, 0xE1, 0x00, 0xCD, 0x15, 0x00, 0x00, 0x40, 0x0D, 0x20, 0x01, 0xE0, 0x00, 0x0D, 0x16, 0x00,
    0x00, 0x40, 0x0D, 0x1E, 0x01, 0xE2, 0x00, 0x49, 0x16, 0x00, 0x00, 0x40, 0x0C, 0x1F, 0x02, 0xE1,
    0x00, 0x87, 0x16, 0x00, 0x00, 0x40, 0x0C, 0x1F, 0x02, 0xE1, 0x00, 0xC5, 0x16, 0x00, 0x00, 0x40,
    0x0C, 0x20, 0x02, 0xE0, 0x00, 0x05, 0x17, 0x00, 0x00, 0x40, 0x0C, 0x1E, 0x02, 0xE2, 0x00, 0x41,
    0x17, 0x00, 0x00, 0x40, 0x0D, 0x18, 0x01, 0xE8, 0x00, 0x71, 0x17, 0x00, 0x00, 0x40, 0x0E, 0x1F,
    0x01, 0xE1, 0x00, 0xAF, 0x17, 0x00, 0x00, 0x40, 0x0C, 0x1F, 0x02, 0xE1, 0x00, 0xED, 0x17, 0x00,
    0x00, 0x40, 0x0C, 0x1F, 0x02, 0xE1, 0x00, 0x2B, 0x18, 0x00, 0x00, 0x40, 0x0C, 0x20, 0x02, 0xE0,
    0x00, 0x6B, 0x18, 0x00, 0x00, 0x40, 0x0C, 0x1F, 0x02, 0xE1, 0x00, 0xA9, 0x18, 0x00, 0x00, 0x40,
    0x0C, 0x1E, 0x02, 0xE2, 0x00, 0xE5, 0x18, 0x00, 0x00, 0x40, 0x0E, 0x0E, 0x01, 0xEE, 0x00, 0x01,
    0x19, 0x00, 0x00, 0x40, 0x0C, 0x1A, 0x02, 0xE7, 0x00, 0x35, 0x19, 0x00, 0x00, 0x40, 0x0E, 0x1F,
    0x01, 0xE1, 0x00, 0x73, 0x19, 0x00, 0x00, 0x40, 0x0E, 0x1F, 0x01, 0xE1, 0x00, 0xB1, 0x19, 0x00,
    0x00, 0x40, 0x0E, 0x20, 0x01, 0xE0, 0x00, 0xF1, 0x19, 0x00, 0x00, 0x40, 0x0E, 0x1E, 0x01, 0xE2,
    0x00, 0x2D, 0x1A, 0x00, 0x00, 0x40, 0x0E, 0x1F, 0x01, 0xE1, 0x00, 0x6B, 0x1A, 0x00, 0x00, 0x40,
    0x0D, 0x18, 0x01, 0xE8, 0x00, 0x9B, 0x1A, 0x00, 0x00, 0x40, 0x0D, 0x18, 0x01, 0xE8, 0x00, 0xCB,
    0x1A, 0x00, 0x00, 0x40, 0x0D, 0x18, 0x02, 0xE8, 0x00, 0xFB, 0x1A, 0x00, 0x00, 0x40, 0x0D, 0x18,
    0x02, 0xE8, 0x00, 0x2B, 0x1B, 0x00, 0x00, 0x40, 0x0D, 0x19, 0x02, 0xE7, 0x00, 0x5D, 0x1B, 0x00,
    0x00, 0x40, 0x0D, 0x18, 0x02, 0xE8, 0x00, 0x8D, 0x1B, 0x00, 0x00, 0x40, 0x0D, 0x17, 0x02, 0xE9,
    0x00, 0xBB, 0x1B, 0x00, 0x00, 0x40, 0x0D, 0x19, 0x02, 0xE7, 0x00, 0xED, 0x1B, 0x00, 0x00, 0x40,
    0x0E, 0x11, 0x01, 0xEF, 0x00, 0x0F, 0x1C, 0x00, 0x00, 0x40, 0x0C, 0x18, 0x02, 0xEF, 0x00, 0x3F,
    0x1C, 0x00, 0x00, 0x40, 0x0C, 0x18, 0x02, 0xE8, 0x00, 0x6F, 0x1C, 0x00, 0x00, 0x40, 0x0C, 0x18,
    0x02, 0xE8, 0x00, 0x9F, 0x1C, 0x00, 0x00, 0x40, 0x0C, 0x19, 0x02, 0xE7, 0x00, 0xD1, 0x1C, 0x00,
    0x00, 0x40, 0x0C, 0x17, 0x02, 0xE9, 0x00, 0xFF, 0x1C, 0x00, 0x00, 0x40, 0x0C, 0x18, 0x02, 0xE8,
    0x00, 0x2F, 0x1D, 0x00, 0x00, 0x40, 0x0C, 0x18, 0x02, 0xE8, 0x00, 0x5F, 0x1D, 0x00, 0x00, 0x40,
    0x0C, 0x19, 0x02, 0xE7, 0x00, 0x91, 0x1D, 0x00, 0x00, 0x40, 0x0C, 0x17, 0x02, 0xE9, 0x00, 0xBF,
    0x1D, 0x00, 0x00, 0x40, 0x0C, 0x18, 0x02, 0xE8, 0x00, 0xEF, 0x1D, 0x00, 0x00, 0x40, 0x0E, 0x18,
    0x01, 0xE8, 0x00, 0x1F, 0x1E, 0x00, 0x00, 0x40, 0x0C, 0x18, 0x02, 0xE8, 0x00, 0x4F, 0x1E, 0x00,
    0x00, 0x40, 0x0C, 0x18, 0x02, 0xE8, 0x00, 0x7F, 0x1E, 0x00, 0x00, 0x40, 0x0C, 0x19, 0x02, 0xE7,
    0x00, 0xB1, 0x1E, 0x00, 0x00, 0x40, 0x0C, 0x18, 0x02, 0xE8, 0x00, 0xE1, 0x1E, 0x00, 0x00, 0x40,
    0x0C, 0x17, 0x02, 0xE9, 0x00, 0x0F, 0x1F, 0x00, 0x00, 0x40, 0x0C, 0x11, 0x02, 0xEC, 0x00, 0x31,
    0x1F, 0x00, 0x00, 0x40, 0x0C, 0x13, 0x02, 0xEE, 0x00, 0x57, 0x1F, 0x00, 0x00, 0x40, 0x0E, 0x18,
    0x01, 0xE8, 0x00, 0x87, 0x1F, 0x00, 0x00, 0x40, 0x0E, 0x18, 0x01, 0xE8, 0x00, 0xB7, 0x1F, 0x00,
    0x00, 0x40, 0x0E, 0x19, 0x01, 0xE7, 0x00, 0xE9, 0x1F, 0x00, 0x00, 0x40, 0x0E, 0x17, 0x01, 0xE9,
    0x00, 0x17, 0x20, 0x00, 0x00, 0x40, 0x0E, 0x1F, 0x01, 0xE8, 0x00, 0x55, 0x20, 0x00, 0x00, 0x40,
    0x0D, 0x1F, 0x01, 0xE8, 0x00, 0x93, 0x20, 0x00, 0x00, 0x40, 0x0E, 0x1E, 0x01, 0xE9, 0x00, 0xCF,
    0x20, 0x00, 0x00, 0x40, 0x0E, 0x1D, 0x01, 0xE3, 0x00, 0x09, 0x21, 0x00, 0x00, 0x40, 0x0D, 0x17,
    0x02, 0xE9, 0x00, 0x37, 0x21, 0x00, 0x00, 0x40, 0x0E, 0x1E, 0x01, 0xE2, 0x00, 0x73, 0x21, 0x00,
    0x00, 0x40, 0x0D, 0x18, 0x02, 0xE8, 0x00, 0xA3, 0x21, 0x00, 0x00, 0x40, 0x0E, 0x1F, 0x01, 0xE8,
    0x00, 0xE1, 0x21, 0x00, 0x00, 0x40, 0x0E, 0x18, 0x02, 0xEF, 0x00, 0x11, 0x22, 0x00, 0x00, 0x40,
    0x0C, 0x1F, 0x02, 0xE1, 0x00, 0x4F, 0x22, 0x00, 0x00, 0x40, 0x0C, 0x18, 0x02, 0xE8, 0x00, 0x7F,
    0x22, 0x00, 0x00, 0x40, 0x0C, 0x20, 0x02, 0xE0, 0x00, 0xBF, 0x22, 0x00, 0x00, 0x40, 0x0C, 0x19,
    0x02, 0xE7, 0x00, 0xF1, 0x22, 0x00, 0x00, 0x40, 0x0C, 0x1E, 0x02, 0xE2, 0x00, 0x2D, 0x23, 0x00,
    0x00, 0x40, 0x0C, 0x17, 0x02, 0xE9, 0x00, 0x5B, 0x23, 0x00, 0x00, 0x40, 0x0C, 0x1F, 0x02, 0xE1,
    0x00, 0x99, 0x23, 0x00, 0x00, 0x40, 0x0C, 0x19, 0x02, 0xE7, 0x00, 0xCB, 0x23, 0x00, 0x00, 0x40,
    0x0D, 0x1F, 0x01, 0xE1, 0x00, 0x09, 0x24, 0x00, 0x00, 0x40, 0x0F, 0x19, 0x02, 0xE7, 0x00, 0x41,
    0x17, 0x00, 0x00, 0x40, 0x0D, 0x18, 0x01, 0xE8, 0x00, 0x3B, 0x24, 0x00, 0x00, 0x40, 0x0D, 0x18,
    0x02, 0xE8, 0x00, 0x6B, 0x24, 0x00, 0x00, 0x40, 0x0D, 0x1D, 0x01, 0xE3, 0x00, 0xA5, 0x24, 0x00,
    0x00, 0x40, 0x0C, 0x17, 0x02, 0xE9, 0x00, 0xD3, 0x24, 0x00, 0x00, 0x40, 0x0D, 0x1E, 0x01, 0xE2,
    0x00, 0x0F, 0x25, 0x00, 0x00, 0x40, 0x0C, 0x18, 0x02, 0xE8, 0x00, 0x3F, 0x25, 0x00, 0x00, 0x40,
    0x0D, 0x1E, 0x01, 0xE2, 0x00, 0x7B, 0x25, 0x00, 0x00, 0x40, 0x0C, 0x17, 0x02, 0xE9, 0x00, 0xA9,
    0x25, 0x00, 0x00, 0x40, 0x0D, 0x1F, 0x01, 0xE8, 0x00, 0xE7, 0x25, 0x00, 0x00, 0x40, 0x0C, 0x18,
    0x02, 0xEF, 0x00, 0x17, 0x26, 0x00, 0x00, 0x40, 0x0D, 0x1F, 0x01, 0xE1, 0x00, 0x55, 0x26, 0x00,
    0x00, 0x40, 0x0C, 0x19, 0x02, 0xE7, 0x00, 0x87, 0x26, 0x00, 0x00, 0x40, 0x0C, 0x20, 0x02, 0xE0,
    0x00, 0xC7, 0x26, 0x00, 0x00, 0x40, 0x0D, 0x20, 0x02, 0xE7, 0x00, 0x07, 0x27, 0x00, 0x00, 0x40,
    0x0C, 0x1E, 0x02, 0xE2, 0x00, 0x43, 0x27, 0x00, 0x00, 0x40, 0x0D, 0x1F, 0x02, 0xE8, 0x00, 0x81,
    0x27, 0x00, 0x00, 0x40, 0x0C, 0x1E, 0x02, 0xE2, 0x00, 0xBD, 0x27, 0x00, 0x00, 0x40, 0x0D, 0x1E,
    0x02, 0xE9, 0x00, 0xF9, 0x27, 0x00, 0x00, 0x40, 0x0C, 0x20, 0x02, 0xE8, 0x00, 0x39, 0x28, 0x00,
    0x00, 0x40, 0x0D, 0x1F, 0x02, 0xE8, 0x00, 0x77, 0x28, 0x00, 0x00, 0x40, 0x0E, 0x20, 0x01, 0xE0,
    0x00, 0xB7, 0x28, 0x00, 0x00, 0x40, 0x10, 0x20, 0xFF, 0xE0, 0x00, 0xF7, 0x28, 0x00, 0x00, 0x40,
    0x0E, 0x18, 0x01, 0xE8, 0x00, 0x27, 0x29, 0x00, 0x00, 0x40, 0x0E, 0x18, 0x01, 0xE8, 0x00, 0x57,
    0x29, 0x00, 0x00, 0x40, 0x0C, 0x1F, 0x02, 0xE1, 0x00, 0x95, 0x29, 0x00, 0x00, 0x40, 0x0C, 0x18,
    0x02, 0xE8, 0x00, 0xC5, 0x29, 0x00, 0x00, 0x40, 0x0C, 0x1D, 0x02, 0xE3, 0x00, 0xFF, 0x29, 0x00,
    0x00, 0x40, 0x0C, 0x17, 0x02, 0xE9, 0x00, 0x2D, 0x2A, 0x00, 0x00, 0x40, 0x0C, 0x1E, 0x02, 0xE2,
    0x00, 0x69, 0x2A, 0x00, 0x00, 0x40, 0x0C, 0x18, 0x02, 0xE8, 0x00, 0x99, 0x2A, 0x00, 0x00, 0x40,
    0x0C, 0x1F, 0x02, 0xE8, 0x00, 0xD7, 0x2A, 0x00, 0x00, 0x40, 0x0C, 0x1E, 0x02, 0xE9, 0x00, 0x13,
    0x2B, 0x00, 0x00, 0x40, 0x0C, 0x1E, 0x02, 0xE2, 0x00, 0x4F, 0x2B, 0x00, 0x00, 0x40, 0x0C, 0x11,
    0x02, 0xEF, 0x00, 0x71, 0x2B, 0x00, 0x00, 0x40, 0x0E, 0x18, 0x00, 0xE8, 0x00, 0xA1, 0x2B, 0x00,
    0x00, 0x40, 0x10, 0x1F, 0x00, 0xE8, 0x00, 0xDF, 0x2B, 0x00, 0x00, 0x40, 0x0D, 0x20, 0x02, 0xE0,
    0x00, 0x1F, 0x2C, 0x00, 0x00, 0x40, 0x0E, 0x20, 0x00, 0xE7, 0x00, 0x5F, 0x2C, 0x00, 0x00, 0x40,
    0x0E, 0x20, 0x01, 0xE8, 0x00, 0x9F, 0x2C, 0x00, 0x00, 0x40, 0x0E, 0x20, 0x01, 0xE8, 0x00, 0xDF,
    0x2C, 0x00, 0x00, 0x40, 0x0E, 0x11, 0x01, 0xEF, 0x00, 0x01, 0x2D, 0x00, 0x00, 0x40, 0x0C, 0x1F,
    0x02, 0xE1, 0x00, 0x3F, 0x2D, 0x00, 0x00, 0x40, 0x0C, 0x1F, 0x02, 0xE1, 0x00, 0x7D, 0x2D, 0x00,
    0x00, 0x40, 0x0C, 0x20, 0x02, 0xE8, 0x00, 0xBD, 0x2D, 0x00, 0x00, 0x40, 0x0C, 0x20, 0x02, 0xE8,
    0x00, 0xFD, 0x2D, 0x00, 0x00, 0x40, 0x0C, 0x19, 0x02, 0xE7, 0x00, 0x2F, 0x2E, 0x00, 0x00, 0x40,
    0x0C, 0x19, 0x02, 0xE7, 0x00, 0x61, 0x2E, 0x00, 0x00, 0x40, 0x0C, 0x18, 0x02, 0xE8, 0x00, 0x91,
    0x2E, 0x00, 0x00, 0x40, 0x0D, 0x18, 0x01, 0xE8, 0x00, 0xC1, 0x2E, 0x00, 0x00, 0x40, 0x0D, 0x18,
    0x01, 0xE8, 0x00, 0xF1, 0x2E, 0x00, 0x00, 0x40, 0x0C, 0x18, 0x02, 0xE8, 0x00, 0x21, 0x2F, 0x00,
    0x00, 0x40, 0x0E, 0x1F, 0x01, 0xE1, 0x00, 0x5F, 0x2F, 0x00, 0x00, 0x40, 0x0E, 0x18, 0x01, 0xE8,
    0x00, 0x8F, 0x2F, 0x00, 0x00, 0x40, 0x0E, 0x20, 0x01, 0xE8, 0x00, 0xCF, 0x2F, 0x00, 0x00, 0x40,
    0x0E, 0x19, 0x01, 0xEF, 0x00, 0x01, 0x30, 0x00, 0x00, 0x40, 0x0E, 0x1F, 0x01, 0xE1, 0x00, 0x3F,
    0x30, 0x00, 0x00, 0x40, 0x0E, 0x19, 0x01, 0xE7, 0x00, 0x71, 0x30, 0x00, 0x00, 0x40, 0x11, 0x19,
    0xFE, 0xE7, 0x00, 0xBC, 0x30, 0x00, 0x00, 0x40, 0x0D, 0x18, 0x01, 0xE8, 0x00, 0xEC, 0x30, 0x00,
    0x00, 0x40, 0x0D, 0x18, 0x01, 0xEF, 0x00, 0x1C, 0x31, 0x00, 0x00, 0x40, 0x0C, 0x1D, 0x02, 0xE3,
    0x00, 0x56, 0x31, 0x00, 0x00, 0x40, 0x0C, 0x17, 0x02, 0xE9, 0x00, 0x84, 0x31, 0x00, 0x00, 0x40,
    0x0C, 0x1E, 0x02, 0xE2, 0x00, 0xC0, 0x31, 0x00, 0x00, 0x40, 0x0C, 0x18, 0x02, 0xE8, 0x00, 0xF0,
    0x31, 0x00, 0x00, 0x40, 0x0D, 0x1F, 0x02, 0xE1, 0x00, 0x2E, 0x32, 0x00, 0x00, 0x40, 0x0D, 0x19,
    0x02, 0xE7, 0x00, 0x60, 0x32, 0x00, 0x00, 0x40, 0x0E, 0x18, 0x01, 0xE8, 0x00, 0x90, 0x32, 0x00,
    0x00, 0x40, 0x0E, 0x11, 0x01, 0xEF, 0x00, 0xB2, 0x32, 0x00, 0x00, 0x40, 0x0E, 0x1F, 0x01, 0xE1,
    0x00, 0xF0, 0x32, 0x00, 0x00, 0x40, 0x0D, 0x18, 0x02, 0xE8, 0x00, 0x20, 0x33, 0x00, 0x00, 0x40,
    0x0E, 0x20, 0x01, 0xE8, 0x00, 0x60, 0x33, 0x00, 0x00, 0x40, 0x0D, 0x19, 0x02, 0xEF, 0x00, 0x92,
    0x33, 0x00, 0x00, 0x40, 0x0E, 0x1F, 0x01, 0xE1, 0x00, 0xD0, 0x33, 0x00, 0x00, 0x40, 0x0D, 0x19,
    0x02, 0xE7, 0x00, 0x02, 0x34, 0x00, 0x00, 0x40, 0x0C, 0x1F, 0x02, 0xE1, 0x00, 0x40, 0x34, 0x00,
    0x00, 0x40, 0x0C, 0x18, 0x02, 0xE8, 0x00, 0x70, 0x34, 0x00, 0x00, 0x40, 0x0C, 0x20, 0x02, 0xE0,
    0x00, 0xB0, 0x34, 0x00, 0x00, 0x40, 0x0C, 0x19, 0x02, 0xE7, 0x00, 0xE2, 0x34, 0x00, 0x00, 0x40,
    0x0C, 0x1F, 0x02, 0xE8, 0x00, 0x20, 0x35, 0x00, 0x00, 0x40, 0x0C, 0x18, 0x02, 0xEF, 0x00, 0x50,
    0x35, 0x00, 0x00, 0x40, 0x0C, 0x1F, 0x02, 0xE1, 0x00, 0x8E, 0x35, 0x00, 0x00, 0x40, 0x0C, 0x19,
    0x02, 0xE7, 0x00, 0xC0, 0x35, 0x00, 0x00, 0x40, 0x0C, 0x1F, 0x02, 0xE8, 0x00, 0xFE, 0x35, 0x00,
    0x00, 0x40, 0x0D, 0x1F, 0x02, 0xE8, 0x00, 0x3C, 0x36, 0x00, 0x00, 0x40, 0x0C, 0x1F, 0x02, 0xE1,
    0x00, 0x7A, 0x36, 0x00, 0x00, 0x40, 0x0D, 0x19, 0x02, 0xE7, 0x00, 0xAC, 0x36, 0x00, 0x00, 0x40,
    0x0C, 0x18, 0x02, 0xE8, 0x00, 0xDC, 0x36, 0x00, 0x00, 0x40, 0x0D, 0x18, 0x02, 0xE8, 0x00, 0x0C,
    0x37, 0x00, 0x00, 0x40, 0x0E, 0x1F, 0x01, 0xE1, 0x00, 0x4A, 0x37, 0x00, 0x00, 0x40, 0x0E, 0x18,
    0x01, 0xE8, 0x00, 0x7A, 0x37, 0x00, 0x00, 0x40, 0x0E, 0x1D, 0x01, 0xE3, 0x00, 0xB4, 0x37, 0x00,
    0x00, 0x40, 0x0E, 0x17, 0x01, 0xE9, 0x00, 0xE2, 0x37, 0x00, 0x00, 0x40, 0x0E, 0x1E, 0x01, 0xE2,
    0x00, 0x1E, 0x38, 0x00, 0x00, 0x40, 0x0E, 0x18, 0x01, 0xE8, 0x00, 0x4E, 0x38, 0x00, 0x00, 0x40,
    0x0E, 0x20, 0x01, 0xE0, 0x00, 0x8E, 0x38, 0x00, 0x00, 0x40, 0x0E, 0x19, 0x01, 0xE7, 0x00, 0xC0,
    0x38, 0x00, 0x00, 0x40, 0x0E, 0x1F, 0x01, 0xE1, 0x00, 0xFE, 0x38, 0x00, 0x00, 0x40, 0x0E, 0x19,
    0x01, 0xE7, 0x00, 0x30, 0x39, 0x00, 0x00, 0x40, 0x0E, 0x1F, 0x01, 0xE8, 0x00, 0x6E, 0x39, 0x00,
    0x00, 0x40, 0x0F, 0x18, 0x01, 0xEF, 0x00, 0x9E, 0x39, 0x00, 0x00, 0x40, 0x10, 0x20, 0x00, 0xE0,
    0x00, 0xDE, 0x39, 0x00, 0x00, 0x40, 0x10, 0x19, 0x00, 0xE7, 0x00, 0x10, 0x3A, 0x00, 0x00, 0x40,
    0x0E, 0x20, 0x01, 0xE0, 0x00, 0x50, 0x3A, 0x00, 0x00, 0x40, 0x0E, 0x20, 0x01, 0xE7, 0x00, 0x90,
    0x3A, 0x00, 0x00, 0x40, 0x0E, 0x1E, 0x01, 0xE2, 0x00, 0xCC, 0x3A, 0x00, 0x00, 0x40, 0x0C, 0x1F,
    0x02, 0xE1, 0x00, 0x0A, 0x3B, 0x00, 0x00, 0x40, 0x0C, 0x18, 0x02, 0xE8, 0x00, 0x3A, 0x3B, 0x00,
    0x00, 0x40, 0x0C, 0x1E, 0x02, 0xE2, 0x00, 0x76, 0x3B, 0x00, 0x00, 0x40, 0x0C, 0x17, 0x02, 0xE9,
    0x00, 0xA4, 0x3B, 0x00, 0x00, 0x40, 0x0C, 0x1F, 0x02, 0xE1, 0x00, 0xE2, 0x3B, 0x00, 0x00, 0x40,
    0x0C, 0x19, 0x02, 0xE7, 0x00, 0x14, 0x3C, 0x00, 0x00, 0x40, 0x0B, 0x18, 0x03, 0xE8, 0x00, 0x00,
    0x00, 0x00, 0x00, 0x40, 0x01, 0x01, 0x00, 0xFF, 0x00, 0x00, 0x00, 0x00, 0x00, 0x80, 0x01, 0x01,
    0x00, 0xFF, 0x00, 0x00, 0x00, 0x00, 0x00, 0x40, 0x01, 0x01, 0x00, 0xFF, 0x00, 0x00, 0x00, 0x00,
    0x00, 0x80, 0x01, 0x01, 0x00, 0xFF, 0x00, 0x00, 0x00, 0x00, 0x00, 0x40, 0x01, 0x01, 0x00, 0xFF,
    0x00, 0x00, 0x00, 0x00, 0x00, 0x40, 0x01, 0x01, 0x00, 0xFF, 0x00, 0x00, 0x00, 0x00, 0x00, 0x40,
    0x01, 0x01, 0x00, 0xFF, 0x00, 0x00, 0x00, 0x00, 0x00, 0x40, 0x01, 0x01, 0x00, 0xFF, 0x00, 0x00,
    0x00, 0x00, 0x00, 0x40, 0x01, 0x01, 0x00, 0xFF, 0x00, 0x00, 0x00, 0x00, 0x00, 0x40, 0x01, 0x01,
    0x00, 0xFF, 0x00, 0x00, 0x00, 0x00, 0x00, 0x40, 0x01, 0x01, 0x00, 0xFF, 0x00, 0x00, 0x00, 0x00,
    0x00, 0x00, 0x01, 0x01, 0x00, 0xFF, 0x00, 0x44, 0x3C, 0x00, 0x00, 0x00, 0x0A, 0x28, 0xFB, 0xDF,
    0x00, 0x94, 0x3C, 0x00, 0x00, 0x00, 0x0A, 0x28, 0xFB, 0xDF, 0x00, 0x00, 0x00, 0x00, 0x00, 0x40,
    0x00, 0x00, 0x00, 0x00, 0x00, 0x00, 0x00, 0x00, 0x00, 0x40, 0x00, 0x00, 0x00, 0x00, 0x00, 0xC2,
    0x01, 0x00, 0x00, 0x40, 0x0C, 0x03, 0x02, 0xF3, 0x00, 0xC2, 0x01, 0x00, 0x00, 0x40, 0x0C, 0x03,
    0x02, 0xF3, 0x00, 0xC2, 0x01, 0x00, 0x00, 0x40, 0x0C, 0x03, 0x02, 0xF3, 0x00, 0xE4, 0x3C, 0x00,
    0x00, 0x40, 0x0E, 0x03, 0x01, 0xF3, 0x00, 0xEA, 0x3C, 0x00, 0x00, 0x80, 0x20, 0x03, 0x00, 0xF3,
    0x00, 0xEA, 0x3C, 0x00, 0x00, 0x80, 0x20, 0x03, 0x00, 0xF3, 0x00, 0xF6, 0x3C, 0x00, 0x00, 0x40,
    0x08, 0x1F, 0x04, 0xE6, 0x00, 0x15, 0x3D, 0x00, 0x00, 0x40, 0x0C, 0x07, 0x02, 0x00, 0x00, 0x23,
    0x3D, 0x00, 0x00, 0x40, 0x06, 0x0B, 0x05, 0xE7, 0x00, 0x2E, 0x3D, 0x00, 0x00, 0x40, 0x06, 0x0B,
    0x05, 0xE7, 0x00, 0x2E, 0x3D, 0x00, 0x00, 0x40, 0x06, 0x0B, 0x05, 0xFB, 0x00, 0x39, 0x3D, 0x00,
    0x00, 0x40, 0x06, 0x0B, 0x05, 0xE7, 0x00, 0x44, 0x3D, 0x00, 0x00, 0x40, 0x0D, 0x0B, 0x02, 0xE7,
    0x00, 0x5A, 0x3D, 0x00, 0x00, 0x40, 0x0D, 0x0B, 0x01, 0xE7, 0x00, 0x5A, 0x3D, 0x00, 0x00, 0x40,
    0x0D, 0x0B, 0x01, 0xFB, 0x00, 0x70, 0x3D, 0x00, 0x00, 0x40, 0x0D, 0x0B, 0x02, 0xE7, 0x00, 0x86,
    0x3D, 0x00, 0x00, 0x40, 0x0C, 0x1F, 0x02, 0xE5, 0x00, 0xC4, 0x3D, 0x00, 0x00, 0x40, 0x0C, 0x1F,
    0x02, 0xE6, 0x00, 0x02, 0x3E, 0x00, 0x00, 0x40, 0x0A, 0x0A, 0x03, 0xF0, 0x00, 0x16, 0x3E, 0x00,
    0x00, 0x40, 0x0B, 0x0C, 0x03, 0xEF, 0x00, 0xC8, 0x01, 0x00, 0x00, 0x80, 0x06, 0x05, 0x0D, 0xFB,
    0x00, 0x2E, 0x3E, 0x00, 0x00, 0x80, 0x16, 0x05, 0x05, 0xFB, 0x00, 0x3D, 0x3E, 0x00, 0x00, 0x80,
    0x1A, 0x05, 0x03, 0xFB, 0x00, 0x0C, 0x12, 0x00, 0x00, 0x40, 0x06, 0x06, 0x05, 0xF2, 0x00, 0x00,
    0x00, 0x00, 0x00, 0x00, 0x01, 0x01, 0x00, 0xFF, 0x00, 0x00, 0x00, 0x00, 0x00, 0x00, 0x01, 0x01,
    0x00, 0xFF, 0x00, 0x00, 0x00, 0x00, 0x00, 0x40, 0x00, 0x00, 0x00, 0x00, 0x00, 0x00, 0x00, 0x00,
    0x00, 0x40, 0x00, 0x00, 0x00, 0x00, 0x00, 0x00, 0x00, 0x00, 0x00, 0x40, 0x00, 0x00, 0x00, 0x00,
    0x00, 0x00, 0x00, 0x00, 0x00, 0x40, 0x00, 0x00, 0x00, 0x00, 0x00, 0x00, 0x00, 0x00, 0x00, 0x40,
    0x00, 0x00, 0x00, 0x00, 0x00, 0x00, 0x00, 0x00, 0x00, 0x40, 0x01, 0x01, 0x00, 0xFF, 0x00, 0x51,
    0x3E, 0x00, 0x00, 0x80, 0x17, 0x18, 0x05, 0xE8, 0x00, 0x99, 0x3E, 0x00, 0x00, 0x80, 0x1F, 0x18,
    0x01, 0xE8, 0x00, 0xF9, 0x3E, 0x00, 0x00, 0x40, 0x06, 0x0B, 0x05, 0xE7, 0x00, 0x04, 0x3F, 0x00,
    0x00, 0x40, 0x0C, 0x0B, 0x02, 0xE7, 0x00, 0x1A, 0x3F, 0x00, 0x00, 0x40, 0x10, 0x0B, 0x00, 0xE7,
    0x00, 0x30, 0x3F, 0x00, 0x00, 0x40, 0x06, 0x0B, 0x05, 0xE7, 0x00, 0x3B, 0x3F, 0x00, 0x00, 0x40,
    0x0C, 0x0B, 0x02, 0xE7, 0x00, 0x51, 0x3F, 0x00, 0x00, 0x40, 0x10, 0x0B, 0x00, 0xE7, 0x00, 0x67,
    0x3F, 0x00, 0x00, 0x40, 0x0E, 0x09, 0x01, 0xFE, 0x00, 0x79, 0x3F, 0x00, 0x00, 0x40, 0x08, 0x10,
    0x04, 0xED, 0x00, 0x89, 0x3F, 0x00, 0x00, 0x40, 0x08, 0x10, 0x04, 0xED, 0x00, 0x99, 0x3F, 0x00,
    0x00, 0x80, 0x1E, 0x1E, 0x01, 0xE6, 0x00, 0x11, 0x40, 0x00, 0x00, 0x40, 0x0C, 0x18, 0x02, 0xE8,
    0x00, 0x41, 0x40, 0x00, 0x00, 0x40, 0x10, 0x18, 0x01, 0xE8, 0x00, 0xC2, 0x01, 0x00, 0x00, 0x40,
    0x0C, 0x03, 0x02, 0xE8, 0x00, 0x71, 0x40, 0x00, 0x00, 0x40, 0x0C, 0x04, 0x02, 0xFE, 0x00, 0x79,
    0x40, 0x00, 0x00, 0x40, 0x0C, 0x05, 0x02, 0xE5, 0x00, 0x83, 0x40, 0x00, 0x00, 0x40, 0x0E, 0x10,
    0x01, 0xF8, 0x00, 0xA3, 0x40, 0x00, 0x00, 0x80, 0x1E, 0x1C, 0x01, 0xE7, 0x00, 0xC2, 0x01, 0x00,
    0x00, 0x40, 0x0C, 0x03, 0x02, 0xF3, 0x00, 0xCD, 0x01, 0x00, 0x00, 0x40, 0x0C, 0x1F, 0x02, 0xE6,
    0x00, 0x13, 0x41, 0x00, 0x00, 0x40, 0x09, 0x1F, 0x04, 0xE6, 0x00, 0x51, 0x41, 0x00, 0x00, 0x40,
    0x09, 0x1F, 0x03, 0xE6, 0x00, 0x8F, 0x41, 0x00, 0x00, 0x40, 0x0E, 0x18, 0x01, 0xE8, 0x00, 0xBF,
    0x41, 0x00, 0x00, 0x40, 0x0D, 0x18, 0x01, 0xE8, 0x00, 0xEF, 0x41, 0x00, 0x00, 0x40, 0x0D, 0x18,
    0x02, 0xE8, 0x00, 0x1F, 0x42, 0x00, 0x00, 0x40, 0x0C, 0x12, 0x02, 0xEE, 0x00, 0x43, 0x42, 0x00,
    0x00, 0x40, 0x0C, 0x18, 0x02, 0xE8, 0x00, 0x73, 0x42, 0x00, 0x00, 0x40, 0x0C, 0x0C, 0x02, 0xEF,
    0x00, 0x8B, 0x42, 0x00, 0x00, 0x40, 0x0C, 0x0C, 0x02, 0xEF, 0x00, 0xA3, 0x42, 0x00, 0x00, 0x40,
    0x0E, 0x0D, 0x01, 0xF3, 0x00, 0xBD, 0x42, 0x00, 0x00, 0x40, 0x06, 0x18, 0x05, 0xEF, 0x00, 0xD5,
    0x42, 0x00, 0x00, 0x40, 0x0C, 0x1D, 0x02, 0xE5, 0x00, 0x0F, 0x43, 0x00, 0x00, 0x40, 0x0E, 0x1C,
    0x01, 0xE7, 0x00, 0x47, 0x43, 0x00, 0x00, 0x40, 0x0C, 0x18, 0x02, 0xE8, 0x00, 0x77, 0x43, 0x00,
    0x00, 0x80, 0x1E, 0x09, 0x01, 0xF2, 0x00, 0x79, 0x40, 0x00, 0x00, 0x40, 0x0C, 0x05, 0x02, 0xFD,
    0x00, 0x9B, 0x43, 0x00, 0x00, 0x40, 0x0E, 0x0E, 0x01, 0xE5, 0x00, 0xB7, 0x43, 0x00, 0x00, 0x40,
    0x0C, 0x11, 0x02, 0xEF, 0x00, 0xD9, 0x43, 0x00, 0x00, 0x40, 0x13, 0x0B, 0xFF, 0xE7, 0x00, 0xFA,
    0x43, 0x00, 0x00, 0x40, 0x0E, 0x11, 0x01, 0xEF, 0x00, 0x1C, 0x44, 0x00, 0x00, 0x40, 0x0E, 0x11,
    0x01, 0xEF, 0x00, 0x3E, 0x44, 0x00, 0x00, 0x40, 0x06, 0x18, 0x05, 0xE8, 0x00, 0x56, 0x44, 0x00,
    0x00, 0x40, 0x0E, 0x18, 0x01, 0xE8, 0x00, 0x86, 0x44, 0x00, 0x00, 0x40, 0x0E, 0x11, 0x01, 0xEF,
    0x00, 0xA8, 0x44, 0x00, 0x00, 0x40, 0x04, 0x11, 0x06, 0xEF, 0x00, 0xB9, 0x44, 0x00, 0x00, 0x40,
    0x04, 0x17, 0x06, 0xEC, 0x00, 0x00, 0x00, 0x00, 0x00, 0x40, 0x01, 0x01, 0x00, 0xFF, 0x00, 0x00,
    0x00, 0x00, 0x00, 0x00, 0x01, 0x01, 0x00, 0xFF, 0x00, 0x00, 0x00, 0x00, 0x00, 0x00, 0x01, 0x01,
    0x00, 0xFF, 0x00, 0x00, 0x00, 0x00, 0x00, 0x00, 0x01, 0x01, 0x00, 0xFF, 0x00, 0x00, 0x00, 0x00,
    0x00, 0x00, 0x01, 0x01, 0x00, 0xFF, 0x00, 0x00, 0x00, 0x00, 0x00, 0x00, 0x01, 0x01, 0x00, 0xFF,
    0x00, 0x00, 0x00, 0x00, 0x00, 0x40, 0x00, 0x00, 0x00, 0x00, 0x00, 0x00, 0x00, 0x00, 0x00, 0x40,
    0x00, 0x00, 0x00, 0x00, 0x00, 0x00, 0x00, 0x00, 0x00, 0x40, 0x00, 0x00, 0x00, 0x00, 0x00, 0x00,
    0x00, 0x00, 0x00, 0x40, 0x00, 0x00, 0x00, 0x00, 0x00, 0x00, 0x00, 0x00, 0x00, 0x40, 0x00, 0x00,
    0x00, 0x00, 0x00, 0x00, 0x00, 0x00, 0x00, 0x40, 0x00, 0x00, 0x00, 0x00, 0x00, 0x00, 0x00, 0x00,
    0x00, 0x40, 0x00, 0x00, 0x00, 0x00, 0x00, 0x00, 0x00, 0x00, 0x00, 0x40, 0x00, 0x00, 0x00, 0x00,
    0x00, 0x00, 0x00, 0x00, 0x00, 0x40, 0x00, 0x00, 0x00, 0x00, 0x00, 0x00, 0x00, 0x00, 0x00, 0x40,
    0x00, 0x00, 0x00, 0x00, 0x00, 0x00, 0x00, 0x00, 0x00, 0x40, 0x00, 0x00, 0x00, 0x00, 0x00, 0xD0,
    0x44, 0x00, 0x00, 0x40, 0x0A, 0x11, 0x03, 0xE5, 0x00, 0xF2, 0x44, 0x00, 0x00, 0x40, 0x08, 0x11,
    0x04, 0xE5, 0x00, 0x00, 0x00, 0x00, 0x00, 0x40, 0x00, 0x00, 0x00, 0x00, 0x00, 0x00, 0x00, 0x00,
    0x00, 0x40, 0x00, 0x00, 0x00, 0x00, 0x00, 0x03, 0x45, 0x00, 0x00, 0x40, 0x09, 0x11, 0x03, 0xE5,
    0x00, 0x25, 0x45, 0x00, 0x00, 0x40, 0x0A, 0x11, 0x03, 0xE5, 0x00, 0x47, 0x45, 0x00, 0x00, 0x40,
    0x0A, 0x11, 0x03, 0xE5, 0x00, 0x69, 0x45, 0x00, 0x00, 0x40, 0x08, 0x11, 0x04, 0xE5, 0x00, 0x7A,
    0x45, 0x00, 0x00, 0x40, 0x0A, 0x11, 0x03, 0xE5, 0x00, 0x9C, 0x45, 0x00, 0x00, 0x40, 0x0A, 0x11,
    0x03, 0xE5, 0x00, 0xBE, 0x45, 0x00, 0x00, 0x40, 0x08, 0x09, 0x04, 0xEA, 0x00, 0xC7, 0x45, 0x00,
    0x00, 0x40, 0x08, 0x02, 0x04, 0xED, 0x00, 0xC9, 0x45, 0x00, 0x00, 0x40, 0x08, 0x06, 0x04, 0xEB,
    0x00, 0xCF, 0x45, 0x00, 0x00, 0x40, 0x07, 0x16, 0x05, 0xE3, 0x00, 0xE5, 0x45, 0x00, 0x00, 0x40,
    0x07, 0x16, 0x04, 0xE3, 0x00, 0xFB, 0x45, 0x00, 0x00, 0x40, 0x0A, 0x0C, 0x03, 0xEA, 0x00, 0x13,
    0x46, 0x00, 0x00, 0x40, 0x0A, 0x12, 0x03, 0xF2, 0x00, 0x37, 0x46, 0x00, 0x00, 0x40, 0x09, 0x12,
    0x03, 0xF2, 0x00, 0x5B, 0x46, 0x00, 0x00, 0x40, 0x0A, 0x12, 0x03, 0xF2, 0x00, 0x7F, 0x46, 0x00,
    0x00, 0x40, 0x0A, 0x12, 0x03, 0xF2, 0x00, 0xA3, 0x46, 0x00, 0x00, 0x40, 0x09, 0x12, 0x03, 0xF2,
    0x00, 0xC7, 0x46, 0x00, 0x00, 0x40, 0x0A, 0x12, 0x03, 0xF2, 0x00, 0xEB, 0x46, 0x00, 0x00, 0x40,
    0x0A, 0x12, 0x03, 0xF2, 0x00, 0x0F, 0x47, 0x00, 0x00, 0x40, 0x08, 0x12, 0x04, 0xF2, 0x00, 0x21,
    0x47, 0x00, 0x00, 0x40, 0x0A, 0x12, 0x03, 0xF2, 0x00, 0x45, 0x47, 0x00, 0x00, 0x40, 0x0A, 0x12,
    0x03, 0xF2, 0x00, 0x69, 0x47, 0x00, 0x00, 0x40, 0x08, 0x0A, 0x04, 0xF6, 0x00, 0xC7, 0x45, 0x00,
    0x00, 0x40, 0x08, 0x02, 0x04, 0xFB, 0x00, 0x73, 0x47, 0x00, 0x00, 0x40, 0x08, 0x07, 0x04, 0xF8,
    0x00, 0x7A, 0x47, 0x00, 0x00, 0x40, 0x07, 0x16, 0x05, 0xF1, 0x00, 0x90, 0x47, 0x00, 0x00, 0x40,
    0x07, 0x16, 0x04, 0xF1, 0x00, 0x00, 0x00, 0x00, 0x00, 0x40, 0x00, 0x00, 0x00, 0x00, 0x00, 0xA6,
    0x47, 0x00, 0x00, 0x40, 0x0A, 0x0D, 0x03, 0xF7, 0x00, 0xC0, 0x47, 0x00, 0x00, 0x40, 0x0A, 0x0D,
    0x03, 0xF7, 0x00, 0xDA, 0x47, 0x00, 0x00, 0x40, 0x0A, 0x0D, 0x03, 0xF7, 0x00, 0xF4, 0x47, 0x00,
    0x00, 0x40, 0x0A, 0x0D, 0x03, 0xF7, 0x00, 0x0E, 0x48, 0x00, 0x00, 0x40, 0x0A, 0x0D, 0x03, 0xF7,
    0x00, 0x28, 0x48, 0x00, 0x00, 0x40, 0x0A, 0x12, 0x03, 0xF2, 0x00, 0x4C, 0x48, 0x00, 0x00, 0x40,
    0x0A, 0x12, 0x03, 0xF2, 0x00, 0x70, 0x48, 0x00, 0x00, 0x40, 0x08, 0x12, 0x04, 0xF2, 0x00, 0x82,
    0x48, 0x00, 0x00, 0x40, 0x0A, 0x0D, 0x03, 0xF7, 0x00, 0x9C, 0x48, 0x00, 0x00, 0x40, 0x0A, 0x0D,
    0x03, 0xF7, 0x00, 0xB6, 0x48, 0x00, 0x00, 0x40, 0x0A, 0x12, 0x03, 0xF7, 0x00, 0xDA, 0x48, 0x00,
    0x00, 0x40, 0x08, 0x0D, 0x04, 0xF7, 0x00, 0xE7, 0x48, 0x00, 0x00, 0x40, 0x09, 0x12, 0x04, 0xF2,
    0x00, 0x00, 0x00, 0x00, 0x00, 0x40, 0x00, 0x00, 0x00, 0x00, 0x00, 0x00, 0x00, 0x00, 0x00, 0x40,
    0x00, 0x00, 0x00, 0x00, 0x00, 0x00, 0x00, 0x00, 0x00, 0x40, 0x00, 0x00, 0x00, 0x00, 0x00, 0x00,
    0x00, 0x00, 0x00, 0x40, 0x00, 0x00, 0x00, 0x00, 0x00, 0x0B, 0x49, 0x00, 0x00, 0x40, 0x0E, 0x1D,
    0x01, 0xE6, 0x00, 0x00, 0x00, 0x00, 0x00, 0x40, 0x00, 0x00, 0x00, 0x00, 0x00, 0x45, 0x49, 0x00,
    0x00, 0x40, 0x0D, 0x18, 0x01, 0xE8, 0x00, 0x75, 0x49, 0x00, 0x00, 0x40, 0x0C, 0x18, 0x02, 0xE8,
    0x00, 0xA5, 0x49, 0x00, 0x00, 0x40, 0x10, 0x15, 0x00, 0xED, 0x00, 0xCF, 0x49, 0x00, 0x00, 0x40,
    0x0E, 0x18, 0x01, 0xE8, 0x00, 0xFF, 0x49, 0x00, 0x00, 0x40, 0x10, 0x18, 0x00, 0xE8, 0x00, 0x2F,
    0x4A, 0x00, 0x00, 0x40, 0x10, 0x18, 0x00, 0xE8, 0x00, 0x5F, 0x4A, 0x00, 0x00, 0x40, 0x10, 0x18,
    0x00, 0xE8, 0x00, 0x8F, 0x4A, 0x00, 0x00, 0x40, 0x0E, 0x11, 0x01, 0xEF, 0x00, 0xB1, 0x4A, 0x00,
    0x00, 0x40, 0x0D, 0x1E, 0x02, 0xE8, 0x00, 0xED, 0x4A, 0x00, 0x00, 0x40, 0x0D, 0x18, 0x01, 0xE8,
    0x00, 0x1D, 0x4B, 0x00, 0x00, 0x40, 0x0E, 0x18, 0x01, 0xE8, 0x00, 0x4D, 0x4B, 0x00, 0x00, 0x40,
    0x0C, 0x18, 0x02, 0xE8, 0x00, 0x7D, 0x4B, 0x00, 0x00, 0x40, 0x10, 0x1F, 0x00, 0xE8, 0x00, 0x00,
    0x00, 0x00, 0x00, 0x40, 0x00, 0x00, 0x00, 0x00, 0x00, 0xBB, 0x4B, 0x00, 0x00, 0x40, 0x0E, 0x18,
    0x01, 0xE8, 0x00, 0xEB, 0x4B, 0x00, 0x00, 0x40, 0x0C, 0x1C, 0x02, 0xE7, 0x00, 0x23, 0x4C, 0x00,
    0x00, 0x40, 0x0E, 0x18, 0x01, 0xE8, 0x00, 0x53, 0x4C, 0x00, 0x00, 0x40, 0x0E, 0x18, 0x01, 0xE8,
    0x00, 0x83, 0x4C, 0x00, 0x00, 0x40, 0x0C, 0x1C, 0x02, 0xE7, 0x00, 0x00, 0x00, 0x00, 0x00, 0x40,
    0x00, 0x00, 0x00, 0x00, 0x00, 0x00, 0x00, 0x00, 0x00, 0x40, 0x00, 0x00, 0x00, 0x00, 0x00, 0xBB,
    0x4C, 0x00, 0x00, 0x40, 0x0C, 0x18, 0x02, 0xE8, 0x00, 0xEB, 0x4C, 0x00, 0x00, 0x40, 0x0E, 0x18,
    0x02, 0xE8, 0x00, 0x1B, 0x4D, 0x00, 0x00, 0x40, 0x0D, 0x18, 0x01, 0xE8, 0x00, 0x00, 0x00, 0x00,
    0x00, 0x40, 0x00, 0x00, 0x00, 0x00, 0x00, 0x4B, 0x4D, 0x00, 0x00, 0x40, 0x10, 0x16, 0x00, 0xEA,
    0x00, 0x77, 0x4D, 0x00, 0x00, 0x40, 0x0D, 0x18, 0x01, 0xE8, 0x00, 0xA7, 0x4D, 0x00, 0x00, 0x40,
    0x0E, 0x1B, 0x01, 0xE5, 0x00, 0xDD, 0x4D, 0x00, 0x00, 0x40, 0x0D, 0x1E, 0x01, 0xE5, 0x00, 0x19,
    0x4E, 0x00, 0x00, 0x40, 0x0C, 0x17, 0x02, 0xEF, 0x00, 0x00, 0x00, 0x00, 0x00, 0x40, 0x00, 0x00,
    0x00, 0x00, 0x00, 0x00, 0x00, 0x00, 0x00, 0x40, 0x00, 0x00, 0x00, 0x00, 0x00, 0x00, 0x00, 0x00,
    0x00, 0x40, 0x00, 0x00, 0x00, 0x00, 0x00, 0x00, 0x00, 0x00, 0x00, 0x40, 0x00, 0x00, 0x00, 0x00,
    0x00, 0x00, 0x00, 0x00, 0x00, 0x40, 0x00, 0x00, 0x00, 0x00, 0x00, 0x00, 0x00, 0x00, 0x00, 0x40,
    0x00, 0x00, 0x00, 0x00, 0x00, 0x00, 0x00, 0x00, 0x00, 0x40, 0x00, 0x00, 0x00, 0x00, 0x00, 0x00,
    0x00, 0x00, 0x00, 0x40, 0x00, 0x00, 0x00, 0x00, 0x00, 0x00, 0x00, 0x00, 0x00, 0x40, 0x00, 0x00,
    0x00, 0x00, 0x00, 0x00, 0x00, 0x00, 0x00, 0x40, 0x00, 0x00, 0x00, 0x00, 0x00, 0x00, 0x00, 0x00,
    0x00, 0x40, 0x00, 0x00, 0x00, 0x00, 0x00, 0x00, 0x00, 0x00, 0x00, 0x40, 0x00, 0x00, 0x00, 0x00,
    0x00, 0x00, 0x00, 0x00, 0x00, 0x40, 0x00, 0x00, 0x00, 0x00, 0x00, 0x00, 0x00, 0x00, 0x00, 0x40,
    0x00, 0x00, 0x00, 0x00, 0x00, 0x00, 0x00, 0x00, 0x00, 0x40, 0x00, 0x00, 0x00, 0x00, 0x00, 0xFF,
    0x9F, 0x9F, 0x9F, 0x9F, 0x9F, 0x9F, 0x9F, 0x9F, 0x9F, 0x9F, 0x9F, 0x9F, 0x9F, 0x9F, 0x9F, 0xFF,
    0xFF, 0xFF, 0xFF, 0x0F, 0x0F, 0x0F, 0x0F, 0x0F, 0x1E, 0x3F, 0x1E, 0x3F, 0x1E, 0x3F, 0x1E, 0x3F,
    0x1E, 0x3F, 0x1E, 0x3F, 0x1E, 0x3F, 0x1E, 0x3F, 0x1E, 0x3F, 0x1E, 0x3F, 0x1E, 0x3F, 0xE7, 0x9F,
    0xE7, 0x9F, 0xE7, 0x9F, 0xE7, 0x9F, 0xE7, 0x9F, 0xE7, 0x9F, 0x00, 0x03, 0x00, 0x03, 0x00, 0x03,
    0xE7, 0x9F, 0xE7, 0x9F, 0xE7, 0x9F, 0xE7, 0x9F, 0xE7, 0x9F, 0xE7, 0x9F, 0x00, 0x03, 0x00, 0x03,
    0x00, 0x03, 0xE7, 0x9F, 0xE7, 0x9F, 0xE7, 0x9F, 0xE7, 0x9F, 0xE7, 0x9F, 0xF9, 0xFF, 0xF9, 0xFF,
    0xF9, 0xFF, 0xF9, 0xFF, 0xF9, 0xFF, 0xE1, 0x8F, 0x80, 0x0F, 0x80, 0x0F, 0x09, 0x8F, 0x19, 0x8F,
    0x19, 0x8F, 0x19, 0xFF, 0x89, 0xFF, 0x81, 0xFF, 0xC1, 0xFF, 0xE0, 0x7F, 0xF8, 0x3F, 0xF8, 0x1F,
    0xF9, 0x0F, 0xF9, 0x8F, 0x19, 0x8F, 0x19, 0x8F, 0x19, 0x8F, 0x00, 0x0F, 0x00, 0x1F, 0x10, 0x3F,
    0xF9, 0xFF, 0xF9, 0xFF, 0xF9, 0xFF, 0xF9, 0xFF, 0x83, 0xE3, 0x01, 0xE7, 0x11, 0xC7, 0x39, 0xC7,
    0x39, 0xC7, 0x39, 0x8F, 0x39, 0x8F, 0x39, 0x8F, 0x39, 0x9F, 0x39, 0x1F, 0x01, 0xFF, 0x83, 0xFF,
    0xFF, 0x07, 0xFE, 0x03, 0xE2, 0x63, 0xE6, 0x73, 0xC6, 0x73, 0xC6, 0x73, 0xC6, 0x73, 0x8E, 0x73,
    0x8E, 0x73, 0x8E, 0x23, 0x9E, 0x03, 0x1F, 0x07, 0xE0, 0xFF, 0xC0, 0x7F, 0x80, 0x3F, 0x8E, 0x3F,
    0x8E, 0x3F, 0x9E, 0x3F, 0x8E, 0x3F, 0x8E, 0x3F, 0x8C, 0x7F, 0xC0, 0x7F, 0xE0, 0xFF, 0xE1, 0xFF,
    0xC1, 0xFF, 0x81, 0xFF, 0x88, 0xC7, 0x1C, 0x47, 0x1C, 0x4F, 0x1E, 0x0F, 0x1E, 0x0F, 0x1F, 0x1F,
    0x0F, 0x0F, 0x80, 0x0F, 0xC0, 0x47, 0xE1, 0xC7, 0x0F, 0x0F, 0x0F, 0x0F, 0x0F, 0x0F, 0x1F, 0x1F,
    0x9F, 0x9F, 0x9F, 0xFE, 0xFF, 0xFC, 0x7F, 0xF8, 0x7F, 0xF0, 0xFF, 0xE3, 0xFF, 0xC3, 0xFF, 0xC7,
    0xFF, 0x8F, 0xFF, 0x8F, 0xFF, 0x9F, 0xFF, 0x1F, 0xFF, 0x1F, 0xFF, 0x1F, 0xFF, 0x1F, 0xFF, 0x1F,
    0xFF, 0x1F, 0xFF, 0x1F, 0xFF, 0x1F, 0xFF, 0x1F, 0xFF, 0x1F, 0xFF, 0x1F, 0xFF, 0x1F, 0xFF, 0x1F,
    0xFF, 0x8F, 0xFF, 0x8F, 0xFF, 0xC7, 0xFF, 0xC7, 0xFF, 0xE3, 0xFF, 0xE1, 0xFF, 0xF0, 0xFF, 0xF8,
    0x7F, 0xFE, 0xFF, 0xBF, 0xFF, 0x1F, 0xFF, 0x0F, 0xFF, 0x87, 0xFF, 0xE3, 0xFF, 0xE1, 0xFF, 0xF1,
    0xFF, 0xF8, 0xFF, 0xF8, 0xFF, 0xF8, 0xFF, 0xFC, 0x7F, 0xFC, 0x7F, 0xFC, 0x7F, 0xFC, 0x7F, 0xFC,
    0x7F, 0xFC, 0x7F, 0xFC, 0x7F, 0xFC, 0x7F, 0xFC, 0x7F, 0xFC, 0x7F, 0xFC, 0x7F, 0xFC, 0x7F, 0xFC,
    0x7F, 0xF8, 0xFF, 0xF8, 0xFF, 0xF1, 0xFF, 0xF1, 0xFF, 0xE3, 0xFF, 0xC3, 0xFF, 0x87, 0xFF, 0x0F,
    0xFF, 0xBF, 0xFF, 0xFC, 0xFF, 0xFC, 0xFF, 0xFC, 0xFF, 0xBC, 0xF7, 0x8C, 0xC7, 0x00, 0x03, 0xC0,
    0x0F, 0xF8, 0x7F, 0xF0, 0x3F, 0xE0, 0x1F, 0xE3, 0x1F, 0xC7, 0x8F, 0xE7, 0x9F, 0xF9, 0xFF, 0xF9,
    0xFF, 0xF9, 0xFF, 0xF9, 0xFF, 0x00, 0x0F, 0x00, 0x0F, 0x00, 0x0F, 0xF9, 0xFF, 0xF9, 0xFF, 0xF9,
    0xFF, 0xF9, 0xFF, 0xF9, 0xFF, 0x87, 0x03, 0x03, 0x03, 0x83, 0xE7, 0xC7, 0xC7, 0x8F, 0x1F, 0x1F,
    0xBF, 0x00, 0x0F, 0x00, 0x0F, 0x00, 0x0F, 0x87, 0x03, 0x03, 0x03, 0x87, 0xFF, 0x8F, 0xFF, 0x8F,
    0xFF, 0x1F, 0xFF, 0x1F, 0xFF, 0x1F, 0xFE, 0x3F, 0xFE, 0x3F, 0xFE, 0x3F, 0xFE, 0x3F, 0xFC, 0x7F,
    0xFC, 0x7F, 0xFC, 0x7F, 0xF8, 0xFF, 0xF8, 0xFF, 0xF8, 0xFF, 0xF9, 0xFF, 0xF1, 0xFF, 0xF1, 0xFF,
    0xF1, 0xFF, 0xE3, 0xFF, 0xE3, 0xFF, 0xE3, 0xFF, 0xC7, 0xFF, 0xC7, 0xFF, 0xC7, 0xFF, 0xC7, 0xFF,
    0x8F, 0xFF, 0x8F, 0xFF, 0x8F, 0xFF, 0x1F, 0xFF, 0x1F, 0xFF, 0xE0, 0x7F, 0xC0, 0x3F, 0x80, 0x1F,
    0x0F, 0x0F, 0x1F, 0x8F, 0x1F, 0x8F, 0x1F, 0x8F, 0x1F, 0x8F, 0x1F, 0x8F, 0x1E, 0x0F, 0x1C, 0x0F,
    0x18, 0x0F, 0x11, 0x8F, 0x03, 0x8F, 0x07, 0x8F, 0x1F, 0x8F, 0x1F, 0x8F, 0x1F, 0x8F, 0x1F, 0x8F,
    0x1F, 0x8F, 0x0F, 0x0F, 0x80, 0x1F, 0xC0, 0x3F, 0xE0, 0x7F, 0xF8, 0x7F, 0xF0, 0x7F, 0xE0, 0x7F,
    0xC4, 0x7F, 0x0C, 0x7F, 0x9C, 0x7F, 0xBC, 0x7F, 0xFC, 0x7F, 0xFC, 0x7F, 0xFC, 0x7F, 0xFC, 0x7F,
    0xFC, 0x7F, 0xFC, 0x7F, 0xFC, 0x7F, 0xFC, 0x7F, 0xFC, 0x7F, 0xFC, 0x7F, 0xFC, 0x7F, 0xFC, 0x7F,
    0xFC, 0x7F, 0xFC, 0x7F, 0x80, 0x07, 0x80, 0x07, 0x80, 0x07, 0xE0, 0x7F, 0xC0, 0x3F, 0x80, 0x1F,
    0x0F, 0x1F, 0x1F, 0x8F, 0x1F, 0x8F, 0xFF, 0x8F, 0xFF, 0x8F, 0xFF, 0x8F, 0xFF, 0x1F, 0xFF, 0x1F,
    0xFE, 0x3F, 0xF8, 0x7F, 0xF0, 0xFF, 0xE1, 0xFF, 0xC3, 0xFF, 0xC7, 0xFF, 0x87, 0xFF, 0x8F, 0xFF,
    0x8F, 0x8F, 0x1F, 0x8F, 0x00, 0x0F, 0x00, 0x0F, 0x00, 0x0F, 0xE0, 0x7F, 0xC0, 0x3F, 0x80, 0x1F,
    0x8F, 0x1F, 0x1F, 0x8F, 0x1F, 0x8F, 0xFF, 0x8F, 0xFF, 0x8F, 0xFF, 0x8F, 0xFF, 0x1F, 0xF8, 0x3F,
    0xF8, 0x7F, 0xF8, 0x3F, 0xFE, 0x1F, 0xFF, 0x8F, 0xFF, 0x8F, 0xFF, 0x8F, 0xFF, 0x8F, 0x1F, 0x8F,
    0x1F, 0x8F, 0x0F, 0x0F, 0x80, 0x1F, 0xC0, 0x3F, 0xE0, 0x7F, 0xFE, 0x3F, 0xFE, 0x3F, 0xFC, 0x7F,
    0xFC, 0x7F, 0xF8, 0xFF, 0xF8, 0xFF, 0xF1, 0xFF, 0xF1, 0xFF, 0xE3, 0xFF, 0xE3, 0xFF, 0xE7, 0x3F,
    0xC7, 0x3F, 0xC7, 0x3F, 0x8F, 0x3F, 0x8F, 0x3F, 0x1F, 0x3F, 0x00, 0x0F, 0x00, 0x0F, 0x00, 0x0F,
    0xFF, 0x3F, 0xFF, 0x3F, 0xF8, 0x0F, 0xF8, 0x0F, 0xF8, 0x0F, 0x00, 0x1F, 0x00, 0x1F, 0x00, 0x1F,
    0x1F, 0x9F, 0x1F, 0x9F, 0x1F, 0xFF, 0x1F, 0xFF, 0x1F, 0xFF, 0x19, 0xFF, 0x00, 0x3F, 0x00, 0x1F,
    0x0F, 0x1F, 0x1F, 0x8F, 0xFF, 0x8F, 0xFF, 0x8F, 0xFF, 0x8F, 0xFF, 0x8F, 0xFF, 0x8F, 0x1F, 0x8F,
    0x1F, 0x8F, 0x8F, 0x1F, 0x80, 0x1F, 0xC0, 0x3F, 0xE0, 0x7F, 0xF8, 0x7F, 0xF8, 0xFF, 0xF0, 0xFF,
    0xF1, 0xFF, 0xF1, 0xFF, 0xE3, 0xFF, 0xE3, 0xFF, 0xC7, 0xFF, 0xC7, 0xFF, 0x8C, 0xFF, 0x80, 0x3F,
    0x80, 0x1F, 0x0F, 0x1F, 0x1F, 0x8F, 0x1F, 0x8F, 0x1F, 0x8F, 0x1F, 0x8F, 0x1F, 0x8F, 0x1F, 0x8F,
    0x1F, 0x8F, 0x8F, 0x1F, 0x80, 0x1F, 0xC0, 0x3F, 0xE0, 0x7F, 0x00, 0x0F, 0x00, 0x0F, 0x00, 0x0F,
    0x1F, 0x8F, 0x1F, 0x1F, 0xFF, 0x1F, 0xFF, 0x1F, 0xFE, 0x3F, 0xFE, 0x3F, 0xFE, 0x3F, 0xFE, 0x3F,
    0xFC, 0x7F, 0xFC, 0x7F, 0xFC, 0x7F, 0xF8, 0xFF, 0xF8, 0xFF, 0xF8, 0xFF, 0xF1, 0xFF, 0xF1, 0xFF,
    0xF1, 0xFF, 0xF1, 0xFF, 0xE3, 0xFF, 0xE3, 0xFF, 0xE3, 0xFF, 0xE0, 0x7F, 0xC0, 0x3F, 0x80, 0x1F,
    0x8F, 0x1F, 0x1F, 0x8F, 0x1F, 0x8F, 0x1F, 0x8F, 0x8F, 0x1F, 0x8F, 0x1F, 0xC6, 0x3F, 0xE0, 0x7F,
    0xF0, 0xFF, 0xE0, 0x7F, 0xC0, 0x3F, 0x86, 0x1F, 0x8F, 0x1F, 0x1F, 0x8F, 0x1F, 0x8F, 0x1F, 0x8F,
    0x1F, 0x8F, 0x0F, 0x0F, 0x80, 0x1F, 0x80, 0x3F, 0xE0, 0x7F, 0xE0, 0x7F, 0xC0, 0x3F, 0x80, 0x1F,
    0x8F, 0x1F, 0x1F, 0x8F, 0x1F, 0x8F, 0x1F, 0x8F, 0x1F, 0x8F, 0x1F, 0x8F, 0x1F, 0x8F, 0x1F, 0x8F,
    0x8F, 0x0F, 0x80, 0x1F, 0xC0, 0x1F, 0xF3, 0x1F, 0xFE, 0x3F, 0xFE, 0x3F, 0xFC, 0x7F, 0xFC, 0x7F,
    0xF8, 0xFF, 0xF8, 0xFF, 0xF0, 0xFF, 0xF1, 0xFF, 0xE1, 0xFF, 0x87, 0x87, 0x03, 0x03, 0x07, 0x87,
    0xFF, 0xFF, 0xFF, 0xFF, 0xFF, 0xFF, 0x87, 0x03, 0x03, 0x03, 0x87, 0x87, 0x87, 0x03, 0x03, 0x07,
    0x87, 0xFF, 0xFF, 0xFF, 0xFF, 0xFF, 0xFF, 0x87, 0x03, 0x03, 0x03, 0x83, 0xE7, 0xC7, 0xC7, 0x8F,
    0x1F, 0x1F, 0xBF, 0xFF, 0xCF, 0xFF, 0x87, 0xFE, 0x0F, 0xF8, 0x3F, 0xF0, 0xFF, 0xC1, 0xFF, 0x07,
    0xFF, 0x1F, 0xFF, 0x1F, 0xFF, 0x07, 0xFF, 0xC3, 0xFF, 0xE0, 0xFF, 0xF8, 0x3F, 0xFE, 0x1F, 0xFF,
    0x07, 0xFF, 0xCF, 0x00, 0x0F, 0x00, 0x0F, 0x00, 0x0F, 0xFF, 0xFF, 0xFF, 0xFF, 0x00, 0x0F, 0x00,
    0x0F, 0x00, 0x0F, 0x9F, 0xFF, 0x0F, 0xFF, 0x83, 0xFF, 0xE0, 0xFF, 0xF8, 0x7F, 0xFC, 0x1F, 0xFF,
    0x07, 0xFF, 0xC7, 0xFF, 0xC7, 0xFF, 0x07, 0xFE, 0x1F, 0xF8, 0x3F, 0xE0, 0xFF, 0xC3, 0xFF, 0x07,
    0xFF, 0x9F, 0xFF, 0xE0, 0x7F, 0xC0, 0x3F, 0x80, 0x1F, 0x0F, 0x0F, 0x1F, 0x8F, 0x1F, 0x8F, 0xFF,
    0x8F, 0xFF, 0x8F, 0xFF, 0x1F, 0xFE, 0x1F, 0xFC, 0x3F, 0xFC, 0x3F, 0xF8, 0x7F, 0xF8, 0xFF, 0xF8,
    0xFF, 0xF9, 0xFF, 0xF9, 0xFF, 0xFF, 0xFF, 0xFF, 0xFF, 0xF0, 0xFF, 0xF0, 0xFF, 0xF0, 0xFF, 0xF0,
    0xFF, 0xF0, 0xFF, 0xF9, 0xFF, 0xC0, 0x3F, 0x80, 0x1F, 0x8F, 0x1F, 0x1F, 0x8F, 0x1F, 0x8F, 0x1F,
    0x0F, 0x1C, 0x0F, 0x18, 0x0F, 0x18, 0x8F, 0x19, 0x8F, 0x19, 0x8F, 0x19, 0x8F, 0x19, 0x8F, 0x19,
    0x8F, 0x19, 0x8F, 0x19, 0x8F, 0x19, 0x8F, 0x19, 0x8F, 0x18, 0x0F, 0x18, 0x1F, 0x1C, 0x3F, 0x1F,
    0xFF, 0x8F, 0xFF, 0x80, 0x1F, 0xC0, 0x1F, 0xE0, 0x1F, 0xF8, 0x7F, 0xF8, 0x7F, 0xF8, 0x7F, 0xF8,
    0x7F, 0xF0, 0x3F, 0xF0, 0x3F, 0xF0, 0x3F, 0xF0, 0x3F, 0xF3, 0x3F, 0xE3, 0x1F, 0xE3, 0x1F, 0xE3,
    0x1F, 0xE3, 0x1F, 0xE3, 0x9F, 0xC0, 0x0F, 0xC0, 0x0F, 0xC0, 0x0F, 0xC7, 0x8F, 0xC7, 0x8F, 0xCF,
    0xCF, 0x8F, 0xC7, 0x07, 0x83, 0x07, 0x83, 0x07, 0x83, 0x00, 0x7F, 0x00, 0x1F, 0x00, 0x0F, 0x8F,
    0x8F, 0x8F, 0x8F, 0x8F, 0xCF, 0x8F, 0xC7, 0x8F, 0xCF, 0x8F, 0x8F, 0x8F, 0x8F, 0x80, 0x1F, 0x80,
    0x3F, 0x80, 0x1F, 0x8F, 0x8F, 0x8F, 0xC7, 0x8F, 0xC7, 0x8F, 0xC7, 0x8F, 0xC7, 0x8F, 0xC7, 0x8F,
    0xC7, 0x8F, 0x87, 0x00, 0x0F, 0x00, 0x1F, 0x00, 0x7F, 0xE1, 0x8F, 0x80, 0x0F, 0x80, 0x0F, 0x0F,
    0x0F, 0x1F, 0x8F, 0x1F, 0x8F, 0x1F, 0xFF, 0x1F, 0xFF, 0x1F, 0xFF, 0x1F, 0xFF, 0x1F, 0xFF, 0x1F,
    0xFF, 0x1F, 0xFF, 0x1F, 0xFF, 0x1F, 0xFF, 0x1F, 0xFF, 0x1F, 0xFF, 0x1F, 0xFF, 0x1F, 0x8F, 0x1F,
    0x8F, 0x0F, 0x1F, 0x80, 0x1F, 0xC0, 0x3F, 0xE0, 0x7F, 0x00, 0x7F, 0x00, 0x1F, 0x00, 0x0F, 0x8F,
    0x8F, 0x8F, 0xC7, 0x8F, 0xC7, 0x8F, 0xC7, 0x8F, 0xC7, 0x8F, 0xC7, 0x8F, 0xC7, 0x8F, 0xC7, 0x8F,
    0xC7, 0x8F, 0xC7, 0x8F, 0xC7, 0x8F, 0xC7, 0x8F, 0xC7, 0x8F, 0xC7, 0x8F, 0xC7, 0x8F, 0xC7, 0x8F,
    0xC7, 0x8F, 0x8F, 0x00, 0x0F, 0x00, 0x1F, 0x00, 0x7F, 0x00, 0x07, 0x00, 0x07, 0x00, 0x07, 0x8F,
    0xC7, 0x8F, 0xC7, 0x8F, 0xFF, 0x8F, 0xFF, 0x8F, 0xFF, 0x8F, 0xFF, 0x8F, 0xFF, 0x80, 0x3F, 0x80,
    0x3F, 0x80, 0x3F, 0x8F, 0xFF, 0x8F, 0xFF, 0x8F, 0xFF, 0x8F, 0xFF, 0x8F, 0xFF, 0x8F, 0xFF, 0x8F,
    0xC7, 0x8F, 0xC7, 0x00, 0x07, 0x00, 0x07, 0x00, 0x07, 0x00, 0x0F, 0x00, 0x0F, 0x00, 0x0F, 0x8F,
    0x8F, 0x8F, 0x8F, 0x8F, 0xFF, 0x8F, 0xFF, 0x8F, 0xFF, 0x8F, 0xFF, 0x8F, 0xFF, 0x80, 0x7F, 0x80,
    0x7F, 0x80, 0x7F, 0x8F, 0xFF, 0x8F, 0xFF, 0x8F, 0xFF, 0x8F, 0xFF, 0x8F, 0xFF, 0x8F, 0xFF, 0x8F,
    0xFF, 0x8F, 0xFF, 0x03, 0xFF, 0x03, 0xFF, 0x03, 0xFF, 0xE1, 0x8F, 0x80, 0x0F, 0x80, 0x0F, 0x0F,
    0x0F, 0x1F, 0x8F, 0x1F, 0x8F, 0x1F, 0xFF, 0x1F, 0xFF, 0x1F, 0xFF, 0x1F, 0xFF, 0x1F, 0xFF, 0x1C,
    0x0F, 0x1C, 0x0F, 0x1C, 0x0F, 0x1F, 0x8F, 0x1F, 0x8F, 0x1F, 0x8F, 0x1F, 0x8F, 0x1F, 0x8F, 0x1F,
    0x8F, 0x0F, 0x0F, 0x80, 0x0F, 0x80, 0x8F, 0xC1, 0x8F, 0x07, 0x83, 0x07, 0x83, 0x07, 0x83, 0x8F,
    0xC7, 0x8F, 0xC7, 0x8F, 0xC7, 0x8F, 0xC7, 0x8F, 0xC7, 0x8F, 0xC7, 0x8F, 0xC7, 0x80, 0x07, 0x80,
    0x07, 0x80, 0x07, 0x8F, 0xC7, 0x8F, 0xC7, 0x8F, 0xC7, 0x8F, 0xC7, 0x8F, 0xC7, 0x8F, 0xC7, 0x8F,
    0xC7, 0x8F, 0xC7, 0x07, 0x83, 0x07, 0x83, 0x07, 0x83, 0x00, 0x0F, 0x00, 0x0F, 0x00, 0x0F, 0xF9,
    0xFF, 0xF9, 0xFF, 0xF9, 0xFF, 0xF9, 0xFF, 0xF9, 0xFF, 0xF9, 0xFF, 0xF9, 0xFF, 0xF9, 0xFF, 0xF9,
    0xFF, 0xF9, 0xFF, 0xF9, 0xFF, 0xF9, 0xFF, 0xF9, 0xFF, 0xF9, 0xFF, 0xF9, 0xFF, 0xF9, 0xFF, 0xF9,
    0xFF, 0xF9, 0xFF, 0x00, 0x0F, 0x00, 0x0F, 0x00, 0x0F, 0xF0, 0x1F, 0xF0, 0x1F, 0xF0, 0x1F, 0xFF,
    0x1F, 0xFF, 0x1F, 0xFF, 0x1F, 0xFF, 0x1F, 0xFF, 0x1F, 0xFF, 0x1F, 0xFF, 0x1F, 0xFF, 0x1F, 0xFF,
    0x1F, 0xFF, 0x1F, 0xFF, 0x1F, 0xFF, 0x1F, 0xFF, 0x1F, 0xFF, 0x1F, 0xFF, 0x1F, 0x3F, 0x1F, 0x1F,
    0x1F, 0x1E, 0x1F, 0x00, 0x3F, 0x80, 0x7F, 0xE0, 0xFF, 0x03, 0xC3, 0x03, 0x83, 0x03, 0x83, 0xC7,
    0x1F, 0xC7, 0x1F, 0xC6, 0x3F, 0xC6, 0x3F, 0xC4, 0x7F, 0xC4, 0x7F, 0xC0, 0xFF, 0xC0, 0xFF, 0xC0,
    0xFF, 0xC0, 0xFF, 0xC0, 0x7F, 0xC4, 0x7F, 0xC6, 0x7F, 0xC6, 0x3F, 0xC6, 0x3F, 0xC7, 0x1F, 0xC7,
    0x1F, 0xC7, 0x8F, 0x03, 0x83, 0x03, 0xC3, 0x03, 0xC3, 0x03, 0xFF, 0x03, 0xFF, 0x03, 0xFF, 0x8F,
    0xFF, 0x8F, 0xFF, 0x8F, 0xFF, 0x8F, 0xFF, 0x8F, 0xFF, 0x8F, 0xFF, 0x8F, 0xFF, 0x8F, 0xFF, 0x8F,
    0xFF, 0x8F, 0xFF, 0x8F, 0xFF, 0x8F, 0xFF, 0x8F, 0xFF, 0x8F, 0xFF, 0x8F, 0xFF, 0x8F, 0xFF, 0x8F,
    0xCF, 0x8F, 0xCF, 0x00, 0x0F, 0x00, 0x0F, 0x00, 0x0F, 0x07, 0xE0, 0x07, 0xE0, 0x07, 0xE0, 0x83,
    0xC1, 0x83, 0xC1, 0x83, 0xC1, 0x83, 0xC1, 0x89, 0x91, 0x89, 0x91, 0x89, 0x91, 0x89, 0x11, 0x8C,
    0x31, 0x8C, 0x31, 0x8C, 0x31, 0x8C, 0x31, 0x8E, 0x71, 0x8E, 0x71, 0x8F, 0xF1, 0x8F, 0xF1, 0x8F,
    0xF1, 0x8F, 0xF1, 0x07, 0xE0, 0x07, 0xE0, 0x07, 0xE0, 0x07, 0x83, 0x07, 0x83, 0x07, 0x83, 0x83,
    0xC7, 0x83, 0xC7, 0x83, 0xC7, 0x83, 0xC7, 0x81, 0xC7, 0x89, 0xC7, 0x89, 0xC7, 0x88, 0xC7, 0x8C,
    0xC7, 0x8C, 0xC7, 0x8C, 0x47, 0x8E, 0x47, 0x8E, 0x47, 0x8E, 0x07, 0x8F, 0x07, 0x8F, 0x07, 0x8F,
    0x07, 0x8F, 0x07, 0x07, 0x87, 0x07, 0x87, 0x07, 0x87, 0xE0, 0x7F, 0xC0, 0x3F, 0x80, 0x1F, 0x0F,
    0x0F, 0x1F, 0x8F, 0x1F, 0x8F, 0x1F, 0x8F, 0x1F, 0x8F, 0x1F, 0x8F, 0x1F, 0x8F, 0x1F, 0x8F, 0x1F,
    0x8F, 0x1F, 0x8F, 0x1F, 0x8F, 0x1F, 0x8F, 0x1F, 0x8F, 0x1F, 0x8F, 0x1F, 0x8F, 0x1F, 0x8F, 0x1F,
    0x8F, 0x0F, 0x0F, 0x80, 0x1F, 0xC0, 0x3F, 0xE0, 0x7F, 0x00, 0x3F, 0x00, 0x1F, 0x00, 0x0F, 0xC7,
    0x87, 0xC7, 0xC7, 0xC7, 0xC7, 0xC7, 0xC7, 0xC7, 0xC7, 0xC7, 0xC7, 0xC7, 0xC7, 0xC7, 0xC7, 0xC7,
    0x8F, 0xC0, 0x0F, 0xC0, 0x1F, 0xC0, 0xFF, 0xC7, 0xFF, 0xC7, 0xFF, 0xC7, 0xFF, 0xC7, 0xFF, 0xC7,
    0xFF, 0xC7, 0xFF, 0x01, 0xFF, 0x01, 0xFF, 0x01, 0xFF, 0xE0, 0x7F, 0xC0, 0x3F, 0x80, 0x1F, 0x0F,
    0x0F, 0x1F, 0x8F, 0x1F, 0x8F, 0x1F, 0x8F, 0x1F, 0x8F, 0x1F, 0x8F, 0x1F, 0x8F, 0x1F, 0x8F, 0x1F,
    0x8F, 0x1F, 0x8F, 0x1F, 0x8F, 0x1F, 0x8F, 0x1F, 0x8F, 0x1F, 0x8F, 0x1F, 0x8F, 0x1F, 0x8F, 0x1F,
    0x8F, 0x1F, 0x8F, 0x86, 0x1F, 0x80, 0x1F, 0xE0, 0x7F, 0xF8, 0xFF, 0xF8, 0xFF, 0xF8, 0xFF, 0xFC,
    0x1F, 0xFC, 0x1F, 0xFF, 0x1F, 0x00, 0x3F, 0x00, 0x1F, 0x00, 0x0F, 0x8F, 0x8F, 0x8F, 0xC7, 0x8F,
    0xC7, 0x8F, 0xC7, 0x8F, 0xC7, 0x8F, 0xC7, 0x8F, 0xC7, 0x8F, 0xC7, 0x8F, 0x8F, 0x80, 0x0F, 0x80,
    0x1F, 0x80, 0x7F, 0x8E, 0x3F, 0x8E, 0x3F, 0x8E, 0x1F, 0x8F, 0x1F, 0x8F, 0x1F, 0x8F, 0x8F, 0x07,
    0x83, 0x07, 0xC3, 0x07, 0xC3, 0xE0, 0x8F, 0xC0, 0x0F, 0x80, 0x0F, 0x8F, 0x0F, 0x1F, 0x8F, 0x1F,
    0x8F, 0x1F, 0xFF, 0x1F, 0xFF, 0x8F, 0xFF, 0x87, 0xFF, 0xC3, 0xFF, 0xE0, 0xFF, 0xF0, 0x3F, 0xFC,
    0x3F, 0xFE, 0x1F, 0xFF, 0x0F, 0xFF, 0x8F, 0xFF, 0x8F, 0x1F, 0x8F, 0x1F, 0x8F, 0x0F, 0x0F, 0x00,
    0x1F, 0x00, 0x1F, 0x18, 0x7F, 0x00, 0x0F, 0x00, 0x0F, 0x00, 0x0F, 0x39, 0xCF, 0x39, 0xCF, 0xF9,
    0xFF, 0xF9, 0xFF, 0xF9, 0xFF, 0xF9, 0xFF, 0xF9, 0xFF, 0xF9, 0xFF, 0xF9, 0xFF, 0xF9, 0xFF, 0xF9,
    0xFF, 0xF9, 0xFF, 0xF9, 0xFF, 0xF9, 0xFF, 0xF9, 0xFF, 0xF9, 0xFF, 0xF9, 0xFF, 0xF9, 0xFF, 0xC0,
    0x3F, 0xC0, 0x3F, 0xC0, 0x3F, 0x07, 0x83, 0x07, 0x83, 0x07, 0x83, 0x8F, 0xC7, 0x8F, 0xC7, 0x8F,
    0xC7, 0x8F, 0xC7, 0x8F, 0xC7, 0x8F, 0xC7, 0x8F, 0xC7, 0x8F, 0xC7, 0x8F, 0xC7, 0x8F, 0xC7, 0x8F,
    0xC7, 0x8F, 0xC7, 0x8F, 0xC7, 0x8F, 0xC7, 0x8F, 0xC7, 0x8F, 0xC7, 0x8F, 0xC7, 0xC7, 0x8F, 0xC0,
    0x0F, 0xE0, 0x1F, 0xF0, 0x3F, 0x07, 0x83, 0x07, 0x83, 0x07, 0x83, 0x8F, 0xC7, 0xCF, 0xCF, 0xC7,
    0x8F, 0xC7, 0x8F, 0xC7, 0x8F, 0xC7, 0x8F, 0xC7, 0x8F, 0xE7, 0x9F, 0xE3, 0x1F, 0xE3, 0x1F, 0xE3,
    0x1F, 0xE3, 0x1F, 0xF3, 0x3F, 0xF0, 0x3F, 0xF0, 0x3F, 0xF0, 0x3F, 0xF0, 0x3F, 0xF8, 0x7F, 0xF8,
    0x7F, 0xF8, 0x7F, 0xF8, 0x7F, 0x07, 0xE0, 0x07, 0xE0, 0x07, 0xE0, 0x8F, 0xF1, 0x8F, 0xF1, 0xCF,
    0xF3, 0xCF, 0xF3, 0xCE, 0x73, 0xCE, 0x73, 0xCC, 0x33, 0xC4, 0x23, 0xC4, 0x23, 0xC4, 0x23, 0xE4,
    0x27, 0xE4, 0x27, 0xE5, 0xA7, 0xE1, 0x87, 0xE1, 0x87, 0xE1, 0x87, 0xE1, 0x87, 0xE1, 0x87, 0xE1,
    0x87, 0xF3, 0xCF, 0xF3, 0xCF, 0x07, 0x83, 0x07, 0x83, 0x07, 0x83, 0xC7, 0x8F, 0xC7, 0x8F, 0xE3,
    0x1F, 0xE3, 0x1F, 0xF0, 0x3F, 0xF0, 0x3F, 0xF8, 0x7F, 0xF8, 0x7F, 0xF8, 0x7F, 0xF8, 0x7F, 0xF8,
    0x7F, 0xF8, 0x7F, 0xF0, 0x3F, 0xF0, 0x3F, 0xE3, 0x1F, 0xE3, 0x1F, 0xC7, 0x8F, 0xC7, 0x8F, 0x07,
    0x83, 0x07, 0x83, 0x07, 0x83, 0x07, 0x83, 0x07, 0x83, 0x07, 0x83, 0xC7, 0x8F, 0xC7, 0x8F, 0xC7,
    0x8F, 0xE3, 0x1F, 0xE3, 0x1F, 0xF3, 0x3F, 0xF0, 0x3F, 0xF0, 0x3F, 0xF8, 0x7F, 0xF8, 0x7F, 0xF8,
    0x7F, 0xFC, 0xFF, 0xFC, 0xFF, 0xFC, 0xFF, 0xFC, 0xFF, 0xFC, 0xFF, 0xFC, 0xFF, 0xFC, 0xFF, 0xE0,
    0x1F, 0xE0, 0x1F, 0xE0, 0x1F, 0x00, 0x0F, 0x00, 0x0F, 0x00, 0x0F, 0x1F, 0x1F, 0x1F, 0x1F, 0xFE,
    0x1F, 0xFE, 0x3F, 0xFC, 0x3F, 0xFC, 0x7F, 0xF8, 0x7F, 0xF8, 0xFF, 0xF8, 0xFF, 0xF1, 0xFF, 0xF1,
    0xFF, 0xE1, 0xFF, 0xE3, 0xFF, 0xC3, 0xFF, 0xC7, 0xFF, 0x87, 0xFF, 0x8F, 0x8F, 0x8F, 0x8F, 0x00,
    0x0F, 0x00, 0x0F, 0x00, 0x0F, 0x00, 0x7F, 0x00, 0x7F, 0x00, 0x7F, 0x1F, 0xFF, 0x1F, 0xFF, 0x1F,
    0xFF, 0x1F, 0xFF, 0x1F, 0xFF, 0x1F, 0xFF, 0x1F, 0xFF, 0x1F, 0xFF, 0x1F, 0xFF, 0x1F, 0xFF, 0x1F,
    0xFF, 0x1F, 0xFF, 0x1F, 0xFF, 0x1F, 0xFF, 0x1F, 0xFF, 0x1F, 0xFF, 0x1F, 0xFF, 0x1F, 0xFF, 0x1F,
    0xFF, 0x1F, 0xFF, 0x1F, 0xFF, 0x1F, 0xFF, 0x1F, 0xFF, 0x1F, 0xFF, 0x1F, 0xFF, 0x00, 0x7F, 0x00,
    0x7F, 0x00, 0x7F, 0x1F, 0xFF, 0x1F, 0xFF, 0x8F, 0xFF, 0x8F, 0xFF, 0x8F, 0xFF, 0xC7, 0xFF, 0xC7,
    0xFF, 0xC7, 0xFF, 0xC7, 0xFF, 0xE3, 0xFF, 0xE3, 0xFF, 0xE3, 0xFF, 0xF1, 0xFF, 0xF1, 0xFF, 0xF1,
    0xFF, 0xF9, 0xFF, 0xF8, 0xFF, 0xF8, 0xFF, 0xF8, 0xFF, 0xFC, 0x7F, 0xFC, 0x7F, 0xFC, 0x7F, 0xFE,
    0x3F, 0xFE, 0x3F, 0xFE, 0x3F, 0xFE, 0x3F, 0xFF, 0x1F, 0xFF, 0x1F, 0xFF, 0x1F, 0xFF, 0x8F, 0xFF,
    0x8F, 0x00, 0x7F, 0x00, 0x7F, 0x00, 0x7F, 0xFC, 0x7F, 0xFC, 0x7F, 0xFC, 0x7F, 0xFC, 0x7F, 0xFC,
    0x7F, 0xFC, 0x7F, 0xFC, 0x7F, 0xFC, 0x7F, 0xFC, 0x7F, 0xFC, 0x7F, 0xFC, 0x7F, 0xFC, 0x7F, 0xFC,
    0x7F, 0xFC, 0x7F, 0xFC, 0x7F, 0xFC, 0x7F, 0xFC, 0x7F, 0xFC, 0x7F, 0xFC, 0x7F, 0xFC, 0x7F, 0xFC,
    0x7F, 0xFC, 0x7F, 0xFC, 0x7F, 0xFC, 0x7F, 0xFC, 0x7F, 0x00, 0x7F, 0x00, 0x7F, 0x00, 0x7F, 0xF8,
    0x7F, 0xF0, 0x3F, 0xF0, 0x3F, 0xE3, 0x1F, 0xC3, 0x0F, 0xC7, 0x8F, 0x8F, 0xC7, 0x0F, 0xC3, 0xDF,
    0xEF, 0xDF, 0x9F, 0x0F, 0x87, 0xC3, 0xE3, 0xF1, 0xF8, 0xFB, 0xE0, 0x7F, 0x80, 0x3F, 0x80, 0x1F,
    0x1F, 0x0F, 0x1F, 0x8F, 0xFF, 0x8F, 0xFF, 0x8F, 0xE0, 0x0F, 0xC0, 0x0F, 0x80, 0x0F, 0x1F, 0x8F,
    0x1F, 0x8F, 0x1F, 0x8F, 0x1F, 0x0F, 0x0E, 0x07, 0x80, 0x87, 0xC1, 0x87, 0x0F, 0xFF, 0x0F, 0xFF,
    0x0F, 0xFF, 0x8F, 0xFF, 0x8F, 0xFF, 0x8F, 0xFF, 0x8F, 0xFF, 0x8C, 0x3F, 0x88, 0x0F, 0x80, 0x0F,
    0x87, 0x87, 0x8F, 0xC7, 0x8F, 0xC7, 0x8F, 0xC7, 0x8F, 0xC7, 0x8F, 0xC7, 0x8F, 0xC7, 0x8F, 0xC7,
    0x8F, 0xC7, 0x8F, 0xC7, 0x87, 0x87, 0x03, 0x0F, 0x08, 0x0F, 0x0C, 0x1F, 0xE1, 0x8F, 0x80, 0x0F,
    0x80, 0x0F, 0x0F, 0x0F, 0x1F, 0x8F, 0x1F, 0x8F, 0x1F, 0xFF, 0x1F, 0xFF, 0x1F, 0xFF, 0x1F, 0xFF,
    0x1F, 0xFF, 0x1F, 0x8F, 0x1F, 0x8F, 0x0F, 0x1F, 0x80, 0x1F, 0xC0, 0x3F, 0xE0, 0x7F, 0xFF, 0x0F,
    0xFF, 0x0F, 0xFF, 0x0F, 0xFF, 0x8F, 0xFF, 0x8F, 0xFF, 0x8F, 0xFF, 0x8F, 0xE1, 0x8F, 0x80, 0x8F,
    0x80, 0x0F, 0x0F, 0x0F, 0x1F, 0x8F, 0x1F, 0x8F, 0x1F, 0x8F, 0x1F, 0x8F, 0x1F, 0x8F, 0x1F, 0x8F,
    0x1F, 0x8F, 0x1F, 0x8F, 0x1F, 0x8F, 0x0F, 0x0F, 0x86, 0x07, 0x80, 0x87, 0xE1, 0x87, 0xE0, 0x7F,
    0xC0, 0x3F, 0x80, 0x1F, 0x0F, 0x0F, 0x1F, 0x8F, 0x1F, 0x8F, 0x1F, 0x8F, 0x00, 0x0F, 0x00, 0x0F,
    0x00, 0x0F, 0x1F, 0xFF, 0x1F, 0xFF, 0x1F, 0x8F, 0x0F, 0x8F, 0x80, 0x1F, 0xC0, 0x1F, 0xE0, 0x7F,
    0xFC, 0x3F, 0xF8, 0x1F, 0xF0, 0x0F, 0xF1, 0x8F, 0xF3, 0x8F, 0xF3, 0xFF, 0xF3, 0xFF, 0xF3, 0xFF,
    0x00, 0x1F, 0x00, 0x1F, 0x00, 0x1F, 0xF3, 0xFF, 0xF3, 0xFF, 0xF3, 0xFF, 0xF3, 0xFF, 0xF3, 0xFF,
    0xF3, 0xFF, 0xF3, 0xFF, 0xF3, 0xFF, 0xF3, 0xFF, 0xF3, 0xFF, 0x00, 0x3F, 0x00, 0x3F, 0x00, 0x3F,
    0xE1, 0x87, 0x80, 0x87, 0x86, 0x07, 0x0F, 0x0F, 0x1F, 0x8F, 0x1F, 0x8F, 0x1F, 0x8F, 0x1F, 0x8F,
    0x1F, 0x8F, 0x1F, 0x8F, 0x1F, 0x8F, 0x1F, 0x8F, 0x1F, 0x8F, 0x0F, 0x0F, 0x80, 0x0F, 0x80, 0x8F,
    0xE1, 0x8F, 0xFF, 0x8F, 0xFF, 0x8F, 0x1F, 0x8F, 0x1F, 0x1F, 0x80, 0x1F, 0x80, 0x3F, 0xE0, 0x7F,
    0x0F, 0xFF, 0x0F, 0xFF, 0x0F, 0xFF, 0x8F, 0xFF, 0x8F, 0xFF, 0x8F, 0xFF, 0x8F, 0xFF, 0x8C, 0x3F,
    0x88, 0x1F, 0x80, 0x0F, 0x87, 0x8F, 0x8F, 0xC7, 0x8F, 0xC7, 0x8F, 0xC7, 0x8F, 0xC7, 0x8F, 0xC7,
    0x8F, 0xC7, 0x8F, 0xC7, 0x8F, 0xC7, 0x8F, 0xC7, 0x8F, 0xC7, 0x07, 0x83, 0x07, 0x83, 0x07, 0x83,
    0xF8, 0xFF, 0xF0, 0xFF, 0xF0, 0xFF, 0xF8, 0xFF, 0xFF, 0xFF, 0xFF, 0xFF, 0x80, 0xFF, 0x80, 0xFF,
    0x80, 0xFF, 0xF8, 0xFF, 0xF8, 0xFF, 0xF8, 0xFF, 0xF8, 0xFF, 0xF8, 0xFF, 0xF8, 0xFF, 0xF8, 0xFF,
    0xF8, 0xFF, 0xF8, 0xFF, 0xF8, 0xFF, 0xF8, 0xFF, 0x00, 0x0F, 0x00, 0x0F, 0x00, 0x0F, 0xFF, 0x1F,
    0xFF, 0x0F, 0xFF, 0x0F, 0xFF, 0x1F, 0xFF, 0xFF, 0xFF, 0xFF, 0xF0, 0x1F, 0xF0, 0x1F, 0xF0, 0x1F,
    0xFF, 0x9F, 0xFF, 0x9F, 0xFF, 0x9F, 0xFF, 0x9F, 0xFF, 0x9F, 0xFF, 0x9F, 0xFF, 0x9F, 0xFF, 0x9F,
    0xFF, 0x9F, 0xFF, 0x9F, 0xFF, 0x9F, 0xFF, 0x9F, 0xFF, 0x9F, 0xFF, 0x9F, 0xFF, 0x9F, 0xFF, 0x9F,
    0x1F, 0x1F, 0x8F, 0x1F, 0x80, 0x1F, 0xC0, 0x3F, 0xE0, 0xFF, 0x07, 0xFF, 0x07, 0xFF, 0x07, 0xFF,
    0xC7, 0xFF, 0xC7, 0xFF, 0xC7, 0xFF, 0xC7, 0xFF, 0xC7, 0xC3, 0xC7, 0x83, 0xC7, 0x03, 0xC7, 0x1F,
    0xC6, 0x3F, 0xC4, 0x3F, 0xC4, 0x7F, 0xC0, 0xFF, 0xC0, 0xFF, 0xC0, 0x7F, 0xC0, 0x3F, 0xC6, 0x3F,
    0xC7, 0x1F, 0xC7, 0x1F, 0x03, 0x83, 0x03, 0x83, 0x03, 0xC3, 0x80, 0xFF, 0x80, 0xFF, 0x80, 0xFF,
    0xF8, 0xFF, 0xF8, 0xFF, 0xF8, 0xFF, 0xF8, 0xFF, 0xF8, 0xFF, 0xF8, 0xFF, 0xF8, 0xFF, 0xF8, 0xFF,
    0xF8, 0xFF, 0xF8, 0xFF, 0xF8, 0xFF, 0xF8, 0xFF, 0xF8, 0xFF, 0xF8, 0xFF, 0xF8, 0xFF, 0xF8, 0xFF,
    0xF8, 0xFF, 0xF8, 0xFF, 0x00, 0x0F, 0x00, 0x0F, 0x00, 0x0F, 0x08, 0xC7, 0x00, 0x03, 0x84, 0x23,
    0x8E, 0x73, 0x8E, 0x71, 0x8E, 0x71, 0x8E, 0x71, 0x8E, 0x71, 0x8E, 0x71, 0x8E, 0x71, 0x8E, 0x71,
    0x8E, 0x71, 0x8E, 0x71, 0x8E, 0x71, 0x8E, 0x71, 0x0E, 0x70, 0x0E, 0x70, 0x0C, 0x3F, 0x08, 0x1F,
    0x03, 0x0F, 0x87, 0x8F, 0x8F, 0xC7, 0x8F, 0xC7, 0x8F, 0xC7, 0x8F, 0xC7, 0x8F, 0xC7, 0x8F, 0xC7,
    0x8F, 0xC7, 0x8F, 0xC7, 0x8F, 0xC7, 0x8F, 0xC7, 0x07, 0x83, 0x07, 0x83, 0x07, 0x83, 0xE0, 0x7F,
    0xC0, 0x3F, 0x80, 0x1F, 0x0F, 0x0F, 0x1F, 0x8F, 0x1F, 0x8F, 0x1F, 0x8F, 0x1F, 0x8F, 0x1F, 0x8F,
    0x1F, 0x8F, 0x1F, 0x8F, 0x1F, 0x8F, 0x1F, 0x8F, 0x0F, 0x0F, 0x80, 0x1F, 0xC0, 0x3F, 0xE0, 0x7F,
    0x0C, 0x3F, 0x08, 0x0F, 0x03, 0x0F, 0x87, 0x87, 0x8F, 0xC7, 0x8F, 0xC7, 0x8F, 0xC7, 0x8F, 0xC7,
    0x8F, 0xC7, 0x8F, 0xC7, 0x8F, 0xC7, 0x8F, 0xC7, 0x8F, 0xC7, 0x87, 0x87, 0x80, 0x0F, 0x88, 0x0F,
    0x8C, 0x1F, 0x8F, 0xFF, 0x8F, 0xFF, 0x8F, 0xFF, 0x8F, 0xFF, 0x03, 0xFF, 0x03, 0xFF, 0x03, 0xFF,
    0xE1, 0x87, 0x80, 0x87, 0x86, 0x07, 0x0F, 0x0F, 0x1F, 0x8F, 0x1F, 0x8F, 0x1F, 0x8F, 0x1F, 0x8F,
    0x1F, 0x8F, 0x1F, 0x8F, 0x1F, 0x8F, 0x1F, 0x8F, 0x1F, 0x8F, 0x0F, 0x0F, 0x80, 0x0F, 0x80, 0x8F,
    0xE1, 0x8F, 0xFF, 0x8F, 0xFF, 0x8F, 0xFF, 0x8F, 0xFF, 0x8F, 0xFE, 0x07, 0xFE, 0x07, 0xFE, 0x07,
    0x03, 0x1F, 0x02, 0x0F, 0x00, 0x8F, 0xE3, 0x8F, 0xE3, 0xCF, 0xE3, 0xF7, 0xE3, 0xFF, 0xE3, 0xFF,
    0xE3, 0xFF, 0xE3, 0xFF, 0xE3, 0xFF, 0xE3, 0xFF, 0xE3, 0xFF, 0xE3, 0xFF, 0x00, 0x7F, 0x00, 0x7F,
    0x00, 0x7F, 0xE0, 0x8F, 0x80, 0x0F, 0x87, 0x0F, 0x0F, 0x8F, 0x1F, 0x8F, 0x8F, 0x8F, 0x87, 0xFF,
    0xC0, 0xFF, 0xE0, 0x3F, 0xF8, 0x1F, 0xFE, 0x1F, 0x1F, 0x8F, 0x1F, 0x8F, 0x1F, 0x8F, 0x00, 0x1F,
    0x00, 0x1F, 0x10, 0x7F, 0xE3, 0xFF, 0xE3, 0xFF, 0xE3, 0xFF, 0xE3, 0xFF, 0xE3, 0xFF, 0xE3, 0xFF,
    0xE3, 0xFF, 0x00, 0x1F, 0x00, 0x1F, 0x00, 0x1F, 0xE3, 0xFF, 0xE3, 0xFF, 0xE3, 0xFF, 0xE3, 0xFF,
    0xE3, 0xFF, 0xE3, 0xFF, 0xE3, 0xFF, 0xE3, 0xFF, 0xE3, 0xC7, 0xE3, 0xC7, 0xE1, 0x8F, 0xF0, 0x0F,
    0xF0, 0x1F, 0xFC, 0x3F, 0x0F, 0x87, 0x0F, 0x87, 0x0F, 0x87, 0x8F, 0xC7, 0x8F, 0xC7, 0x8F, 0xC7,
    0x8F, 0xC7, 0x8F, 0xC7, 0x8F, 0xC7, 0x8F, 0xC7, 0x8F, 0xC7, 0x8F, 0xC7, 0x8F, 0xC7, 0xC7, 0x87,
    0xC3, 0x03, 0xE0, 0x43, 0xF0, 0xC3, 0x07, 0x83, 0x07, 0x83, 0x07, 0x83, 0xC7, 0x8F, 0xC7, 0x8F,
    0xC7, 0x8F, 0xC7, 0x8F, 0xE3, 0x1F, 0xE3, 0x1F, 0xE3, 0x1F, 0xF3, 0x3F, 0xF0, 0x3F, 0xF0, 0x3F,
    0xF0, 0x3F, 0xF8, 0x7F, 0xF8, 0x7F, 0xF8, 0x7F, 0x07, 0xE0, 0x07, 0xE0, 0x07, 0xE0, 0xCF, 0xF3,
    0xCF, 0xF3, 0xCE, 0x73, 0xCC, 0x33, 0xC4, 0x23, 0xC4, 0x23, 0xE4, 0x27, 0xE5, 0xA7, 0xE1, 0x87,
    0xE1, 0x87, 0xE1, 0x87, 0xE1, 0x87, 0xE3, 0xC7, 0xF3, 0xCF, 0x07, 0x83, 0x07, 0x83, 0x07, 0x83,
    0xE3, 0x1F, 0xE3, 0x1F, 0xF0, 0x3F, 0xF0, 0x3F, 0xF8, 0x7F, 0xF8, 0x7F, 0xF8, 0x7F, 0xF0, 0x3F,
    0xF0, 0x3F, 0xE3, 0x1F, 0xE3, 0x1F, 0x07, 0x83, 0x07, 0x83, 0x07, 0x83, 0x07, 0x83, 0x07, 0x83,
    0x07, 0x83, 0xC7, 0x8F, 0xC7, 0x8F, 0xC7, 0x8F, 0xE7, 0x9F, 0xE3, 0x1F, 0xE3, 0x1F, 0xE3, 0x1F,
    0xF3, 0x3F, 0xF0, 0x3F, 0xF0, 0x3F, 0xF0, 0x3F, 0xF8, 0x7F, 0xF8, 0x7F, 0xF8, 0x7F, 0xF8, 0xFF,
    0xF8, 0xFF, 0xF8, 0xFF, 0xF8, 0xFF, 0x81, 0xFF, 0x81, 0xFF, 0x83, 0xFF, 0x00, 0x0F, 0x00, 0x0F,
    0x00, 0x0F, 0x1F, 0x1F, 0x1E, 0x3F, 0xFE, 0x3F, 0xFC, 0x7F, 0xF8, 0xFF, 0xF0, 0xFF, 0xF1, 0xFF,
    0xE3, 0xFF, 0xC7, 0xFF, 0xC7, 0x8F, 0x8F, 0x8F, 0x00, 0x0F, 0x00, 0x0F, 0x00, 0x0F, 0xFF, 0x3F,
    0xF8, 0x3F, 0xF0, 0x3F, 0xE1, 0xFF, 0xE3, 0xFF, 0xC7, 0xFF, 0xC7, 0xFF, 0xC7, 0xFF, 0xE3, 0xFF,
    0xE3, 0xFF, 0xE3, 0xFF, 0xF1, 0xFF, 0xF1, 0xFF, 0xE3, 0xFF, 0xC3, 0xFF, 0x07, 0xFF, 0x0F, 0xFF,
    0x07, 0xFF, 0xE3, 0xFF, 0xF1, 0xFF, 0xF1, 0xFF, 0xF1, 0xFF, 0xE3, 0xFF, 0xE3, 0xFF, 0xE3, 0xFF,
    0xC7, 0xFF, 0xC7, 0xFF, 0xC7, 0xFF, 0xE3, 0xFF, 0xE0, 0x3F, 0xF0, 0x3F, 0xFC, 0x3F, 0x3F, 0x3F,
    0x3F, 0x3F, 0x3F, 0x3F, 0x3F, 0x3F, 0x3F, 0x3F, 0x3F, 0x3F, 0x3F, 0x3F, 0x3F, 0x3F, 0x3F, 0x3F,
    0x3F, 0x3F, 0x3F, 0x3F, 0x3F, 0x3F, 0x3F, 0x3F, 0x3F, 0x3F, 0x3F, 0x3F, 0x3F, 0x3F, 0xFF, 0x07,
    0xFF, 0x03, 0xFF, 0xE1, 0xFF, 0xF1, 0xFF, 0xF8, 0xFF, 0xF8, 0xFF, 0xF8, 0xFF, 0xF1, 0xFF, 0xF1,
    0xFF, 0xF1, 0xFF, 0xE3, 0xFF, 0xE3, 0xFF, 0xF1, 0xFF, 0xF0, 0xFF, 0xF8, 0x3F, 0xFC, 0x3F, 0xF8,
    0x3F, 0xF1, 0xFF, 0xE3, 0xFF, 0xE3, 0xFF, 0xE3, 0xFF, 0xF1, 0xFF, 0xF1, 0xFF, 0xF1, 0xFF, 0xF8,
    0xFF, 0xF8, 0xFF, 0xF8, 0xFF, 0xF1, 0xFF, 0x01, 0xFF, 0x03, 0xFF, 0x0F, 0xFF, 0xE3, 0xE7, 0xC1,
    0xE3, 0xC0, 0xE7, 0x88, 0x47, 0x9C, 0x0F, 0x1E, 0x0F, 0x9F, 0x1F, 0x0F, 0x0F, 0x0F, 0x0F, 0x0F,
    0xFF, 0xFF, 0xFF, 0xFF, 0x9F, 0x9F, 0x9F, 0x9F, 0x9F, 0x9F, 0x9F, 0x9F, 0x9F, 0x9F, 0x9F, 0x9F,
    0x9F, 0x9F, 0x9F, 0xF9, 0xFF, 0xF9, 0xFF, 0xF9, 0xFF, 0xF9, 0xFF, 0xE1, 0x8F, 0x80, 0x0F, 0x80,
    0x0F, 0x09, 0x0F, 0x19, 0x8F, 0x19, 0x8F, 0x19, 0xFF, 0x19, 0xFF, 0x19, 0xFF, 0x19, 0xFF, 0x19,
    0xFF, 0x19, 0x8F, 0x19, 0x8F, 0x09, 0x1F, 0x80, 0x1F, 0xC0, 0x3F, 0xE0, 0xFF, 0xF9, 0xFF, 0xF9,
    0xFF, 0xF9, 0xFF, 0xF0, 0x7F, 0xE0, 0x3F, 0xE0, 0x1F, 0xC7, 0x1F, 0xC7, 0x1F, 0xC7, 0xFF, 0xC7,
    0xFF, 0xC7, 0xFF, 0xC7, 0xFF, 0xC7, 0xFF, 0xC7, 0xFF, 0x00, 0xFF, 0x00, 0xFF, 0x00, 0xFF, 0xC7,
    0xFF, 0xC7, 0xFF, 0xC7, 0xFF, 0xC7, 0xFF, 0xC7, 0xFF, 0xC7, 0x8F, 0x8F, 0x8F, 0x00, 0x0F, 0x00,
    0x0F, 0x00, 0x0F, 0x9F, 0xE7, 0x00, 0x03, 0x80, 0x07, 0xC0, 0x0F, 0xC7, 0x8F, 0xCF, 0xCF, 0x8F,
    0xC7, 0x8F, 0xCF, 0xCF, 0xCF, 0xC7, 0x8F, 0xC0, 0x0F, 0x80, 0x07, 0x1C, 0xE3, 0xDF, 0xEF, 0x07,
    0x83, 0x07, 0x83, 0x07, 0x83, 0xC7, 0x8F, 0xC7, 0x8F, 0xC7, 0x8F, 0xE3, 0x1F, 0xE3, 0x1F, 0xF3,
    0x1F, 0xF0, 0x3F, 0xF0, 0x3F, 0xF8, 0x7F, 0xF8, 0x7F, 0x80, 0x07, 0x80, 0x07, 0x80, 0x07, 0xFC,
    0xFF, 0x80, 0x07, 0x80, 0x07, 0x80, 0x07, 0xFC, 0xFF, 0xE0, 0x1F, 0xE0, 0x1F, 0xE0, 0x1F, 0x3F,
    0x3F, 0x3F, 0x3F, 0x3F, 0x3F, 0x3F, 0x3F, 0x3F, 0x3F, 0x3F, 0x3F, 0x3F, 0x3F, 0xFF, 0xFF, 0xFF,
    0x3F, 0x3F, 0x3F, 0x3F, 0x3F, 0x3F, 0x3F, 0x3F, 0x3F, 0x3F, 0x3F, 0x3F, 0x3F, 0x3F, 0xF9, 0xFF,
    0xC0, 0x3F, 0x80, 0x1F, 0x8F, 0x1F, 0x1F, 0x8F, 0x1F, 0x8F, 0x1F, 0x8F, 0x1F, 0xFF, 0x0F, 0xFF,
    0x87, 0xFF, 0xC1, 0xFF, 0xC0, 0x7F, 0x80, 0x3F, 0x8E, 0x1F, 0x1F, 0x0F, 0x1F, 0x8F, 0x1F, 0x8F,
    0x0F, 0x8F, 0x8F, 0x8F, 0x83, 0x1F, 0xC0, 0x1F, 0xF0, 0x3F, 0xFC, 0x1F, 0xFF, 0x1F, 0xFF, 0x8F,
    0xFF, 0x8F, 0x1F, 0x8F, 0x1F, 0x8F, 0x0F, 0x1F, 0x80, 0x1F, 0xC0, 0x3F, 0xE0, 0x7F, 0x1E, 0x3F,
    0x0C, 0x3F, 0x0C, 0x3F, 0x1E, 0x3F, 0xF0, 0x3F, 0xC0, 0x0F, 0xCF, 0xCF, 0x9F, 0xE7, 0x9F, 0xE7,
    0x3F, 0xF3, 0x38, 0xB3, 0x30, 0x33, 0x33, 0x33, 0x33, 0xF3, 0x33, 0xF3, 0x33, 0xF3, 0x33, 0xF3,
    0x33, 0xF3, 0x33, 0xF3, 0x33, 0xF3, 0x33, 0x33, 0x30, 0x33, 0x38, 0x73, 0x1F, 0xE7, 0x9F, 0xE7,
    0x8F, 0xC7, 0xC0, 0x0F, 0xF0, 0x3F, 0xC1, 0xFF, 0x80, 0x7F, 0x8C, 0x7F, 0x1E, 0x7F, 0xFE, 0x7F,
    0xE0, 0x7F, 0x80, 0x7F, 0x8E, 0x7F, 0x1E, 0x7F, 0x1C, 0x7F, 0x80, 0x3F, 0xC2, 0x3F, 0xFF, 0xFF,
    0xFF, 0xFF, 0x80, 0x7F, 0x80, 0x7F, 0xF9, 0xE3, 0xF9, 0xE7, 0xF9, 0xC7, 0xF1, 0xCF, 0xE3, 0x8F,
    0xC7, 0x1F, 0xC6, 0x1F, 0x0C, 0x3F, 0x0C, 0x3F, 0x86, 0x3F, 0xC7, 0x1F, 0xE3, 0x8F, 0xF3, 0xCF,
    0xF1, 0xC7, 0xF9, 0xE7, 0xF8, 0xE3, 0x00, 0x0F, 0x00, 0x0F, 0x00, 0x0F, 0xFF, 0x8F, 0xFF, 0x8F,
    0xFF, 0x8F, 0xFF, 0x8F, 0xFF, 0x8F, 0xF0, 0x3F, 0xC0, 0x0F, 0x80, 0xC7, 0x10, 0x63, 0x33, 0x33,
    0x33, 0x33, 0x73, 0x3B, 0x70, 0x7B, 0x70, 0x7B, 0x32, 0x73, 0x33, 0x33, 0x13, 0x23, 0x8F, 0xC7,
    0xC0, 0x0F, 0xF0, 0x3F, 0xE7, 0x81, 0x81, 0x18, 0x18, 0x00, 0x81, 0xC3, 0xF9, 0xFF, 0xF9, 0xFF,
    0xF9, 0xFF, 0xF9, 0xFF, 0xF9, 0xFF, 0x00, 0x0F, 0x00, 0x0F, 0x00, 0x0F, 0xF9, 0xFF, 0xF9, 0xFF,
    0xF9, 0xFF, 0xF9, 0xFF, 0xFF, 0xFF, 0xFF, 0xFF, 0x00, 0x0F, 0x00, 0x0F, 0x00, 0x0F, 0xE1, 0xFF,
    0x80, 0x7F, 0x8C, 0x7F, 0x9E, 0x7F, 0x7E, 0x3F, 0xFE, 0x3F, 0xFE, 0x7F, 0xFC, 0x7F, 0xF8, 0xFF,
    0xE1, 0xFF, 0xC3, 0xFF, 0xC7, 0xFF, 0x8F, 0xFF, 0x8F, 0xFF, 0x9E, 0x7F, 0x80, 0x7F, 0x80, 0x7F,
    0xE1, 0xFF, 0x80, 0x7F, 0x8C, 0x7F, 0x9E, 0x7F, 0xFE, 0x7F, 0xFE, 0x7F, 0xFC, 0x7F, 0xF0, 0xFF,
    0xF0, 0xFF, 0xFC, 0x7F, 0xFE, 0x3F, 0xFE, 0x3F, 0xFE, 0x3F, 0x1E, 0x3F, 0x8C, 0x7F, 0x80, 0x7F,
    0xE1, 0xFF, 0xFB, 0xF9, 0xF0, 0xE1, 0xC3, 0xC7, 0x8F, 0x1F, 0xDF, 0x0F, 0x87, 0x0F, 0x87, 0x0F,
    0x87, 0x8F, 0xC7, 0x8F, 0xC7, 0x8F, 0xC7, 0x8F, 0xC7, 0x8F, 0xC7, 0x8F, 0xC7, 0x8F, 0xC7, 0x8F,
    0xC7, 0x8F, 0xC7, 0x8F, 0xC7, 0x87, 0x87, 0x83, 0x03, 0x80, 0x43, 0x80, 0xC3, 0x8F, 0xFF, 0x8F,
    0xFF, 0x8F, 0xFF, 0x8F, 0xFF, 0x8F, 0xFF, 0x8F, 0xFF, 0x8F, 0xFF, 0xE0, 0x0F, 0xC0, 0x0F, 0x80,
    0xCF, 0x80, 0xCF, 0x00, 0xCF, 0x00, 0xCF, 0x00, 0xCF, 0x00, 0xCF, 0x00, 0xCF, 0x80, 0xCF, 0x80,
    0xCF, 0xC0, 0xCF, 0xE0, 0xCF, 0xF8, 0xCF, 0xF8, 0xCF, 0xF8, 0xCF, 0xF8, 0xCF, 0xF8, 0xCF, 0xF8,
    0xCF, 0xF8, 0xCF, 0xF8, 0xCF, 0xF8, 0xCF, 0xF8, 0xCF, 0xF8, 0xCF, 0x87, 0x87, 0x03, 0x03, 0x87,
    0x87, 0xCF, 0xC7, 0xC3, 0xF3, 0x03, 0x03, 0x07, 0xE3, 0xFF, 0xC3, 0xFF, 0x83, 0xFF, 0x13, 0xFF,
    0xB3, 0xFF, 0xF3, 0xFF, 0xF3, 0xFF, 0xF3, 0xFF, 0xF3, 0xFF, 0xF3, 0xFF, 0xF3, 0xFF, 0xF3, 0xFF,
    0xF3, 0xFF, 0xF3, 0xFF, 0xF3, 0xFF, 0x80, 0x7F, 0x80, 0x7F, 0xE1, 0xFF, 0x80, 0x7F, 0x8C, 0x7F,
    0x1E, 0x3F, 0x1E, 0x3F, 0x1E, 0x3F, 0x1E, 0x3F, 0x1E, 0x3F, 0x1E, 0x3F, 0x8C, 0x7F, 0x80, 0x7F,
    0xE1, 0xFF, 0xFF, 0xFF, 0xFF, 0xFF, 0x80, 0x7F, 0x80, 0x7F, 0x1E, 0x7F, 0x9C, 0x7F, 0x8E, 0x3F,
    0xCE, 0x3F, 0xC7, 0x1F, 0xE3, 0x8F, 0xE1, 0x87, 0xF0, 0xC3, 0xF0, 0xC3, 0xF1, 0x87, 0xE3, 0x8F,
    0xC7, 0x1F, 0xCF, 0x3F, 0x8E, 0x3F, 0x9E, 0x7F, 0x1C, 0x7F, 0xF1, 0xFF, 0xE1, 0xFF, 0xC1, 0xFF,
    0xE9, 0xFF, 0xF9, 0xFF, 0xF9, 0xFF, 0xF9, 0xFF, 0xF9, 0xFF, 0xF9, 0xFF, 0xF9, 0xFF, 0xF9, 0xFF,
    0xE0, 0x7F, 0xE0, 0x7F, 0xFF, 0xFF, 0xFF, 0xFF, 0x00, 0x0F, 0x00, 0x0F, 0xFF, 0xFF, 0xFF, 0xFF,
    0xFE, 0x7F, 0xFC, 0xFF, 0xF8, 0xFF, 0xF9, 0xFF, 0xF1, 0xFF, 0xF3, 0xFF, 0xE6, 0x7F, 0xE6, 0x7F,
    0xC0, 0x3F, 0xC0, 0x3F, 0xFE, 0x7F, 0xFC, 0x7F, 0xFC, 0x7F, 0xF1, 0xFF, 0xE1, 0xFF, 0xC1, 0xFF,
    0xE9, 0xFF, 0xF9, 0xFF, 0xF9, 0xFF, 0xF9, 0xFF, 0xF9, 0xFF, 0xF9, 0xFF, 0xF9, 0xFF, 0xF9, 0xFF,
    0xE0, 0x7F, 0xE0, 0x7F, 0xFF, 0xFF, 0xFF, 0xFF, 0x00, 0x0F, 0x00, 0x0F, 0xFF, 0xFF, 0xFF, 0xFF,
    0xF9, 0xFF, 0xE0, 0x7F, 0xC6, 0x3F, 0xCF, 0x3F, 0xFF, 0x3F, 0xFE, 0x3F, 0xFC, 0x7F, 0xF8, 0xFF,
    0xF1, 0xFF, 0xE3, 0xFF, 0xE7, 0xFF, 0xC0, 0x3F, 0xC0, 0x3F, 0xF0, 0xFF, 0xE0, 0x7F, 0xE0, 0x3F,
    0xC6, 0x3F, 0xFF, 0x3F, 0xFE, 0x3F, 0xF8, 0x7F, 0xF8, 0x7F, 0xFC, 0x3F, 0xFF, 0x3F, 0xCF, 0x3F,
    0xC0, 0x3F, 0xE0, 0x7F, 0xF0, 0xFF, 0xFF, 0xFF, 0xFF, 0xFF, 0x00, 0x0F, 0x00, 0x0F, 0xFF, 0xFF,
    0xFF, 0xFF, 0xFE, 0x7F, 0xFC, 0xFF, 0xF8, 0xFF, 0xF9, 0xFF, 0xF1, 0xFF, 0xF3, 0xFF, 0xE6, 0x7F,
    0xE6, 0x7F, 0xC0, 0x3F, 0xC0, 0x3F, 0xFE, 0x7F, 0xFC, 0x7F, 0xFC, 0x7F, 0xF0, 0xFF, 0xF0, 0xFF,
    0xF0, 0xFF, 0xF0, 0xFF, 0xF0, 0xFF, 0xFF, 0xFF, 0xFF, 0xFF, 0xF9, 0xFF, 0xF1, 0xFF, 0xF1, 0xFF,
    0xF1, 0xFF, 0xE1, 0xFF, 0xC3, 0xFF, 0xC3, 0xFF, 0x87, 0xFF, 0x8F, 0xFF, 0x1F, 0xFF, 0x1F, 0xFF,
    0x1F, 0x8F, 0x1F, 0x8F, 0x0F, 0x0F, 0x80, 0x1F, 0xC0, 0x3F, 0xE0, 0x7F, 0xF3, 0xFF, 0xE1, 0xFF,
    0xF0, 0xFF, 0xF8, 0xFF, 0xFC, 0x7F, 0xFE, 0xFF, 0xFF, 0xFF, 0xF8, 0x7F, 0xF8, 0x7F, 0xF8, 0x7F,
    0xF8, 0x7F, 0xF0, 0x3F, 0xF0, 0x3F, 0xF0, 0x3F, 0xF0, 0x3F, 0xF3, 0x3F, 0xE3, 0x1F, 0xE3, 0x1F,
    0xE3, 0x1F, 0xE3, 0x1F, 0xE3, 0x9F, 0xC0, 0x0F, 0xC0, 0x0F, 0xC0, 0x0F, 0xC7, 0x8F, 0xC7, 0x8F,
    0xCF, 0xCF, 0x8F, 0xC7, 0x07, 0x83, 0x07, 0x83, 0x07, 0x83, 0xFF, 0x3F, 0xFE, 0x1F, 0xFC, 0x3F,
    0xFC, 0x7F, 0xF8, 0xFF, 0xFD, 0xFF, 0xFF, 0xFF, 0xF8, 0x7F, 0xF8, 0x7F, 0xF8, 0x7F, 0xF8, 0x7F,
    0xF0, 0x3F, 0xF0, 0x3F, 0xF0, 0x3F, 0xF0, 0x3F, 0xF3, 0x3F, 0xE3, 0x1F, 0xE3, 0x1F, 0xE3, 0x1F,
    0xE3, 0x1F, 0xE3, 0x9F, 0xC0, 0x0F, 0xC0, 0x0F, 0xC0, 0x0F, 0xC7, 0x8F, 0xC7, 0x8F, 0xCF, 0xCF,
    0x8F, 0xC7, 0x07, 0x83, 0x07, 0x83, 0x07, 0x83, 0xF8, 0x7F, 0xF0, 0x3F, 0xF0, 0x3F, 0xE3, 0x1F,
    0xC7, 0x8F, 0xEF, 0xDF, 0xFF, 0xFF, 0xFF, 0xFF, 0xF8, 0x7F, 0xF8, 0x7F, 0xF8, 0x7F, 0xF8, 0x7F,
    0xF0, 0x3F, 0xF0, 0x3F, 0xF0, 0x3F, 0xF0, 0x3F, 0xF3, 0x3F, 0xE3, 0x1F, 0xE3, 0x1F, 0xE3, 0x1F,
    0xE3, 0x1F, 0xE3, 0x9F, 0xC0, 0x0F, 0xC0, 0x0F, 0xC0, 0x0F, 0xC7, 0x8F, 0xC7, 0x8F, 0xCF, 0xCF,
    0x8F, 0xC7, 0x07, 0x83, 0x07, 0x83, 0x07, 0x83, 0xF1, 0xDF, 0xE0, 0xC7, 0xC0, 0x8F, 0x8C, 0x0F,
    0xCE, 0x1F, 0xFF, 0xFF, 0xFF, 0xFF, 0xF8, 0x7F, 0xF8, 0x7F, 0xF8, 0x7F, 0xF8, 0x7F, 0xF0, 0x3F,
    0xF0, 0x3F, 0xF0, 0x3F, 0xF0, 0x3F, 0xF3, 0x3F, 0xE3, 0x1F, 0xE3, 0x1F, 0xE3, 0x1F, 0xE3, 0x1F,
    0xE3, 0x9F, 0xC0, 0x0F, 0xC0, 0x0F, 0xC0, 0x0F, 0xC7, 0x8F, 0xC7, 0x8F, 0xCF, 0xCF, 0x8F, 0xC7,
    0x07, 0x83, 0x07, 0x83, 0x07, 0x83, 0xC7, 0x8F, 0xC3, 0x0F, 0xC3, 0x0F, 0xC7, 0x8F, 0xFF, 0xFF,
    0xFF, 0xFF, 0xF8, 0x7F, 0xF8, 0x7F, 0xF8, 0x7F, 0xF8, 0x7F, 0xF0, 0x3F, 0xF0, 0x3F, 0xF0, 0x3F,
    0xF0, 0x3F, 0xF3, 0x3F, 0xE3, 0x1F, 0xE3, 0x1F, 0xE3, 0x1F, 0xE3, 0x1F, 0xE3, 0x9F, 0xC0, 0x0F,
    0xC0, 0x0F, 0xC0, 0x0F, 0xC7, 0x8F, 0xC7, 0x8F, 0xCF, 0xCF, 0x8F, 0xC7, 0x07, 0x83, 0x07, 0x83,
    0x07, 0x83, 0xF8, 0x7F, 0xF0, 0x3F, 0xF3, 0x3F, 0xF3, 0x3F, 0xF0, 0x3F, 0xF8, 0x7F, 0xFF, 0xFF,
    0xFF, 0xFF, 0xF8, 0x7F, 0xF8, 0x7F, 0xF8, 0x7F, 0xF8, 0x7F, 0xF0, 0x3F, 0xF0, 0x3F, 0xF0, 0x3F,
    0xF0, 0x3F, 0xF3, 0x3F, 0xE3, 0x1F, 0xE3, 0x1F, 0xE3, 0x1F, 0xE3, 0x1F, 0xE3, 0x9F, 0xC0, 0x0F,
    0xC0, 0x0F, 0xC0, 0x0F, 0xC7, 0x8F, 0xC7, 0x8F, 0xCF, 0xCF, 0x8F, 0xC7, 0x07, 0x83, 0x07, 0x83,
    0x07, 0x83, 0xF0, 0x01, 0xF0, 0x01, 0xFC, 0x31, 0xF8, 0x31, 0xF8, 0x31, 0xF8, 0x3F, 0xF8, 0x3F,
    0xF0, 0x3F, 0xF0, 0x3F, 0xF0, 0x3F, 0xF2, 0x3F, 0xF2, 0x03, 0xE2, 0x03, 0xE2, 0x3F, 0xE2, 0x3F,
    0xE6, 0x3F, 0xE0, 0x3F, 0xC0, 0x3F, 0xC6, 0x3F, 0xC6, 0x31, 0xCE, 0x31, 0xCE, 0x31, 0x06, 0x01,
    0x06, 0x01, 0xE1, 0x8F, 0x80, 0x0F, 0x80, 0x0F, 0x0F, 0x0F, 0x1F, 0x8F, 0x1F, 0x8F, 0x1F, 0xFF,
    0x1F, 0xFF, 0x1F, 0xFF, 0x1F, 0xFF, 0x1F, 0xFF, 0x1F, 0xFF, 0x1F, 0xFF, 0x1F, 0xFF, 0x1F, 0xFF,
    0x1F, 0xFF, 0x1F, 0xFF, 0x1F, 0xFF, 0x1F, 0x8F, 0x1F, 0x8F, 0x0F, 0x1F, 0x80, 0x1F, 0xC0, 0x3F,
    0xE0, 0x7F, 0xF9, 0xFF, 0xF9, 0xFF, 0xF8, 0x7F, 0xFE, 0x7F, 0xE0, 0x7F, 0xE0, 0x7F, 0xE0, 0xFF,
    0xF3, 0xFF, 0xE1, 0xFF, 0xF0, 0xFF, 0xF8, 0xFF, 0xFC, 0x7F, 0xFE, 0xFF, 0xFF, 0xFF, 0x00, 0x07,
    0x00, 0x07, 0x00, 0x07, 0x8F, 0xC7, 0x8F, 0xC7, 0x8F, 0xFF, 0x8F, 0xFF, 0x8F, 0xFF, 0x8F, 0xFF,
    0x8F, 0xFF, 0x80, 0x3F, 0x80, 0x3F, 0x80, 0x3F, 0x8F, 0xFF, 0x8F, 0xFF, 0x8F, 0xFF, 0x8F, 0xFF,
    0x8F, 0xFF, 0x8F, 0xFF, 0x8F, 0xC7, 0x8F, 0xC7, 0x00, 0x07, 0x00, 0x07, 0x00, 0x07, 0xFF, 0x3F,
    0xFE, 0x1F, 0xFC, 0x3F, 0xFC, 0x7F, 0xF8, 0xFF, 0xFD, 0xFF, 0xFF, 0xFF, 0x00, 0x07, 0x00, 0x07,
    0x00, 0x07, 0x8F, 0xC7, 0x8F, 0xC7, 0x8F, 0xFF, 0x8F, 0xFF, 0x8F, 0xFF, 0x8F, 0xFF, 0x8F, 0xFF,
    0x80, 0x3F, 0x80, 0x3F, 0x80, 0x3F, 0x8F, 0xFF, 0x8F, 0xFF, 0x8F, 0xFF, 0x8F, 0xFF, 0x8F, 0xFF,
    0x8F, 0xFF, 0x8F, 0xC7, 0x8F, 0xC7, 0x00, 0x07, 0x00, 0x07, 0x00, 0x07, 0xF8, 0x7F, 0xF0, 0x3F,
    0xF0, 0x3F, 0xE3, 0x1F, 0xC7, 0x8F, 0xEF, 0xDF, 0xFF, 0xFF, 0xFF, 0xFF, 0x00, 0x07, 0x00, 0x07,
    0x00, 0x07, 0x8F, 0xC7, 0x8F, 0xC7, 0x8F, 0xFF, 0x8F, 0xFF, 0x8F, 0xFF, 0x8F, 0xFF, 0x8F, 0xFF,
    0x80, 0x3F, 0x80, 0x3F, 0x80, 0x3F, 0x8F, 0xFF, 0x8F, 0xFF, 0x8F, 0xFF, 0x8F, 0xFF, 0x8F, 0xFF,
    0x8F, 0xFF, 0x8F, 0xC7, 0x8F, 0xC7, 0x00, 0x07, 0x00, 0x07, 0x00, 0x07, 0xC7, 0x8F, 0xC3, 0x0F,
    0xC3, 0x0F, 0xC7, 0x8F, 0xFF, 0xFF, 0xFF, 0xFF, 0x00, 0x07, 0x00, 0x07, 0x00, 0x07, 0x8F, 0xC7,
    0x8F, 0xC7, 0x8F, 0xFF, 0x8F, 0xFF, 0x8F, 0xFF, 0x8F, 0xFF, 0x8F, 0xFF, 0x80, 0x3F, 0x80, 0x3F,
    0x80, 0x3F, 0x8F, 0xFF, 0x8F, 0xFF, 0x8F, 0xFF, 0x8F, 0xFF, 0x8F, 0xFF, 0x8F, 0xFF, 0x8F, 0xC7,
    0x8F, 0xC7, 0x00, 0x07, 0x00, 0x07, 0x00, 0x07, 0xE7, 0xFF, 0xC3, 0xFF, 0xE1, 0xFF, 0xF1, 0xFF,
    0xF8, 0xFF, 0xFD, 0xFF, 0xFF, 0xFF, 0x00, 0x0F, 0x00, 0x0F, 0x00, 0x0F, 0xF9, 0xFF, 0xF9, 0xFF,
    0xF9, 0xFF, 0xF9, 0xFF, 0xF9, 0xFF, 0xF9, 0xFF, 0xF9, 0xFF, 0xF9, 0xFF, 0xF9, 0xFF, 0xF9, 0xFF,
    0xF9, 0xFF, 0xF9, 0xFF, 0xF9, 0xFF, 0xF9, 0xFF, 0xF9, 0xFF, 0xF9, 0xFF, 0xF9, 0xFF, 0xF9, 0xFF,
    0x00, 0x0F, 0x00, 0x0F, 0x00, 0x0F, 0xFE, 0x7F, 0xFC, 0x3F, 0xF8, 0x7F, 0xF8, 0xFF, 0xF1, 0xFF,
    0xFB, 0xFF, 0xFF, 0xFF, 0x00, 0x0F, 0x00, 0x0F, 0x00, 0x0F, 0xF9, 0xFF, 0xF9, 0xFF, 0xF9, 0xFF,
    0xF9, 0xFF, 0xF9, 0xFF, 0xF9, 0xFF, 0xF9, 0xFF, 0xF9, 0xFF, 0xF9, 0xFF, 0xF9, 0xFF, 0xF9, 0xFF,
    0xF9, 0xFF, 0xF9, 0xFF, 0xF9, 0xFF, 0xF9, 0xFF, 0xF9, 0xFF, 0xF9, 0xFF, 0xF9, 0xFF, 0x00, 0x0F,
    0x00, 0x0F, 0x00, 0x0F, 0xF0, 0xFF, 0xE0, 0x7F, 0xE0, 0x7F, 0xC6, 0x3F, 0x8F, 0x1F, 0xDF, 0xBF,
    0xFF, 0xFF, 0xFF, 0xFF, 0x00, 0x0F, 0x00, 0x0F, 0x00, 0x0F, 0xF9, 0xFF, 0xF9, 0xFF, 0xF9, 0xFF,
    0xF9, 0xFF, 0xF9, 0xFF, 0xF9, 0xFF, 0xF9, 0xFF, 0xF9, 0xFF, 0xF9, 0xFF, 0xF9, 0xFF, 0xF9, 0xFF,
    0xF9, 0xFF, 0xF9, 0xFF, 0xF9, 0xFF, 0xF9, 0xFF, 0xF9, 0xFF, 0xF9, 0xFF, 0xF9, 0xFF, 0x00, 0x0F,
    0x00, 0x0F, 0x00, 0x0F, 0x8F, 0x1F, 0x86, 0x1F, 0x86, 0x1F, 0x8F, 0x1F, 0xFF, 0xFF, 0xFF, 0xFF,
    0x00, 0x0F, 0x00, 0x0F, 0x00, 0x0F, 0xF9, 0xFF, 0xF9, 0xFF, 0xF9, 0xFF, 0xF9, 0xFF, 0xF9, 0xFF,
    0xF9, 0xFF, 0xF9, 0xFF, 0xF9, 0xFF, 0xF9, 0xFF, 0xF9, 0xFF, 0xF9, 0xFF, 0xF9, 0xFF, 0xF9, 0xFF,
    0xF9, 0xFF, 0xF9, 0xFF, 0xF9, 0xFF, 0xF9, 0xFF, 0xF9, 0xFF, 0x00, 0x0F, 0x00, 0x0F, 0x00, 0x0F,
    0x00, 0x7F, 0x00, 0x1F, 0x00, 0x0F, 0x8F, 0x8F, 0x8F, 0xC7, 0x8F, 0xC7, 0x8F, 0xC7, 0x8F, 0xC7,
    0x8F, 0xC7, 0x8F, 0xC7, 0x8F, 0xC7, 0x01, 0xC7, 0x01, 0xC7, 0x01, 0xC7, 0x8F, 0xC7, 0x8F, 0xC7,
    0x8F, 0xC7, 0x8F, 0xC7, 0x8F, 0xC7, 0x8F, 0xC7, 0x8F, 0x8F, 0x00, 0x0F, 0x00, 0x1F, 0x00, 0x7F,
    0xF1, 0xDF, 0xE0, 0xC7, 0xC0, 0x8F, 0x8C, 0x0F, 0xCE, 0x1F, 0xFF, 0xFF, 0xFF, 0xFF, 0x07, 0x83,
    0x07, 0x83, 0x07, 0x83, 0x83, 0xC7, 0x83, 0xC7, 0x83, 0xC7, 0x83, 0xC7, 0x81, 0xC7, 0x89, 0xC7,
    0x89, 0xC7, 0x88, 0xC7, 0x8C, 0xC7, 0x8C, 0xC7, 0x8C, 0x47, 0x8E, 0x47, 0x8E, 0x47, 0x8E, 0x07,
    0x8F, 0x07, 0x8F, 0x07, 0x8F, 0x07, 0x8F, 0x07, 0x07, 0x87, 0x07, 0x87, 0x07, 0x87, 0xE7, 0xFF,
    0xC3, 0xFF, 0xE1, 0xFF, 0xF1, 0xFF, 0xF8, 0xFF, 0xFD, 0xFF, 0xFF, 0xFF, 0xE0, 0x7F, 0xC0, 0x3F,
    0x80, 0x1F, 0x0F, 0x0F, 0x1F, 0x8F, 0x1F, 0x8F, 0x1F, 0x8F, 0x1F, 0x8F, 0x1F, 0x8F, 0x1F, 0x8F,
    0x1F, 0x8F, 0x1F, 0x8F, 0x1F, 0x8F, 0x1F, 0x8F, 0x1F, 0x8F, 0x1F, 0x8F, 0x1F, 0x8F, 0x1F, 0x8F,
    0x1F, 0x8F, 0x1F, 0x8F, 0x0F, 0x0F, 0x80, 0x1F, 0xC0, 0x3F, 0xE0, 0x7F, 0xFE, 0x7F, 0xFC, 0x3F,
    0xF8, 0x7F, 0xF8, 0xFF, 0xF1, 0xFF, 0xFB, 0xFF, 0xFF, 0xFF, 0xE0, 0x7F, 0xC0, 0x3F, 0x80, 0x1F,
    0x0F, 0x0F, 0x1F, 0x8F, 0x1F, 0x8F, 0x1F, 0x8F, 0x1F, 0x8F, 0x1F, 0x8F, 0x1F, 0x8F, 0x1F, 0x8F,
    0x1F, 0x8F, 0x1F, 0x8F, 0x1F, 0x8F, 0x1F, 0x8F, 0x1F, 0x8F, 0x1F, 0x8F, 0x1F, 0x8F, 0x1F, 0x8F,
    0x1F, 0x8F, 0x0F, 0x0F, 0x80, 0x1F, 0xC0, 0x3F, 0xE0, 0x7F, 0xF0, 0xFF, 0xE0, 0x7F, 0xE0, 0x7F,
    0xC6, 0x3F, 0x8F, 0x1F, 0xDF, 0xBF, 0xFF, 0xFF, 0xFF, 0xFF, 0xE0, 0x7F, 0xC0, 0x3F, 0x80, 0x1F,
    0x0F, 0x0F, 0x1F, 0x8F, 0x1F, 0x8F, 0x1F, 0x8F, 0x1F, 0x8F, 0x1F, 0x8F, 0x1F, 0x8F, 0x1F, 0x8F,
    0x1F, 0x8F, 0x1F, 0x8F, 0x1F, 0x8F, 0x1F, 0x8F, 0x1F, 0x8F, 0x1F, 0x8F, 0x1F, 0x8F, 0x1F, 0x8F,
    0x1F, 0x8F, 0x0F, 0x0F, 0x80, 0x1F, 0xC0, 0x3F, 0xE0, 0x7F, 0xE3, 0xBF, 0xC1, 0x8F, 0x81, 0x1F,
    0x18, 0x1F, 0x9C, 0x3F, 0xFF, 0xFF, 0xFF, 0xFF, 0xE0, 0x7F, 0xC0, 0x3F, 0x80, 0x1F, 0x0F, 0x0F,
    0x1F, 0x8F, 0x1F, 0x8F, 0x1F, 0x8F, 0x1F, 0x8F, 0x1F, 0x8F, 0x1F, 0x8F, 0x1F, 0x8F, 0x1F, 0x8F,
    0x1F, 0x8F, 0x1F, 0x8F, 0x1F, 0x8F, 0x1F, 0x8F, 0x1F, 0x8F, 0x1F, 0x8F, 0x1F, 0x8F, 0x1F, 0x8F,
    0x0F, 0x0F, 0x80, 0x1F, 0xC0, 0x3F, 0xE0, 0x7F, 0x8F, 0x1F, 0x86, 0x1F, 0x86, 0x1F, 0x8F, 0x1F,
    0xFF, 0xFF, 0xFF, 0xFF, 0xE0, 0x7F, 0xC0, 0x3F, 0x80, 0x1F, 0x0F, 0x0F, 0x1F, 0x8F, 0x1F, 0x8F,
    0x1F, 0x8F, 0x1F, 0x8F, 0x1F, 0x8F, 0x1F, 0x8F, 0x1F, 0x8F, 0x1F, 0x8F, 0x1F, 0x8F, 0x1F, 0x8F,
    0x1F, 0x8F, 0x1F, 0x8F, 0x1F, 0x8F, 0x1F, 0x8F, 0x1F, 0x8F, 0x1F, 0x8F, 0x0F, 0x0F, 0x80, 0x1F,
    0xC0, 0x3F, 0xE0, 0x7F, 0xBF, 0xF7, 0x1F, 0xE3, 0x8F, 0xC7, 0xC7, 0x8F, 0xE3, 0x1F, 0xF0, 0x3F,
    0xF8, 0x7F, 0xF8, 0x7F, 0xF0, 0x3F, 0xE3, 0x1F, 0xC7, 0x8F, 0x8F, 0xC7, 0x1F, 0xE3, 0xBF, 0xF7,
    0xFF, 0xCF, 0xE0, 0x0F, 0xC0, 0x1F, 0x80, 0x1F, 0x0F, 0x0F, 0x1F, 0x0F, 0x1E, 0x0F, 0x1E, 0x0F,
    0x1E, 0x0F, 0x1C, 0x0F, 0x1C, 0x8F, 0x18, 0x8F, 0x19, 0x8F, 0x19, 0x8F, 0x11, 0x8F, 0x13, 0x8F,
    0x03, 0x8F, 0x03, 0x8F, 0x07, 0x8F, 0x07, 0x8F, 0x0F, 0x8F, 0x0F, 0x0F, 0x80, 0x1F, 0x80, 0x3F,
    0x00, 0x7F, 0x3F, 0xFF, 0xF3, 0xFF, 0xE1, 0xFF, 0xF0, 0xFF, 0xF8, 0xFF, 0xFC, 0x7F, 0xFE, 0xFF,
    0xFF, 0xFF, 0x07, 0x83, 0x07, 0x83, 0x07, 0x83, 0x8F, 0xC7, 0x8F, 0xC7, 0x8F, 0xC7, 0x8F, 0xC7,
    0x8F, 0xC7, 0x8F, 0xC7, 0x8F, 0xC7, 0x8F, 0xC7, 0x8F, 0xC7, 0x8F, 0xC7, 0x8F, 0xC7, 0x8F, 0xC7,
    0x8F, 0xC7, 0x8F, 0xC7, 0x8F, 0xC7, 0x8F, 0xC7, 0x8F, 0xC7, 0xC7, 0x8F, 0xC0, 0x0F, 0xE0, 0x1F,
    0xF0, 0x3F, 0xFF, 0x3F, 0xFE, 0x1F, 0xFC, 0x3F, 0xFC, 0x7F, 0xF8, 0xFF, 0xFD, 0xFF, 0xFF, 0xFF,
    0x07, 0x83, 0x07, 0x83, 0x07, 0x83, 0x8F, 0xC7, 0x8F, 0xC7, 0x8F, 0xC7, 0x8F, 0xC7, 0x8F, 0xC7,
    0x8F, 0xC7, 0x8F, 0xC7, 0x8F, 0xC7, 0x8F, 0xC7, 0x8F, 0xC7, 0x8F, 0xC7, 0x8F, 0xC7, 0x8F, 0xC7,
    0x8F, 0xC7, 0x8F, 0xC7, 0x8F, 0xC7, 0x8F, 0xC7, 0xC7, 0x8F, 0xC0, 0x0F, 0xE0, 0x1F, 0xF0, 0x3F,
    0xF8, 0x7F, 0xF0, 0x3F, 0xF0, 0x3F, 0xE3, 0x1F, 0xC7, 0x8F, 0xEF, 0xDF, 0xFF, 0xFF, 0xFF, 0xFF,
    0x07, 0x83, 0x07, 0x83, 0x07, 0x83, 0x8F, 0xC7, 0x8F, 0xC7, 0x8F, 0xC7, 0x8F, 0xC7, 0x8F, 0xC7,
    0x8F, 0xC7, 0x8F, 0xC7, 0x8F, 0xC7, 0x8F, 0xC7, 0x8F, 0xC7, 0x8F, 0xC7, 0x8F, 0xC7, 0x8F, 0xC7,
    0x8F, 0xC7, 0x8F, 0xC7, 0x8F, 0xC7, 0x8F, 0xC7, 0xC7, 0x8F, 0xC0, 0x0F, 0xE0, 0x1F, 0xF0, 0x3F,
    0xC7, 0x8F, 0xC3, 0x0F, 0xC3, 0x0F, 0xC7, 0x8F, 0xFF, 0xFF, 0xFF, 0xFF, 0x07, 0x83, 0x07, 0x83,
    0x07, 0x83, 0x8F, 0xC7, 0x8F, 0xC7, 0x8F, 0xC7, 0x8F, 0xC7, 0x8F, 0xC7, 0x8F, 0xC7, 0x8F, 0xC7,
    0x8F, 0xC7, 0x8F, 0xC7, 0x8F, 0xC7, 0x8F, 0xC7, 0x8F, 0xC7, 0x8F, 0xC7, 0x8F, 0xC7, 0x8F, 0xC7,
    0x8F, 0xC7, 0x8F, 0xC7, 0xC7, 0x8F, 0xC0, 0x0F, 0xE0, 0x1F, 0xF0, 0x3F, 0xFF, 0x3F, 0xFE, 0x1F,
    0xFC, 0x3F, 0xFC, 0x7F, 0xF8, 0xFF, 0xFD, 0xFF, 0xFF, 0xFF, 0x07, 0x83, 0x07, 0x83, 0x07, 0x83,
    0xC7, 0x8F, 0xC7, 0x8F, 0xC7, 0x8F, 0xE3, 0x1F, 0xE3, 0x1F, 0xF3, 0x3F, 0xF0, 0x3F, 0xF0, 0x3F,
    0xF8, 0x7F, 0xF8, 0x7F, 0xF8, 0x7F, 0xFC, 0xFF, 0xFC, 0xFF, 0xFC, 0xFF, 0xFC, 0xFF, 0xFC, 0xFF,
    0xFC, 0xFF, 0xFC, 0xFF, 0xE0, 0x1F, 0xE0, 0x1F, 0xE0, 0x1F, 0x01, 0xFF, 0x01, 0xFF, 0x01, 0xFF,
    0xC7, 0xFF, 0xC7, 0xFF, 0xC7, 0xFF, 0xC0, 0x3F, 0xC0, 0x0F, 0xC0, 0x0F, 0xC7, 0x87, 0xC7, 0xC7,
    0xC7, 0xC7, 0xC7, 0xC7, 0xC7, 0xC7, 0xC7, 0xC7, 0xC7, 0x87, 0xC0, 0x0F, 0xC0, 0x1F, 0xC0, 0x7F,
    0xC7, 0xFF, 0xC7, 0xFF, 0x01, 0xFF, 0x01, 0xFF, 0x01, 0xFF, 0xF0, 0x7F, 0xE0, 0x1F, 0xC0, 0x1F,
    0xC7, 0x8F, 0x8F, 0x8F, 0x8F, 0x8F, 0x8F, 0x8F, 0x8F, 0x8F, 0x8F, 0x8F, 0x8F, 0x8F, 0x8E, 0x1F,
    0x8C, 0x3F, 0x8C, 0x1F, 0x8C, 0x0F, 0x8F, 0x87, 0x8F, 0xC7, 0x8F, 0xC7, 0x8F, 0xC7, 0x8F, 0xC7,
    0x8F, 0xC7, 0x8F, 0x87, 0x08, 0x0F, 0x08, 0x1F, 0x08, 0x7F, 0xE7, 0xFF, 0xC3, 0xFF, 0xF1, 0xFF,
    0xF0, 0xFF, 0xF8, 0xFF, 0xFF, 0xFF, 0xFF, 0xFF, 0xE0, 0x7F, 0x80, 0x3F, 0x80, 0x1F, 0x1F, 0x0F,
    0x1F, 0x8F, 0xFF, 0x8F, 0xFF, 0x8F, 0xE0, 0x0F, 0xC0, 0x0F, 0x80, 0x0F, 0x1F, 0x8F, 0x1F, 0x8F,
    0x1F, 0x8F, 0x1F, 0x0F, 0x0E, 0x07, 0x80, 0x87, 0xC1, 0x87, 0xFE, 0x7F, 0xFC, 0x3F, 0xF8, 0xFF,
    0xF0, 0xFF, 0xF1, 0xFF, 0xFF, 0xFF, 0xFF, 0xFF, 0xE0, 0x7F, 0x80, 0x3F, 0x80, 0x1F, 0x1F, 0x0F,
    0x1F, 0x8F, 0xFF, 0x8F, 0xFF, 0x8F, 0xE0, 0x0F, 0xC0, 0x0F, 0x80, 0x0F, 0x1F, 0x8F, 0x1F, 0x8F,
    0x1F, 0x8F, 0x1F, 0x0F, 0x0E, 0x07, 0x80, 0x87, 0xC1, 0x87, 0xF0, 0xFF, 0xE0, 0x7F, 0xE0, 0x7F,
    0xC6, 0x3F, 0x8F, 0x1F, 0xDF, 0xBF, 0xFF, 0xFF, 0xFF, 0xFF, 0xE0, 0x7F, 0x80, 0x3F, 0x80, 0x1F,
    0x1F, 0x0F, 0x1F, 0x8F, 0xFF, 0x8F, 0xFF, 0x8F, 0xE0, 0x0F, 0xC0, 0x0F, 0x80, 0x0F, 0x1F, 0x8F,
    0x1F, 0x8F, 0x1F, 0x8F, 0x1F, 0x0F, 0x0E, 0x07, 0x80, 0x87, 0xC1, 0x87, 0xE3, 0x9F, 0xC1, 0x8F,
    0x81, 0x1F, 0x18, 0x3F, 0x9C, 0x7F, 0xFF, 0xFF, 0xFF, 0xFF, 0xE0, 0x7F, 0x80, 0x3F, 0x80, 0x1F,
    0x1F, 0x0F, 0x1F, 0x8F, 0xFF, 0x8F, 0xFF, 0x8F, 0xE0, 0x0F, 0xC0, 0x0F, 0x80, 0x0F, 0x1F, 0x8F,
    0x1F, 0x8F, 0x1F, 0x8F, 0x1F, 0x0F, 0x0E, 0x07, 0x80, 0x87, 0xC1, 0x87, 0x8F, 0x1F, 0x86, 0x1F,
    0x86, 0x1F, 0x8F, 0x1F, 0xFF, 0xFF, 0xFF, 0xFF, 0xE0, 0x7F, 0x80, 0x3F, 0x80, 0x1F, 0x1F, 0x0F,
    0x1F, 0x8F, 0xFF, 0x8F, 0xFF, 0x8F, 0xE0, 0x0F, 0xC0, 0x0F, 0x80, 0x0F, 0x1F, 0x8F, 0x1F, 0x8F,
    0x1F, 0x8F, 0x1F, 0x0F, 0x0E, 0x07, 0x80, 0x87, 0xC1, 0x87, 0xF0, 0xFF, 0xE0, 0x7F, 0xE6, 0x7F,
    0xE6, 0x7F, 0xE0, 0x7F, 0xF0, 0xFF, 0xFF, 0xFF, 0xFF, 0xFF, 0xE0, 0x7F, 0x80, 0x3F, 0x80, 0x1F,
    0x1F, 0x0F, 0x1F, 0x8F, 0xFF, 0x8F, 0xFF, 0x8F, 0xE0, 0x0F, 0xC0, 0x0F, 0x80, 0x0F, 0x1F, 0x8F,
    0x1F, 0x8F, 0x1F, 0x8F, 0x1F, 0x0F, 0x0E, 0x07, 0x80, 0x87, 0xC1, 0x87, 0xC7, 0x0F, 0x82, 0x07,
    0x80, 0x07, 0x9C, 0xE3, 0x1C, 0xE3, 0xFC, 0xE3, 0xFC, 0xE3, 0xE0, 0x03, 0x80, 0x03, 0x80, 0x03,
    0x1C, 0xFF, 0x1C, 0xFF, 0x1C, 0xE3, 0x1C, 0x63, 0x80, 0x07, 0x82, 0x07, 0xC7, 0x0F, 0xE1, 0x8F,
    0x80, 0x0F, 0x80, 0x0F, 0x0F, 0x0F, 0x1F, 0x8F, 0x1F, 0x8F, 0x1F, 0xFF, 0x1F, 0xFF, 0x1F, 0xFF,
    0x1F, 0xFF, 0x1F, 0xFF, 0x1F, 0x8F, 0x1F, 0x8F, 0x0F, 0x1F, 0x80, 0x1F, 0xC0, 0x3F, 0xE0, 0x7F,
    0xF9, 0xFF, 0xF9, 0xFF, 0xF8, 0x7F, 0xFE, 0x7F, 0xE0, 0x7F, 0xE0, 0x7F, 0xE0, 0xFF, 0xE7, 0xFF,
    0xC3, 0xFF, 0xF1, 0xFF, 0xF0, 0xFF, 0xF8, 0xFF, 0xFF, 0xFF, 0xFF, 0xFF, 0xE0, 0x7F, 0xC0, 0x3F,
    0x80, 0x1F, 0x0F, 0x0F, 0x1F, 0x8F, 0x1F, 0x8F, 0x1F, 0x8F, 0x00, 0x0F, 0x00, 0x0F, 0x00, 0x0F,
    0x1F, 0xFF, 0x1F, 0xFF, 0x1F, 0x8F, 0x0F, 0x8F, 0x80, 0x1F, 0xC0, 0x1F, 0xE0, 0x7F, 0xFE, 0x7F,
    0xFC, 0x3F, 0xF8, 0xFF, 0xF0, 0xFF, 0xF1, 0xFF, 0xFF, 0xFF, 0xFF, 0xFF, 0xE0, 0x7F, 0xC0, 0x3F,
    0x80, 0x1F, 0x0F, 0x0F, 0x1F, 0x8F, 0x1F, 0x8F, 0x1F, 0x8F, 0x00, 0x0F, 0x00, 0x0F, 0x00, 0x0F,
    0x1F, 0xFF, 0x1F, 0xFF, 0x1F, 0x8F, 0x0F, 0x8F, 0x80, 0x1F, 0xC0, 0x1F, 0xE0, 0x7F, 0xF0, 0xFF,
    0xE0, 0x7F, 0xE0, 0x7F, 0xC6, 0x3F, 0x8F, 0x1F, 0xDF, 0xBF, 0xFF, 0xFF, 0xFF, 0xFF, 0xE0, 0x7F,
    0xC0, 0x3F, 0x80, 0x1F, 0x0F, 0x0F, 0x1F, 0x8F, 0x1F, 0x8F, 0x1F, 0x8F, 0x00, 0x0F, 0x00, 0x0F,
    0x00, 0x0F, 0x1F, 0xFF, 0x1F, 0xFF, 0x1F, 0x8F, 0x0F, 0x8F, 0x80, 0x1F, 0xC0, 0x1F, 0xE0, 0x7F,
    0x8F, 0x1F, 0x86, 0x1F, 0x86, 0x1F, 0x8F, 0x1F, 0xFF, 0xFF, 0xFF, 0xFF, 0xE0, 0x7F, 0xC0, 0x3F,
    0x80, 0x1F, 0x0F, 0x0F, 0x1F, 0x8F, 0x1F, 0x8F, 0x1F, 0x8F, 0x00, 0x0F, 0x00, 0x0F, 0x00, 0x0F,
    0x1F, 0xFF, 0x1F, 0xFF, 0x1F, 0x8F, 0x0F, 0x8F, 0x80, 0x1F, 0xC0, 0x1F, 0xE0, 0x7F, 0xE7, 0xFF,
    0xC3, 0xFF, 0xF1, 0xFF, 0xF8, 0xFF, 0xFC, 0xFF, 0xFF, 0xFF, 0xFF, 0xFF, 0x80, 0xFF, 0x80, 0xFF,
    0x80, 0xFF, 0xF8, 0xFF, 0xF8, 0xFF, 0xF8, 0xFF, 0xF8, 0xFF, 0xF8, 0xFF, 0xF8, 0xFF, 0xF8, 0xFF,
    0xF8, 0xFF, 0xF8, 0xFF, 0xF8, 0xFF, 0xF8, 0xFF, 0x00, 0x0F, 0x00, 0x0F, 0x00, 0x0F, 0xFE, 0x7F,
    0xFC, 0x3F, 0xF8, 0x7F, 0xF8, 0xFF, 0xF1, 0xFF, 0xFF, 0xFF, 0xFF, 0xFF, 0x80, 0xFF, 0x80, 0xFF,
    0x80, 0xFF, 0xF8, 0xFF, 0xF8, 0xFF, 0xF8, 0xFF, 0xF8, 0xFF, 0xF8, 0xFF, 0xF8, 0xFF, 0xF8, 0xFF,
    0xF8, 0xFF, 0xF8, 0xFF, 0xF8, 0xFF, 0xF8, 0xFF, 0x00, 0x0F, 0x00, 0x0F, 0x00, 0x0F, 0xF0, 0xFF,
    0xF0, 0x7F, 0xE2, 0x7F, 0xC6, 0x3F, 0xCF, 0x1F, 0xEF, 0xBF, 0xFF, 0xFF, 0xFF, 0xFF, 0x80, 0xFF,
    0x80, 0xFF, 0x80, 0xFF, 0xF8, 0xFF, 0xF8, 0xFF, 0xF8, 0xFF, 0xF8, 0xFF, 0xF8, 0xFF, 0xF8, 0xFF,
    0xF8, 0xFF, 0xF8, 0xFF, 0xF8, 0xFF, 0xF8, 0xFF, 0xF8, 0xFF, 0x00, 0x0F, 0x00, 0x0F, 0x00, 0x0F,
    0x8F, 0x1F, 0x86, 0x1F, 0x86, 0x1F, 0x8F, 0x1F, 0xFF, 0xFF, 0xFF, 0xFF, 0x80, 0xFF, 0x80, 0xFF,
    0x80, 0xFF, 0xF8, 0xFF, 0xF8, 0xFF, 0xF8, 0xFF, 0xF8, 0xFF, 0xF8, 0xFF, 0xF8, 0xFF, 0xF8, 0xFF,
    0xF8, 0xFF, 0xF8, 0xFF, 0xF8, 0xFF, 0xF8, 0xFF, 0x00, 0x0F, 0x00, 0x0F, 0x00, 0x0F, 0xEF, 0xFF,
    0xE3, 0xFF, 0xC1, 0xFF, 0xF0, 0xFF, 0xF8, 0x1F, 0xF8, 0x0F, 0x80, 0x3F, 0x82, 0x1F, 0xBF, 0x1F,
    0xF7, 0x1F, 0xC0, 0x8F, 0x80, 0x8F, 0x8F, 0x0F, 0x1F, 0x8F, 0x1F, 0x8F, 0x1F, 0x8F, 0x1F, 0x8F,
    0x1F, 0x8F, 0x1F, 0x8F, 0x1F, 0x8F, 0x8F, 0x1F, 0x80, 0x1F, 0xC0, 0x3F, 0xE0, 0x7F, 0xF1, 0xCF,
    0xE0, 0xC7, 0xC0, 0x8F, 0x8C, 0x1F, 0xCE, 0x3F, 0xFF, 0xFF, 0xFF, 0xFF, 0x0C, 0x3F, 0x08, 0x1F,
    0x03, 0x0F, 0x87, 0x8F, 0x8F, 0xC7, 0x8F, 0xC7, 0x8F, 0xC7, 0x8F, 0xC7, 0x8F, 0xC7, 0x8F, 0xC7,
    0x8F, 0xC7, 0x8F, 0xC7, 0x8F, 0xC7, 0x8F, 0xC7, 0x07, 0x83, 0x07, 0x83, 0x07, 0x83, 0xE7, 0xFF,
    0xC3, 0xFF, 0xF1, 0xFF, 0xF0, 0xFF, 0xF8, 0xFF, 0xFF, 0xFF, 0xFF, 0xFF, 0xE0, 0x7F, 0xC0, 0x3F,
    0x80, 0x1F, 0x0F, 0x0F, 0x1F, 0x8F, 0x1F, 0x8F, 0x1F, 0x8F, 0x1F, 0x8F, 0x1F, 0x8F, 0x1F, 0x8F,
    0x1F, 0x8F, 0x1F, 0x8F, 0x1F, 0x8F, 0x0F, 0x0F, 0x80, 0x1F, 0xC0, 0x3F, 0xE0, 0x7F, 0xFE, 0x7F,
    0xFC, 0x3F, 0xF8, 0xFF, 0xF0, 0xFF, 0xF1, 0xFF, 0xFF, 0xFF, 0xFF, 0xFF, 0xE0, 0x7F, 0xC0, 0x3F,
    0x80, 0x1F, 0x0F, 0x0F, 0x1F, 0x8F, 0x1F, 0x8F, 0x1F, 0x8F, 0x1F, 0x8F, 0x1F, 0x8F, 0x1F, 0x8F,
    0x1F, 0x8F, 0x1F, 0x8F, 0x1F, 0x8F, 0x0F, 0x0F, 0x80, 0x1F, 0xC0, 0x3F, 0xE0, 0x7F, 0xF0, 0xFF,
    0xE0, 0x7F, 0xE0, 0x7F, 0xC6, 0x3F, 0x8F, 0x1F, 0xDF, 0xBF, 0xFF, 0xFF, 0xFF, 0xFF, 0xE0, 0x7F,
    0xC0, 0x3F, 0x80, 0x1F, 0x0F, 0x0F, 0x1F, 0x8F, 0x1F, 0x8F, 0x1F, 0x8F, 0x1F, 0x8F, 0x1F, 0x8F,
    0x1F, 0x8F, 0x1F, 0x8F, 0x1F, 0x8F, 0x1F, 0x8F, 0x0F, 0x0F, 0x80, 0x1F, 0xC0, 0x3F, 0xE0, 0x7F,
    0xE3, 0x9F, 0xC1, 0x8F, 0x81, 0x1F, 0x18, 0x3F, 0x9C, 0x7F, 0xFF, 0xFF, 0xFF, 0xFF, 0xE0, 0x7F,
    0xC0, 0x3F, 0x80, 0x1F, 0x0F, 0x0F, 0x1F, 0x8F, 0x1F, 0x8F, 0x1F, 0x8F, 0x1F, 0x8F, 0x1F, 0x8F,
    0x1F, 0x8F, 0x1F, 0x8F, 0x1F, 0x8F, 0x1F, 0x8F, 0x0F, 0x0F, 0x80, 0x1F, 0xC0, 0x3F, 0xE0, 0x7F,
    0x8F, 0x1F, 0x86, 0x1F, 0x86, 0x1F, 0x8F, 0x1F, 0xFF, 0xFF, 0xFF, 0xFF, 0xE0, 0x7F, 0xC0, 0x3F,
    0x80, 0x1F, 0x0F, 0x0F, 0x1F, 0x8F, 0x1F, 0x8F, 0x1F, 0x8F, 0x1F, 0x8F, 0x1F, 0x8F, 0x1F, 0x8F,
    0x1F, 0x8F, 0x1F, 0x8F, 0x1F, 0x8F, 0x0F, 0x0F, 0x80, 0x1F, 0xC0, 0x3F, 0xE0, 0x7F, 0xF0, 0xFF,
    0xF0, 0xFF, 0xF0, 0xFF, 0xF0, 0xFF, 0xF1, 0xFF, 0xFF, 0xFF, 0xFF, 0xFF, 0x00, 0x0F, 0x00, 0x0F,
    0x00, 0x0F, 0xFF, 0xFF, 0xFF, 0xFF, 0xF0, 0xFF, 0xF0, 0xFF, 0xF0, 0xFF, 0xF0, 0xFF, 0xF1, 0xFF,
    0xFF, 0xDF, 0xE0, 0x0F, 0xC0, 0x1F, 0x80, 0x1F, 0x0F, 0x0F, 0x1E, 0x0F, 0x1C, 0x0F, 0x1C, 0x8F,
    0x18, 0x8F, 0x19, 0x8F, 0x11, 0x8F, 0x13, 0x8F, 0x03, 0x8F, 0x07, 0x8F, 0x07, 0x0F, 0x80, 0x1F,
    0x80, 0x3F, 0x00, 0x7F, 0xBF, 0xFF, 0xF3, 0xFF, 0xE1, 0xFF, 0xF8, 0xFF, 0xF8, 0x7F, 0xFC, 0x7F,
    0xFF, 0xFF, 0xFF, 0xFF, 0x0F, 0x87, 0x0F, 0x87, 0x0F, 0x87, 0x8F, 0xC7, 0x8F, 0xC7, 0x8F, 0xC7,
    0x8F, 0xC7, 0x8F, 0xC7, 0x8F, 0xC7, 0x8F, 0xC7, 0x8F, 0xC7, 0x8F, 0xC7, 0x8F, 0xC7, 0xC7, 0x87,
    0xC3, 0x03, 0xE0, 0x43, 0xF0, 0xC3, 0xFF, 0x3F, 0xFE, 0x1F, 0xFC, 0x7F, 0xF8, 0x7F, 0xF8, 0xFF,
    0xFF, 0xFF, 0xFF, 0xFF, 0x0F, 0x87, 0x0F, 0x87, 0x0F, 0x87, 0x8F, 0xC7, 0x8F, 0xC7, 0x8F, 0xC7,
    0x8F, 0xC7, 0x8F, 0xC7, 0x8F, 0xC7, 0x8F, 0xC7, 0x8F, 0xC7, 0x8F, 0xC7, 0x8F, 0xC7, 0xC7, 0x87,
    0xC3, 0x03, 0xE0, 0x43, 0xF0, 0xC3, 0xF8, 0x7F, 0xF0, 0x3F, 0xF0, 0x3F, 0xE3, 0x1F, 0xC7, 0x8F,
    0xEF, 0xDF, 0xFF, 0xFF, 0xFF, 0xFF, 0x0F, 0x87, 0x0F, 0x87, 0x0F, 0x87, 0x8F, 0xC7, 0x8F, 0xC7,
    0x8F, 0xC7, 0x8F, 0xC7, 0x8F, 0xC7, 0x8F, 0xC7, 0x8F, 0xC7, 0x8F, 0xC7, 0x8F, 0xC7, 0x8F, 0xC7,
    0xC7, 0x87, 0xC3, 0x03, 0xE0, 0x43, 0xF0, 0xC3, 0xC7, 0x8F, 0xC3, 0x0F, 0xC3, 0x0F, 0xC7, 0x8F,
    0xFF, 0xFF, 0xFF, 0xFF, 0x0F, 0x87, 0x0F, 0x87, 0x0F, 0x87, 0x8F, 0xC7, 0x8F, 0xC7, 0x8F, 0xC7,
    0x8F, 0xC7, 0x8F, 0xC7, 0x8F, 0xC7, 0x8F, 0xC7, 0x8F, 0xC7, 0x8F, 0xC7, 0x8F, 0xC7, 0xC7, 0x87,
    0xC3, 0x03, 0xE0, 0x43, 0xF0, 0xC3, 0xFF, 0x3F, 0xFE, 0x1F, 0xFC, 0x7F, 0xF8, 0x7F, 0xF8, 0xFF,
    0xFF, 0xFF, 0xFF, 0xFF, 0x07, 0x83, 0x07, 0x83, 0x07, 0x83, 0xC7, 0x8F, 0xC7, 0x8F, 0xC7, 0x8F,
    0xE7, 0x9F, 0xE3, 0x1F, 0xE3, 0x1F, 0xE3, 0x1F, 0xF3, 0x3F, 0xF0, 0x3F, 0xF0, 0x3F, 0xF0, 0x3F,
    0xF8, 0x7F, 0xF8, 0x7F, 0xF8, 0x7F, 0xF8, 0xFF, 0xF8, 0xFF, 0xF8, 0xFF, 0xF8, 0xFF, 0x81, 0xFF,
    0x81, 0xFF, 0x83, 0xFF, 0x0F, 0xFF, 0x0F, 0xFF, 0x0F, 0xFF, 0x8F, 0xFF, 0x8F, 0xFF, 0x8F, 0xFF,
    0x8F, 0xFF, 0x8C, 0x3F, 0x88, 0x0F, 0x80, 0x0F, 0x87, 0x87, 0x8F, 0xC7, 0x8F, 0xC7, 0x8F, 0xC7,
    0x8F, 0xC7, 0x8F, 0xC7, 0x8F, 0xC7, 0x8F, 0xC7, 0x8F, 0xC7, 0x8F, 0xC7, 0x87, 0x87, 0x80, 0x0F,
    0x88, 0x0F, 0x8C, 0x1F, 0x8F, 0xFF, 0x8F, 0xFF, 0x8F, 0xFF, 0x8F, 0xFF, 0x03, 0xFF, 0x03, 0xFF,
    0x03, 0xFF, 0xC7, 0x8F, 0xC3, 0x0F, 0xC3, 0x0F, 0xC7, 0x8F, 0xFF, 0xFF, 0xFF, 0xFF, 0x07, 0x83,
    0x07, 0x83, 0x07, 0x83, 0xC7, 0x8F, 0xC7, 0x8F, 0xC7, 0x8F, 0xE7, 0x9F, 0xE3, 0x1F, 0xE3, 0x1F,
    0xE3, 0x1F, 0xF3, 0x3F, 0xF0, 0x3F, 0xF0, 0x3F, 0xF0, 0x3F, 0xF8, 0x7F, 0xF8, 0x7F, 0xF8, 0x7F,
    0xF8, 0xFF, 0xF8, 0xFF, 0xF8, 0xFF, 0xF8, 0xFF, 0x81, 0xFF, 0x81, 0xFF, 0x83, 0xFF, 0xC0, 0x0F,
    0xC0, 0x0F, 0xFF, 0xFF, 0xFF, 0xFF, 0xFF, 0xFF, 0xF8, 0x7F, 0xF8, 0x7F, 0xF8, 0x7F, 0xF8, 0x7F,
    0xF0, 0x3F, 0xF0, 0x3F, 0xF0, 0x3F, 0xF0, 0x3F, 0xF3, 0x3F, 0xE3, 0x1F, 0xE3, 0x1F, 0xE3, 0x1F,
    0xE3, 0x1F, 0xE3, 0x9F, 0xC0, 0x0F, 0xC0, 0x0F, 0xC0, 0x0F, 0xC7, 0x8F, 0xC7, 0x8F, 0xCF, 0xCF,
    0x8F, 0xC7, 0x07, 0x83, 0x07, 0x83, 0x07, 0x83, 0x80, 0x1F, 0x80, 0x1F, 0x80, 0x1F, 0xFF, 0xFF,
    0xFF, 0xFF, 0xFF, 0xFF, 0xE0, 0x7F, 0x80, 0x3F, 0x80, 0x1F, 0x1F, 0x0F, 0x1F, 0x8F, 0xFF, 0x8F,
    0xFF, 0x8F, 0xE0, 0x0F, 0xC0, 0x0F, 0x80, 0x0F, 0x1F, 0x8F, 0x1F, 0x8F, 0x1F, 0x8F, 0x1F, 0x0F,
    0x0E, 0x07, 0x80, 0x87, 0xC1, 0x87, 0xE7, 0x9F, 0xE0, 0x1F, 0xE0, 0x1F, 0xF0, 0x7F, 0xFF, 0xFF,
    0xFF, 0xFF, 0xF8, 0x7F, 0xF8, 0x7F, 0xF8, 0x7F, 0xF8, 0x7F, 0xF0, 0x3F, 0xF0, 0x3F, 0xF0, 0x3F,
    0xF0, 0x3F, 0xF3, 0x3F, 0xE3, 0x1F, 0xE3, 0x1F, 0xE3, 0x1F, 0xE3, 0x1F, 0xE3, 0x9F, 0xC0, 0x0F,
    0xC0, 0x0F, 0xC0, 0x0F, 0xC7, 0x8F, 0xC7, 0x8F, 0xCF, 0xCF, 0x8F, 0xC7, 0x07, 0x83, 0x07, 0x83,
    0x07, 0x83, 0xCF, 0x3F, 0xCF, 0x3F, 0xC0, 0x3F, 0xC0, 0x3F, 0xF0, 0xFF, 0xFF, 0xFF, 0xFF, 0xFF,
    0xE0, 0x7F, 0x80, 0x3F, 0x80, 0x1F, 0x1F, 0x0F, 0x1F, 0x8F, 0xFF, 0x8F, 0xFF, 0x8F, 0xE0, 0x0F,
    0xC0, 0x0F, 0x80, 0x0F, 0x1F, 0x8F, 0x1F, 0x8F, 0x1F, 0x8F, 0x1F, 0x0F, 0x0E, 0x07, 0x80, 0x87,
    0xC1, 0x87, 0xF8, 0x7F, 0xF8, 0x7F, 0xF8, 0x7F, 0xF8, 0x7F, 0xF0, 0x3F, 0xF0, 0x3F, 0xF0, 0x3F,
    0xF0, 0x3F, 0xF3, 0x3F, 0xE3, 0x1F, 0xE3, 0x1F, 0xE3, 0x1F, 0xE3, 0x1F, 0xE3, 0x9F, 0xC0, 0x0F,
    0xC0, 0x0F, 0xC0, 0x0F, 0xC7, 0x8F, 0xC7, 0x8F, 0xCF, 0xCF, 0x8F, 0xC7, 0x07, 0x83, 0x07, 0x83,
    0x07, 0x83, 0xFF, 0x8F, 0xFF, 0x9F, 0xFF, 0x1F, 0xFF, 0x1F, 0xFF, 0x07, 0xFF, 0x87, 0xFF, 0xC7,
    0xE0, 0x7F, 0x80, 0x3F, 0x80, 0x1F, 0x1F, 0x0F, 0x1F, 0x8F, 0xFF, 0x8F, 0xFF, 0x8F, 0xE0, 0x0F,
    0xC0, 0x0F, 0x80, 0x0F, 0x1F, 0x8F, 0x1F, 0x8F, 0x1F, 0x8F, 0x1F, 0x0F, 0x0E, 0x07, 0x80, 0x87,
    0xC1, 0x87, 0xFF, 0xCF, 0xFF, 0x9F, 0xFF, 0x9F, 0xFF, 0x9F, 0xFF, 0x83, 0xFF, 0x83, 0xFF, 0xC3,
    0xFE, 0x7F, 0xFC, 0x3F, 0xF8, 0x7F, 0xF8, 0xFF, 0xF1, 0xFF, 0xFB, 0xFF, 0xFF, 0xFF, 0xE1, 0x8F,
    0x80, 0x0F, 0x80, 0x0F, 0x0F, 0x0F, 0x1F, 0x8F, 0x1F, 0x8F, 0x1F, 0xFF, 0x1F, 0xFF, 0x1F, 0xFF,
    0x1F, 0xFF, 0x1F, 0xFF, 0x1F, 0xFF, 0x1F, 0xFF, 0x1F, 0xFF, 0x1F, 0xFF, 0x1F, 0xFF, 0x1F, 0xFF,
    0x1F, 0xFF, 0x1F, 0x8F, 0x1F, 0x8F, 0x0F, 0x1F, 0x80, 0x1F, 0xC0, 0x3F, 0xE0, 0x7F, 0xFE, 0x7F,
    0xFC, 0x3F, 0xF8, 0xFF, 0xF0, 0xFF, 0xF1, 0xFF, 0xFF, 0xFF, 0xFF, 0xFF, 0xE1, 0x8F, 0x80, 0x0F,
    0x80, 0x0F, 0x0F, 0x0F, 0x1F, 0x8F, 0x1F, 0x8F, 0x1F, 0xFF, 0x1F, 0xFF, 0x1F, 0xFF, 0x1F, 0xFF,
    0x1F, 0xFF, 0x1F, 0x8F, 0x1F, 0x8F, 0x0F, 0x1F, 0x80, 0x1F, 0xC0, 0x3F, 0xE0, 0x7F, 0xF0, 0xFF,
    0xE0, 0x7F, 0xE0, 0x7F, 0xC6, 0x3F, 0x8F, 0x1F, 0xDF, 0xBF, 0xFF, 0xFF, 0xFF, 0xFF, 0xE1, 0x8F,
    0x80, 0x0F, 0x80, 0x0F, 0x0F, 0x0F, 0x1F, 0x8F, 0x1F, 0x8F, 0x1F, 0xFF, 0x1F, 0xFF, 0x1F, 0xFF,
    0x1F, 0xFF, 0x1F, 0xFF, 0x1F, 0xFF, 0x1F, 0xFF, 0x1F, 0xFF, 0x1F, 0xFF, 0x1F, 0xFF, 0x1F, 0xFF,
    0x1F, 0xFF, 0x1F, 0x8F, 0x1F, 0x8F, 0x0F, 0x1F, 0x80, 0x1F, 0xC0, 0x3F, 0xE0, 0x7F, 0xF0, 0xFF,
    0xE0, 0x7F, 0xE0, 0x7F, 0xC6, 0x3F, 0x8F, 0x1F, 0xDF, 0xBF, 0xFF, 0xFF, 0xFF, 0xFF, 0xE1, 0x8F,
    0x80, 0x0F, 0x80, 0x0F, 0x0F, 0x0F, 0x1F, 0x8F, 0x1F, 0x8F, 0x1F, 0xFF, 0x1F, 0xFF, 0x1F, 0xFF,
    0x1F, 0xFF, 0x1F, 0xFF, 0x1F, 0x8F, 0x1F, 0x8F, 0x0F, 0x1F, 0x80, 0x1F, 0xC0, 0x3F, 0xE0, 0x7F,
    0xF9, 0xFF, 0xF0, 0xFF, 0xF0, 0xFF, 0xF0, 0xFF, 0xFF, 0xFF, 0xFF, 0xFF, 0xE1, 0x8F, 0x80, 0x0F,
    0x80, 0x0F, 0x0F, 0x0F, 0x1F, 0x8F, 0x1F, 0x8F, 0x1F, 0xFF, 0x1F, 0xFF, 0x1F, 0xFF, 0x1F, 0xFF,
    0x1F, 0xFF, 0x1F, 0xFF, 0x1F, 0xFF, 0x1F, 0xFF, 0x1F, 0xFF, 0x1F, 0xFF, 0x1F, 0xFF, 0x1F, 0xFF,
    0x1F, 0x8F, 0x1F, 0x8F, 0x0F, 0x1F, 0x80, 0x1F, 0xC0, 0x3F, 0xE0, 0x7F, 0xF0, 0xFF, 0xF0, 0xFF,
    0xF0, 0xFF, 0xF0, 0xFF, 0xFF, 0xFF, 0xFF, 0xFF, 0xE1, 0x8F, 0x80, 0x0F, 0x80, 0x0F, 0x0F, 0x0F,
    0x1F, 0x8F, 0x1F, 0x8F, 0x1F, 0xFF, 0x1F, 0xFF, 0x1F, 0xFF, 0x1F, 0xFF, 0x1F, 0xFF, 0x1F, 0x8F,
    0x1F, 0x8F, 0x0F, 0x1F, 0x80, 0x1F, 0xC0, 0x3F, 0xE0, 0x7F, 0x8F, 0x1F, 0xC6, 0x3F, 0xE6, 0x7F,
    0xE0, 0x7F, 0xF0, 0xFF, 0xFF, 0xFF, 0xFF, 0xFF, 0xE1, 0x8F, 0x80, 0x0F, 0x80, 0x0F, 0x0F, 0x0F,
    0x1F, 0x8F, 0x1F, 0x8F, 0x1F, 0xFF, 0x1F, 0xFF, 0x1F, 0xFF, 0x1F, 0xFF, 0x1F, 0xFF, 0x1F, 0xFF,
    0x1F, 0xFF, 0x1F, 0xFF, 0x1F, 0xFF, 0x1F, 0xFF, 0x1F, 0xFF, 0x1F, 0xFF, 0x1F, 0x8F, 0x1F, 0x8F,
    0x0F, 0x1F, 0x80, 0x1F, 0xC0, 0x3F, 0xE0, 0x7F, 0xDF, 0xBF, 0x8F, 0x1F, 0xC6, 0x3F, 0xE0, 0x7F,
    0xE0, 0x7F, 0xF0, 0xFF, 0xFF, 0xFF, 0xFF, 0xFF, 0xE1, 0x8F, 0x80, 0x0F, 0x80, 0x0F, 0x0F, 0x0F,
    0x1F, 0x8F, 0x1F, 0x8F, 0x1F, 0xFF, 0x1F, 0xFF, 0x1F, 0xFF, 0x1F, 0xFF, 0x1F, 0xFF, 0x1F, 0x8F,
    0x1F, 0x8F, 0x0F, 0x1F, 0x80, 0x1F, 0xC0, 0x3F, 0xE0, 0x7F, 0xC7, 0x8F, 0xE3, 0x1F, 0xF3, 0x3F,
    0xF0, 0x3F, 0xF8, 0x7F, 0xFF, 0xFF, 0xFF, 0xFF, 0x00, 0x7F, 0x00, 0x1F, 0x00, 0x0F, 0x8F, 0x8F,
    0x8F, 0xC7, 0x8F, 0xC7, 0x8F, 0xC7, 0x8F, 0xC7, 0x8F, 0xC7, 0x8F, 0xC7, 0x8F, 0xC7, 0x8F, 0xC7,
    0x8F, 0xC7, 0x8F, 0xC7, 0x8F, 0xC7, 0x8F, 0xC7, 0x8F, 0xC7, 0x8F, 0xC7, 0x8F, 0xC7, 0x8F, 0xC7,
    0x8F, 0x8F, 0x00, 0x0F, 0x00, 0x1F, 0x00, 0x7F, 0xFF, 0xF1, 0xFE, 0x11, 0xFE, 0x11, 0xFE, 0x19,
    0xFF, 0x13, 0xFF, 0x13, 0xFF, 0x1F, 0xFF, 0x1F, 0xC3, 0x1F, 0x81, 0x1F, 0x80, 0x1F, 0x0E, 0x1F,
    0x1F, 0x1F, 0x1F, 0x1F, 0x1F, 0x1F, 0x1F, 0x1F, 0x1F, 0x1F, 0x1F, 0x1F, 0x1F, 0x1F, 0x1F, 0x1F,
    0x1F, 0x1F, 0x1F, 0x1F, 0x8C, 0x0F, 0x81, 0x0F, 0xC3, 0x0F, 0xFF, 0x0F, 0xFF, 0x0F, 0xFF, 0x0F,
    0xFC, 0x07, 0xFC, 0x07, 0xFC, 0x07, 0xFF, 0x8F, 0xE1, 0x8F, 0x80, 0x8F, 0x80, 0x0F, 0x0F, 0x0F,
    0x1F, 0x8F, 0x1F, 0x8F, 0x1F, 0x8F, 0x1F, 0x8F, 0x1F, 0x8F, 0x1F, 0x8F, 0x1F, 0x8F, 0x1F, 0x8F,
    0x1F, 0x8F, 0x0F, 0x0F, 0x86, 0x07, 0x80, 0x87, 0xE1, 0x87, 0xC0, 0x0F, 0xC0, 0x0F, 0xFF, 0xFF,
    0xFF, 0xFF, 0xFF, 0xFF, 0x00, 0x07, 0x00, 0x07, 0x00, 0x07, 0x8F, 0xC7, 0x8F, 0xC7, 0x8F, 0xFF,
    0x8F, 0xFF, 0x8F, 0xFF, 0x8F, 0xFF, 0x8F, 0xFF, 0x80, 0x3F, 0x80, 0x3F, 0x80, 0x3F, 0x8F, 0xFF,
    0x8F, 0xFF, 0x8F, 0xFF, 0x8F, 0xFF, 0x8F, 0xFF, 0x8F, 0xFF, 0x8F, 0xC7, 0x8F, 0xC7, 0x00, 0x07,
    0x00, 0x07, 0x00, 0x07, 0x80, 0x1F, 0x80, 0x1F, 0x80, 0x1F, 0xFF, 0xFF, 0xFF, 0xFF, 0xFF, 0xFF,
    0xE0, 0x7F, 0xC0, 0x3F, 0x80, 0x1F, 0x0F, 0x0F, 0x1F, 0x8F, 0x1F, 0x8F, 0x1F, 0x8F, 0x00, 0x0F,
    0x00, 0x0F, 0x00, 0x0F, 0x1F, 0xFF, 0x1F, 0xFF, 0x1F, 0x8F, 0x0F, 0x8F, 0x80, 0x1F, 0xC0, 0x1F,
    0xE0, 0x7F, 0xE7, 0x9F, 0xE0, 0x1F, 0xE0, 0x1F, 0xF0, 0x7F, 0xFF, 0xFF, 0xFF, 0xFF, 0x00, 0x07,
    0x00, 0x07, 0x00, 0x07, 0x8F, 0xC7, 0x8F, 0xC7, 0x8F, 0xFF, 0x8F, 0xFF, 0x8F, 0xFF, 0x8F, 0xFF,
    0x8F, 0xFF, 0x80, 0x3F, 0x80, 0x3F, 0x80, 0x3F, 0x8F, 0xFF, 0x8F, 0xFF, 0x8F, 0xFF, 0x8F, 0xFF,
    0x8F, 0xFF, 0x8F, 0xFF, 0x8F, 0xC7, 0x8F, 0xC7, 0x00, 0x07, 0x00, 0x07, 0x00, 0x07, 0xCF, 0x3F,
    0xCF, 0x3F, 0xC0, 0x3F, 0xC0, 0x3F, 0xF0, 0xFF, 0xFF, 0xFF, 0xFF, 0xFF, 0xE0, 0x7F, 0xC0, 0x3F,
    0x80, 0x1F, 0x0F, 0x0F, 0x1F, 0x8F, 0x1F, 0x8F, 0x1F, 0x8F, 0x00, 0x0F, 0x00, 0x0F, 0x00, 0x0F,
    0x1F, 0xFF, 0x1F, 0xFF, 0x1F, 0x8F, 0x0F, 0x8F, 0x80, 0x1F, 0xC0, 0x1F, 0xE0, 0x7F, 0xFC, 0xFF,
    0xF8, 0x7F, 0xF8, 0x7F, 0xF8, 0x7F, 0xFF, 0xFF, 0xFF, 0xFF, 0x00, 0x07, 0x00, 0x07, 0x00, 0x07,
    0x8F, 0xC7, 0x8F, 0xC7, 0x8F, 0xFF, 0x8F, 0xFF, 0x8F, 0xFF, 0x8F, 0xFF, 0x8F, 0xFF, 0x80, 0x3F,
    0x80, 0x3F, 0x80, 0x3F, 0x8F, 0xFF, 0x8F, 0xFF, 0x8F, 0xFF, 0x8F, 0xFF, 0x8F, 0xFF, 0x8F, 0xFF,
    0x8F, 0xC7, 0x8F, 0xC7, 0x00, 0x07, 0x00, 0x07, 0x00, 0x07, 0xF0, 0xFF, 0xF0, 0xFF, 0xF0, 0xFF,
    0xF0, 0xFF, 0xFF, 0xFF, 0xFF, 0xFF, 0xE0, 0x7F, 0xC0, 0x3F, 0x80, 0x1F, 0x0F, 0x0F, 0x1F, 0x8F,
    0x1F, 0x8F, 0x1F, 0x8F, 0x00, 0x0F, 0x00, 0x0F, 0x00, 0x0F, 0x1F, 0xFF, 0x1F, 0xFF, 0x1F, 0x8F,
    0x0F, 0x8F, 0x80, 0x1F, 0xC0, 0x1F, 0xE0, 0x7F, 0x00, 0x07, 0x00, 0x07, 0x00, 0x07, 0x8F, 0xC7,
    0x8F, 0xC7, 0x8F, 0xFF, 0x8F, 0xFF, 0x8F, 0xFF, 0x8F, 0xFF, 0x8F, 0xFF, 0x80, 0x3F, 0x80, 0x3F,
    0x80, 0x3F, 0x8F, 0xFF, 0x8F, 0xFF, 0x8F, 0xFF, 0x8F, 0xFF, 0x8F, 0xFF, 0x8F, 0xFF, 0x8F, 0xC7,
    0x8F, 0xC7, 0x00, 0x07, 0x00, 0x07, 0x00, 0x07, 0xFF, 0x8F, 0xFF, 0x9F, 0xFF, 0x1F, 0xFF, 0x1F,
    0xFF, 0x07, 0xFF, 0x87, 0xFF, 0xC7, 0xE0, 0x7F, 0xC0, 0x3F, 0x80, 0x1F, 0x0F, 0x0F, 0x1F, 0x8F,
    0x1F, 0x8F, 0x1F, 0x8F, 0x00, 0x0F, 0x00, 0x0F, 0x00, 0x0F, 0x1F, 0xFF, 0x1F, 0xFF, 0x1F, 0x8F,
    0x0F, 0x8F, 0x80, 0x0F, 0xC0, 0x1F, 0xE0, 0x1F, 0xFF, 0x1F, 0xFF, 0x3F, 0xFE, 0x3F, 0xFE, 0x3F,
    0xFE, 0x3F, 0xFF, 0x0F, 0xFF, 0x8F, 0xC7, 0x8F, 0xE3, 0x1F, 0xF3, 0x3F, 0xF0, 0x3F, 0xF8, 0x7F,
    0xFF, 0xFF, 0xFF, 0xFF, 0x00, 0x07, 0x00, 0x07, 0x00, 0x07, 0x8F, 0xC7, 0x8F, 0xC7, 0x8F, 0xFF,
    0x8F, 0xFF, 0x8F, 0xFF, 0x8F, 0xFF, 0x8F, 0xFF, 0x80, 0x3F, 0x80, 0x3F, 0x80, 0x3F, 0x8F, 0xFF,
    0x8F, 0xFF, 0x8F, 0xFF, 0x8F, 0xFF, 0x8F, 0xFF, 0x8F, 0xFF, 0x8F, 0xC7, 0x8F, 0xC7, 0x00, 0x07,
    0x00, 0x07, 0x00, 0x07, 0xDF, 0xBF, 0x8F, 0x1F, 0xC6, 0x3F, 0xE0, 0x7F, 0xE0, 0x7F, 0xF0, 0xFF,
    0xFF, 0xFF, 0xFF, 0xFF, 0xE0, 0x7F, 0xC0, 0x3F, 0x80, 0x1F, 0x0F, 0x0F, 0x1F, 0x8F, 0x1F, 0x8F,
    0x1F, 0x8F, 0x00, 0x0F, 0x00, 0x0F, 0x00, 0x0F, 0x1F, 0xFF, 0x1F, 0xFF, 0x1F, 0x8F, 0x0F, 0x8F,
    0x80, 0x1F, 0xC0, 0x1F, 0xE0, 0x7F, 0xF0, 0xFF, 0xE0, 0x7F, 0xE0, 0x7F, 0xC6, 0x3F, 0x8F, 0x1F,
    0xDF, 0xBF, 0xFF, 0xFF, 0xFF, 0xFF, 0xE1, 0x8F, 0x80, 0x0F, 0x80, 0x0F, 0x0F, 0x0F, 0x1F, 0x8F,
    0x1F, 0x8F, 0x1F, 0xFF, 0x1F, 0xFF, 0x1F, 0xFF, 0x1F, 0xFF, 0x1F, 0xFF, 0x1C, 0x0F, 0x1C, 0x0F,
    0x1C, 0x0F, 0x1F, 0x8F, 0x1F, 0x8F, 0x1F, 0x8F, 0x1F, 0x8F, 0x1F, 0x8F, 0x1F, 0x8F, 0x0F, 0x0F,
    0x80, 0x0F, 0x80, 0x8F, 0xC1, 0x8F, 0xF0, 0xFF, 0xE0, 0x7F, 0xE0, 0x7F, 0xC6, 0x3F, 0x8F, 0x1F,
    0xDF, 0xBF, 0xFF, 0xFF, 0xFF, 0xFF, 0xE1, 0x87, 0x80, 0x87, 0x86, 0x07, 0x0F, 0x0F, 0x1F, 0x8F,
    0x1F, 0x8F, 0x1F, 0x8F, 0x1F, 0x8F, 0x1F, 0x8F, 0x1F, 0x8F, 0x1F, 0x8F, 0x1F, 0x8F, 0x1F, 0x8F,
    0x0F, 0x0F, 0x80, 0x0F, 0x80, 0x8F, 0xE1, 0x8F, 0xFF, 0x8F, 0xFF, 0x8F, 0x1F, 0x8F, 0x1F, 0x1F,
    0x80, 0x1F, 0x80, 0x3F, 0xE0, 0x7F, 0xCF, 0x3F, 0xC0, 0x3F, 0xC0, 0x3F, 0xE0, 0xFF, 0xFF, 0xFF,
    0xFF, 0xFF, 0xE1, 0x8F, 0x80, 0x0F, 0x80, 0x0F, 0x0F, 0x0F, 0x1F, 0x8F, 0x1F, 0x8F, 0x1F, 0xFF,
    0x1F, 0xFF, 0x1F, 0xFF, 0x1F, 0xFF, 0x1F, 0xFF, 0x1C, 0x0F, 0x1C, 0x0F, 0x1C, 0x0F, 0x1F, 0x8F,
    0x1F, 0x8F, 0x1F, 0x8F, 0x1F, 0x8F, 0x1F, 0x8F, 0x1F, 0x8F, 0x0F, 0x0F, 0x80, 0x0F, 0x80, 0x8F,
    0xC1, 0x8F, 0xCF, 0x3F, 0xCF, 0x3F, 0xC0, 0x3F, 0xC0, 0x3F, 0xF0, 0xFF, 0xFF, 0xFF, 0xFF, 0xFF,
    0xE1, 0x87, 0x80, 0x87, 0x86, 0x07, 0x0F, 0x0F, 0x1F, 0x8F, 0x1F, 0x8F, 0x1F, 0x8F, 0x1F, 0x8F,
    0x1F, 0x8F, 0x1F, 0x8F, 0x1F, 0x8F, 0x1F, 0x8F, 0x1F, 0x8F, 0x0F, 0x0F, 0x80, 0x0F, 0x80, 0x8F,
    0xE1, 0x8F, 0xFF, 0x8F, 0xFF, 0x8F, 0x1F, 0x8F, 0x1F, 0x1F, 0x80, 0x1F, 0x80, 0x3F, 0xE0, 0x7F,
    0xF9, 0xFF, 0xF0, 0xFF, 0xF0, 0xFF, 0xF0, 0xFF, 0xFF, 0xFF, 0xFF, 0xFF, 0xE1, 0x8F, 0x80, 0x0F,
    0x80, 0x0F, 0x0F, 0x0F, 0x1F, 0x8F, 0x1F, 0x8F, 0x1F, 0xFF, 0x1F, 0xFF, 0x1F, 0xFF, 0x1F, 0xFF,
    0x1F, 0xFF, 0x1C, 0x0F, 0x1C, 0x0F, 0x1C, 0x0F, 0x1F, 0x8F, 0x1F, 0x8F, 0x1F, 0x8F, 0x1F, 0x8F,
    0x1F, 0x8F, 0x1F, 0x8F, 0x0F, 0x0F, 0x80, 0x0F, 0x80, 0x8F, 0xC1, 0x8F, 0xF0, 0xFF, 0xF0, 0xFF,
    0xF0, 0xFF, 0xF0, 0xFF, 0xFF, 0xFF, 0xFF, 0xFF, 0xE1, 0x87, 0x80, 0x87, 0x86, 0x07, 0x0F, 0x0F,
    0x1F, 0x8F, 0x1F, 0x8F, 0x1F, 0x8F, 0x1F, 0x8F, 0x1F, 0x8F, 0x1F, 0x8F, 0x1F, 0x8F, 0x1F, 0x8F,
    0x1F, 0x8F, 0x0F, 0x0F, 0x80, 0x0F, 0x80, 0x8F, 0xE1, 0x8F, 0xFF, 0x8F, 0xFF, 0x8F, 0x1F, 0x8F,
    0x1F, 0x1F, 0x80, 0x1F, 0x80, 0x3F, 0xE0, 0x7F, 0xE1, 0x8F, 0x80, 0x0F, 0x80, 0x0F, 0x0F, 0x0F,
    0x1F, 0x8F, 0x1F, 0x8F, 0x1F, 0xFF, 0x1F, 0xFF, 0x1F, 0xFF, 0x1F, 0xFF, 0x1F, 0xFF, 0x1C, 0x0F,
    0x1C, 0x0F, 0x1C, 0x0F, 0x1F, 0x8F, 0x1F, 0x8F, 0x1F, 0x8F, 0x1F, 0x8F, 0x1F, 0x8F, 0x1F, 0x8F,
    0x0F, 0x0F, 0x80, 0x0F, 0x80, 0x8F, 0xC1, 0x8F, 0xFF, 0xFF, 0xFF, 0xFF, 0xF9, 0xFF, 0xF0, 0xFF,
    0xF8, 0xFF, 0xF9, 0xFF, 0xF9, 0xFF, 0xF3, 0xFF, 0xFC, 0xFF, 0xF9, 0xFF, 0xF9, 0xFF, 0xF1, 0xFF,
    0xF0, 0xFF, 0xF9, 0xFF, 0xFF, 0xFF, 0xE1, 0x87, 0x80, 0x87, 0x86, 0x07, 0x0F, 0x0F, 0x1F, 0x8F,
    0x1F, 0x8F, 0x1F, 0x8F, 0x1F, 0x8F, 0x1F, 0x8F, 0x1F, 0x8F, 0x1F, 0x8F, 0x1F, 0x8F, 0x1F, 0x8F,
    0x0F, 0x0F, 0x80, 0x0F, 0x80, 0x8F, 0xE1, 0x8F, 0xFF, 0x8F, 0xFF, 0x8F, 0x1F, 0x8F, 0x1F, 0x1F,
    0x80, 0x1F, 0x80, 0x3F, 0xE0, 0x7F, 0xF8, 0x7F, 0xF0, 0x3F, 0xF0, 0x3F, 0xE3, 0x1F, 0xC7, 0x8F,
    0xEF, 0xDF, 0xFF, 0xFF, 0xFF, 0xFF, 0x07, 0x83, 0x07, 0x83, 0x07, 0x83, 0x8F, 0xC7, 0x8F, 0xC7,
    0x8F, 0xC7, 0x8F, 0xC7, 0x8F, 0xC7, 0x8F, 0xC7, 0x8F, 0xC7, 0x80, 0x07, 0x80, 0x07, 0x80, 0x07,
    0x8F, 0xC7, 0x8F, 0xC7, 0x8F, 0xC7, 0x8F, 0xC7, 0x8F, 0xC7, 0x8F, 0xC7, 0x8F, 0xC7, 0x8F, 0xC7,
    0x07, 0x83, 0x07, 0x83, 0x07, 0x83, 0xE3, 0xFF, 0xC1, 0xFF, 0x88, 0xFF, 0x9C, 0xFF, 0x1E, 0x7F,
    0xBE, 0xFF, 0xFF, 0xFF, 0xFF, 0xFF, 0xC3, 0xFF, 0xC3, 0xFF, 0xC3, 0xFF, 0xE3, 0xFF, 0xE3, 0xFF,
    0xE3, 0xFF, 0xE3, 0xFF, 0xE3, 0x0F, 0xE2, 0x07, 0xE0, 0x03, 0xE1, 0xE3, 0xE3, 0xF1, 0xE3, 0xF1,
    0xE3, 0xF1, 0xE3, 0xF1, 0xE3, 0xF1, 0xE3, 0xF1, 0xE3, 0xF1, 0xE3, 0xF1, 0xE3, 0xF1, 0xE3, 0xF1,
    0xC1, 0xE0, 0xC1, 0xE0, 0xC1, 0xE0, 0x07, 0x83, 0x07, 0x83, 0x07, 0x83, 0x8F, 0xC7, 0x8F, 0xC7,
    0x00, 0x03, 0x00, 0x03, 0x00, 0x03, 0x8F, 0xC7, 0x8F, 0xC7, 0x80, 0x07, 0x80, 0x07, 0x80, 0x07,
    0x8F, 0xC7, 0x8F, 0xC7, 0x8F, 0xC7, 0x8F, 0xC7, 0x8F, 0xC7, 0x8F, 0xC7, 0x8F, 0xC7, 0x8F, 0xC7,
    0x07, 0x83, 0x07, 0x83, 0x07, 0x83, 0x0F, 0xFF, 0x0F, 0xFF, 0x0F, 0xFF, 0x8F, 0xFF, 0x01, 0xFF,
    0x01, 0xFF, 0x01, 0xFF, 0x8C, 0x3F, 0x88, 0x1F, 0x80, 0x0F, 0x87, 0x8F, 0x8F, 0xC7, 0x8F, 0xC7,
    0x8F, 0xC7, 0x8F, 0xC7, 0x8F, 0xC7, 0x8F, 0xC7, 0x8F, 0xC7, 0x8F, 0xC7, 0x8F, 0xC7, 0x8F, 0xC7,
    0x07, 0x83, 0x07, 0x83, 0x07, 0x83, 0xE3, 0xBF, 0xC1, 0x8F, 0x81, 0x1F, 0x18, 0x1F, 0x9C, 0x3F,
    0xFF, 0xFF, 0xFF, 0xFF, 0x00, 0x0F, 0x00, 0x0F, 0x00, 0x0F, 0xF9, 0xFF, 0xF9, 0xFF, 0xF9, 0xFF,
    0xF9, 0xFF, 0xF9, 0xFF, 0xF9, 0xFF, 0xF9, 0xFF, 0xF9, 0xFF, 0xF9, 0xFF, 0xF9, 0xFF, 0xF9, 0xFF,
    0xF9, 0xFF, 0xF9, 0xFF, 0xF9, 0xFF, 0xF9, 0xFF, 0xF9, 0xFF, 0xF9, 0xFF, 0xF9, 0xFF, 0x00, 0x0F,
    0x00, 0x0F, 0x00, 0x0F, 0xE3, 0x9F, 0xC1, 0x8F, 0x81, 0x1F, 0x18, 0x3F, 0x9C, 0x7F, 0xFF, 0xFF,
    0xFF, 0xFF, 0x80, 0xFF, 0x80, 0xFF, 0x80, 0xFF, 0xF8, 0xFF, 0xF8, 0xFF, 0xF8, 0xFF, 0xF8, 0xFF,
    0xF8, 0xFF, 0xF8, 0xFF, 0xF8, 0xFF, 0xF8, 0xFF, 0xF8, 0xFF, 0xF8, 0xFF, 0xF8, 0xFF, 0x00, 0x0F,
    0x00, 0x0F, 0x00, 0x0F, 0x80, 0x1F, 0x80, 0x1F, 0xFF, 0xFF, 0xFF, 0xFF, 0xFF, 0xFF, 0x00, 0x0F,
    0x00, 0x0F, 0x00, 0x0F, 0xF9, 0xFF, 0xF9, 0xFF, 0xF9, 0xFF, 0xF9, 0xFF, 0xF9, 0xFF, 0xF9, 0xFF,
    0xF9, 0xFF, 0xF9, 0xFF, 0xF9, 0xFF, 0xF9, 0xFF, 0xF9, 0xFF, 0xF9, 0xFF, 0xF9, 0xFF, 0xF9, 0xFF,
    0xF9, 0xFF, 0xF9, 0xFF, 0xF9, 0xFF, 0xF9, 0xFF, 0x00, 0x0F, 0x00, 0x0F, 0x00, 0x0F, 0x80, 0x1F,
    0x80, 0x1F, 0x80, 0x1F, 0xFF, 0xFF, 0xFF, 0xFF, 0xFF, 0xFF, 0x80, 0xFF, 0x80, 0xFF, 0x80, 0xFF,
    0xF8, 0xFF, 0xF8, 0xFF, 0xF8, 0xFF, 0xF8, 0xFF, 0xF8, 0xFF, 0xF8, 0xFF, 0xF8, 0xFF, 0xF8, 0xFF,
    0xF8, 0xFF, 0xF8, 0xFF, 0xF8, 0xFF, 0x00, 0x0F, 0x00, 0x0F, 0x00, 0x0F, 0xCF, 0x3F, 0xC0, 0x3F,
    0xC0, 0x3F, 0xE0, 0xFF, 0xFF, 0xFF, 0xFF, 0xFF, 0x00, 0x0F, 0x00, 0x0F, 0x00, 0x0F, 0xF9, 0xFF,
    0xF9, 0xFF, 0xF9, 0xFF, 0xF9, 0xFF, 0xF9, 0xFF, 0xF9, 0xFF, 0xF9, 0xFF, 0xF9, 0xFF, 0xF9, 0xFF,
    0xF9, 0xFF, 0xF9, 0xFF, 0xF9, 0xFF, 0xF9, 0xFF, 0xF9, 0xFF, 0xF9, 0xFF, 0xF9, 0xFF, 0xF9, 0xFF,
    0xF9, 0xFF, 0x00, 0x0F, 0x00, 0x0F, 0x00, 0x0F, 0xCF, 0x3F, 0xCF, 0x3F, 0xC0, 0x3F, 0xE0, 0x3F,
    0xF0, 0xFF, 0xFF, 0xFF, 0xFF, 0xFF, 0x80, 0xFF, 0x80, 0xFF, 0x80, 0xFF, 0xF8, 0xFF, 0xF8, 0xFF,
    0xF8, 0xFF, 0xF8, 0xFF, 0xF8, 0xFF, 0xF8, 0xFF, 0xF8, 0xFF, 0xF8, 0xFF, 0xF8, 0xFF, 0xF8, 0xFF,
    0xF8, 0xFF, 0x00, 0x0F, 0x00, 0x0F, 0x00, 0x0F, 0x00, 0x0F, 0x00, 0x0F, 0x00, 0x0F, 0xF9, 0xFF,
    0xF9, 0xFF, 0xF9, 0xFF, 0xF9, 0xFF, 0xF9, 0xFF, 0xF9, 0xFF, 0xF9, 0xFF, 0xF9, 0xFF, 0xF9, 0xFF,
    0xF9, 0xFF, 0xF9, 0xFF, 0xF9, 0xFF, 0xF9, 0xFF, 0xF9, 0xFF, 0xF9, 0xFF, 0xF9, 0xFF, 0xF9, 0xFF,
    0xF9, 0xFF, 0x00, 0x0F, 0x00, 0x0F, 0x00, 0x0F, 0xFF, 0x3F, 0xFE, 0x3F, 0xFE, 0x7F, 0xFE, 0x3F,
    0xFE, 0x0F, 0xFE, 0x0F, 0xFF, 0x8F, 0xF8, 0xFF, 0xF0, 0xFF, 0xF0, 0xFF, 0xF8, 0xFF, 0xFF, 0xFF,
    0xFF, 0xFF, 0x80, 0xFF, 0x80, 0xFF, 0x80, 0xFF, 0xF8, 0xFF, 0xF8, 0xFF, 0xF8, 0xFF, 0xF8, 0xFF,
    0xF8, 0xFF, 0xF8, 0xFF, 0xF8, 0xFF, 0xF8, 0xFF, 0xF8, 0xFF, 0xF8, 0xFF, 0xF8, 0xFF, 0x00, 0x0F,
    0x00, 0x0F, 0x00, 0x0F, 0xFF, 0x3F, 0xFE, 0x3F, 0xFE, 0x7F, 0xFE, 0x3F, 0xFE, 0x0F, 0xFE, 0x0F,
    0xFF, 0x8F, 0xF9, 0xFF, 0xF0, 0xFF, 0xF0, 0xFF, 0xF0, 0xFF, 0xFF, 0xFF, 0xFF, 0xFF, 0x00, 0x0F,
    0x00, 0x0F, 0x00, 0x0F, 0xF9, 0xFF, 0xF9, 0xFF, 0xF9, 0xFF, 0xF9, 0xFF, 0xF9, 0xFF, 0xF9, 0xFF,
    0xF9, 0xFF, 0xF9, 0xFF, 0xF9, 0xFF, 0xF9, 0xFF, 0xF9, 0xFF, 0xF9, 0xFF, 0xF9, 0xFF, 0xF9, 0xFF,
    0xF9, 0xFF, 0xF9, 0xFF, 0xF9, 0xFF, 0xF9, 0xFF, 0x00, 0x0F, 0x00, 0x0F, 0x00, 0x0F, 0x80, 0xFF,
    0x80, 0xFF, 0x80, 0xFF, 0xF8, 0xFF, 0xF8, 0xFF, 0xF8, 0xFF, 0xF8, 0xFF, 0xF8, 0xFF, 0xF8, 0xFF,
    0xF8, 0xFF, 0xF8, 0xFF, 0xF8, 0xFF, 0xF8, 0xFF, 0xF8, 0xFF, 0x00, 0x0F, 0x00, 0x0F, 0x00, 0x0F,
    0x00, 0x83, 0x00, 0x83, 0x00, 0x83, 0xE3, 0xF3, 0xE3, 0xF3, 0xE3, 0xF3, 0xE3, 0xF3, 0xE3, 0xF3,
    0xE3, 0xF3, 0xE3, 0xF3, 0xE3, 0xF3, 0xE3, 0xF3, 0xE3, 0xF3, 0xE3, 0xF3, 0xE3, 0xF3, 0xE3, 0xF3,
    0xE3, 0xF3, 0xE3, 0xF3, 0xE3, 0x13, 0xE3, 0x13, 0xE3, 0x13, 0x00, 0x03, 0x00, 0x87, 0x00, 0xC7,
    0xE3, 0xF1, 0xC3, 0xE0, 0xC3, 0xE0, 0xE3, 0xF1, 0xFF, 0xFF, 0xFF, 0xFF, 0xFF, 0xFF, 0x83, 0xC1,
    0x83, 0xC1, 0x83, 0xC1, 0xE3, 0xF1, 0xE3, 0xF1, 0xE3, 0xF1, 0xE3, 0xF1, 0xE3, 0xF1, 0xE3, 0xF1,
    0xE3, 0xF1, 0xE3, 0xF1, 0xE3, 0xF1, 0xE3, 0xF1, 0xE3, 0xF1, 0x00, 0xF1, 0x00, 0xF1, 0x00, 0xF1,
    0xFF, 0xF1, 0xFF, 0xF1, 0xFE, 0x31, 0xFE, 0x31, 0xFE, 0x03, 0xFF, 0x03, 0xFF, 0x87, 0xFE, 0x1F,
    0xFC, 0x1F, 0xFC, 0x8F, 0xF8, 0xC7, 0xF1, 0xE7, 0xFB, 0xEF, 0xFF, 0xFF, 0xFF, 0xFF, 0xF0, 0x1F,
    0xF0, 0x1F, 0xF0, 0x1F, 0xFF, 0x1F, 0xFF, 0x1F, 0xFF, 0x1F, 0xFF, 0x1F, 0xFF, 0x1F, 0xFF, 0x1F,
    0xFF, 0x1F, 0xFF, 0x1F, 0xFF, 0x1F, 0xFF, 0x1F, 0xFF, 0x1F, 0xFF, 0x1F, 0xFF, 0x1F, 0xFF, 0x1F,
    0xFF, 0x1F, 0x3F, 0x1F, 0x1F, 0x1F, 0x1E, 0x1F, 0x00, 0x3F, 0x80, 0x7F, 0xE0, 0xFF, 0xFF, 0x0F,
    0xFE, 0x0F, 0xFC, 0x47, 0xFC, 0xE3, 0xF8, 0xF3, 0xFD, 0xF7, 0xFF, 0xFF, 0xFF, 0xFF, 0xF0, 0x1F,
    0xF0, 0x1F, 0xF0, 0x1F, 0xFF, 0x9F, 0xFF, 0x9F, 0xFF, 0x9F, 0xFF, 0x9F, 0xFF, 0x9F, 0xFF, 0x9F,
    0xFF, 0x9F, 0xFF, 0x9F, 0xFF, 0x9F, 0xFF, 0x9F, 0xFF, 0x9F, 0xFF, 0x9F, 0xFF, 0x9F, 0xFF, 0x9F,
    0xFF, 0x9F, 0xFF, 0x9F, 0x1F, 0x1F, 0x8F, 0x1F, 0x80, 0x1F, 0xC0, 0x3F, 0xE0, 0xFF, 0x03, 0xC3,
    0x03, 0x83, 0x03, 0x83, 0xC7, 0x1F, 0xC7, 0x1F, 0xC6, 0x3F, 0xC6, 0x3F, 0xC4, 0x7F, 0xC4, 0x7F,
    0xC0, 0xFF, 0xC0, 0xFF, 0xC0, 0xFF, 0xC0, 0xFF, 0xC0, 0x7F, 0xC4, 0x7F, 0xC6, 0x7F, 0xC6, 0x3F,
    0xC6, 0x3F, 0xC7, 0x1F, 0xC7, 0x1F, 0xC7, 0x8F, 0x03, 0x83, 0x03, 0xC3, 0x03, 0xC3, 0xFF, 0xFF,
    0xFF, 0xFF, 0xFC, 0xFF, 0xF8, 0x7F, 0xFC, 0x7F, 0xFC, 0xFF, 0xFC, 0xFF, 0xF9, 0xFF, 0x07, 0xFF,
    0x07, 0xFF, 0x07, 0xFF, 0xC7, 0xFF, 0xC7, 0xFF, 0xC7, 0xFF, 0xC7, 0xFF, 0xC7, 0xC3, 0xC7, 0x83,
    0xC7, 0x03, 0xC7, 0x1F, 0xC6, 0x3F, 0xC4, 0x3F, 0xC4, 0x7F, 0xC0, 0xFF, 0xC0, 0xFF, 0xC0, 0x7F,
    0xC0, 0x3F, 0xC6, 0x3F, 0xC7, 0x1F, 0xC7, 0x1F, 0x03, 0x83, 0x03, 0x83, 0x03, 0xC3, 0xFF, 0xFF,
    0xFF, 0xFF, 0xFC, 0xFF, 0xF8, 0x7F, 0xFC, 0x7F, 0xFC, 0xFF, 0xFC, 0xFF, 0xF9, 0xFF, 0x07, 0xC3,
    0x07, 0x83, 0x07, 0x03, 0xC7, 0x1F, 0xC6, 0x3F, 0xC4, 0x3F, 0xC4, 0x7F, 0xC0, 0xFF, 0xC0, 0xFF,
    0xC0, 0x7F, 0xC0, 0x3F, 0xC6, 0x3F, 0xC7, 0x1F, 0xC7, 0x1F, 0x03, 0x83, 0x03, 0x83, 0x03, 0xC3,
    0xF3, 0xFF, 0xE3, 0xFF, 0xC7, 0xFF, 0x8F, 0xFF, 0x9F, 0xFF, 0xDF, 0xFF, 0xFF, 0xFF, 0x03, 0xFF,
    0x03, 0xFF, 0x03, 0xFF, 0x8F, 0xFF, 0x8F, 0xFF, 0x8F, 0xFF, 0x8F, 0xFF, 0x8F, 0xFF, 0x8F, 0xFF,
    0x8F, 0xFF, 0x8F, 0xFF, 0x8F, 0xFF, 0x8F, 0xFF, 0x8F, 0xFF, 0x8F, 0xFF, 0x8F, 0xFF, 0x8F, 0xFF,
    0x8F, 0xFF, 0x8F, 0xFF, 0x8F, 0xCF, 0x8F, 0xCF, 0x00, 0x0F, 0x00, 0x0F, 0x00, 0x0F, 0xFE, 0x7F,
    0xFC, 0x3F, 0xFC, 0x7F, 0xF8, 0xFF, 0xF1, 0xFF, 0xFB, 0xFF, 0xFF, 0xFF, 0x80, 0xFF, 0x80, 0xFF,
    0x80, 0xFF, 0xF8, 0xFF, 0xF8, 0xFF, 0xF8, 0xFF, 0xF8, 0xFF, 0xF8, 0xFF, 0xF8, 0xFF, 0xF8, 0xFF,
    0xF8, 0xFF, 0xF8, 0xFF, 0xF8, 0xFF, 0xF8, 0xFF, 0xF8, 0xFF, 0xF8, 0xFF, 0xF8, 0xFF, 0xF8, 0xFF,
    0xF8, 0xFF, 0xF8, 0xFF, 0xF8, 0xFF, 0x00, 0x0F, 0x00, 0x0F, 0x00, 0x0F, 0x03, 0xFF, 0x03, 0xFF,
    0x03, 0xFF, 0x8F, 0xFF, 0x8F, 0xFF, 0x8F, 0xFF, 0x8F, 0xFF, 0x8F, 0xFF, 0x8F, 0xFF, 0x8F, 0xFF,
    0x8F, 0xFF, 0x8F, 0xFF, 0x8F, 0xFF, 0x8F, 0xFF, 0x8F, 0xFF, 0x8F, 0xFF, 0x8F, 0xFF, 0x8F, 0xFF,
    0x8F, 0xFF, 0x8F, 0xCF, 0x8F, 0xCF, 0x00, 0x0F, 0x00, 0x0F, 0x00, 0x0F, 0xFF, 0xFF, 0xFF, 0xFF,
    0xF9, 0xFF, 0xF0, 0xFF, 0xF8, 0xFF, 0xF9, 0xFF, 0xF9, 0xFF, 0xF3, 0xFF, 0x80, 0xFF, 0x80, 0xFF,
    0x80, 0xFF, 0xF8, 0xFF, 0xF8, 0xFF, 0xF8, 0xFF, 0xF8, 0xFF, 0xF8, 0xFF, 0xF8, 0xFF, 0xF8, 0xFF,
    0xF8, 0xFF, 0xF8, 0xFF, 0xF8, 0xFF, 0xF8, 0xFF, 0xF8, 0xFF, 0xF8, 0xFF, 0xF8, 0xFF, 0xF8, 0xFF,
    0xF8, 0xFF, 0xF8, 0xFF, 0xF8, 0xFF, 0x00, 0x0F, 0x00, 0x0F, 0x00, 0x0F, 0xFF, 0xFF, 0xFF, 0xFF,
    0xF9, 0xFF, 0xF8, 0xFF, 0xF8, 0xFF, 0xFC, 0xFF, 0xF9, 0xFF, 0xF9, 0xFF, 0xFF, 0x8F, 0x03, 0x8F,
    0x03, 0x8F, 0x03, 0xCF, 0x8F, 0x9F, 0x8F, 0x9F, 0x8F, 0xFF, 0x8F, 0xFF, 0x8F, 0xFF, 0x8F, 0xFF,
    0x8F, 0xFF, 0x8F, 0xFF, 0x8F, 0xFF, 0x8F, 0xFF, 0x8F, 0xFF, 0x8F, 0xFF, 0x8F, 0xFF, 0x8F, 0xFF,
    0x8F, 0xFF, 0x8F, 0xFF, 0x8F, 0xCF, 0x8F, 0xCF, 0x00, 0x0F, 0x00, 0x0F, 0x00, 0x0F, 0xFF, 0xCF,
    0x80, 0x8F, 0x80, 0x8F, 0x80, 0xCF, 0xF8, 0xCF, 0xF8, 0x9F, 0xF8, 0xFF, 0xF8, 0xFF, 0xF8, 0xFF,
    0xF8, 0xFF, 0xF8, 0xFF, 0xF8, 0xFF, 0xF8, 0xFF, 0xF8, 0xFF, 0xF8, 0xFF, 0xF8, 0xFF, 0xF8, 0xFF,
    0xF8, 0xFF, 0xF8, 0xFF, 0xF8, 0xFF, 0xF8, 0xFF, 0xF8, 0xFF, 0x00, 0x0F, 0x00, 0x0F, 0x00, 0x0F,
    0x03, 0xFF, 0x03, 0xFF, 0x03, 0xFF, 0x8F, 0xFF, 0x8F, 0xFF, 0x8F, 0xFF, 0x8F, 0xFF, 0x8F, 0xFF,
    0x8E, 0x3F, 0x8C, 0x1F, 0x8C, 0x1F, 0x8C, 0x1F, 0x8E, 0x3F, 0x8F, 0xFF, 0x8F, 0xFF, 0x8F, 0xFF,
    0x8F, 0xFF, 0x8F, 0xFF, 0x8F, 0xFF, 0x8F, 0xCF, 0x8F, 0xCF, 0x00, 0x0F, 0x00, 0x0F, 0x00, 0x0F,
    0x80, 0xFF, 0x80, 0xFF, 0x80, 0xFF, 0xF8, 0xFF, 0xF8, 0xFF, 0xF8, 0xFF, 0xF8, 0xFF, 0xF8, 0xFF,
    0xF8, 0x8F, 0xF8, 0x07, 0xF8, 0x07, 0xF8, 0x07, 0xF8, 0x8F, 0xF8, 0xFF, 0xF8, 0xFF, 0xF8, 0xFF,
    0xF8, 0xFF, 0xF8, 0xFF, 0xF8, 0xFF, 0xF8, 0xFF, 0xF8, 0xFF, 0x00, 0x1F, 0x00, 0x1F, 0x00, 0x1F,
    0x81, 0xFF, 0x81, 0xFF, 0x81, 0xFF, 0xC7, 0xFF, 0xC7, 0xFF, 0xC7, 0xFF, 0xC7, 0xFF, 0xC7, 0xFF,
    0xC7, 0xFF, 0xC6, 0x7F, 0xC0, 0x3F, 0xC0, 0xFF, 0x83, 0xFF, 0x07, 0xFF, 0x07, 0xFF, 0xC7, 0xFF,
    0xC7, 0xFF, 0xC7, 0xFF, 0xC7, 0xFF, 0xC7, 0xE7, 0xC7, 0xE7, 0x80, 0x07, 0x80, 0x07, 0x80, 0x07,
    0x80, 0xFF, 0x80, 0xFF, 0x80, 0xFF, 0xF8, 0xFF, 0xF8, 0xFF, 0xF8, 0xFF, 0xF8, 0xFF, 0xF8, 0xFF,
    0xF8, 0xBF, 0xF8, 0x1F, 0xF8, 0x1F, 0xF0, 0x7F, 0xC0, 0xFF, 0x80, 0xFF, 0xD8, 0xFF, 0xF8, 0xFF,
    0xF8, 0xFF, 0xF8, 0xFF, 0xF8, 0xFF, 0xF8, 0xFF, 0xF8, 0xFF, 0x00, 0x0F, 0x00, 0x0F, 0x00, 0x0F,
    0xFF, 0x3F, 0xFE, 0x1F, 0xFC, 0x3F, 0xFC, 0x7F, 0xF8, 0xFF, 0xFD, 0xFF, 0xFF, 0xFF, 0x07, 0x83,
    0x07, 0x83, 0x07, 0x83, 0x83, 0xC7, 0x83, 0xC7, 0x83, 0xC7, 0x83, 0xC7, 0x81, 0xC7, 0x89, 0xC7,
    0x89, 0xC7, 0x88, 0xC7, 0x8C, 0xC7, 0x8C, 0xC7, 0x8C, 0x47, 0x8E, 0x47, 0x8E, 0x47, 0x8E, 0x07,
    0x8F, 0x07, 0x8F, 0x07, 0x8F, 0x07, 0x8F, 0x07, 0x07, 0x87, 0x07, 0x87, 0x07, 0x87, 0xFF, 0x3F,
    0xFE, 0x1F, 0xFC, 0x7F, 0xF8, 0x7F, 0xF8, 0xFF, 0xFF, 0xFF, 0xFF, 0xFF, 0x0C, 0x3F, 0x08, 0x1F,
    0x03, 0x0F, 0x87, 0x8F, 0x8F, 0xC7, 0x8F, 0xC7, 0x8F, 0xC7, 0x8F, 0xC7, 0x8F, 0xC7, 0x8F, 0xC7,
    0x8F, 0xC7, 0x8F, 0xC7, 0x8F, 0xC7, 0x8F, 0xC7, 0x07, 0x83, 0x07, 0x83, 0x07, 0x83, 0x07, 0x83,
    0x07, 0x83, 0x07, 0x83, 0x83, 0xC7, 0x83, 0xC7, 0x83, 0xC7, 0x83, 0xC7, 0x81, 0xC7, 0x89, 0xC7,
    0x89, 0xC7, 0x88, 0xC7, 0x8C, 0xC7, 0x8C, 0xC7, 0x8C, 0x47, 0x8E, 0x47, 0x8E, 0x47, 0x8E, 0x07,
    0x8F, 0x07, 0x8F, 0x07, 0x8F, 0x07, 0x8F, 0x07, 0x07, 0x87, 0x07, 0x87, 0x07, 0x87, 0xFF, 0xFF,
    0xFF, 0xFF, 0xFC, 0xFF, 0xF8, 0x7F, 0xFC, 0x7F, 0xFC, 0xFF, 0xFC, 0xFF, 0xF9, 0xFF, 0x0C, 0x3F,
    0x08, 0x1F, 0x03, 0x0F, 0x87, 0x8F, 0x8F, 0xC7, 0x8F, 0xC7, 0x8F, 0xC7, 0x8F, 0xC7, 0x8F, 0xC7,
    0x8F, 0xC7, 0x8F, 0xC7, 0x8F, 0xC7, 0x8F, 0xC7, 0x8F, 0xC7, 0x07, 0x83, 0x07, 0x83, 0x07, 0x83,
    0xFF, 0xFF, 0xFF, 0xFF, 0xFC, 0xFF, 0xF8, 0x7F, 0xFC, 0x7F, 0xFC, 0xFF, 0xFC, 0xFF, 0xF9, 0xFF,
    0xC7, 0x8F, 0xE3, 0x1F, 0xF3, 0x3F, 0xF0, 0x3F, 0xF8, 0x7F, 0xFF, 0xFF, 0xFF, 0xFF, 0x07, 0x83,
    0x07, 0x83, 0x07, 0x83, 0x83, 0xC7, 0x83, 0xC7, 0x83, 0xC7, 0x83, 0xC7, 0x81, 0xC7, 0x89, 0xC7,
    0x89, 0xC7, 0x88, 0xC7, 0x8C, 0xC7, 0x8C, 0xC7, 0x8C, 0x47, 0x8E, 0x47, 0x8E, 0x47, 0x8E, 0x07,
    0x8F, 0x07, 0x8F, 0x07, 0x8F, 0x07, 0x8F, 0x07, 0x07, 0x87, 0x07, 0x87, 0x07, 0x87, 0xEF, 0xDF,
    0xC7, 0x8F, 0xE3, 0x1F, 0xF0, 0x3F, 0xF0, 0x3F, 0xF8, 0x7F, 0xFF, 0xFF, 0xFF, 0xFF, 0x0C, 0x3F,
    0x08, 0x1F, 0x03, 0x0F, 0x87, 0x8F, 0x8F, 0xC7, 0x8F, 0xC7, 0x8F, 0xC7, 0x8F, 0xC7, 0x8F, 0xC7,
    0x8F, 0xC7, 0x8F, 0xC7, 0x8F, 0xC7, 0x8F, 0xC7, 0x8F, 0xC7, 0x07, 0x83, 0x07, 0x83, 0x07, 0x83,
    0x9F, 0xFF, 0xFF, 0x0F, 0xFF, 0xFF, 0x0F, 0xFF, 0xFF, 0x9F, 0xFF, 0xFF, 0x9F, 0xFF, 0xFF, 0x3F,
    0xFF, 0xFF, 0xFF, 0xFF, 0xFF, 0xFF, 0xFF, 0xFF, 0xE1, 0x87, 0xFF, 0xE1, 0x03, 0xFF, 0xE0, 0x61,
    0xFF, 0xF0, 0xF1, 0xFF, 0xF1, 0xF8, 0xFF, 0xF1, 0xF8, 0xFF, 0xF1, 0xF8, 0xFF, 0xF1, 0xF8, 0xFF,
    0xF1, 0xF8, 0xFF, 0xF1, 0xF8, 0xFF, 0xF1, 0xF8, 0xFF, 0xF1, 0xF8, 0xFF, 0xF1, 0xF8, 0xFF, 0xF1,
    0xF8, 0xFF, 0xE0, 0xF0, 0x7F, 0xE0, 0xF0, 0x7F, 0xE0, 0xF0, 0x7F, 0x0C, 0x3F, 0x08, 0x1F, 0x03,
    0x0F, 0x87, 0x8F, 0x8F, 0xC7, 0x8F, 0xC7, 0x8F, 0xC7, 0x8F, 0xC7, 0x8F, 0xC7, 0x8F, 0xC7, 0x8F,
    0xC7, 0x8F, 0xC7, 0x8F, 0xC7, 0x8F, 0xC7, 0x8F, 0xC7, 0x8F, 0xC7, 0x8F, 0xC7, 0x8F, 0xC7, 0x8F,
    0xC7, 0x8F, 0xC7, 0x8F, 0x87, 0x07, 0x0F, 0x07, 0x1F, 0x07, 0x3F, 0x0C, 0x3F, 0x08, 0x1F, 0x03,
    0x0F, 0x87, 0x8F, 0x8F, 0xC7, 0x8F, 0xC7, 0x8F, 0xC7, 0x8F, 0xC7, 0x8F, 0xC7, 0x8F, 0xC7, 0x8F,
    0xC7, 0x8F, 0xC7, 0x8F, 0xC7, 0x8F, 0xC7, 0x07, 0xC7, 0x07, 0xC7, 0x07, 0xC7, 0xFF, 0xC7, 0xFF,
    0xC7, 0xFF, 0xC7, 0xFF, 0x8F, 0xFC, 0x0F, 0xFC, 0x1F, 0xFC, 0x7F, 0x80, 0x1F, 0x80, 0x1F, 0xFF,
    0xFF, 0xFF, 0xFF, 0xFF, 0xFF, 0xE0, 0x7F, 0xC0, 0x3F, 0x80, 0x1F, 0x0F, 0x0F, 0x1F, 0x8F, 0x1F,
    0x8F, 0x1F, 0x8F, 0x1F, 0x8F, 0x1F, 0x8F, 0x1F, 0x8F, 0x1F, 0x8F, 0x1F, 0x8F, 0x1F, 0x8F, 0x1F,
    0x8F, 0x1F, 0x8F, 0x1F, 0x8F, 0x1F, 0x8F, 0x1F, 0x8F, 0x1F, 0x8F, 0x1F, 0x8F, 0x0F, 0x0F, 0x80,
    0x1F, 0xC0, 0x3F, 0xE0, 0x7F, 0x80, 0x1F, 0x80, 0x1F, 0x80, 0x1F, 0xFF, 0xFF, 0xFF, 0xFF, 0xFF,
    0xFF, 0xE0, 0x7F, 0xC0, 0x3F, 0x80, 0x1F, 0x0F, 0x0F, 0x1F, 0x8F, 0x1F, 0x8F, 0x1F, 0x8F, 0x1F,
    0x8F, 0x1F, 0x8F, 0x1F, 0x8F, 0x1F, 0x8F, 0x1F, 0x8F, 0x1F, 0x8F, 0x0F, 0x0F, 0x80, 0x1F, 0xC0,
    0x3F, 0xE0, 0x7F, 0xCF, 0x3F, 0xC0, 0x3F, 0xC0, 0x3F, 0xE0, 0xFF, 0xFF, 0xFF, 0xFF, 0xFF, 0xE0,
    0x7F, 0xC0, 0x3F, 0x80, 0x1F, 0x0F, 0x0F, 0x1F, 0x8F, 0x1F, 0x8F, 0x1F, 0x8F, 0x1F, 0x8F, 0x1F,
    0x8F, 0x1F, 0x8F, 0x1F, 0x8F, 0x1F, 0x8F, 0x1F, 0x8F, 0x1F, 0x8F, 0x1F, 0x8F, 0x1F, 0x8F, 0x1F,
    0x8F, 0x1F, 0x8F, 0x1F, 0x8F, 0x1F, 0x8F, 0x0F, 0x0F, 0x80, 0x1F, 0xC0, 0x3F, 0xE0, 0x7F, 0xCF,
    0x3F, 0xCF, 0x3F, 0xC0, 0x3F, 0xC0, 0x3F, 0xF0, 0xFF, 0xFF, 0xFF, 0xFF, 0xFF, 0xE0, 0x7F, 0xC0,
    0x3F, 0x80, 0x1F, 0x0F, 0x0F, 0x1F, 0x8F, 0x1F, 0x8F, 0x1F, 0x8F, 0x1F, 0x8F, 0x1F, 0x8F, 0x1F,
    0x8F, 0x1F, 0x8F, 0x1F, 0x8F, 0x1F, 0x8F, 0x0F, 0x0F, 0x80, 0x1F, 0xC0, 0x3F, 0xE0, 0x7F, 0xF9,
    0xCF, 0xF1, 0x87, 0xE3, 0x0F, 0xC6, 0x1F, 0x8E, 0x3F, 0xDF, 0x7F, 0xFF, 0xFF, 0xE0, 0x7F, 0xC0,
    0x3F, 0x80, 0x1F, 0x0F, 0x0F, 0x1F, 0x8F, 0x1F, 0x8F, 0x1F, 0x8F, 0x1F, 0x8F, 0x1F, 0x8F, 0x1F,
    0x8F, 0x1F, 0x8F, 0x1F, 0x8F, 0x1F, 0x8F, 0x1F, 0x8F, 0x1F, 0x8F, 0x1F, 0x8F, 0x1F, 0x8F, 0x1F,
    0x8F, 0x1F, 0x8F, 0x1F, 0x8F, 0x0F, 0x0F, 0x80, 0x1F, 0xC0, 0x3F, 0xE0, 0x7F, 0xFB, 0xDF, 0xF9,
    0xCF, 0xF1, 0x87, 0xE3, 0x0F, 0xC6, 0x3F, 0x8E, 0x7F, 0xDF, 0x7F, 0xFF, 0xFF, 0xE0, 0x7F, 0xC0,
    0x3F, 0x80, 0x1F, 0x0F, 0x0F, 0x1F, 0x8F, 0x1F, 0x8F, 0x1F, 0x8F, 0x1F, 0x8F, 0x1F, 0x8F, 0x1F,
    0x8F, 0x1F, 0x8F, 0x1F, 0x8F, 0x1F, 0x8F, 0x0F, 0x0F, 0x80, 0x1F, 0xC0, 0x3F, 0xE0, 0x7F, 0xC0,
    0x03, 0x80, 0x03, 0x9C, 0x63, 0x1C, 0x63, 0x1C, 0x63, 0x1C, 0x7F, 0x1C, 0x7F, 0x1C, 0x7F, 0x1C,
    0x7F, 0x1C, 0x7F, 0x1C, 0x07, 0x1C, 0x07, 0x1C, 0x7F, 0x1C, 0x7F, 0x1C, 0x7F, 0x1C, 0x7F, 0x1C,
    0x7F, 0x1C, 0x7F, 0x1C, 0x7F, 0x1C, 0x63, 0x1C, 0x63, 0x8C, 0x63, 0x80, 0x03, 0xC0, 0x03, 0xC7,
    0x0F, 0x82, 0x07, 0x80, 0x07, 0x18, 0xE3, 0x1C, 0xE3, 0x1C, 0xE3, 0x1C, 0xE3, 0x1C, 0x03, 0x1C,
    0x03, 0x1C, 0x03, 0x1C, 0xFF, 0x1C, 0xFF, 0x1C, 0xE3, 0x18, 0x63, 0x00, 0x07, 0x82, 0x07, 0xC7,
    0x0F, 0xFF, 0x3F, 0xFE, 0x1F, 0xFC, 0x3F, 0xFC, 0x7F, 0xF8, 0xFF, 0xFD, 0xFF, 0xFF, 0xFF, 0x00,
    0x3F, 0x00, 0x1F, 0x00, 0x0F, 0x8F, 0x8F, 0x8F, 0xC7, 0x8F, 0xC7, 0x8F, 0xC7, 0x8F, 0xC7, 0x8F,
    0xC7, 0x8F, 0xC7, 0x8F, 0xC7, 0x8F, 0x8F, 0x80, 0x0F, 0x80, 0x1F, 0x80, 0x7F, 0x8E, 0x3F, 0x8E,
    0x3F, 0x8E, 0x1F, 0x8F, 0x1F, 0x8F, 0x1F, 0x8F, 0x8F, 0x07, 0x83, 0x07, 0xC3, 0x07, 0xC3, 0xFE,
    0x7F, 0xFC, 0x3F, 0xF8, 0xFF, 0xF0, 0xFF, 0xF1, 0xFF, 0xFF, 0xFF, 0xFF, 0xFF, 0x03, 0x1F, 0x02,
    0x0F, 0x00, 0x8F, 0xE3, 0x8F, 0xE3, 0xCF, 0xE3, 0xF7, 0xE3, 0xFF, 0xE3, 0xFF, 0xE3, 0xFF, 0xE3,
    0xFF, 0xE3, 0xFF, 0xE3, 0xFF, 0xE3, 0xFF, 0xE3, 0xFF, 0x00, 0x7F, 0x00, 0x7F, 0x00, 0x7F, 0x00,
    0x3F, 0x00, 0x1F, 0x00, 0x0F, 0x8F, 0x8F, 0x8F, 0xC7, 0x8F, 0xC7, 0x8F, 0xC7, 0x8F, 0xC7, 0x8F,
    0xC7, 0x8F, 0xC7, 0x8F, 0xC7, 0x8F, 0x8F, 0x80, 0x0F, 0x80, 0x1F, 0x80, 0x7F, 0x8E, 0x3F, 0x8E,
    0x3F, 0x8E, 0x1F, 0x8F, 0x1F, 0x8F, 0x1F, 0x8F, 0x8F, 0x07, 0x83, 0x07, 0xC3, 0x07, 0xC3, 0xFF,
    0xFF, 0xFF, 0xFF, 0xFC, 0xFF, 0xF8, 0x7F, 0xFC, 0x7F, 0xFC, 0xFF, 0xFC, 0xFF, 0xF9, 0xFF, 0x03,
    0x1F, 0x02, 0x0F, 0x00, 0x8F, 0xE3, 0x8F, 0xE3, 0xCF, 0xE3, 0xF7, 0xE3, 0xFF, 0xE3, 0xFF, 0xE3,
    0xFF, 0xE3, 0xFF, 0xE3, 0xFF, 0xE3, 0xFF, 0xE3, 0xFF, 0xE3, 0xFF, 0x00, 0x7F, 0x00, 0x7F, 0x00,
    0x7F, 0xFF, 0xFF, 0xFF, 0xFF, 0xE7, 0xFF, 0xE3, 0xFF, 0xE3, 0xFF, 0xF3, 0xFF, 0xE7, 0xFF, 0xE7,
    0xFF, 0xC7, 0x8F, 0xE3, 0x1F, 0xF3, 0x3F, 0xF0, 0x3F, 0xF8, 0x7F, 0xFF, 0xFF, 0xFF, 0xFF, 0x00,
    0x3F, 0x00, 0x1F, 0x00, 0x0F, 0x8F, 0x8F, 0x8F, 0xC7, 0x8F, 0xC7, 0x8F, 0xC7, 0x8F, 0xC7, 0x8F,
    0xC7, 0x8F, 0xC7, 0x8F, 0xC7, 0x8F, 0x8F, 0x80, 0x0F, 0x80, 0x1F, 0x80, 0x7F, 0x8E, 0x3F, 0x8E,
    0x3F, 0x8E, 0x1F, 0x8F, 0x1F, 0x8F, 0x1F, 0x8F, 0x8F, 0x07, 0x83, 0x07, 0xC3, 0x07, 0xC3, 0xDF,
    0xBF, 0x8F, 0x1F, 0xC6, 0x3F, 0xE0, 0x7F, 0xE0, 0x7F, 0xF0, 0xFF, 0xFF, 0xFF, 0xFF, 0xFF, 0x03,
    0x1F, 0x02, 0x0F, 0x00, 0x8F, 0xE3, 0x8F, 0xE3, 0xCF, 0xE3, 0xF7, 0xE3, 0xFF, 0xE3, 0xFF, 0xE3,
    0xFF, 0xE3, 0xFF, 0xE3, 0xFF, 0xE3, 0xFF, 0xE3, 0xFF, 0xE3, 0xFF, 0x00, 0x7F, 0x00, 0x7F, 0x00,
    0x7F, 0xFE, 0x7F, 0xFC, 0x3F, 0xF8, 0x7F, 0xF8, 0xFF, 0xF1, 0xFF, 0xFB, 0xFF, 0xFF, 0xFF, 0xE0,
    0x8F, 0xC0, 0x0F, 0x80, 0x0F, 0x8F, 0x0F, 0x1F, 0x8F, 0x1F, 0x8F, 0x1F, 0xFF, 0x1F, 0xFF, 0x8F,
    0xFF, 0x87, 0xFF, 0xC3, 0xFF, 0xE0, 0xFF, 0xF0, 0x3F, 0xFC, 0x3F, 0xFE, 0x1F, 0xFF, 0x0F, 0xFF,
    0x8F, 0xFF, 0x8F, 0x1F, 0x8F, 0x1F, 0x8F, 0x0F, 0x0F, 0x00, 0x1F, 0x00, 0x1F, 0x18, 0x7F, 0xFE,
    0x7F, 0xFC, 0x3F, 0xF8, 0xFF, 0xF0, 0xFF, 0xF1, 0xFF, 0xFF, 0xFF, 0xFF, 0xFF, 0xE0, 0x8F, 0x80,
    0x0F, 0x87, 0x0F, 0x0F, 0x8F, 0x1F, 0x8F, 0x8F, 0x8F, 0x87, 0xFF, 0xC0, 0xFF, 0xE0, 0x3F, 0xF8,
    0x1F, 0xFE, 0x1F, 0x1F, 0x8F, 0x1F, 0x8F, 0x1F, 0x8F, 0x00, 0x1F, 0x00, 0x1F, 0x10, 0x7F, 0xF0,
    0xFF, 0xE0, 0x7F, 0xE0, 0x7F, 0xC6, 0x3F, 0x8F, 0x1F, 0xDF, 0xBF, 0xFF, 0xFF, 0xFF, 0xFF, 0xE0,
    0x8F, 0xC0, 0x0F, 0x80, 0x0F, 0x8F, 0x0F, 0x1F, 0x8F, 0x1F, 0x8F, 0x1F, 0xFF, 0x1F, 0xFF, 0x8F,
    0xFF, 0x87, 0xFF, 0xC3, 0xFF, 0xE0, 0xFF, 0xF0, 0x3F, 0xFC, 0x3F, 0xFE, 0x1F, 0xFF, 0x0F, 0xFF,
    0x8F, 0xFF, 0x8F, 0x1F, 0x8F, 0x1F, 0x8F, 0x0F, 0x0F, 0x00, 0x1F, 0x00, 0x1F, 0x18, 0x7F, 0xF0,
    0xFF, 0xE0, 0x7F, 0xE0, 0x7F, 0xC6, 0x3F, 0x8F, 0x1F, 0xDF, 0xBF, 0xFF, 0xFF, 0xFF, 0xFF, 0xE0,
    0x8F, 0x80, 0x0F, 0x87, 0x0F, 0x0F, 0x8F, 0x1F, 0x8F, 0x8F, 0x8F, 0x87, 0xFF, 0xC0, 0xFF, 0xE0,
    0x3F, 0xF8, 0x1F, 0xFE, 0x1F, 0x1F, 0x8F, 0x1F, 0x8F, 0x1F, 0x8F, 0x00, 0x1F, 0x00, 0x1F, 0x10,
    0x7F, 0xE0, 0x8F, 0xC0, 0x0F, 0x80, 0x0F, 0x8F, 0x0F, 0x1F, 0x8F, 0x1F, 0x8F, 0x1F, 0xFF, 0x1F,
    0xFF, 0x8F, 0xFF, 0x87, 0xFF, 0xC3, 0xFF, 0xE0, 0xFF, 0xF0, 0x3F, 0xFC, 0x3F, 0xFE, 0x1F, 0xFF,
    0x0F, 0xFF, 0x8F, 0xFF, 0x8F, 0x1F, 0x8F, 0x1F, 0x8F, 0x0F, 0x0F, 0x00, 0x1F, 0x00, 0x1F, 0x18,
    0x7F, 0xF9, 0xFF, 0xF9, 0xFF, 0xF8, 0x7F, 0xFE, 0x7F, 0xE0, 0x7F, 0xE0, 0x7F, 0xE0, 0xFF, 0xE0,
    0x8F, 0x80, 0x0F, 0x87, 0x0F, 0x0F, 0x8F, 0x1F, 0x8F, 0x8F, 0x8F, 0x87, 0xFF, 0xC0, 0xFF, 0xE0,
    0x3F, 0xF8, 0x1F, 0xFE, 0x1F, 0x1F, 0x8F, 0x1F, 0x8F, 0x1F, 0x8F, 0x00, 0x1F, 0x00, 0x1F, 0x10,
    0x7F, 0xF9, 0xFF, 0xF9, 0xFF, 0xF8, 0x7F, 0xFE, 0x7F, 0xE0, 0x7F, 0xE0, 0x7F, 0xE0, 0xFF, 0x8F,
    0x1F, 0xC6, 0x3F, 0xE6, 0x7F, 0xE0, 0x7F, 0xF0, 0xFF, 0xFF, 0xFF, 0xFF, 0xFF, 0xE0, 0x8F, 0xC0,
    0x0F, 0x80, 0x0F, 0x8F, 0x0F, 0x1F, 0x8F, 0x1F, 0x8F, 0x1F, 0xFF, 0x1F, 0xFF, 0x8F, 0xFF, 0x87,
    0xFF, 0xC3, 0xFF, 0xE0, 0xFF, 0xF0, 0x3F, 0xFC, 0x3F, 0xFE, 0x1F, 0xFF, 0x0F, 0xFF, 0x8F, 0xFF,
    0x8F, 0x1F, 0x8F, 0x1F, 0x8F, 0x0F, 0x0F, 0x00, 0x1F, 0x00, 0x1F, 0x18, 0x7F, 0xDF, 0xBF, 0x8F,
    0x1F, 0xC6, 0x3F, 0xE0, 0x7F, 0xE0, 0x7F, 0xF0, 0xFF, 0xFF, 0xFF, 0xFF, 0xFF, 0xE0, 0x8F, 0x80,
    0x0F, 0x87, 0x0F, 0x0F, 0x8F, 0x1F, 0x8F, 0x8F, 0x8F, 0x87, 0xFF, 0xC0, 0xFF, 0xE0, 0x3F, 0xF8,
    0x1F, 0xFE, 0x1F, 0x1F, 0x8F, 0x1F, 0x8F, 0x1F, 0x8F, 0x00, 0x1F, 0x00, 0x1F, 0x10, 0x7F, 0x00,
    0x0F, 0x00, 0x0F, 0x00, 0x0F, 0x39, 0xCF, 0x39, 0xCF, 0xF9, 0xFF, 0xF9, 0xFF, 0xF9, 0xFF, 0xF9,
    0xFF, 0xF9, 0xFF, 0xF9, 0xFF, 0xF9, 0xFF, 0xF9, 0xFF, 0xF9, 0xFF, 0xF9, 0xFF, 0xF9, 0xFF, 0xF9,
    0xFF, 0xF9, 0xFF, 0xF9, 0xFF, 0xF9, 0xFF, 0xF9, 0xFF, 0xC0, 0x3F, 0xC0, 0x3F, 0xC0, 0x3F, 0xF9,
    0xFF, 0xF8, 0xFF, 0xF8, 0x7F, 0xFE, 0x7F, 0xE0, 0x7F, 0xE0, 0x7F, 0xE0, 0xFF, 0xE3, 0xFF, 0xE3,
    0xFF, 0xE3, 0xFF, 0xE3, 0xFF, 0xE3, 0xFF, 0xE3, 0xFF, 0xE3, 0xFF, 0x00, 0x1F, 0x00, 0x1F, 0x00,
    0x1F, 0xE3, 0xFF, 0xE3, 0xFF, 0xE3, 0xFF, 0xE3, 0xFF, 0xE3, 0xFF, 0xE3, 0xFF, 0xE3, 0xFF, 0xE3,
    0xFF, 0xE3, 0xC7, 0xE3, 0xC7, 0xE3, 0x8F, 0xF1, 0x0F, 0xF0, 0x0F, 0xF8, 0x3F, 0xFC, 0x7F, 0xFC,
    0x7F, 0xFC, 0x3F, 0xFF, 0x9F, 0xFF, 0x1F, 0xF0, 0x3F, 0xF0, 0x3F, 0x8F, 0x1F, 0xC6, 0x3F, 0xE6,
    0x7F, 0xE0, 0x7F, 0xF0, 0xFF, 0xFF, 0xFF, 0xFF, 0xFF, 0x00, 0x0F, 0x00, 0x0F, 0x00, 0x0F, 0x39,
    0xCF, 0x39, 0xCF, 0xF9, 0xFF, 0xF9, 0xFF, 0xF9, 0xFF, 0xF9, 0xFF, 0xF9, 0xFF, 0xF9, 0xFF, 0xF9,
    0xFF, 0xF9, 0xFF, 0xF9, 0xFF, 0xF9, 0xFF, 0xF9, 0xFF, 0xF9, 0xFF, 0xF9, 0xFF, 0xF9, 0xFF, 0xF9,
    0xFF, 0xF9, 0xFF, 0xC0, 0x3F, 0xC0, 0x3F, 0xC0, 0x3F, 0xFF, 0xCF, 0xE3, 0x8F, 0xE3, 0x8F, 0xE3,
    0xCF, 0xE3, 0xCF, 0xE3, 0x9F, 0xE3, 0xFF, 0xE3, 0xFF, 0x00, 0x1F, 0x00, 0x1F, 0x00, 0x1F, 0xE3,
    0xFF, 0xE3, 0xFF, 0xE3, 0xFF, 0xE3, 0xFF, 0xE3, 0xFF, 0xE3, 0xFF, 0xE3, 0xFF, 0xE3, 0xFF, 0xE3,
    0xC7, 0xE3, 0xC7, 0xE1, 0x8F, 0xF0, 0x0F, 0xF0, 0x1F, 0xFC, 0x3F, 0x00, 0x0F, 0x00, 0x0F, 0x00,
    0x0F, 0x39, 0xCF, 0x39, 0xCF, 0xF9, 0xFF, 0xF9, 0xFF, 0xF9, 0xFF, 0xF9, 0xFF, 0xF9, 0xFF, 0xF9,
    0xFF, 0xF9, 0xFF, 0xC0, 0x3F, 0xC0, 0x3F, 0xC0, 0x3F, 0xF9, 0xFF, 0xF9, 0xFF, 0xF9, 0xFF, 0xF9,
    0xFF, 0xF9, 0xFF, 0xF9, 0xFF, 0xC0, 0x3F, 0xC0, 0x3F, 0xC0, 0x3F, 0xE3, 0xFF, 0xE3, 0xFF, 0xE3,
    0xFF, 0xE3, 0xFF, 0xE3, 0xFF, 0xE3, 0xFF, 0xE3, 0xFF, 0x00, 0x1F, 0x00, 0x1F, 0x00, 0x1F, 0xE3,
    0xFF, 0xE3, 0xFF, 0xE3, 0xFF, 0x80, 0x7F, 0x80, 0x7F, 0x80, 0x7F, 0xE3, 0xFF, 0xE3, 0xFF, 0xE3,
    0xC7, 0xE3, 0xC7, 0xE1, 0x8F, 0xF0, 0x0F, 0xF0, 0x1F, 0xFC, 0x3F, 0xF1, 0xDF, 0xE0, 0xC7, 0xC0,
    0x8F, 0x8C, 0x0F, 0xCE, 0x1F, 0xFF, 0xFF, 0xFF, 0xFF, 0x07, 0x83, 0x07, 0x83, 0x07, 0x83, 0x8F,
    0xC7, 0x8F, 0xC7, 0x8F, 0xC7, 0x8F, 0xC7, 0x8F, 0xC7, 0x8F, 0xC7, 0x8F, 0xC7, 0x8F, 0xC7, 0x8F,
    0xC7, 0x8F, 0xC7, 0x8F, 0xC7, 0x8F, 0xC7, 0x8F, 0xC7, 0x8F, 0xC7, 0x8F, 0xC7, 0x8F, 0xC7, 0x8F,
    0xC7, 0xC7, 0x8F, 0xC0, 0x0F, 0xE0, 0x1F, 0xF0, 0x3F, 0xF1, 0xCF, 0xE0, 0xC7, 0xC0, 0x8F, 0x8C,
    0x1F, 0xCE, 0x3F, 0xFF, 0xFF, 0xFF, 0xFF, 0x0F, 0x87, 0x0F, 0x87, 0x0F, 0x87, 0x8F, 0xC7, 0x8F,
    0xC7, 0x8F, 0xC7, 0x8F, 0xC7, 0x8F, 0xC7, 0x8F, 0xC7, 0x8F, 0xC7, 0x8F, 0xC7, 0x8F, 0xC7, 0x8F,
    0xC7, 0xC7, 0x87, 0xC3, 0x03, 0xE0, 0x43, 0xF0, 0xC3, 0xC0, 0x0F, 0xC0, 0x0F, 0xFF, 0xFF, 0xFF,
    0xFF, 0xFF, 0xFF, 0x07, 0x83, 0x07, 0x83, 0x07, 0x83, 0x8F, 0xC7, 0x8F, 0xC7, 0x8F, 0xC7, 0x8F,
    0xC7, 0x8F, 0xC7, 0x8F, 0xC7, 0x8F, 0xC7, 0x8F, 0xC7, 0x8F, 0xC7, 0x8F, 0xC7, 0x8F, 0xC7, 0x8F,
    0xC7, 0x8F, 0xC7, 0x8F, 0xC7, 0x8F, 0xC7, 0x8F, 0xC7, 0x8F, 0xC7, 0xC7, 0x8F, 0xC0, 0x0F, 0xE0,
    0x1F, 0xF0, 0x3F, 0xC0, 0x0F, 0xC0, 0x0F, 0xC0, 0x0F, 0xFF, 0xFF, 0xFF, 0xFF, 0xFF, 0xFF, 0x0F,
    0x87, 0x0F, 0x87, 0x0F, 0x87, 0x8F, 0xC7, 0x8F, 0xC7, 0x8F, 0xC7, 0x8F, 0xC7, 0x8F, 0xC7, 0x8F,
    0xC7, 0x8F, 0xC7, 0x8F, 0xC7, 0x8F, 0xC7, 0x8F, 0xC7, 0xC7, 0x87, 0xC3, 0x03, 0xE0, 0x43, 0xF0,
    0xC3, 0xE7, 0x9F, 0xE0, 0x1F, 0xE0, 0x1F, 0xF0, 0x7F, 0xFF, 0xFF, 0xFF, 0xFF, 0x07, 0x83, 0x07,
    0x83, 0x07, 0x83, 0x8F, 0xC7, 0x8F, 0xC7, 0x8F, 0xC7, 0x8F, 0xC7, 0x8F, 0xC7, 0x8F, 0xC7, 0x8F,
    0xC7, 0x8F, 0xC7, 0x8F, 0xC7, 0x8F, 0xC7, 0x8F, 0xC7, 0x8F, 0xC7, 0x8F, 0xC7, 0x8F, 0xC7, 0x8F,
    0xC7, 0x8F, 0xC7, 0x8F, 0xC7, 0xC7, 0x8F, 0xC0, 0x0F, 0xE0, 0x1F, 0xF0, 0x3F, 0xE7, 0x9F, 0xE7,
    0x9F, 0xE0, 0x1F, 0xE0, 0x1F, 0xF8, 0x7F, 0xFF, 0xFF, 0xFF, 0xFF, 0x0F, 0x87, 0x0F, 0x87, 0x0F,
    0x87, 0x8F, 0xC7, 0x8F, 0xC7, 0x8F, 0xC7, 0x8F, 0xC7, 0x8F, 0xC7, 0x8F, 0xC7, 0x8F, 0xC7, 0x8F,
    0xC7, 0x8F, 0xC7, 0x8F, 0xC7, 0xC7, 0x87, 0xC3, 0x03, 0xE0, 0x43, 0xF0, 0xC3, 0xF8, 0x7F, 0xF0,
    0x3F, 0xF3, 0x3F, 0xF3, 0x3F, 0xF0, 0x3F, 0xF8, 0x7F, 0xFF, 0xFF, 0xFF, 0xFF, 0x07, 0x83, 0x07,
    0x83, 0x07, 0x83, 0x8F, 0xC7, 0x8F, 0xC7, 0x8F, 0xC7, 0x8F, 0xC7, 0x8F, 0xC7, 0x8F, 0xC7, 0x8F,
    0xC7, 0x8F, 0xC7, 0x8F, 0xC7, 0x8F, 0xC7, 0x8F, 0xC7, 0x8F, 0xC7, 0x8F, 0xC7, 0x8F, 0xC7, 0x8F,
    0xC7, 0x8F, 0xC7, 0x8F, 0xC7, 0xC7, 0x8F, 0xC0, 0x0F, 0xE0, 0x1F, 0xF0, 0x3F, 0xF8, 0x7F, 0xF0,
    0x3F, 0xF3, 0x3F, 0xF3, 0x3F, 0xF0, 0x3F, 0xF8, 0x7F, 0xFF, 0xFF, 0xFF, 0xFF, 0x0F, 0x87, 0x0F,
    0x87, 0x0F, 0x87, 0x8F, 0xC7, 0x8F, 0xC7, 0x8F, 0xC7, 0x8F, 0xC7, 0x8F, 0xC7, 0x8F, 0xC7, 0x8F,
    0xC7, 0x8F, 0xC7, 0x8F, 0xC7, 0x8F, 0xC7, 0xC7, 0x87, 0xC3, 0x03, 0xE0, 0x43, 0xF0, 0xC3, 0xFC,
    0xE7, 0xF8, 0xC3, 0xF1, 0x87, 0xE3, 0x0F, 0xC7, 0x1F, 0xEF, 0xBF, 0xFF, 0xFF, 0x07, 0x83, 0x07,
    0x83, 0x07, 0x83, 0x8F, 0xC7, 0x8F, 0xC7, 0x8F, 0xC7, 0x8F, 0xC7, 0x8F, 0xC7, 0x8F, 0xC7, 0x8F,
    0xC7, 0x8F, 0xC7, 0x8F, 0xC7, 0x8F, 0xC7, 0x8F, 0xC7, 0x8F, 0xC7, 0x8F, 0xC7, 0x8F, 0xC7, 0x8F,
    0xC7, 0x8F, 0xC7, 0x8F, 0xC7, 0xC7, 0x8F, 0xC0, 0x0F, 0xE0, 0x1F, 0xF0, 0x3F, 0xFD, 0xEF, 0xFC,
    0xE7, 0xF8, 0xC3, 0xF1, 0x87, 0xE3, 0x1F, 0xC7, 0x3F, 0xEF, 0xBF, 0xFF, 0xFF, 0x0F, 0x87, 0x0F,
    0x87, 0x0F, 0x87, 0x8F, 0xC7, 0x8F, 0xC7, 0x8F, 0xC7, 0x8F, 0xC7, 0x8F, 0xC7, 0x8F, 0xC7, 0x8F,
    0xC7, 0x8F, 0xC7, 0x8F, 0xC7, 0x8F, 0xC7, 0xC7, 0x87, 0xC3, 0x03, 0xE0, 0x43, 0xF0, 0xC3, 0x07,
    0x83, 0x07, 0x83, 0x07, 0x83, 0x8F, 0xC7, 0x8F, 0xC7, 0x8F, 0xC7, 0x8F, 0xC7, 0x8F, 0xC7, 0x8F,
    0xC7, 0x8F, 0xC7, 0x8F, 0xC7, 0x8F, 0xC7, 0x8F, 0xC7, 0x8F, 0xC7, 0x8F, 0xC7, 0x8F, 0xC7, 0x8F,
    0xC7, 0x8F, 0xC7, 0x8F, 0xC7, 0x8F, 0xC7, 0xC7, 0x8F, 0xC0, 0x0F, 0xE0, 0x1F, 0xF0, 0x3F, 0xF8,
    0xFF, 0xF9, 0xFF, 0xF1, 0xFF, 0xF3, 0xFF, 0xF1, 0xFF, 0xF0, 0x7F, 0xFC, 0x7F, 0x0F, 0x87, 0x0F,
    0x87, 0x0F, 0x87, 0x8F, 0xC7, 0x8F, 0xC7, 0x8F, 0xC7, 0x8F, 0xC7, 0x8F, 0xC7, 0x8F, 0xC7, 0x8F,
    0xC7, 0x8F, 0xC7, 0x8F, 0xC7, 0x8F, 0xC7, 0xC7, 0x87, 0xC3, 0x03, 0xE0, 0x43, 0xF0, 0xC3, 0xFF,
    0xE7, 0xFF, 0xCF, 0xFF, 0xCF, 0xFF, 0xCF, 0xFF, 0xC1, 0xFF, 0xC1, 0xFF, 0xE1, 0xFC, 0x3F, 0xF8,
    0x1F, 0xF8, 0x1F, 0xF1, 0x8F, 0xE3, 0xC7, 0xF7, 0xEF, 0xFF, 0xFF, 0xFF, 0xFF, 0x07, 0xE0, 0x07,
    0xE0, 0x07, 0xE0, 0x8F, 0xF1, 0x8F, 0xF1, 0xCF, 0xF3, 0xCF, 0xF3, 0xCE, 0x73, 0xCE, 0x73, 0xCC,
    0x33, 0xC4, 0x23, 0xC4, 0x23, 0xC4, 0x23, 0xE4, 0x27, 0xE4, 0x27, 0xE5, 0xA7, 0xE1, 0x87, 0xE1,
    0x87, 0xE1, 0x87, 0xE1, 0x87, 0xE1, 0x87, 0xE1, 0x87, 0xF3, 0xCF, 0xF3, 0xCF, 0xFC, 0x3F, 0xF8,
    0x1F, 0xF8, 0x1F, 0xF1, 0x8F, 0xE3, 0xC7, 0xF7, 0xEF, 0xFF, 0xFF, 0xFF, 0xFF, 0x07, 0xE0, 0x07,
    0xE0, 0x07, 0xE0, 0xCF, 0xF3, 0xCF, 0xF3, 0xCE, 0x73, 0xCC, 0x33, 0xC4, 0x23, 0xC4, 0x23, 0xE4,
    0x27, 0xE5, 0xA7, 0xE1, 0x87, 0xE1, 0x87, 0xE1, 0x87, 0xE1, 0x87, 0xE3, 0xC7, 0xF3, 0xCF, 0xF8,
    0x7F, 0xF0, 0x3F, 0xF0, 0x3F, 0xE3, 0x1F, 0xC7, 0x8F, 0xEF, 0xDF, 0xFF, 0xFF, 0xFF, 0xFF, 0x07,
    0x83, 0x07, 0x83, 0x07, 0x83, 0xC7, 0x8F, 0xC7, 0x8F, 0xC7, 0x8F, 0xE3, 0x1F, 0xE3, 0x1F, 0xF3,
    0x3F, 0xF0, 0x3F, 0xF0, 0x3F, 0xF8, 0x7F, 0xF8, 0x7F, 0xF8, 0x7F, 0xFC, 0xFF, 0xFC, 0xFF, 0xFC,
    0xFF, 0xFC, 0xFF, 0xFC, 0xFF, 0xFC, 0xFF, 0xFC, 0xFF, 0xE0, 0x1F, 0xE0, 0x1F, 0xE0, 0x1F, 0xF8,
    0x7F, 0xF0, 0x3F, 0xF0, 0x3F, 0xE3, 0x1F, 0xC7, 0x8F, 0xEF, 0xDF, 0xFF, 0xFF, 0xFF, 0xFF, 0x07,
    0x83, 0x07, 0x83, 0x07, 0x83, 0xC7, 0x8F, 0xC7, 0x8F, 0xC7, 0x8F, 0xE7, 0x9F, 0xE3, 0x1F, 0xE3,
    0x1F, 0xE3, 0x1F, 0xF3, 0x3F, 0xF0, 0x3F, 0xF0, 0x3F, 0xF0, 0x3F, 0xF8, 0x7F, 0xF8, 0x7F, 0xF8,
    0x7F, 0xF8, 0xFF, 0xF8, 0xFF, 0xF8, 0xFF, 0xF8, 0xFF, 0x81, 0xFF, 0x81, 0xFF, 0x83, 0xFF, 0xC7,
    0x8F, 0xC3, 0x0F, 0xC3, 0x0F, 0xC7, 0x8F, 0xFF, 0xFF, 0xFF, 0xFF, 0x07, 0x83, 0x07, 0x83, 0x07,
    0x83, 0xC7, 0x8F, 0xC7, 0x8F, 0xC7, 0x8F, 0xE3, 0x1F, 0xE3, 0x1F, 0xF3, 0x3F, 0xF0, 0x3F, 0xF0,
    0x3F, 0xF8, 0x7F, 0xF8, 0x7F, 0xF8, 0x7F, 0xFC, 0xFF, 0xFC, 0xFF, 0xFC, 0xFF, 0xFC, 0xFF, 0xFC,
    0xFF, 0xFC, 0xFF, 0xFC, 0xFF, 0xE0, 0x1F, 0xE0, 0x1F, 0xE0, 0x1F, 0xFE, 0x7F, 0xFC, 0x3F, 0xF8,
    0x7F, 0xF8, 0xFF, 0xF1, 0xFF, 0xFB, 0xFF, 0xFF, 0xFF, 0x00, 0x0F, 0x00, 0x0F, 0x00, 0x0F, 0x1F,
    0x1F, 0x1F, 0x1F, 0xFE, 0x1F, 0xFE, 0x3F, 0xFC, 0x3F, 0xFC, 0x7F, 0xF8, 0x7F, 0xF8, 0xFF, 0xF8,
    0xFF, 0xF1, 0xFF, 0xF1, 0xFF, 0xE1, 0xFF, 0xE3, 0xFF, 0xC3, 0xFF, 0xC7, 0xFF, 0x87, 0xFF, 0x8F,
    0x8F, 0x8F, 0x8F, 0x00, 0x0F, 0x00, 0x0F, 0x00, 0x0F, 0xFE, 0x7F, 0xFC, 0x3F, 0xF8, 0xFF, 0xF0,
    0xFF, 0xF1, 0xFF, 0xFF, 0xFF, 0xFF, 0xFF, 0x00, 0x0F, 0x00, 0x0F, 0x00, 0x0F, 0x1F, 0x1F, 0x1E,
    0x3F, 0xFE, 0x3F, 0xFC, 0x7F, 0xF8, 0xFF, 0xF0, 0xFF, 0xF1, 0xFF, 0xE3, 0xFF, 0xC7, 0xFF, 0xC7,
    0x8F, 0x8F, 0x8F, 0x00, 0x0F, 0x00, 0x0F, 0x00, 0x0F, 0xF9, 0xFF, 0xF0, 0xFF, 0xF0, 0xFF, 0xF0,
    0xFF, 0xFF, 0xFF, 0xFF, 0xFF, 0x00, 0x0F, 0x00, 0x0F, 0x00, 0x0F, 0x1F, 0x1F, 0x1F, 0x1F, 0xFE,
    0x1F, 0xFE, 0x3F, 0xFC, 0x3F, 0xFC, 0x7F, 0xF8, 0x7F, 0xF8, 0xFF, 0xF8, 0xFF, 0xF1, 0xFF, 0xF1,
    0xFF, 0xE1, 0xFF, 0xE3, 0xFF, 0xC3, 0xFF, 0xC7, 0xFF, 0x87, 0xFF, 0x8F, 0x8F, 0x8F, 0x8F, 0x00,
    0x0F, 0x00, 0x0F, 0x00, 0x0F, 0xF0, 0xFF, 0xF0, 0xFF, 0xF0, 0xFF, 0xF0, 0xFF, 0xFF, 0xFF, 0xFF,
    0xFF, 0x00, 0x0F, 0x00, 0x0F, 0x00, 0x0F, 0x1F, 0x1F, 0x1E, 0x3F, 0xFE, 0x3F, 0xFC, 0x7F, 0xF8,
    0xFF, 0xF0, 0xFF, 0xF1, 0xFF, 0xE3, 0xFF, 0xC7, 0xFF, 0xC7, 0x8F, 0x8F, 0x8F, 0x00, 0x0F, 0x00,
    0x0F, 0x00, 0x0F, 0x8F, 0x1F, 0xC6, 0x3F, 0xE6, 0x7F, 0xE0, 0x7F, 0xF0, 0xFF, 0xFF, 0xFF, 0xFF,
    0xFF, 0x00, 0x0F, 0x00, 0x0F, 0x00, 0x0F, 0x1F, 0x1F, 0x1F, 0x1F, 0xFE, 0x1F, 0xFE, 0x3F, 0xFC,
    0x3F, 0xFC, 0x7F, 0xF8, 0x7F, 0xF8, 0xFF, 0xF8, 0xFF, 0xF1, 0xFF, 0xF1, 0xFF, 0xE1, 0xFF, 0xE3,
    0xFF, 0xC3, 0xFF, 0xC7, 0xFF, 0x87, 0xFF, 0x8F, 0x8F, 0x8F, 0x8F, 0x00, 0x0F, 0x00, 0x0F, 0x00,
    0x0F, 0xDF, 0xBF, 0x8F, 0x1F, 0xC6, 0x3F, 0xE0, 0x7F, 0xE0, 0x7F, 0xF0, 0xFF, 0xFF, 0xFF, 0xFF,
    0xFF, 0x00, 0x0F, 0x00, 0x0F, 0x00, 0x0F, 0x1F, 0x1F, 0x1E, 0x3F, 0xFE, 0x3F, 0xFC, 0x7F, 0xF8,
    0xFF, 0xF0, 0xFF, 0xF1, 0xFF, 0xE3, 0xFF, 0xC7, 0xFF, 0xC7, 0x8F, 0x8F, 0x8F, 0x00, 0x0F, 0x00,
    0x0F, 0x00, 0x0F, 0xF0, 0x7F, 0xE0, 0x3F, 0xC0, 0x1F, 0xC7, 0x1F, 0xC7, 0x1F, 0xCF, 0x1F, 0xCF,
    0xFF, 0xCF, 0xFF, 0xCF, 0xFF, 0xCF, 0xFF, 0xCF, 0xFF, 0xCF, 0xFF, 0xCF, 0xFF, 0xCF, 0xFF, 0xCF,
    0xFF, 0xCF, 0xFF, 0xCF, 0xFF, 0xCF, 0xFF, 0xCF, 0xFF, 0xCF, 0xFF, 0xCF, 0xFF, 0x01, 0xFF, 0x01,
    0xFF, 0x01, 0xFF, 0xF7, 0xFF, 0xF3, 0xFF, 0xE1, 0xFF, 0xCC, 0xFF, 0x9E, 0x7F, 0x3F, 0x3F, 0x9E,
    0x7F, 0xCC, 0xFF, 0xE1, 0xFF, 0xF3, 0xFF, 0xF3, 0xFF, 0xF3, 0xFF, 0xF3, 0xFF, 0xF3, 0xFF, 0xF3,
    0xFF, 0xF3, 0xFF, 0xF3, 0xFF, 0xF3, 0xFF, 0xF3, 0xFF, 0xF3, 0xFF, 0xF3, 0xFF, 0xF3, 0xFF, 0xF3,
    0xFF, 0xF3, 0xFF, 0xF3, 0xFF, 0xF3, 0xFF, 0xF3, 0xFF, 0xF3, 0xFF, 0xF3, 0xFF, 0xF3, 0xFF, 0xF3,
    0xFF, 0xF3, 0xFF, 0xF3, 0xFF, 0xF3, 0xFF, 0xF3, 0xFF, 0xF3, 0xFF, 0xF3, 0xFF, 0xF3, 0xFF, 0xF3,
    0xFF, 0xF3, 0xFF, 0xBF, 0x7F, 0x1E, 0x3F, 0x8C, 0x7F, 0xC0, 0xFF, 0xE1, 0xFF, 0xE1, 0xFF, 0xC0,
    0xFF, 0x8C, 0x7F, 0x1E, 0x3F, 0xB3, 0x7F, 0xF3, 0xFF, 0xF3, 0xFF, 0xF3, 0xFF, 0xF3, 0xFF, 0xF3,
    0xFF, 0xF3, 0xFF, 0xF3, 0xFF, 0xF3, 0xFF, 0xF3, 0xFF, 0xF3, 0xFF, 0xF3, 0xFF, 0xF3, 0xFF, 0xF3,
    0xFF, 0xF3, 0xFF, 0xF3, 0xFF, 0xF3, 0xFF, 0xF3, 0xFF, 0xF3, 0xFF, 0xF3, 0xFF, 0xF3, 0xFF, 0xF3,
    0xFF, 0xF3, 0xFF, 0xF3, 0xFF, 0xF3, 0xFF, 0xF3, 0xFF, 0xF3, 0xFF, 0xF3, 0xFF, 0xF3, 0xFF, 0xF3,
    0xFF, 0xF3, 0xFF, 0x00, 0x03, 0x00, 0x03, 0x00, 0x03, 0x00, 0x00, 0x00, 0x00, 0x00, 0x00, 0x00,
    0x00, 0x00, 0x00, 0x00, 0x00, 0x18, 0x18, 0x18, 0x18, 0x18, 0x18, 0x18, 0x18, 0x18, 0x18, 0x18,
    0x18, 0x18, 0x18, 0x18, 0x18, 0x18, 0x18, 0x18, 0x18, 0x18, 0x18, 0x18, 0x18, 0x18, 0x18, 0x18,
    0x18, 0x18, 0x18, 0x18, 0x00, 0x0F, 0x00, 0x0F, 0x00, 0x0F, 0xFF, 0xFF, 0x00, 0x0F, 0x00, 0x0F,
    0x00, 0x0F, 0xF7, 0xE3, 0xC7, 0xCF, 0x8F, 0x9F, 0x87, 0x07, 0x03, 0x87, 0x87, 0x87, 0x87, 0x03,
    0x83, 0x87, 0xE7, 0xC7, 0xCF, 0x8F, 0x1F, 0xBF, 0x87, 0x87, 0x03, 0x07, 0x87, 0x9F, 0x8F, 0xCF,
    0xC7, 0xE3, 0xF7, 0xE7, 0xCF, 0xC3, 0x87, 0xCF, 0x8F, 0x8F, 0x1F, 0x9F, 0x3F, 0x1E, 0x3F, 0x0E,
    0x1F, 0x06, 0x0F, 0x06, 0x0F, 0x06, 0x0F, 0x8F, 0x1F, 0xC7, 0x8F, 0x83, 0x07, 0x83, 0x07, 0x83,
    0x07, 0xC3, 0x87, 0xE3, 0xC7, 0xE7, 0xCF, 0xC7, 0x8F, 0x8F, 0x9F, 0x0E, 0x1F, 0x9F, 0x3F, 0x8F,
    0x1F, 0x06, 0x0F, 0x06, 0x0F, 0x06, 0x0F, 0x0E, 0x1F, 0x1E, 0x3F, 0x9F, 0x3F, 0x8F, 0x1F, 0xCF,
    0x8F, 0xC3, 0x87, 0xE7, 0xCF, 0xF9, 0xFF, 0xF9, 0xFF, 0xF9, 0xFF, 0xF9, 0xFF, 0xF9, 0xFF, 0xF9,
    0xFF, 0xF9, 0xFF, 0xF9, 0xFF, 0xF9, 0xFF, 0x00, 0x0F, 0x00, 0x0F, 0x00, 0x0F, 0xF9, 0xFF, 0xF9,
    0xFF, 0xF9, 0xFF, 0xF9, 0xFF, 0xF9, 0xFF, 0xF9, 0xFF, 0xF9, 0xFF, 0xF9, 0xFF, 0xF9, 0xFF, 0xF9,
    0xFF, 0xF9, 0xFF, 0xF9, 0xFF, 0xF9, 0xFF, 0xF9, 0xFF, 0xF9, 0xFF, 0xF9, 0xFF, 0xF9, 0xFF, 0xF9,
    0xFF, 0xF9, 0xFF, 0xF9, 0xFF, 0xF9, 0xFF, 0xF9, 0xFF, 0xF9, 0xFF, 0xF9, 0xFF, 0xF9, 0xFF, 0xF9,
    0xFF, 0xF9, 0xFF, 0xF9, 0xFF, 0x00, 0x0F, 0x00, 0x0F, 0x00, 0x0F, 0xF9, 0xFF, 0xF9, 0xFF, 0xF9,
    0xFF, 0xF9, 0xFF, 0xF9, 0xFF, 0xF9, 0xFF, 0xF9, 0xFF, 0x00, 0x0F, 0x00, 0x0F, 0x00, 0x0F, 0xF9,
    0xFF, 0xF9, 0xFF, 0xF9, 0xFF, 0xF9, 0xFF, 0xF9, 0xFF, 0xF9, 0xFF, 0xF9, 0xFF, 0xF9, 0xFF, 0xF9,
    0xFF, 0xE1, 0xFF, 0x80, 0x7F, 0x80, 0x7F, 0x00, 0x3F, 0x00, 0x3F, 0x00, 0x3F, 0x00, 0x3F, 0x80,
    0x7F, 0x80, 0x7F, 0xE1, 0xFF, 0x7F, 0xFF, 0x1F, 0xFF, 0x07, 0xFF, 0x03, 0xFF, 0x00, 0xFF, 0x00,
    0x3F, 0x00, 0x1F, 0x00, 0x7F, 0x01, 0xFF, 0x07, 0xFF, 0x1F, 0xFF, 0x7F, 0xFF, 0x87, 0xFF, 0x87,
    0x03, 0xFF, 0x03, 0x03, 0xFF, 0x03, 0x03, 0xFF, 0x03, 0x87, 0xFF, 0x87, 0x8F, 0xE1, 0xFC, 0x7F,
    0x07, 0xC0, 0xF8, 0x3F, 0x07, 0xC0, 0xF8, 0x3F, 0x07, 0xC0, 0xF8, 0x3F, 0x8F, 0xE1, 0xFC, 0x7F,
    0xC3, 0xF1, 0xFF, 0x81, 0xE3, 0xFF, 0x11, 0xE7, 0xFF, 0x19, 0xC7, 0xFF, 0x19, 0xCF, 0xFF, 0x19,
    0x8F, 0xFF, 0x19, 0x9F, 0xFF, 0x19, 0x1F, 0xFF, 0x19, 0x3F, 0xFF, 0x81, 0x3F, 0xFF, 0xC2, 0x3F,
    0xFF, 0xFE, 0x7F, 0xFF, 0xFC, 0x7F, 0xFF, 0xFC, 0x83, 0x87, 0xF8, 0x03, 0x03, 0xF9, 0x11, 0x11,
    0xF1, 0x11, 0x31, 0xF3, 0x11, 0x31, 0xE3, 0x11, 0x31, 0xE7, 0x11, 0x31, 0xC7, 0x11, 0x31, 0xCF,
    0x11, 0x11, 0x8F, 0x83, 0x03, 0x8F, 0x87, 0x87, 0xC3, 0xF1, 0xFF, 0xFF, 0x81, 0xE3, 0xFF, 0xFF,
    0x99, 0xE7, 0xFF, 0xFF, 0x19, 0xC7, 0xFF, 0xFF, 0x19, 0xCF, 0xFF, 0xFF, 0x19, 0x8F, 0xFF, 0xFF,
    0x19, 0x8F, 0xFF, 0xFF, 0x19, 0x1F, 0xFF, 0xFF, 0x99, 0x1F, 0xFF, 0xFF, 0x81, 0x3F, 0xFF, 0xFF,
    0xC2, 0x3F, 0xFF, 0xFF, 0xFE, 0x7F, 0xFF, 0xFF, 0xFC, 0x7F, 0xFF, 0xFF, 0xFC, 0x83, 0x83, 0x87,
    0xF8, 0x83, 0x03, 0x03, 0xF9, 0x11, 0x11, 0x31, 0xF1, 0x11, 0x31, 0x31, 0xF3, 0x11, 0x31, 0x31,
    0xE3, 0x11, 0x31, 0x31, 0xE7, 0x11, 0x31, 0x31, 0xC7, 0x11, 0x31, 0x31, 0xC7, 0x11, 0x11, 0x11,
    0x8F, 0x83, 0x03, 0x03, 0x8F, 0xC7, 0x87, 0x87, 0xE3, 0xE3, 0xC3, 0xC7, 0xC7, 0x87, 0x8F, 0x8F,
    0x8F, 0x1F, 0x1F, 0xE3, 0x8F, 0xE3, 0x8F, 0xC3, 0x0F, 0xC7, 0x1F, 0xC7, 0x1F, 0xC6, 0x1F, 0x8E,
    0x3F, 0x8E, 0x3F, 0x8E, 0x3F, 0x1C, 0x7F, 0x1C, 0x7F, 0xE3, 0x18, 0xE3, 0x19, 0xE6, 0x31, 0xC6,
    0x31, 0xC6, 0x33, 0xC6, 0x63, 0xCC, 0x63, 0x8C, 0x63, 0x8C, 0xE7, 0x9C, 0xC7, 0x18, 0xC7, 0x1F,
    0x1F, 0x0F, 0x8F, 0x8F, 0x87, 0xC7, 0xC7, 0xC7, 0xE3, 0xE3, 0x1C, 0x7F, 0x0C, 0x7F, 0x0C, 0x3F,
    0x8E, 0x3F, 0x8E, 0x3F, 0x86, 0x3F, 0xC7, 0x1F, 0xC7, 0x1F, 0xC7, 0x1F, 0xE3, 0x8F, 0xE3, 0x8F,
    0x18, 0xC7, 0x98, 0xC7, 0x8C, 0x67, 0x8C, 0x63, 0xCC, 0x63, 0xC6, 0x63, 0xC6, 0x33, 0xC6, 0x31,
    0xE7, 0x31, 0xE3, 0x39, 0xE3, 0x18, 0xF8, 0x7F, 0xF0, 0x3F, 0xF0, 0x3F, 0xE3, 0x1F, 0xC7, 0x8F,
    0x87, 0x87, 0x8F, 0xC7, 0x0F, 0xC3, 0xDF, 0xEF, 0xF9, 0xF8, 0xF1, 0xF1, 0xE3, 0xC7, 0x87, 0x0F,
    0x0F, 0x8F, 0xC7, 0xE3, 0xF3, 0xF1, 0xF9, 0xF8, 0x1F, 0x9F, 0x8F, 0x8F, 0xC7, 0xE3, 0xE1, 0xF0,
    0xF0, 0xF1, 0xE3, 0xC7, 0xCF, 0x8F, 0x9F, 0x1F, 0xBF, 0xFC, 0xFF, 0xF7, 0x1F, 0xF8, 0x7F, 0xE3,
    0x8F, 0xF8, 0x7F, 0xC7, 0xC7, 0xFC, 0xFF, 0x8F, 0xE3, 0xFF, 0xFF, 0x1F, 0xF1, 0xFF, 0xFE, 0x3F,
    0xF8, 0xFF, 0xFC, 0x7F, 0xFC, 0x7F, 0xF8, 0xFF, 0xFE, 0x3F, 0xF1, 0xFF, 0xFF, 0x1F, 0xE3, 0xFF,
    0xFF, 0x8F, 0xC7, 0xFF, 0xFF, 0xC7, 0x8F, 0xFF, 0xFF, 0xE3, 0x1F, 0xFF, 0x8F, 0xF0, 0x3F, 0xC7,
    0x0F, 0xF8, 0x7F, 0xC3, 0x0F, 0xF8, 0x7F, 0xC3, 0x8F, 0xF0, 0x3F, 0xC7, 0xFF, 0xE3, 0x1F, 0xFF,
    0xFF, 0xC7, 0x8F, 0xFF, 0xFF, 0x8F, 0xC7, 0xFF, 0xFF, 0x1F, 0xE3, 0xFF, 0xFE, 0x3F, 0xF1, 0xFF,
    0xFC, 0x7F, 0xF8, 0xFF, 0xF8, 0xFF, 0xFC, 0x7F, 0xF1, 0xFF, 0xFE, 0x3F, 0xE3, 0xFF, 0xFF, 0x1F,
    0xC7, 0xFC, 0xFF, 0x8F, 0x8F, 0xF8, 0x7F, 0xC7, 0x1F, 0xF8, 0x7F, 0xE3, 0xBF, 0xFC, 0xFF, 0xF7,
    0x8F, 0x1F, 0x8F, 0x1F, 0x8F, 0x1F, 0x8F, 0x1F, 0x8F, 0x1F, 0x8F, 0x1F, 0x8F, 0x1F, 0x8F, 0x1F,
    0x8F, 0x1F, 0x8F, 0x1F, 0x8F, 0x1F, 0x8F, 0x1F, 0x8F, 0x1F, 0x8F, 0x1F, 0x8F, 0x1F, 0xFF, 0xFF,
    0xFF, 0xFF, 0xFF, 0xFF, 0xFF, 0xFF, 0x8F, 0x1F, 0x06, 0x0F, 0x06, 0x0F, 0x06, 0x1F, 0x8F, 0x1F,
    0xDF, 0x07, 0x1E, 0x03, 0x8C, 0x01, 0x8C, 0x71, 0x88, 0xF9, 0x88, 0xF8, 0xC7, 0xF1, 0xC7, 0xF1,
    0xC7, 0xF1, 0xC7, 0xE3, 0xE3, 0xC3, 0xE3, 0x87, 0xE3, 0x0F, 0xE3, 0x1F, 0xF1, 0x1F, 0xF0, 0x3F,
    0xF0, 0x3F, 0xFF, 0xFF, 0xFF, 0xFF, 0xF8, 0x7F, 0xF8, 0x7F, 0xF8, 0x7F, 0xF8, 0x7F, 0xF8, 0x7F,
    0x9F, 0x9F, 0x00, 0x0F, 0x80, 0x1F, 0xE0, 0x7F, 0xF9, 0xFF, 0xC0, 0x3F, 0x00, 0x0F, 0x0F, 0x0F,
    0xBF, 0xDF, 0xFF, 0xEF, 0xFF, 0xE3, 0xFF, 0xC7, 0xFF, 0x87, 0xFF, 0x0F, 0xFE, 0x1F, 0xFE, 0x3F,
    0xFC, 0x7F, 0xF8, 0x7F, 0xF0, 0x3F, 0xE0, 0x1F, 0xC3, 0x0F, 0x87, 0x87, 0x8F, 0xC7, 0x1F, 0xE3,
    0xDF, 0xEF, 0xFF, 0xFC, 0xFF, 0xFF, 0xFF, 0xFC, 0xFF, 0xFF, 0xFF, 0xFC, 0xFF, 0xFF, 0xFF, 0xFC,
    0xFF, 0xFF, 0xFF, 0x9C, 0xE7, 0xFF, 0xFF, 0x04, 0x83, 0xFF, 0xFF, 0x80, 0x07, 0xFF, 0xFF, 0xF0,
    0x3F, 0xFF, 0xFF, 0xF8, 0x7F, 0xFF, 0xFF, 0xF0, 0x3F, 0xFF, 0xFF, 0xE3, 0x1F, 0xFF, 0xFF, 0xC7,
    0x8F, 0xFF, 0xFF, 0xE7, 0x9F, 0xFF, 0xFF, 0xFF, 0xFF, 0xFF, 0xFF, 0xFF, 0xFF, 0xFF, 0xFC, 0xFF,
    0xFC, 0xFF, 0xFC, 0xFF, 0xFC, 0xFF, 0xFC, 0xFF, 0xFC, 0xFF, 0xBC, 0xF7, 0xBC, 0xF7, 0x04, 0x83,
    0x04, 0x83, 0x00, 0x03, 0x00, 0x03, 0xF0, 0x3F, 0xF0, 0x3F, 0xF8, 0x7F, 0xF8, 0x7F, 0xF0, 0x3F,
    0xF0, 0x3F, 0xE3, 0x1F, 0xE3, 0x1F, 0xC3, 0x0F, 0xC3, 0x0F, 0xE7, 0x9F, 0xE7, 0x9F, 0xF7, 0xBF,
    0xF7, 0xBF, 0x00, 0x7F, 0x00, 0x7F, 0x00, 0x7F, 0x1F, 0xFF, 0x1F, 0xFF, 0x1F, 0xFF, 0x1F, 0xFF,
    0x1F, 0xFF, 0x1F, 0xFF, 0x1F, 0xFF, 0x1F, 0xFF, 0x1F, 0xFF, 0x1F, 0xFF, 0x1F, 0xFF, 0x00, 0x7F,
    0x00, 0x7F, 0x00, 0x7F, 0x1F, 0xFF, 0x1F, 0xFF, 0x1F, 0xFF, 0x1F, 0xFF, 0x1F, 0xFF, 0x1F, 0xFF,
    0x1F, 0xFF, 0x1F, 0xFF, 0x1F, 0xFF, 0x1F, 0xFF, 0x1F, 0xFF, 0x00, 0x7F, 0x00, 0x7F, 0x00, 0x7F,
    0x00, 0x7F, 0x00, 0x7F, 0x00, 0x7F, 0xFC, 0x7F, 0xFC, 0x7F, 0xFC, 0x7F, 0xFC, 0x7F, 0xFC, 0x7F,
    0xFC, 0x7F, 0xFC, 0x7F, 0xFC, 0x7F, 0xFC, 0x7F, 0xFC, 0x7F, 0xFC, 0x7F, 0x00, 0x7F, 0x00, 0x7F,
    0x00, 0x7F, 0xFC, 0x7F, 0xFC, 0x7F, 0xFC, 0x7F, 0xFC, 0x7F, 0xFC, 0x7F, 0xFC, 0x7F, 0xFC, 0x7F,
    0xFC, 0x7F, 0xFC, 0x7F, 0xFC, 0x7F, 0xFC, 0x7F, 0x00, 0x7F, 0x00, 0x7F, 0x00, 0x7F, 0xC7, 0x8F,
    0x83, 0x07, 0x00, 0x03, 0x10, 0x23, 0x38, 0x73, 0x38, 0x73, 0xF9, 0xF3, 0xF9, 0xE3, 0xF1, 0xE3,
    0xF1, 0xE3, 0xE3, 0xC7, 0xE3, 0xC7, 0xE3, 0xCF, 0xC7, 0x8F, 0xC7, 0x8F, 0xC7, 0x8F, 0xC7, 0x8F,
    0xFF, 0xFF, 0xFF, 0xFF, 0xC7, 0x8F, 0x83, 0x07, 0x83, 0x07, 0x83, 0x0F, 0xC7, 0x8F, 0xC7, 0x8F,
    0x83, 0x8F, 0x01, 0x8F, 0x11, 0x8F, 0x39, 0x8F, 0x39, 0x8F, 0xF9, 0x8F, 0xF9, 0x8F, 0xF1, 0x8F,
    0xF1, 0x8F, 0xE3, 0x8F, 0xE3, 0x8F, 0xE7, 0x8F, 0xC7, 0x8F, 0xC7, 0x8F, 0xC7, 0xFF, 0xFF, 0xFF,
    0xFF, 0xFF, 0xFF, 0xFF, 0xC7, 0x8F, 0x83, 0x07, 0x83, 0x07, 0x83, 0x0F, 0xC7, 0x8F, 0x8F, 0x1F,
    0x8E, 0x0F, 0x8C, 0x07, 0x8C, 0x47, 0x8C, 0xE7, 0x8C, 0xE7, 0x8F, 0xE7, 0x8F, 0xC7, 0x8F, 0xC7,
    0x8F, 0xC7, 0x8F, 0x8F, 0x8F, 0x8F, 0x8F, 0x9F, 0x8F, 0x1F, 0x8F, 0x1F, 0xFF, 0x1F, 0xFF, 0xFF,
    0xFF, 0xFF, 0xFF, 0xFF, 0x8F, 0x1F, 0x06, 0x0F, 0x06, 0x0F, 0x06, 0x1F, 0x8F, 0x1F, 0xFF, 0xEF,
    0x00, 0x0F, 0x00, 0x0F, 0xE0, 0x0F, 0xFF, 0x1F, 0xFF, 0x1F, 0xFF, 0x1F, 0xFE, 0x3F, 0xFE, 0x3F,
    0xFC, 0x7F, 0xFC, 0x7F, 0xFC, 0x7F, 0xF8, 0xFF, 0xF8, 0xFF, 0xF8, 0xFF, 0xF1, 0xFF, 0xF1, 0xFF,
    0xFB, 0xFF, 0x00, 0x7F, 0x00, 0x3F, 0x30, 0x1F, 0x30, 0x1F, 0x30, 0x0F, 0x30, 0x0F, 0x30, 0x0F,
    0x30, 0x0F, 0x30, 0x0F, 0x30, 0x1F, 0x30, 0x1F, 0x30, 0x3F, 0x30, 0x7F, 0x31, 0xFF, 0x31, 0xFF,
    0x31, 0xFF, 0x31, 0xFF, 0x31, 0xFF, 0x31, 0xFF, 0x31, 0xFF, 0x31, 0xFF, 0x31, 0xFF, 0x31, 0xFF,
    0x31, 0xFF, 0xE0, 0x0F, 0xC0, 0x0F, 0x80, 0xCF, 0x00, 0xCF, 0x00, 0xCF, 0x00, 0xCF, 0x00, 0xCF,
    0x00, 0xCF, 0x00, 0xCF, 0x80, 0xCF, 0xC0, 0x0F, 0xE0, 0x0F, 0x00, 0x7F, 0x00, 0x3F, 0x30, 0x1F,
    0x30, 0x0F, 0x30, 0x0F, 0x30, 0x0F, 0x30, 0x0F, 0x30, 0x0F, 0x30, 0x0F, 0x30, 0x1F, 0x00, 0x3F,
    0x00, 0x7F, 0xFC, 0xFF, 0xFC, 0xFF, 0xFC, 0xFF, 0xBC, 0xF7, 0x84, 0x87, 0x00, 0x03, 0xE0, 0x1F,
    0xF8, 0x7F, 0xF0, 0x3F, 0xE3, 0x1F, 0xC3, 0x0F, 0xC7, 0x8F, 0xF7, 0xBF, 0x87, 0x87, 0x03, 0x03,
    0x07, 0x87, 0xFF, 0xFF, 0xFF, 0xFF, 0xFF, 0xFF, 0x87, 0x03, 0x03, 0x03, 0x07, 0x9F, 0x8F, 0x8F,
    0xC7, 0xE3, 0xE3, 0xF7, 0xF9, 0xFF, 0xC0, 0x3F, 0x00, 0x0F, 0x0F, 0x0F, 0xBF, 0xDF, 0xFF, 0xFF,
    0xFF, 0xFF, 0xFF, 0xFF, 0xFF, 0xFF, 0xFF, 0xFF, 0xFF, 0xFF, 0xFF, 0xFF, 0xFF, 0xFF, 0xFF, 0xFF,
    0xFF, 0xFF, 0xFF, 0xFF, 0xFF, 0xFF, 0xFF, 0xFF, 0xFF, 0xFF, 0xFF, 0xFF, 0xFF, 0xFF, 0xFF, 0xFF,
    0xFF, 0xFF, 0xFF, 0xFF, 0xFF, 0xFF, 0x9F, 0x9F, 0x00, 0x0F, 0x80, 0x1F, 0xE0, 0x7F, 0xFC, 0xFF,
    0xFC, 0xFF, 0xFC, 0xFF, 0xFC, 0xFF, 0x9C, 0xE7, 0x04, 0x83, 0x80, 0x07, 0xF0, 0x3F, 0xF8, 0x7F,
    0xF0, 0x3F, 0xE3, 0x1F, 0xC7, 0x8F, 0xE7, 0x9F, 0xFF, 0xFF, 0xFF, 0xFF, 0xFC, 0xFF, 0xFC, 0xFF,
    0xFC, 0xFF, 0xBC, 0xF7, 0x04, 0x83, 0x00, 0x03, 0xF0, 0x3F, 0xF8, 0x7F, 0xF0, 0x3F, 0xE3, 0x1F,
    0xC3, 0x0F, 0xE7, 0x9F, 0xF7, 0xBF, 0x8F, 0x8F, 0x07, 0x9F, 0x07, 0x1F, 0x07, 0x1F, 0x8F, 0x3F,
    0xFE, 0x3F, 0xFE, 0x7F, 0xFC, 0x7F, 0xFC, 0x7F, 0xFC, 0xFF, 0xF8, 0xFF, 0xF9, 0xFF, 0xF9, 0xFF,
    0xF1, 0xFF, 0xF3, 0xFF, 0xE3, 0xFF, 0xE3, 0xFF, 0xE7, 0xFF, 0xC7, 0xFF, 0xCF, 0x1F, 0x8E, 0x0F,
    0x8E, 0x0F, 0x9E, 0x0F, 0x1F, 0x1F, 0xFF, 0x3F, 0xFF, 0xFF, 0xFC, 0x07, 0xFF, 0xE7, 0xF0, 0x03,
    0xFF, 0xC3, 0xE0, 0xE0, 0xFF, 0xC7, 0xC3, 0xF8, 0x7F, 0x0F, 0x87, 0xFC, 0x3E, 0x1F, 0x0F, 0xFE,
    0x00, 0x3F, 0x9F, 0xFF, 0x00, 0x7F, 0xFF, 0xFF, 0xC1, 0xFF, 0xFC, 0xFF, 0xEC, 0xDF, 0xCC, 0xC7,
    0x84, 0x8F, 0xE0, 0x1F, 0xF0, 0x3F, 0x00, 0x03, 0x00, 0x03, 0x00, 0x03, 0xE0, 0x1F, 0xC0, 0x0F,
    0x84, 0x87, 0xEC, 0xDF, 0xFC, 0xFF, 0xFF, 0x1F, 0xFE, 0x0F, 0xFE, 0x0F, 0xFE, 0x0F, 0xFF, 0x1F,
    0xFF, 0xFF, 0x8F, 0xFF, 0x07, 0xFF, 0x07, 0xFF, 0x07, 0xFF, 0x8F, 0xFF, 0xFF, 0xFF, 0xFF, 0x1F,
    0xFE, 0x0F, 0xFE, 0x0F, 0xFE, 0x0F, 0xFF, 0x1F, 0xC6, 0x23, 0x1F, 0xC6, 0x62, 0x3F, 0xC4, 0x66,
    0x3F, 0xCC, 0x46, 0x3F, 0x8C, 0xC6, 0x7F, 0x88, 0xC4, 0x7F, 0x98, 0xCC, 0x7F, 0x19, 0x8C, 0xFF,
    0x19, 0x8C, 0xFF, 0x31, 0x98, 0xFF, 0x31, 0x19, 0xFF, 0xF8, 0x7F, 0xF8, 0x7F, 0xF8, 0x7F, 0xF8,
    0x7F, 0xF8, 0x7F, 0xFF, 0xFF, 0x8F, 0xC7, 0x07, 0x83, 0x07, 0x83, 0x07, 0x83, 0x8F, 0xC7, 0xFF,
    0xFF, 0xF8, 0x7F, 0xF8, 0x7F, 0xF8, 0x7F, 0xF8, 0x7F, 0xF8, 0x7F, 0x8F, 0xC7, 0x07, 0x83, 0x07,
    0x83, 0x07, 0x83, 0x8F, 0xC7, 0xFF, 0xFF, 0xF8, 0x7F, 0xF8, 0x7F, 0xF8, 0x7F, 0xF8, 0x7F, 0xF8,
    0x7F, 0xFF, 0xFF, 0x8F, 0xC7, 0x07, 0x83, 0x07, 0x83, 0x07, 0x83, 0x8F, 0xC7, 0x87, 0x87, 0x03,
    0x03, 0x07, 0x87, 0xFF, 0xFF, 0xFF, 0xFF, 0xFF, 0xFF, 0xFF, 0xFF, 0xFF, 0xFF, 0xFF, 0xFF, 0xFF,
    0x87, 0x03, 0x03, 0x03, 0x87, 0xF8, 0x7F, 0xF8, 0x7F, 0xF8, 0x7F, 0xF8, 0x7F, 0xF8, 0x7F, 0xFF,
    0xFF, 0xFF, 0xFF, 0xFF, 0xFF, 0xFF, 0xFF, 0x8F, 0xC7, 0x07, 0x83, 0x07, 0x83, 0x07, 0x83, 0x8F,
    0xC7, 0xFF, 0xFF, 0xFF, 0xFF, 0xFF, 0xFF, 0xFF, 0xFF, 0xFF, 0xFF, 0xF8, 0x7F, 0xF8, 0x7F, 0xF8,
    0x7F, 0xF8, 0x7F, 0xF8, 0x7F, 0xFC, 0xFF, 0xFC, 0xFF, 0xFC, 0xFF, 0x8C, 0xC7, 0x8C, 0xC7, 0xDC,
    0xEF, 0xFC, 0xFF, 0x00, 0x03, 0x00, 0x03, 0x00, 0x03, 0xFC, 0xFF, 0xDC, 0xEF, 0x8C, 0xC7, 0x8C,
    0xC7, 0xFC, 0xFF, 0xFC, 0xFF, 0xFC, 0xFF, 0x0F, 0x0F, 0x0F, 0x0F, 0xFF, 0xFF, 0x0F, 0x0F, 0x0F,
    0x0F, 0xFF, 0xFF, 0xFF, 0x0F, 0x0F, 0x0F, 0x0F, 0x0F, 0x0F, 0x0F, 0x0F, 0xFF, 0xFF, 0xFF, 0x0F,
    0x0F, 0x0F, 0x0F, 0xFF, 0xFF, 0x0F, 0x0F, 0x0F, 0x0F, 0xFF, 0xFF, 0x0F, 0x0F, 0x0F, 0x0F, 0xE1,
    0xFF, 0x80, 0x7F, 0x8C, 0x7F, 0x1E, 0x3F, 0x1E, 0x3F, 0x1E, 0x3F, 0x1C, 0x3F, 0x18, 0x3F, 0x10,
    0x3F, 0x06, 0x3F, 0x0E, 0x3F, 0x1E, 0x3F, 0x1E, 0x3F, 0x1E, 0x3F, 0x8C, 0x7F, 0x80, 0x7F, 0xE1,
    0xFF, 0xE7, 0xC3, 0xC3, 0xE3, 0xFF, 0x07, 0x07, 0xE7, 0xE7, 0xE7, 0xE7, 0xE7, 0xE7, 0xE7, 0xE7,
    0x00, 0x00, 0xFC, 0xFF, 0xF8, 0xFF, 0xF9, 0xFF, 0xF1, 0xFF, 0xF3, 0xFF, 0xE3, 0xFF, 0xE7, 0xFF,
    0xC7, 0xFF, 0xCC, 0xFF, 0x8C, 0xFF, 0x9C, 0xFF, 0x1C, 0xFF, 0x00, 0x7F, 0x00, 0x7F, 0xFC, 0xFF,
    0xF8, 0x7F, 0xF8, 0x7F, 0x80, 0x7F, 0x80, 0x7F, 0x9E, 0x7F, 0x9F, 0xFF, 0x9F, 0xFF, 0x9F, 0xFF,
    0x81, 0xFF, 0x80, 0x7F, 0x8C, 0x7F, 0x9E, 0x7F, 0xFE, 0x3F, 0xFE, 0x3F, 0x7E, 0x3F, 0x9E, 0x7F,
    0x8C, 0x7F, 0x80, 0xFF, 0xE1, 0xFF, 0xF1, 0xFF, 0xF1, 0xFF, 0xE3, 0xFF, 0xE3, 0xFF, 0xC7, 0xFF,
    0xC7, 0xFF, 0xC0, 0xFF, 0x80, 0x7F, 0x8C, 0x7F, 0x9E, 0x3F, 0x1E, 0x3F, 0x1E, 0x3F, 0x1E, 0x3F,
    0x1E, 0x7F, 0x8C, 0x7F, 0x80, 0xFF, 0xE1, 0xFF, 0x00, 0x00, 0x3C, 0xF8, 0xF8, 0xF9, 0xF9, 0xF1,
    0xF1, 0xF3, 0xE3, 0xE3, 0xE7, 0xC7, 0xC7, 0xCF, 0x8F, 0xE1, 0xFF, 0x80, 0x7F, 0x8C, 0x7F, 0x9E,
    0x7F, 0x9E, 0x7F, 0x8C, 0x7F, 0x80, 0xFF, 0xC0, 0xFF, 0xE1, 0xFF, 0xC0, 0xFF, 0x8C, 0x7F, 0x9E,
    0x7F, 0x1E, 0x3F, 0x1E, 0x3F, 0x8C, 0x7F, 0x80, 0x7F, 0xC0, 0xFF, 0xE1, 0xFF, 0xC0, 0x7F, 0x8C,
    0x7F, 0x9E, 0x7F, 0x1E, 0x3F, 0x1E, 0x3F, 0x1E, 0x3F, 0x1E, 0x7F, 0x8C, 0x7F, 0x80, 0x7F, 0xC0,
    0xFF, 0xF8, 0xFF, 0xF8, 0xFF, 0xF1, 0xFF, 0xF1, 0xFF, 0xE3, 0xFF, 0xE3, 0xFF, 0xE7, 0xE7, 0xE7,
    0x00, 0x00, 0xE7, 0xE7, 0xE7, 0xE7, 0x00, 0x00, 0x00, 0x00, 0xFF, 0xFF, 0x00, 0x00, 0xFB, 0xE1,
    0xC3, 0xC7, 0x8F, 0x9F, 0x1F, 0x1F, 0x3F, 0x3F, 0x3F, 0x3F, 0x3F, 0x3F, 0x1F, 0x1F, 0x9F, 0x8F,
    0xC7, 0xC3, 0xE1, 0xF3, 0xBF, 0x0F, 0x87, 0xC7, 0xE3, 0xF3, 0xF1, 0xF1, 0xF9, 0xF9, 0xF9, 0xF9,
    0xF9, 0xF9, 0xF1, 0xF1, 0xF3, 0xE3, 0xC7, 0x87, 0x0F, 0x9F, 0x10, 0xFF, 0x00, 0x7F, 0x8C, 0x7F,
    0x9E, 0x7F, 0x9E, 0x7F, 0x9E, 0x7F, 0x9E, 0x7F, 0x9E, 0x7F, 0x9E, 0x7F, 0x9E, 0x7F, 0x0C, 0x3F,
    0x0C, 0x3F, 0xE1, 0xFF, 0x80, 0x7F, 0x8C, 0x7F, 0x1E, 0x3F, 0x1E, 0x3F, 0x1E, 0x3F, 0x1C, 0x3F,
    0x18, 0x3F, 0x10, 0x3F, 0x02, 0x3F, 0x06, 0x3F, 0x0E, 0x3F, 0x1E, 0x3F, 0x1E, 0x3F, 0x1E, 0x3F,
    0x8C, 0x7F, 0x80, 0x7F, 0xE1, 0xFF, 0xE3, 0xFF, 0xC3, 0xFF, 0x83, 0xFF, 0x13, 0xFF, 0xB3, 0xFF,
    0xF3, 0xFF, 0xF3, 0xFF, 0xF3, 0xFF, 0xF3, 0xFF, 0xF3, 0xFF, 0xF3, 0xFF, 0xF3, 0xFF, 0xF3, 0xFF,
    0xF3, 0xFF, 0xF3, 0xFF, 0xF3, 0xFF, 0x80, 0x7F, 0x80, 0x7F, 0xE1, 0xFF, 0x80, 0xFF, 0x8C, 0x7F,
    0x9E, 0x7F, 0x1E, 0x3F, 0xFE, 0x3F, 0xFE, 0x7F, 0xFC, 0x7F, 0xF8, 0x7F, 0xF0, 0xFF, 0xE1, 0xFF,
    0xC3, 0xFF, 0xC7, 0xFF, 0x8F, 0xFF, 0x9E, 0x7F, 0x9E, 0x7F, 0x80, 0x7F, 0x80, 0x7F, 0xE1, 0xFF,
    0xC0, 0xFF, 0x8C, 0x7F, 0x9E, 0x7F, 0x9E, 0x7F, 0xFE, 0x7F, 0xFE, 0x7F, 0xF8, 0x7F, 0xF0, 0xFF,
    0xF0, 0xFF, 0xFC, 0x7F, 0xFE, 0x3F, 0xFE, 0x3F, 0x1E, 0x3F, 0x1E, 0x3F, 0x8C, 0x7F, 0x80, 0x7F,
    0xE1, 0xFF, 0xFC, 0xFF, 0xF8, 0xFF, 0xF9, 0xFF, 0xF1, 0xFF, 0xF3, 0xFF, 0xE3, 0xFF, 0xE7, 0xFF,
    0xC7, 0xFF, 0xCC, 0xFF, 0x8C, 0xFF, 0x9C, 0xFF, 0x9C, 0xFF, 0x00, 0x7F, 0x00, 0x7F, 0xFC, 0xFF,
    0xFC, 0xFF, 0xF8, 0x7F, 0xF8, 0x7F, 0x80, 0x7F, 0x80, 0x7F, 0x9E, 0x7F, 0x9E, 0x7F, 0x9F, 0xFF,
    0x9F, 0xFF, 0x9F, 0xFF, 0x80, 0xFF, 0x80, 0x7F, 0x8C, 0x7F, 0xFE, 0x3F, 0xFE, 0x3F, 0xFE, 0x3F,
    0x7E, 0x3F, 0x9E, 0x7F, 0x8C, 0x7F, 0x80, 0xFF, 0xE1, 0xFF, 0xF1, 0xFF, 0xF1, 0xFF, 0xF3, 0xFF,
    0xE3, 0xFF, 0xE7, 0xFF, 0xC7, 0xFF, 0xCF, 0xFF, 0x80, 0xFF, 0x80, 0x7F, 0x8C, 0x7F, 0x1E, 0x3F,
    0x1E, 0x3F, 0x1E, 0x3F, 0x1E, 0x3F, 0x9E, 0x7F, 0x8C, 0x7F, 0xC0, 0xFF, 0xE1, 0xFF, 0x00, 0x00,
    0x3C, 0x3C, 0xF8, 0xF8, 0xF9, 0xF1, 0xF1, 0xF3, 0xF3, 0xE3, 0xE3, 0xE7, 0xC7, 0xC7, 0xCF, 0x8F,
    0xE1, 0xFF, 0xC0, 0xFF, 0x8C, 0x7F, 0x9E, 0x7F, 0x9E, 0x7F, 0x8C, 0x7F, 0x8C, 0x7F, 0xC0, 0xFF,
    0xE1, 0xFF, 0xC0, 0xFF, 0x80, 0x7F, 0x8C, 0x7F, 0x9E, 0x7F, 0x1E, 0x3F, 0x1E, 0x3F, 0x8C, 0x7F,
    0x80, 0x7F, 0xC0, 0xFF, 0xE1, 0xFF, 0xC0, 0xFF, 0x8C, 0x7F, 0x9E, 0x7F, 0x1E, 0x3F, 0x1E, 0x3F,
    0x1E, 0x3F, 0x1E, 0x3F, 0x8C, 0x7F, 0x80, 0x7F, 0xC0, 0x7F, 0xFC, 0xFF, 0xF8, 0xFF, 0xF9, 0xFF,
    0xF1, 0xFF, 0xF3, 0xFF, 0xE3, 0xFF, 0xE3, 0xFF, 0xE7, 0xE7, 0xE7, 0xE7, 0x00, 0x00, 0xE7, 0xE7,
    0xE7, 0xE7, 0x00, 0x00, 0xFF, 0xFF, 0xFF, 0x00, 0x00, 0xF3, 0xE1, 0xC7, 0xCF, 0x8F, 0x9F, 0x1F,
    0x3F, 0x3F, 0x3F, 0x3F, 0x3F, 0x3F, 0x3F, 0x1F, 0x1F, 0x9F, 0x8F, 0xC7, 0xC3, 0xE1, 0xFB, 0x9F,
    0x0F, 0x87, 0xC7, 0xE3, 0xF3, 0xF1, 0xF9, 0xF9, 0xF9, 0xF9, 0xF9, 0xF9, 0xF9, 0xF1, 0xF1, 0xF3,
    0xE3, 0xC7, 0x8F, 0x0F, 0xBF, 0xC1, 0xFF, 0x80, 0x7F, 0x8C, 0x7F, 0x1E, 0x7F, 0xFE, 0x7F, 0xFE,
    0x7F, 0xC0, 0x7F, 0x80, 0x7F, 0x1E, 0x7F, 0x1E, 0x7F, 0x0C, 0x7F, 0x80, 0x3F, 0xC2, 0x3F, 0xE1,
    0xFF, 0x80, 0x7F, 0x8C, 0x7F, 0x1E, 0x3F, 0x1E, 0x3F, 0x1E, 0x3F, 0x00, 0x3F, 0x00, 0x3F, 0x1F,
    0xFF, 0x1E, 0x3F, 0x8C, 0x7F, 0x80, 0x7F, 0xE0, 0xFF, 0xE1, 0xFF, 0x80, 0x7F, 0x8C, 0x7F, 0x1E,
    0x3F, 0x1E, 0x3F, 0x1E, 0x3F, 0x1E, 0x3F, 0x1E, 0x3F, 0x1E, 0x3F, 0x1E, 0x3F, 0x8C, 0x7F, 0x80,
    0x7F, 0xE1, 0xFF, 0x0C, 0x3F, 0x0C, 0x3F, 0xCC, 0xFF, 0xC0, 0xFF, 0xE1, 0xFF, 0xE1, 0xFF, 0xF3,
    0xFF, 0xE1, 0xFF, 0xE1, 0xFF, 0xC0, 0xFF, 0xCC, 0xFF, 0x0C, 0x3F, 0x0C, 0x3F, 0x90, 0xFF, 0x80,
    0x7F, 0x88, 0x7F, 0x9E, 0x3F, 0xFE, 0x3F, 0xFE, 0x3F, 0x00, 0x3F, 0x00, 0x3F, 0x1E, 0x3F, 0x1E,
    0x3F, 0x8C, 0x7F, 0x80, 0x7F, 0xE1, 0xFF, 0x1F, 0xFF, 0x1F, 0xFF, 0x9F, 0xFF, 0x9F, 0xFF, 0x9F,
    0xFF, 0x90, 0xFF, 0x80, 0x7F, 0x80, 0x7F, 0x9E, 0x7F, 0x9E, 0x7F, 0x9E, 0x7F, 0x9E, 0x7F, 0x9E,
    0x7F, 0x9E, 0x7F, 0x9E, 0x7F, 0x9E, 0x7F, 0x0C, 0x3F, 0x0C, 0x3F, 0x1F, 0xFF, 0x1F, 0xFF, 0x9F,
    0xFF, 0x9F, 0xFF, 0x9F, 0xFF, 0x9E, 0x3F, 0x9C, 0x3F, 0x9C, 0xFF, 0x98, 0xFF, 0x91, 0xFF, 0x93,
    0xFF, 0x83, 0xFF, 0x81, 0xFF, 0x89, 0xFF, 0x98, 0xFF, 0x9C, 0x7F, 0x0E, 0x3F, 0x0E, 0x3F, 0x07,
    0x07, 0xE7, 0xE7, 0xE7, 0xE7, 0xE7, 0xE7, 0xE7, 0xE7, 0xE7, 0xE7, 0xE7, 0xE7, 0xE7, 0xE7, 0x00,
    0x00, 0x26, 0x7F, 0x00, 0x7F, 0x12, 0x3F, 0x33, 0x3F, 0x33, 0x3F, 0x33, 0x3F, 0x33, 0x3F, 0x33,
    0x3F, 0x33, 0x3F, 0x33, 0x3F, 0x33, 0x3F, 0x33, 0x3F, 0x33, 0x3F, 0x10, 0xFF, 0x00, 0x7F, 0x8C,
    0x7F, 0x9E, 0x7F, 0x9E, 0x7F, 0x9E, 0x7F, 0x9E, 0x7F, 0x9E, 0x7F, 0x9E, 0x7F, 0x9E, 0x7F, 0x9E,
    0x7F, 0x0C, 0x3F, 0x0C, 0x3F, 0x10, 0xFF, 0x00, 0x7F, 0x8C, 0x7F, 0x9E, 0x3F, 0x9E, 0x3F, 0x9E,
    0x3F, 0x9E, 0x3F, 0x9E, 0x3F, 0x9E, 0x3F, 0x9E, 0x3F, 0x84, 0x7F, 0x80, 0x7F, 0x90, 0xFF, 0x9F,
    0xFF, 0x9F, 0xFF, 0x9F, 0xFF, 0x0F, 0xFF, 0x0F, 0xFF, 0x84, 0x00, 0x00, 0x3C, 0x3C, 0x07, 0x81,
    0xE0, 0x3C, 0x3C, 0x00, 0x00, 0x21, 0xCF, 0xFF, 0xCF, 0xFF, 0xCF, 0xFF, 0xCF, 0xFF, 0xCF, 0xFF,
    0x00, 0xFF, 0x00, 0xFF, 0xCF, 0xFF, 0xCF, 0xFF, 0xCF, 0xFF, 0xCF, 0xFF, 0xCF, 0xFF, 0xCF, 0xFF,
    0xCE, 0x7F, 0xCE, 0x7F, 0xC4, 0x7F, 0xE0, 0xFF, 0xF1, 0xFF, 0xFF, 0x93, 0xFF, 0xB7, 0xF0, 0x07,
    0xC0, 0x07, 0xC0, 0x07, 0x86, 0x07, 0x8E, 0x47, 0x8E, 0xC7, 0x8C, 0xDF, 0x8C, 0x9F, 0x8D, 0x9F,
    0x89, 0xBF, 0x89, 0x3F, 0x8B, 0x3F, 0x83, 0x7F, 0x82, 0x7F, 0x82, 0x7F, 0x86, 0xFF, 0x84, 0xFF,
    0x84, 0xFF, 0x8C, 0xC7, 0x89, 0xC7, 0x81, 0x8F, 0xC0, 0x0F, 0x80, 0x1F, 0x90, 0x3F, 0xB3, 0xFF,
    0x37, 0xFF, 0xA7, 0xFF, 0x80, 0x07, 0x80, 0x07, 0x80, 0x07, 0xC7, 0xC7, 0xC7, 0xC7, 0xC7, 0xFF,
    0xC7, 0xFF, 0xC7, 0xFF, 0xC7, 0xFF, 0x00, 0xFF, 0x00, 0xFF, 0x00, 0xFF, 0xC7, 0xFF, 0xC7, 0xFF,
    0x00, 0xFF, 0x00, 0xFF, 0x00, 0xFF, 0xC7, 0xFF, 0xC7, 0xFF, 0xC7, 0xFF, 0xC7, 0xFF, 0x81, 0xFF,
    0x81, 0xFF, 0x81, 0xFF, 0xF0, 0x7F, 0xE0, 0x3F, 0xE0, 0x1F, 0xC7, 0x1F, 0xC7, 0x1F, 0xC7, 0xFF,
    0xC7, 0xFF, 0xC7, 0xFF, 0xC7, 0xFF, 0x00, 0xFF, 0x00, 0xFF, 0x00, 0xFF, 0xC7, 0xFF, 0xC7, 0xFF,
    0x00, 0xFF, 0x00, 0xFF, 0x00, 0xFF, 0xC7, 0xFF, 0xC7, 0xFF, 0xC7, 0x8F, 0x8F, 0x8F, 0x00, 0x0F,
    0x00, 0x0F, 0x00, 0x0F, 0xFF, 0xEF, 0xFF, 0xE7, 0x08, 0xC7, 0x00, 0x03, 0x84, 0x03, 0x8E, 0x13,
    0x8E, 0x11, 0x8E, 0x31, 0x8E, 0x31, 0x8E, 0x71, 0x8E, 0x71, 0x8E, 0x71, 0x8C, 0x71, 0x8C, 0x71,
    0x88, 0x71, 0x88, 0x71, 0x8A, 0x71, 0x02, 0x70, 0x02, 0x70, 0xE7, 0xFF, 0xE7, 0xFF, 0x07, 0x03,
    0x07, 0x03, 0x03, 0x03, 0xC3, 0xCF, 0xC3, 0xCF, 0xC3, 0xCF, 0xC1, 0xCF, 0xC9, 0xCF, 0x00, 0x03,
    0x00, 0x03, 0x00, 0x03, 0xCC, 0xCF, 0xCC, 0xCF, 0x00, 0x03, 0x00, 0x03, 0x00, 0x03, 0xCE, 0x4F,
    0xCE, 0x0F, 0xCF, 0x0F, 0xCF, 0x0F, 0xCF, 0x0F, 0x03, 0x0F, 0x03, 0x8F, 0x03, 0x8F, 0x07, 0xCF,
    0x03, 0xCF, 0x01, 0xCF, 0x99, 0xCF, 0x99, 0xCF, 0x99, 0xCF, 0x98, 0xCF, 0x98, 0x80, 0x99, 0x80,
    0x99, 0x80, 0x99, 0xCF, 0x91, 0xCF, 0x83, 0xCF, 0x83, 0xCF, 0x8F, 0xCF, 0x9F, 0xCF, 0x9F, 0xCF,
    0x9F, 0xCF, 0x9F, 0xCC, 0x9F, 0xCC, 0x9F, 0xC8, 0x0F, 0xC1, 0x0F, 0xE1, 0x0F, 0xE3, 0x07, 0xFF,
    0x03, 0xFF, 0x01, 0xFF, 0x19, 0xFF, 0x19, 0xFF, 0x19, 0xFF, 0x19, 0xFF, 0x19, 0xC4, 0x19, 0xC0,
    0x19, 0x88, 0x19, 0x9C, 0x11, 0x9C, 0x03, 0x9C, 0x03, 0x8F, 0x07, 0xC7, 0x03, 0xC3, 0x13, 0xE1,
    0x13, 0xF9, 0x13, 0x99, 0x11, 0x98, 0x19, 0x98, 0x18, 0x99, 0x18, 0x81, 0x18, 0x83, 0x07, 0xE0,
    0x07, 0xE0, 0x07, 0xE0, 0x8F, 0xF1, 0x8F, 0xF1, 0xCF, 0xF3, 0xCF, 0xF3, 0xCE, 0x73, 0xCE, 0x73,
    0x00, 0x00, 0x00, 0x00, 0xC4, 0x23, 0xC4, 0x23, 0xC4, 0x23, 0xE4, 0x27, 0x00, 0x00, 0x00, 0x00,
    0xE1, 0x87, 0xE1, 0x87, 0xE1, 0x87, 0xE1, 0x87, 0xE1, 0x87, 0xF3, 0xCF, 0xF3, 0xCF, 0x00, 0xF3,
    0x00, 0x73, 0x3E, 0x33, 0x3F, 0x33, 0x3F, 0x33, 0x33, 0x33, 0x33, 0x33, 0x33, 0x33, 0x33, 0x33,
    0x33, 0x33, 0x33, 0x33, 0x33, 0x33, 0x33, 0xF3, 0x33, 0xF3, 0x33, 0xE3, 0x30, 0x07, 0x30, 0x0F,
    0xFF, 0x0F, 0xFF, 0x0F, 0xFF, 0x0F, 0xFC, 0x07, 0xFC, 0x07, 0xFC, 0x07, 0xFF, 0x8F, 0xE1, 0x8F,
    0x80, 0x8F, 0x80, 0x0F, 0x0F, 0x0F, 0x1F, 0x8F, 0x1F, 0x8F, 0x1F, 0x8F, 0x1F, 0x8F, 0x1F, 0x8F,
    0x1F, 0x8F, 0x1F, 0x8F, 0x1F, 0x8F, 0x1F, 0x8F, 0x0F, 0x0F, 0x86, 0x07, 0x80, 0x87, 0xE1, 0x87,
    0xFF, 0xFF, 0xFF, 0xFF, 0xFF, 0xFF, 0x00, 0x0F, 0x00, 0x0F, 0x00, 0x0F, 0xF0, 0xC7, 0xC0, 0x07,
    0xC0, 0x07, 0x87, 0x87, 0x8F, 0xC7, 0x8F, 0xC7, 0x8F, 0xFF, 0x8F, 0xFF, 0x01, 0xFF, 0x01, 0xFF,
    0x01, 0xFF, 0x8F, 0xFF, 0x8F, 0xFF, 0x01, 0xFF, 0x01, 0xFF, 0x01, 0xFF, 0x8F, 0xFF, 0x8F, 0xFF,
    0x8F, 0xC7, 0x8F, 0xC7, 0x87, 0x87, 0xC0, 0x0F, 0xE0, 0x1F, 0xF0, 0x3F, 0x03, 0xC3, 0x03, 0x83,
    0x03, 0x83, 0xC7, 0x1F, 0xC7, 0x1F, 0xC6, 0x3F, 0xC6, 0x3F, 0xC4, 0x7F, 0xC4, 0x7F, 0xC0, 0xFF,
    0xC0, 0xFF, 0x00, 0x03, 0x00, 0x03, 0x00, 0x03, 0xC4, 0x7F, 0xC6, 0x7F, 0xC6, 0x3F, 0xC6, 0x3F,
    0xC7, 0x1F, 0xC7, 0x1F, 0xC7, 0x8F, 0x03, 0x83, 0x03, 0xC3, 0x03, 0xC3, 0x00, 0x0F, 0x00, 0x0F,
    0x00, 0x0F, 0x39, 0xCF, 0x39, 0xCF, 0xF9, 0xFF, 0xF9, 0xFF, 0xF9, 0xBF, 0xF8, 0x3F, 0xF0, 0x1F,
    0x81, 0xFF, 0xC1, 0xFF, 0xD9, 0xFF, 0xF9, 0x3F, 0xF8, 0x1F, 0xE0, 0xFF, 0x81, 0xFF, 0xD9, 0xFF,
    0xF9, 0xFF, 0xF9, 0xFF, 0xF9, 0xFF, 0xC0, 0x3F, 0xC0, 0x3F, 0xC0, 0x3F, 0x07, 0xFF, 0x03, 0xFF,
    0x03, 0xFF, 0x11, 0xFF, 0x19, 0xFF, 0x19, 0xFF, 0x19, 0xFF, 0x19, 0xE3, 0x19, 0xC1, 0x19, 0x81,
    0x19, 0x99, 0x19, 0x98, 0x19, 0x9C, 0x19, 0x9C, 0x19, 0x9C, 0x19, 0x9C, 0x19, 0x9C, 0x19, 0x9C,
    0x19, 0x9C, 0x19, 0x9C, 0x11, 0x98, 0x03, 0x81, 0x03, 0x81, 0x07, 0x93, 0xFF, 0x9F, 0xFF, 0x9F,
    0xFF, 0x9F, 0xFF, 0x9F, 0xFF, 0x9F, 0xFF, 0x9F, 0xFF, 0x9F, 0x00, 0x3F, 0x00, 0x1F, 0x00, 0x0F,
    0xC7, 0x87, 0xC7, 0xC7, 0x00, 0x03, 0xC7, 0xC7, 0xC7, 0xC7, 0x00, 0x03, 0xC7, 0xC7, 0xC7, 0xC7,
    0xC7, 0x8F, 0xC0, 0x0F, 0xC0, 0x1F, 0xC0, 0xFF, 0xC7, 0xFF, 0xC7, 0xFF, 0xC7, 0xFF, 0xC7, 0xFF,
    0xC7, 0xFF, 0xC7, 0xFF, 0x01, 0xFF, 0x01, 0xFF, 0x01, 0xFF, 0xF9, 0xFF, 0xE1, 0x8F, 0x80, 0x0F,
    0x80, 0x0F, 0x09, 0x0F, 0x19, 0x8F, 0x19, 0x8F, 0x19, 0xFF, 0x19, 0xFF, 0x19, 0xFF, 0x19, 0xFF,
    0x19, 0xFF, 0x18, 0x0F, 0x18, 0x0F, 0x18, 0x0F, 0x19, 0x8F, 0x19, 0x8F, 0x19, 0x8F, 0x19, 0x8F,
    0x19, 0x8F, 0x19, 0x8F, 0x09, 0x0F, 0x80, 0x0F, 0x80, 0x8F, 0xC1, 0x8F, 0xF9, 0xFF, 0xF9, 0xFF,
    0xF9, 0xFF, 0xF8, 0x7F, 0xF8, 0x7F, 0xF8, 0x7F, 0xF8, 0x7F, 0xF0, 0x3F, 0xF0, 0x3F, 0xF0, 0x3F,
    0xF0, 0x3F, 0xF3, 0x3F, 0x00, 0x03, 0x00, 0x03, 0x00, 0x03, 0xE3, 0x1F, 0x00, 0x03, 0x00, 0x03,
    0x00, 0x03, 0xC7, 0x8F, 0xC7, 0x8F, 0xC7, 0x8F, 0xCF, 0xCF, 0x8F, 0xC7, 0x07, 0x83, 0x07, 0x83,
    0x07, 0x83, 0x88, 0x3F, 0x80, 0x1F, 0x80, 0x0F, 0x87, 0x8F, 0x8F, 0xC7, 0x8F, 0xC7, 0xFF, 0xC7,
    0xFF, 0xC7, 0x00, 0x03, 0x00, 0x03, 0x00, 0x03, 0xF8, 0x3F, 0xE0, 0x7F, 0x00, 0x03, 0x00, 0x03,
    0x00, 0x03, 0x8F, 0xFF, 0x8F, 0xFF, 0x8F, 0xC7, 0x8F, 0xC7, 0x87, 0x87, 0xC0, 0x07, 0xC0, 0x07,
    0xF0, 0xC7, 0xF9, 0xFF, 0xE1, 0x8F, 0x80, 0x0F, 0x80, 0x0F, 0x09, 0x0F, 0x19, 0x8F, 0x19, 0x8F,
    0x19, 0xFF, 0x19, 0xFF, 0x19, 0xFF, 0x19, 0xFF, 0x19, 0xFF, 0x19, 0xFF, 0x19, 0xFF, 0x19, 0xFF,
    0x19, 0xFF, 0x19, 0xFF, 0x19, 0xFF, 0x19, 0xFF, 0x19, 0x8F, 0x19, 0x8F, 0x09, 0x1F, 0x80, 0x1F,
    0xC0, 0x3F, 0xE0, 0x7F, 0xF9, 0xFF, 0xF9, 0xFF, 0xF9, 0xFF, 0x00, 0x0F, 0x00, 0x0F, 0x00, 0x0F,
    0xFF, 0xFF, 0xFF, 0xFF, 0x00, 0x0F, 0x00, 0x0F, 0x00, 0x0F, 0x39, 0xCF, 0x39, 0xCF, 0xF9, 0xFF,
    0xF9, 0xFF, 0xF9, 0xFF, 0xF9, 0xFF, 0xF9, 0xFF, 0xF9, 0xFF, 0xF9, 0xFF, 0xF9, 0xFF, 0xF9, 0xFF,
    0xF9, 0xFF, 0xF9, 0xFF, 0xC0, 0x3F, 0xC0, 0x3F, 0xC0, 0x3F, 0x00, 0x0F, 0x00, 0x0F, 0x00, 0x0F,
    0xFC, 0x3F, 0xFE, 0x3F, 0xFE, 0x3F, 0x00, 0x0F, 0x00, 0x0F, 0x00, 0x0F, 0xFE, 0x3F, 0xFE, 0x3F,
    0xFC, 0x3F, 0x00, 0x7F, 0x00, 0xFF, 0x01, 0xFF, 0xF1, 0xFF, 0xF8, 0xFF, 0xF8, 0x7F, 0xFC, 0x7F,
    0xFE, 0x3F, 0xFE, 0x3F, 0xFF, 0x03, 0xFF, 0x03, 0xFF, 0x83, 0x81, 0xFF, 0x81, 0xFF, 0x81, 0xFF,
    0xC7, 0xFF, 0xC7, 0xFF, 0xC7, 0xFF, 0xC7, 0xFF, 0xC6, 0xFF, 0xC0, 0xFF, 0xC0, 0x7F, 0x03, 0xFF,
    0x07, 0xFF, 0x46, 0xFF, 0xC0, 0xFF, 0xC0, 0x7F, 0x03, 0xFF, 0x07, 0xFF, 0x47, 0xFF, 0xC7, 0xC7,
    0xC7, 0xC7, 0xC7, 0xC7, 0x80, 0x0F, 0x80, 0x0F, 0x80, 0x3F, 0xFE, 0x7F, 0xFE, 0x7F, 0xFE, 0x7F,
    0xFE, 0x7F, 0xFE, 0x7F, 0xF8, 0x1F, 0xE0, 0x07, 0xC2, 0x43, 0xC6, 0x63, 0xCE, 0x73, 0xCE, 0x73,
    0x8E, 0x71, 0x8E, 0x71, 0x8E, 0x71, 0x8E, 0x71, 0x8E, 0x71, 0x8E, 0x71, 0x8E, 0x71, 0x8E, 0x71,
    0x07, 0xE0, 0x07, 0xE0, 0x07, 0xE0, 0x00, 0x3F, 0x00, 0x1F, 0x00, 0x0F, 0xC7, 0x87, 0xC7, 0xC7,
    0xC7, 0xC7, 0xC7, 0xC7, 0xC7, 0xC7, 0xC7, 0xC7, 0xC7, 0xC7, 0xC7, 0xC7, 0xC7, 0x8F, 0x00, 0x0F,
    0x00, 0x1F, 0x00, 0xFF, 0xC7, 0xFF, 0x00, 0x1F, 0x00, 0x1F, 0x00, 0x1F, 0xC7, 0xFF, 0xC7, 0xFF,
    0x01, 0xFF, 0x01, 0xFF, 0x01, 0xFF, 0xF3, 0x3F, 0xF3, 0x3F, 0xF3, 0x3F, 0xF0, 0x3F, 0xC0, 0x0F,
    0x80, 0x07, 0x83, 0x07, 0x13, 0x23, 0x13, 0x23, 0x13, 0x23, 0x13, 0x3F, 0x13, 0x3F, 0x13, 0x3F,
    0x1F, 0xFF, 0x1F, 0xFF, 0x1F, 0xFF, 0x1F, 0xFF, 0x1F, 0xFF, 0x1F, 0xFF, 0x1F, 0xFF, 0x1F, 0xFF,
    0x1F, 0xFF, 0x9F, 0xFF, 0xCF, 0xFF, 0x00, 0x03, 0x00, 0x03, 0x00, 0x03, 0xF3, 0x3F, 0xF3, 0x3F,
    0xF3, 0x3F, 0x00, 0x3F, 0x00, 0x1F, 0x00, 0x0F, 0x8F, 0x8F, 0x8F, 0xCF, 0x8F, 0xC7, 0x8F, 0xC7,
    0x8F, 0xCF, 0x8F, 0xCF, 0x8F, 0x8F, 0x80, 0x1F, 0x80, 0x3F, 0x80, 0x1F, 0x8F, 0x8F, 0x8F, 0xC7,
    0x8F, 0xE7, 0x8F, 0xE7, 0x8F, 0xE7, 0x8F, 0xE7, 0x8F, 0xC7, 0x8F, 0x87, 0x00, 0x0F, 0x00, 0x1F,
    0x00, 0x3F, 0xF3, 0x3F, 0xF3, 0x3F, 0xF3, 0x3F, 0xE1, 0x8F, 0x80, 0x0F, 0x80, 0x0F, 0x0F, 0x0F,
    0x1F, 0x8F, 0x1F, 0x8F, 0x1F, 0xFF, 0x1F, 0xFF, 0x1F, 0xFF, 0x1F, 0xFF, 0x1F, 0xFF, 0x1F, 0x8F,
    0x1F, 0x8F, 0x0F, 0x0F, 0x80, 0x1F, 0xC0, 0x3F, 0xE0, 0x7F, 0xFF, 0xFF, 0xFF, 0xFF, 0xFF, 0xFF,
    0x00, 0x0F, 0x00, 0x0F, 0x00, 0x0F,
};
inline constexpr size_t kFontData_ui_header_wgf_size = 25382;
